"VARIABLENAME","VARIABLELABEL","VARTYPE","UNITS","CATEGORICAL","MISSING","COUNT","NA","MIN","MAX","Formula","categorical value concept code","categorical value concept name","categorical value omop id","variable concept code","variable concept name","variable omop id","additional context concept name","additional context concept code","additional context omop id","unit concept name","unit concept code","unit omop id","domain","visits","visit omop id","visit concept name","visit concept code"
"age","Age at randomization","INT",,,,6975,0,18,97,," "," "," ","loinc:30525-0","Age",3022304,,,,,,,"Person","Visit1/baseline",40766819,"Baseline time","loinc:64103-5"
"ALCOOL","Alcohol at baseline","INT",,"2 = NO | 3 = YES",1,6973,2,2,3,,"LOINC:LA32-8| LOINC:LA33-6","No| Yes","45878245| 45877994","snomed:219006","Current drinker",4074035,,,,,,,"Observation","Visit1/baseline",40766819,"Baseline time","loinc:64103-5"
"ALLOPURI","Allopurinol at baseline","INT",,"2=No | 3=Yes",1,6975,0,2,3,,"LOINC:LA32-8| LOINC:LA33-6","No| Yes","45878245| 45877994","rxnorm:519","Allopurinol",1167322,,,,,,,"Drug_Exposure","Visit1/baseline",40766819,"Baseline time","loinc:64103-5"
"ALT","ALT (U/L) at baseline","FLOAT","U/L",,,6904,71,2,1504,,,,,"loinc:76625-3","Alanine aminotransferase [Enzymatic activity/volume] in Blood",46235106,,,,"unit per liter","ucum:[U]/L",8645,"Measurement","Visit1/baseline",40766819,"Baseline time","loinc:64103-5"
"ALTACE","other ACE-inhibitor at baseline","INT",,"2=No | 3=Yes",1,6975,0,2,3,,"LOINC:LA32-8| LOINC:LA33-6","No| Yes","45878245| 45877994","atc:C09AA","""ACE inhibitors, plain""",21601784,"Other","snomed:74964007",9177,,,,"Drug_Exposure","Visit1/baseline",40766819,"Baseline time","loinc:64103-5"
"ALTANO","Other ECG abnormality at baseline","STR",,"F = No | T = Yes",,6975,0,,,,"LOINC:LA32-8| LOINC:LA33-6","No| Yes","45878245| 45877994","loinc:LA24621-7","Abnormal ECG",36311174,,,,,,,"Measurement","Visit1/baseline",40766819,"Baseline time","loinc:64103-5"
"ALTDIU","Other diuretics at baseline","INT",,"2=No | 3=Yes",1,6975,0,2,3,,"LOINC:LA32-8| LOINC:LA33-6","No| Yes","45878245| 45877994","atc:C03","DIURETICS",21601461,"Other","snomed:74964007",9177,,,,"Drug_Exposure","Visit1/baseline",40766819,"Baseline time","loinc:64103-5"
"ALTEZZA","Height (cm) at baseline","FLOAT","Centimeter",,,6971,4,100,199,,,,,"loinc:8302-2","Body height",3036277,,,,"centimeter","ucum:cm",8582,"Measurement","Visit1/baseline",40766819,"Baseline time","loinc:64103-5"
"ALTROARI","Other antiarrhythmic agent at baseline","INT",,"2=No | 3=Yes",1,6975,0,2,3,,"LOINC:LA32-8| LOINC:LA33-6","No| Yes","45878245| 45877994","atc:C01B","ANTIARRHYTHMICS, CLASS I AND III",21600248,"Other","snomed:74964007",9177,,,,"Drug_Exposure","Visit1/baseline",40766819,"Baseline time","loinc:64103-5"
"ALTROBB","Other beta blocker at baseline","INT",,"2=No | 3=Yes",1,6975,0,2,3,,"LOINC:LA32-8| LOINC:LA33-6","No| Yes","45878245| 45877994","atc:C07A","BETA BLOCKING AGENTS",21601665,"Other","snomed:74964007",9177,,,,"Drug_Exposure","Visit1/baseline",40766819,"Baseline time","loinc:64103-5"
"ALTROCA","Other calcium antagonist at baseline","INT",,"2=No | 3=Yes",1,6975,0,2,3,,"LOINC:LA32-8| LOINC:LA33-6","No| Yes","45878245| 45877994","atc:C08C","SELECTIVE CALCIUM CHANNEL BLOCKERS WITH MAINLY VASCULAR EFFECTS",21601745,"Other","snomed:74964007",9177,,,,"Drug_Exposure","Visit1/baseline",40766819,"Baseline time","loinc:64103-5"
"ALTRODIL","Other vasodilator at baseline","INT",,"2=No | 3=Yes",1,6975,0,2,3,,"LOINC:LA32-8| LOINC:LA33-6","No| Yes","45878245| 45877994","snomed:372787008","Vasodilator",4158258,"Other","snomed:74964007",9177,,,,"Drug_Exposure","Visit1/baseline",40766819,"Baseline time","loinc:64103-5"
"AMIODAR","Amiodarone at baseline","INT",,"2=No | 3=Yes",1,6975,0,2,3,,"LOINC:LA32-8| LOINC:LA33-6","No| Yes","45878245| 45877994","rxnorm:703","Amiodarone",1309944,,,,,,,"Drug_Exposure","Visit1/baseline",40766819,"Baseline time","loinc:64103-5"
"AMLOD","Amlodipine at baseline","INT",,"2=No | 3=Yes",1,6975,0,2,3,,"LOINC:LA32-8| LOINC:LA33-6","No| Yes","45878245| 45877994","rxnorm:17767","Amlodipine",1332418,,,,,,,"Drug_Exposure","Visit1/baseline",40766819,"Baseline time","loinc:64103-5"
"ANNISTU","Years of school at baseline","INT",,,,6875,100,0,25,,,,,"loinc:82590-1","Years of education [#] - Reported",42528764,,,,,,,"Person","Visit1/baseline",40766819,"Baseline time","loinc:64103-5"
"ANNODIA","Year first diagnosis of HF","INT",,,,6967,8,1933,2005,,,,,"snomed:84114007","heart failure",316139,"date of diagnosis|year","loinc:63931-0|snomed:258707000","40766651|4119673",,,,"Condition_era","Visit1/baseline",40766819,"Baseline time","loinc:64103-5"
"ANTIAGGR","Other antiaggregants at baseline","INT",,"2=No | 3=Yes",,6975,0,2,3,,"LOINC:LA32-8| LOINC:LA33-6","No| Yes","45878245| 45877994","snomed:840595002","Platelet aggregation inhibitor therapy",3655005,"Other","snomed:74964007",9177,,,,"Drug_Exposure","Visit1/baseline",40766819,"Baseline time","loinc:64103-5"
"ANTICOAG","Oral anticoagulants at baseline","INT",,"2=No | 3=Yes",1,6975,0,2,3,,"LOINC:LA32-8| LOINC:LA33-6","No| Yes","45878245| 45877994","atc:B01A","ANTITHROMBOTIC AGENTS",21600961,,,,,,,"Drug_Exposure","Visit1/baseline",40766819,"Baseline time","loinc:64103-5"
"ANTIDEPR","Antidepressants at baseline","INT",,"2=No | 3=Yes",1,6975,0,2,3,,"LOINC:LA32-8| LOINC:LA33-6","No| Yes","45878245| 45877994","atc:N06A","antidepressants",21604686,,,,,,,"Drug_Exposure","Visit1/baseline",40766819,"Baseline time","loinc:64103-5"
"APREANGI","Year Coronary angioplasty (only if Coronary angioplasty=Yes) at baseline","INT",,,,864,6111,1985,2005,,,,,"snomed:41339005","Coronary angioplasty",4184832,"Year","snomed:258707000",4119673,,,,"Condition_occurrence","Visit1/baseline",40766819,"Baseline time","loinc:64103-5"
"APREBYP","Year CABG (only if Coronary Artery Bypass Graft=Yes) at baseline","INT",,,,1269,5706,1972,2004,,,,,"Snomed:232717009","Coronary Artery Bypass Graft",4336464,,,,,,,"Condition_occurrence","Visit1/baseline",40766819,"Baseline time","loinc:64103-5"
"APREIMA","Year Acute Myocardial Infarction (if Acute Myocardial Infarction=Yes) at baseline","INT",,,,2815,4160,1943,2005,,,,,"snomed:57054005","Acute Myocardial Infarction",312327,"Year","snomed:258707000",4119673,,,,"Condition_occurrence","Visit1/baseline",40766819,"Baseline time","loinc:64103-5"
"APREOSPE","Year last hospitalizations for HF during last year (only if Hospitalization for HF=Yes) at baseline","INT",,,,3384,3591,2001,2005,,,,,"snomed:416683003","Emergency hospital admission for heart failure",4215511,"Year|within past year","snomed:258707000|snomed:2511000175103","4119673|765460",,,,"Condition_occurrence","Visit1/baseline",40766819,"Baseline time","loinc:64103-5"
"APRETRAP","Year registration in waiting list for cardiac transplantation (only if waiting list for cardiac transplantation=Yes) at baseline","INT",,,,36,6939,1999,2004,,,,,"snomed:471300007","on waiting list for organ transplant",43020581,"Year|patient registration|Transplantation of heart","snomed:258707000|snomed:184047000|snomed:32413006","4119673|4086442|4137127",,,,"Condition_occurrence","Visit1/baseline",40766819,"Baseline time","loinc:64103-5"
"ASA","Acetylsalicylic acid at baseline","INT",,"2=No | 3=Yes",1,6975,0,2,3,,"LOINC:LA32-8| LOINC:LA33-6","No| Yes","45878245| 45877994","rxnorm:1191","Aspirin",1112807,,,,,,,"Drug_Exposure","Visit1/baseline",40766819,"Baseline time","loinc:64103-5"
"ASCITE","Ascitis at baseline","INT",," 2 = no | 3 = yes",1,6975,0,2,3,,"LOINC:LA32-8| LOINC:LA33-6","No| yes","45878245| 45877994","snomed:389026000","Ascites",200528,,,,,,,"Measurement","Visit1/baseline",40766819,"Baseline time","loinc:64103-5"
"AST","AST (U/L) at baseline","FLOAT","U/L",,,6908,67,1,1351,,,,,"loinc:1920-8","Aspartate aminotransferase [Enzymatic activity/volume] in Serum or Plasma",3013721,,,,"unit per liter","ucum:[U]/L",8645,"Measurement","Visit1/baseline",40766819,"Baseline time","loinc:64103-5"
"ATENO","Atenolol at baseline","INT",,"2=No | 3=Yes",1,6975,0,2,3,,"LOINC:LA32-8| LOINC:LA33-6","No| Yes","45878245| 45877994","rxnorm:1202","Atenolol",1314002,,,,,,,"Drug_Exposure","Visit1/baseline",40766819,"Baseline time","loinc:64103-5"
"BBRANCA","Bundle branch block at baseline","STR",,"F = No | T = Yes",,6975,0,,,,"LOINC:LA32-8| LOINC:LA33-6","No| Yes","45878245| 45877994","snomed:6374002","Bundle branch block",313791,,,,,,,"Measurement","Visit1/baseline",40766819,"Baseline time","loinc:64103-5"
"BENZOD","Benzodiazepine at baseline","INT",,"2=No | 3=Yes",1,6975,0,2,3,,"LOINC:LA32-8| LOINC:LA33-6","No| Yes","45878245| 45877994","atc:N05BA","Benzodiazepine derivatives",21604565,,,,,,,"Drug_Exposure","Visit1/baseline",40766819,"Baseline time","loinc:64103-5"
"BILIRUB","Bilirubine (mg/dl) at baseline","FLOAT","mg/dl",,,6562,413,0.02,18.2,,,,,"loinc:1975-2","bilirubin.total [mass/volume] in serum or plasma",3024128,,,,"milligram per deciliter","ucum:mg/dL",8840,"Measurement","Visit1/baseline",40766819,"Baseline time","loinc:64103-5"
"BIRRA","Beer (if alcohol YES) at baseline","INT",,"2 = NO | 3 = sometimes | 4 = 1-2 glasses a day | 5 = 3-4 glasses a day | 6 = 5+ glasses a day",1,4613,2362,2,6,,"LOINC:LA32-8| LOINC:LA10082-8| LOINC:LA26462-4| SNOMED:396112008| loinc:LA13858-8","No| sometimes| 1 or 2 times per day|  Three to four times a day| 5 or more times per day","45878245| 45882528| 42530681| 4244842| 45882530","snomed:53410008","Beer",4201587,,,,,,,"Observation","Visit1/baseline",40766819,"Baseline time","loinc:64103-5"
"BISOPRO","Bisoprolol at baseline","INT",,"2=No | 3=Yes",1,6975,0,2,3,,"LOINC:LA32-8| LOINC:LA33-6","No| Yes","45878245| 45877994","rxnorm:19484","Bisoprolol",1338005,,,,,,,"Drug_Exposure","Visit1/baseline",40766819,"Baseline time","loinc:64103-5"
"BURRO","Butter at baseline","INT",,"2 = never | 3 = sometimes | 4 = frequently | 5 = on a regular basis",1,6973,2,2,5,,"LOINC:LA6270-8| LOINC:LA10082-8| LOINC:LA6482-9| SNOMED:307430002","Never| sometimes| frequently| regular frequency","45876662| 45882528| 45883983| 4146463","snomed:226888007","Butter",4024776,,,,,,,"Observation","Visit1/baseline",40766819,"Baseline time","loinc:64103-5"
"CAFFE","Coffee at baseline","INT",,"2 = never | 3 = 1-2 cups a day | 4 = 3-4 cups a day | 5 = 5+ cups a day",1,6973,2,2,5,,"SNOMED:444841000124107| SNOMED:396107007| SNOMED:396112008| loinc:LA13858-8","Never| One to two times a day| Three to four times a day| 5 or more times per day","763692| 4245244| 4244842| 45882530","snomed:29263009","Coffee",4162308,,,,,,,"Observation","Visit1/baseline",40766819,"Baseline time","loinc:64103-5"
"CAPTO","Captopril at baseline","INT",,"2=No | 3=Yes",1,6975,0,2,3,,"LOINC:LA32-8| LOINC:LA33-6","No| Yes","45878245| 45877994","rxnorm:1998","Captopril",1340128,,,,,,,"Drug_Exposure","Visit1/baseline",40766819,"Baseline time","loinc:64103-5"
"CARDMEGA","Cardiomegaly at baseline","INT",," 2 = no | 3 = yes",1,2217,4758,2,3,,"LOINC:LA32-8| LOINC:LA33-6","No| Yes","45878245| 45877994","snomed:8186001","Cardiomegaly",314658,,,,,,,"Measurement","Visit1/baseline",40766819,"Baseline time","loinc:64103-5"
"CARVE","Carvedilol at baseline","INT",,"2=No | 3=Yes",1,6975,0,2,3,,"LOINC:LA32-8| LOINC:LA33-6","No| Yes","45878245| 45877994","rxnorm:20352","Carvedilol",1346823,,,,,,,"Drug_Exposure","Visit1/baseline",40766819,"Baseline time","loinc:64103-5"
"CAUSC","Main cause of HF","INT",,"2 = ischemic | 3 = dilatative cardiomyopathy | 4 = hypertension | 5 = alcohol | 6 = other | 7 = not determinable | 8 = unknown",1,6975,0,2,8,,"snomed:255426005|snomed:399020009|snomed:38341003|loinc:LA28139-6|snomed:74964007|snomed:1156316003|loinc:LA4489-6","ischemic|dilated cardiomyopathy|hypertension|alcohol|other|cannot be determined|unknown","4115429|4163710|316866|36310580|9177|607928|45877986","snomed:84114007","heart failure",316139,"Etiology","snomed:134198009",4046629,,,,"Observation","Visit1/baseline",40766819,"Baseline time","loinc:64103-5"
"CHEESE","Cheese at baseline","INT",,"2 = never | 3 =2-3 times a week | 4 = once a day | 5= >1 times a day",1,6973,2,2,5,,"SNOMED:444841000124107| LOINC:LA26463-2| LOINC:LA13897-6| SNOMED:1411000175107","Never| 2 or 3 times per week| once a day| more than once a day","763692| 42531019| 45876378| 761069","snomed:102264005","Cheese",4008485,,,,,,,"Observation","Visit1/baseline",40766819,"Baseline time","loinc:64103-5"
"CKTOT","CK total (U/L) at baseline","FLOAT","U/L",,,6764,211,4,1086,,,,,"loinc:2157-6","creatine kinase [enzymatic activity/volume] in serum or plasma",3007220,,,,"unit per liter","ucum:[U]/L",8645,"Measurement","Visit1/baseline",40766819,"Baseline time","loinc:64103-5"
"CODR1","Patient code R1 at baseline","INT",,,,6975,0,1,9479,,,,,"snomed:184107009","Patient hospital number",4086934,,,,,,,"Person","Visit1/baseline",40766819,"Baseline time","loinc:64103-5"
"COLEHDL","Cholesterol HDL (mg/dl) at baseline","FLOAT","mg/dl",,,6727,248,12,148,,,,,"loinc:2085-9","Cholesterol in HDL [Mass/volume] in Serum or Plasma",3007070,,,,"milligram per deciliter","ucum:mg/dL",8840,"Measurement","Visit1/baseline",40766819,"Baseline time","loinc:64103-5"
"COLELDL","Cholesterol LDL (mg/dl) at baseline","FLOAT","mg/dl",,,6237,738,2,301,,,,,"loinc:2089-1","Cholesterol in LDL [Mass/volume] in Serum or Plasma",3028437,,,,"milligram per deciliter","ucum:mg/dL",8840,"Measurement","Visit1/baseline",40766819,"Baseline time","loinc:64103-5"
"COLETOT","Total Cholesterol (mg/dl) at baseline","FLOAT","mg/dl",,,6915,60,52,393,,,,,"loinc:2093-3","Cholesterol [Mass/volume] in Serum or Plasma",3027114,,,,"milligram per deciliter","ucum:mg/dL",8840,"Measurement","Visit1/baseline",40766819,"Baseline time","loinc:64103-5"
"CREATIN","Serum creatinine (mg/dl) at baseline","FLOAT","mg/dl",,,6935,40,0.2,12.1,,,,,"loinc:2160-0","creatinine [mass/volume] in serum or plasma",3016723,,,,"milligram per deciliter","ucum:mg/dL",8840,"Measurement","Visit1/baseline",40766819,"Baseline time","loinc:64103-5"
"DALTACE","Dose other ACE-inhibitor (mg) at baseline","FLOAT","mg",,,671,6304,1,60,,,,,"atc:C09AA","""ACE inhibitors, plain""",21601784,"Dosage|Other","snomed:260911001|snomed:74964007","4118853|9177","milligram","ucum:mg",8576,"Drug_Exposure","Visit1/baseline",40766819,"Baseline time","loinc:64103-5"
"DATAECG","ECG date at baseline","DATETIME","dd-mm-yyyy",,,6974,1,05/29/02,02/28/05,,,,,"loinc:LP149975-7","ECG",1011679,"Date of procedure","snomed:439272007",4232096,,,,"Observation_period","Visit1/baseline",40766819,"Baseline time","loinc:64103-5"
"DATALAB","Date of laboratory exam at baseline","DATETIME","dd-mm-yyyy",,,6960,15,02/05/02,03/01/05,,,,,"snomed:281271004","Date sample received in laboratory",4084758,,,,,,,"Observation_period","Visit1/baseline",40766819,"Baseline time","loinc:64103-5"
"DATAMISU","Date of determination","DATETIME","dd-mm-yyyy",,,6975,0,10/31/96,04/15/05,,,,,"snomed:406543005","Date of visit",4231970,,,,,,,"Observation_period","Visit1/baseline",40766819,"Baseline time","loinc:64103-5"
"DATARAND","Randomization date","DATETIME","dd-mm-yyyy",,,6975,0,08/06/02,02/28/05,,,,,"icare:icv200000137","randomization date",2000000137,,,,,,,"Observation_period","Visit1/baseline",40766819,"Baseline time","loinc:64103-5"
"DATENO","Dose Atenolol (mg) at baseline","FLOAT","mg",,,99,6876,25,100,,,,,"rxnorm:1202","Atenolol",1314002,"Dosage","snomed:260911001",4118853,"milligram","ucum:mg",8576,"Drug_Exposure","Visit1/baseline",40766819,"Baseline time","loinc:64103-5"
"DBISOPRO","Dose Bisoprolol (mg) at baseline","FLOAT","mg",,,465,6510,0.6,12.5,,,,,"rxnorm:19484","Bisoprolol",1338005,"Dosage","snomed:260911001",4118853,"milligram","ucum:mg",8576,"Drug_Exposure","Visit1/baseline",40766819,"Baseline time","loinc:64103-5"
"DCAPTO","Dose Captopril (mg) at baseline","FLOAT","mg",,,233,6742,6.2,300,,,,,"rxnorm:1998","Captopril",1340128,"Dosage","snomed:260911001",4118853,"milligram","ucum:mg",8576,"Drug_Exposure","Visit1/baseline",40766819,"Baseline time","loinc:64103-5"
"DCARVE","Dose Carvedilol (mg) at baseline","FLOAT","mg",,,3688,3287,1.5,100,,,,,"rxnorm:20352","Carvedilol",1346823,"Dosage","snomed:260911001",4118853,"milligram","ucum:mg",8576,"Drug_Exposure","Visit1/baseline",40766819,"Baseline time","loinc:64103-5"
"DEBMUSCO","Muscle weakness at baseline","INT",,"2 = never | 3 = sometimes | 4 = often | 5 = always",1,6974,1,2,5,,"LOINC:LA6270-8| LOINC:LA10082-8| LOINC:LA10044-8| LOINC:LA9933-8","Never| sometimes| often| always","45876662| 45882528| 45884455| 45882536","snomed:26544005","Muscle weakness",79908,,,,,,,"Measurement","Visit1/baseline",40766819,"Baseline time","loinc:64103-5"
"DENALA","Dose Enalapril (mg) at baseline","FLOAT","mg",,,1921,5054,1,40,,,,,"rxnorm:3827","Enalapril",1341927,"Dosage","snomed:260911001",4118853,"milligram","ucum:mg",8576,"Drug_Exposure","Visit1/baseline",40766819,"Baseline time","loinc:64103-5"
"DESALTAC","Description other ACE-inhibitor at baseline","STR",,,,672,6303,,,,,,,"atc:C09AA","""ACE inhibitors, plain""",21601784,"Description|Other","loinc:LP6800-9|snomed:74964007","1029623|9177",,,,"Drug_Exposure","Visit1/baseline",40766819,"Baseline time","loinc:64103-5"
"DESALTAR","Description other antiarrhythmic agent at baseline","STR",,,,53,6922,,,,,,,"atc:C01B","ANTIARRHYTHMICS, CLASS I AND III",21600248,"Description|Other","loinc:LP6800-9|snomed:74964007","1029623|9177",,,,"Drug_Exposure","Visit1/baseline",40766819,"Baseline time","loinc:64103-5"
"DESALTBB","Description Other beta blocker at baseline","STR",,,,89,6886,,,,,,,"atc:C07A","BETA BLOCKING AGENTS",21601665,"Description|Other","loinc:LP6800-9|snomed:74964007","1029623|9177",,,,"Drug_Exposure","Visit1/baseline",40766819,"Baseline time","loinc:64103-5"
"DESALTCA","Description other calcium antagonist at baseline","STR",,,,92,6883,,,,,,,"atc:C08C","SELECTIVE CALCIUM CHANNEL BLOCKERS WITH MAINLY VASCULAR EFFECTS",21601745,"Description|Other","loinc:LP6800-9|snomed:74964007","1029623|9177",,,,"Drug_Exposure","Visit1/baseline",40766819,"Baseline time","loinc:64103-5"
"DESALTRD","Description other vasodilator at baseline","STR",,,,115,6860,,,,,,,"snomed:372787008","Vasodilator",4158258,"Description|Other","loinc:LP6800-9|snomed:74964007","1029623|9177",,,,"Drug_Exposure","Visit1/baseline",40766819,"Baseline time","loinc:64103-5"
"DESCANO","Description of other ECG abnormality at baseline","STR",,,,2047,4928,,,,,,,"loinc:LA24621-7","Abnormal ECG",36311174,"Description","loinc:LP6800-9",1029623,,,,"Observation","Visit1/baseline",40766819,"Baseline time","loinc:64103-5"
"DESCAUSC","Description of other cause","STR",,,,134,6841,,,,,,,"snomed:84114007","heart failure",316139,"Description|Etiology|other","loinc:LP6800-9|snomed:134198009|snomed:74964007","1029623|4046629|9177",,,,"Observation","Visit1/baseline",40766819,"Baseline time","loinc:64103-5"
"DESCOPEN","Open labeled statins: description at baseline","STR",,,,1579,5396,,,,,,,"atc:C10AA","hmg-coa reductase inhibitor",21601855,"Description","loinc:LP6800-9",1029623,,,,"Drug_Exposure","Visit1/baseline",40766819,"Baseline time","loinc:64103-5"
"DESFLUX","Redistributed pulmonary venous flow at baseline","INT",," 2 = no | 3 = yes",1,2218,4757,2,3,,"LOINC:LA32-8| LOINC:LA33-6","No| yes","45878245| 45877994","snomed:252081001","Venous flow",4090046,"Pulmonary","snomed:738985004",42538094,,,,"Measurement","Visit1/baseline",40766819,"Baseline time","loinc:64103-5"
"DFUROSEM","Dose Furosemide (mg) at baseline","FLOAT","mg",,,5471,1504,3,1000,,,,,"rxnorm:4603","Furosemide",956874,"Dosage","snomed:260911001",4118853,"milligram","ucum:mg",8576,"Drug_Exposure","Visit1/baseline",40766819,"Baseline time","loinc:64103-5"
"DIADIA","End diastolic diameter","INT","mm",,,3583,3392,35,980,,,,,"loinc:LP201909-1","Diameter at end diastole",37047549,,,,"millimeter","ucum:mm",8588,"Measurement","Visit1/baseline",40766819,"Baseline time","loinc:64103-5"
"DIASIS","End systolic diameter","INT","mm",,,3044,3931,16,820,,,,,"loinc:LP201908-3","Diameter at end systole",37035845,,,,"millimeter","ucum:mm",8588,"Measurement","Visit1/baseline",40766819,"Baseline time","loinc:64103-5"
"DIGITALE","Digitalis at baseline","INT",,"2=No | 3=Yes",1,6975,0,2,3,,"LOINC:LA32-8| LOINC:LA33-6","No| Yes","45878245| 45877994","atc:C01AA","Digitalis glycosides",21601240,,,,,,,"Drug_Exposure","Visit1/baseline",40766819,"Baseline time","loinc:64103-5"
"DILTI","Diltiazem at baseline","INT",,"2=No | 3=Yes",1,6975,0,2,3,,"LOINC:LA32-8| LOINC:LA33-6","No| Yes","45878245| 45877994","rxnorm:3443","Diltiazem",1328165,,,,,,,"Drug_Exposure","Visit1/baseline",40766819,"Baseline time","loinc:64103-5"
"DLISINO","Dose Lisinopril (mg) at baseline","FLOAT","mg",,,6975,0,0,40,,,,,"rxnorm:29046","Lisonorpil",1308216,"Dosage","snomed:260911001",4118853,"milligram","ucum:mg",8576,"Drug_Exposure","Visit1/baseline",40766819,"Baseline time","loinc:64103-5"
"DMETO","Dose Metoprolol (mg) at baseline","FLOAT","mg",,,182,6793,20,250,,,,,"rxnorm:6918","Metoprolol",1307046,"Dosage","snomed:260911001",4118853,"milligram","ucum:mg",8576,"Drug_Exposure","Visit1/baseline",40766819,"Baseline time","loinc:64103-5"
"DOCUCORO","Etiology documented with coronary angiography (only if main cause OTHER)","INT",,"2 = no | 3 = yes",1,3467,3508,2,3,,"LOINC:LA32-8| LOINC:LA33-6","No| yes","45878245| 45877994","snomed:84114007","heart failure",316139,"Etiology|other","snomed:134198009|snomed:74964007","4046629|9177",,,,"Observation","Visit1/baseline",40766819,"Baseline time","loinc:64103-5"
"DOSALTBB","Dose Other beta blocker (mg) at baseline","FLOAT","mg",,,88,6887,1.25,240,,,,,"atc:C07A","BETA BLOCKING AGENTS",21601665,"Dosage|Other","snomed:260911001|snomed:74964007","4118853|9177","milligram","ucum:mg",8576,"Drug_Exposure","Visit1/baseline",40766819,"Baseline time","loinc:64103-5"
"DRAMIP","Dose Ramipril (mg) at baseline","FLOAT","mg",,,1890,5085,0.6,15,,,,,"rxnorm:35296","Ramipril",1334456,"Dosage","snomed:260911001",4118853,"milligram","ucum:mg",8576,"Drug_Exposure","Visit1/baseline",40766819,"Baseline time","loinc:64103-5"
"DSPIRONO","Dose Spironolactone (mg) at baseline","FLOAT","mg",,,2699,4276,5,200,,,,,"rxnorm:9997","Spironolactone",970250,"Dosage","snomed:260911001",4118853,"milligram","ucum:mg",8576,"Drug_Exposure","Visit1/baseline",40766819,"Baseline time","loinc:64103-5"
"DTRAND","Dose Trandolapril (mg) at baseline","FLOAT","mg",,,18,6957,0.5,6,,,,,"rxnorm:38454","Trandolapril",1342439,"Dosage","snomed:260911001",4118853,"milligram","ucum:mg",8576,"Drug_Exposure","Visit1/baseline",40766819,"Baseline time","loinc:64103-5"
"DURQRS","QRS length (msec) at baseline","INT","msec",,,6899,76,22,300,,,,,"snomed:39632005","QRS interval",4218048,,,,"millisecond","ucum:ms",9593,"Measurement","Visit1/baseline",40766819,"Baseline time","loinc:64103-5"
"EDEALVE","Alvaeolar pulmonary edema at baseline","INT",," 2 = no | 3 = yes",1,2217,4758,2,3,,"LOINC:LA32-8| LOINC:LA33-6","No| yes","45878245| 45877994","snomed:19242006","Pulmonary edema",4078925,,,,,,,"Condition_occurrence","Visit1/baseline",40766819,"Baseline time","loinc:64103-5"
"EDEINTER","Interstitial pulmonary edema at baseline","INT",," 2 = no | 3 = yes",1,2218,4757,2,3,,"LOINC:LA32-8| LOINC:LA33-6","No| yes","45878245| 45877994","snomed:19242006","Pulmonary edema",4078925,"Interstitial","snomed:429817007",4327128,,,,"Condition_occurrence","Visit1/baseline",40766819,"Baseline time","loinc:64103-5"
"EDEMPERI","Peripheral edema severity at baseline","INT",," 2 = no | 3 = ankle | 4 = knee | 5 = above",1,6975,0,2,5,,"LOINC:LA32-8| snomed:26237000| snomed:102575008|snomed:102573001","No|ankle edema|Edema of knee|Edema of thigh","45878245|4094513|4010012|4010011","snomed:423484008","Grade of edema",4313204,,,,,,,"measurement","Visit1/baseline",40766819,"Baseline time","loinc:64103-5"
"EMATOCRI","Hematocrit (%) at baseline","FLOAT",,,,6923,52,24,57,,,,,"loinc:20570-8","Hematocrit [Volume Fraction] of Blood",3009542,,,,,,,"Measurement","Visit1/baseline",40766819,"Baseline time","loinc:64103-5"
"EMOGLOB","Hemoglobin (g/dL) at baseline","FLOAT","g/dL",,,6929,46,5,19.9,,,,,"loinc:718-7","Hemoglobin [Mass/volume] in Blood",3000963,,,,"gram per deciliter","ucum:g/dL",8713,"Measurement","Visit1/baseline",40766819,"Baseline time","loinc:64103-5"
"ENALA","Enalapril at baseline","INT",,"2=No | 3=Yes",1,6975,0,2,3,,"LOINC:LA32-8| LOINC:LA33-6","No| Yes","45878245| 45877994","rxnorm:3827","Enalapril",1341927,,,,,,,"Drug_Exposure","Visit1/baseline",40766819,"Baseline time","loinc:64103-5"
"EPAMEGA","Hepatomegaly at baseline","INT",," 2 = no | 3 = yes",1,6975,0,2,3,,"LOINC:LA32-8| LOINC:LA33-6","No| yes","45878245| 45877994","snomed:80515008","Large liver",197676,,,,,,,"Observation","Visit1/baseline",40766819,"Baseline time","loinc:64103-5"
"f10_ALCOOL","Alcohol at 3 year follow up","INT",,"2 = NO | 3 = YES",1,4685,2290,2,3,,"LOINC:LA32-8| LOINC:LA33-6","No| yes","45878245| 45877994","snomed:219006","Current drinker",4074035,,,,,,,"Observation","Visit10/36months",2000000004,"follow-up 3 years","icare:icv2000000004"
"f10_ALLOPURI","Allopurinol at 3 year follow up","INT",,"2=No | 3=Yes",1,4808,2167,2,3,,"LOINC:LA32-8| LOINC:LA33-6","No| Yes","45878245| 45877994","rxnorm:519","Allopurinol",1167322,,,,,,,"Drug_Exposure","Visit10/36months",2000000004,"follow-up 3 years","icare:icv2000000004"
"f10_ALT","ALT (U/L) at 3 year follow up","FLOAT","U/L",,,4092,2883,4,258,,,,,"loinc:76625-3","Alanine aminotransferase [Enzymatic activity/volume] in Blood",46235106,,,,"unit per liter","ucum:[U]/L",8645,"Measurement","Visit10/36months",2000000004,"follow-up 3 years","icare:icv2000000004"
"f10_ALTACE","other ACE-inhibitor at 3 year follow up","INT",,"2=No | 3=Yes",1,4808,2167,2,3,,"LOINC:LA32-8| LOINC:LA33-6","No| Yes","45878245| 45877994","atc:C09AA","""ACE inhibitors, plain""",21601784,"Other","snomed:74964007",9177,,,,"Drug_Exposure","Visit10/36months",2000000004,"follow-up 3 years","icare:icv2000000004"
"f10_ALTANO","Other ECG abnormality at 3 year follow up","INT",,"0 = No | 1 = Yes",,4268,2511,0,1,,"LOINC:LA32-8| LOINC:LA33-6","No| Yes","45878245| 45877994","loinc:LA24621-7","Abnormal ECG",36311174,,,,,,,"Measurement","Visit10/36months",2000000004,"follow-up 3 years","icare:icv2000000004"
"f10_ALTDIU","Other diuretics at 3 year follow up","INT",,"2=No | 3=Yes",1,4808,2167,2,3,,"LOINC:LA32-8| LOINC:LA33-6","No| Yes","45878245| 45877994","atc:C03","DIURETICS",21601461,"Other","snomed:74964007",9177,,,,"Drug_Exposure","Visit10/36months",2000000004,"follow-up 3 years","icare:icv2000000004"
"f10_ALTROARI","Other antiarrhythmic agent at 3 year follow up","INT",,"2=No | 3=Yes",1,4808,2167,2,3,,"LOINC:LA32-8| LOINC:LA33-6","No| Yes","45878245| 45877994","atc:C01B","ANTIARRHYTHMICS, CLASS I AND III",21600248,"Other","snomed:74964007",9177,,,,"Drug_Exposure","Visit10/36months",2000000004,"follow-up 3 years","icare:icv2000000004"
"f10_ALTROBB","Other beta blocker at 3 year follow up","INT",,"2=No | 3=Yes",1,4808,2167,2,3,,"LOINC:LA32-8| LOINC:LA33-6","No| Yes","45878245| 45877994","atc:C07A","BETA BLOCKING AGENTS",21601665,"Other","snomed:74964007",9177,,,,"Drug_Exposure","Visit10/36months",2000000004,"follow-up 3 years","icare:icv2000000004"
"f10_ALTROCA","Other calcium antagonist at 3 year follow up","INT",,"2=No | 3=Yes",1,4808,2167,2,3,,"LOINC:LA32-8| LOINC:LA33-6","No| Yes","45878245| 45877994","atc:C08C","SELECTIVE CALCIUM CHANNEL BLOCKERS WITH MAINLY VASCULAR EFFECTS",21601745,"Other","snomed:74964007",9177,,,,"Drug_Exposure","Visit10/36months",2000000004,"follow-up 3 years","icare:icv2000000004"
"f10_ALTRODIL","Other vasodilator at 3 year follow up","INT",,"2=No | 3=Yes",1,4808,2167,2,3,,"LOINC:LA32-8| LOINC:LA33-6","No| Yes","45878245| 45877994","snomed:372787008","Vasodilator",4158258,"Other","snomed:74964007",9177,,,,"Drug_Exposure","Visit10/36months",2000000004,"follow-up 3 years","icare:icv2000000004"
"f10_AMIODAR","Amiodarone at 3 year follow up","INT",,"2=No | 3=Yes",1,4808,2167,2,3,,"LOINC:LA32-8| LOINC:LA33-6","No| Yes","45878245| 45877994","rxnorm:703","Amiodarone",1309944,,,,,,,"Drug_Exposure","Visit10/36months",2000000004,"follow-up 3 years","icare:icv2000000004"
"f10_AMLOD","Amlodipine at 3 year follow up","INT",,"2=No | 3=Yes",1,4808,2167,2,3,,"LOINC:LA32-8| LOINC:LA33-6","No| Yes","45878245| 45877994","rxnorm:17767","Amlodipine",1332418,,,,,,,"Drug_Exposure","Visit10/36months",2000000004,"follow-up 3 years","icare:icv2000000004"
"f10_ANTIAGGR","Other antiaggregants at 3 year follow up","INT",,"2=No | 3=Yes",1,4808,2167,2,3,,"LOINC:LA32-8| LOINC:LA33-6","No| Yes","45878245| 45877994","snomed:840595002","Platelet aggregation inhibitor therapy",3655005,"Other","snomed:74964007",9177,,,,"Drug_Exposure","Visit10/36months",2000000004,"follow-up 3 years","icare:icv2000000004"
"f10_ANTICOAG","Oral anticoagulants at 3 year follow up","INT",,"2=No | 3=Yes",1,4808,2167,2,3,,"LOINC:LA32-8| LOINC:LA33-6","No| Yes","45878245| 45877994","atc:B01A","ANTITHROMBOTIC AGENTS",21600961,,,,,,,"Drug_Exposure","Visit10/36months",2000000004,"follow-up 3 years","icare:icv2000000004"
"f10_ANTIDEPR","Antidepressants at 3 year follow up","INT",,"2=No | 3=Yes",1,4808,2167,2,3,,"LOINC:LA32-8| LOINC:LA33-6","No| Yes","45878245| 45877994","atc:N06A","antidepressants",21604686,,,,,,,"Drug_Exposure","Visit10/36months",2000000004,"follow-up 3 years","icare:icv2000000004"
"f10_ASA","Acetylsalicylic acid at 3 year follow up","INT",,"2=No | 3=Yes",1,4808,2167,2,3,,"LOINC:LA32-8| LOINC:LA33-6","No| Yes","45878245| 45877994","rxnorm:1191","Aspirin",1112807,,,,,,,"Drug_Exposure","Visit10/36months",2000000004,"follow-up 3 years","icare:icv2000000004"
"f10_AST","AST (U/L) at 3 year follow up","FLOAT","U/L",,,4091,2884,5,289,,,,,"loinc:1920-8","Aspartate aminotransferase [Enzymatic activity/volume] in Serum or Plasma",3013721,,,,"unit per liter","ucum:[U]/L",8645,"Measurement","Visit10/36months",2000000004,"follow-up 3 years","icare:icv2000000004"
"f10_ATENO","Atenolol at 3 year follow up","INT",,"2=No | 3=Yes",1,4808,2167,2,3,,"LOINC:LA32-8| LOINC:LA33-6","No| Yes","45878245| 45877994","rxnorm:1202","Atenolol",1314002,,,,,,,"Drug_Exposure","Visit10/36months",2000000004,"follow-up 3 years","icare:icv2000000004"
"f10_BBRANCA","Bundle branch block at 3 year follow up","INT",,"0 = No | 1 = Yes",,4268,2511,0,1,,"LOINC:LA32-8| LOINC:LA33-6","No| Yes","45878245| 45877994","snomed:6374002","Bundle branch block",313791,,,,,,,"Measurement","Visit10/36months",2000000004,"follow-up 3 years","icare:icv2000000004"
"f10_BENZOD","Benzodiazepine at 3 year follow-up","INT",,"2=No | 3=Yes",1,4808,2167,2,3,,"LOINC:LA32-8| LOINC:LA33-6","No| Yes","45878245| 45877994","atc:N05BA","Benzodiazepine derivatives",21604565,,,,,,,"Drug_Exposure","Visit10/36months",2000000004,"follow-up 3 years","icare:icv2000000004"
"f10_BILIRUB","Bilirubine (mg/dl) at 3 year follow up","FLOAT","mg/dl",,,3892,3083,0.09,13.4,,,,,"loinc:1975-2","bilirubin.total [mass/volume] in serum or plasma",3024128,,,,"milligram per deciliter","ucum:mg/dL",8840,"Measurement","Visit10/36months",2000000004,"follow-up 3 years","icare:icv2000000004"
"f10_BIRRA","Beer (if alcohol YES) at 3 year follow up","INT",,"2 = NO | 3 = sometimes | 4 = 1-2 glasses a day | 5 = 3-4 glasses a day | 6 = 5+ glasses a day",1,3184,3791,2,6,,"LOINC:LA32-8| LOINC:LA10082-8| LOINC:LA26462-4| SNOMED:396112008| loinc:LA13858-8","No| sometimes| 1 or 2 times per day|  Three to four times a day| 5 or more times per day","45878245| 45882528| 42530681| 4244842| 45882530","snomed:53410008","Beer",4201587,,,,,,,"Observation","Visit10/36months",2000000004,"follow-up 3 years","icare:icv2000000004"
"f10_BISOPRO","Bisoprolol at 3 year follow up","INT",,"2=No | 3=Yes",1,4808,2167,2,3,,"LOINC:LA32-8| LOINC:LA33-6","No| Yes","45878245| 45877994","rxnorm:19484","Bisoprolol",1338005,,,,,,,"Drug_Exposure","Visit10/36months",2000000004,"follow-up 3 years","icare:icv2000000004"
"f10_BURRO","Butter at 3 year follow up","INT",,"2 = never | 3 = sometimes | 4 = frequently | 5 = on a regular basis",1,4685,2290,2,5,,"LOINC:LA6270-8| LOINC:LA10082-8| LOINC:LA6482-9| SNOMED:307430002","Never| sometimes| frequently| regular frequency","45876662| 45882528| 45883983| 4146463","snomed:226888007","Butter",4024776,,,,,,,"Observation","Visit10/36months",2000000004,"follow-up 3 years","icare:icv2000000004"
"f10_CAFFE","Coffee at 3 year follow up","INT",,"2 = never | 3 = 1-2 cups a day | 4 = 3-4 cups a day | 5 = 5+ cups a day",1,4685,2290,2,5,,"SNOMED:444841000124107| SNOMED:396107007| SNOMED:396112008| loinc:LA13858-8","Never| One to two times a day| Three to four times a day| 5 or more times per day","763692| 4245244| 4244842| 45882530","snomed:29263009","Coffee",4162308,,,,,,,"Observation","Visit10/36months",2000000004,"follow-up 3 years","icare:icv2000000004"
"f10_CAPTO","Captopril at 3 year follow up","INT",,"2=No | 3=Yes",1,4808,2167,2,3,,"LOINC:LA32-8| LOINC:LA33-6","No| Yes","45878245| 45877994","rxnorm:1998","Captopril",1340128,,,,,,,"Drug_Exposure","Visit10/36months",2000000004,"follow-up 3 years","icare:icv2000000004"
"f10_CARVE","Carvedilol at 3 year follow up","INT",,"2=No | 3=Yes",1,4808,2167,2,3,,"LOINC:LA32-8| LOINC:LA33-6","No| Yes","45878245| 45877994","rxnorm:20352","Carvedilol",1346823,,,,,,,"Drug_Exposure","Visit10/36months",2000000004,"follow-up 3 years","icare:icv2000000004"
"f10_CHEESE","Cheese at 3 year follow up","INT",,"2 = never | 3 =2-3 times a week | 4 = once a day | 5= >1 times a day",1,4685,2290,2,5,,"SNOMED:444841000124107| LOINC:LA26463-2| LOINC:LA13897-6| SNOMED:1411000175107","Never| 2 or 3 times per week| once a day| more than once a day","763692| 42531019| 45876378| 761069","snomed:102264005","Cheese",4008485,,,,,,,"Observation","Visit10/36months",2000000004,"follow-up 3 years","icare:icv2000000004"
"f10_CKTOT","CK total (U/L) at 3 year follow up","FLOAT","U/L",,,3865,3110,7,1606,,,,,"loinc:2157-6","creatine kinase [enzymatic activity/volume] in serum or plasma",3007220,,,,"unit per liter","ucum:[U]/L",8645,"Measurement","Visit10/36months",2000000004,"follow-up 3 years","icare:icv2000000004"
"f10_COLEHDL","Cholesterol HDL (mg/dl) at 3 year follow up","FLOAT","mg/dl",,,4037,2938,13,151,,,,,"loinc:2085-9","Cholesterol in HDL [Mass/volume] in Serum or Plasma",3007070,,,,"milligram per deciliter","ucum:mg/dL",8840,"Measurement","Visit10/36months",2000000004,"follow-up 3 years","icare:icv2000000004"
"f10_COLELDL","Cholesterol LDL (mg/dl) at 3 year follow up","FLOAT","mg/dl",,,3746,3229,5,308,,,,,"loinc:2089-1","Cholesterol in LDL [Mass/volume] in Serum or Plasma",3028437,,,,"milligram per deciliter","ucum:mg/dL",8840,"Measurement","Visit10/36months",2000000004,"follow-up 3 years","icare:icv2000000004"
"f10_COLETOT","Total Cholesterol (mg/dl) at 3 year follow up","FLOAT","mg/dl",,,4114,2861,69,398,,,,,"loinc:2093-3","Cholesterol [Mass/volume] in Serum or Plasma",3027114,,,,"milligram per deciliter","ucum:mg/dL",8840,"Measurement","Visit10/36months",2000000004,"follow-up 3 years","icare:icv2000000004"
"f10_CREATIN","Serum creatinine (mg/dl) at 3 year follow up","FLOAT","mg/dl",,,4104,2871,0.31,10.71,,,,,"loinc:2160-0","creatinine [mass/volume] in serum or plasma",3016723,,,,"milligram per deciliter","ucum:mg/dL",8840,"Measurement","Visit10/36months",2000000004,"follow-up 3 years","icare:icv2000000004"
"f10_DALTACE","Dose other ACE-inhibitor (mg) at 3 year follow up","FLOAT","mg",,,379,6596,1,150,,,,,"atc:C09AA","""ACE inhibitors, plain""",21601784,"Dosage|Other","snomed:260911001|snomed:74964007","4118853|9177","milligram","ucum:mg",8576,"Drug_Exposure","Visit10/36months",2000000004,"follow-up 3 years","icare:icv2000000004"
"f10_DATAECG","ECG date at 3 year follow up","DATETIME","dd-mm-yyyy",,,4268,2511,07/25/05,02/04/08,,,,,"loinc:LP149975-7","ECG",1011679,"Date of procedure","snomed:439272007",4232096,,,,"Observation_period","Visit10/36months",2000000004,"follow-up 3 years","icare:icv2000000004"
"f10_DATALAB","Date of laboratory exam at 3 year follow up","DATETIME","dd-mm-yyyy",,,4176,2799,04/16/04,02/04/08,,,,,"snomed:281271004","Date sample received in laboratory",4084758,,,,,,,"Observation_period","Visit10/36months",2000000004,"follow-up 3 years","icare:icv2000000004"
"f10_DATENO","Dose Atenolol (mg) at 3 year follow up","FLOAT","mg",,,63,6912,12.5,200,,,,,"rxnorm:1202","Atenolol",1314002,"Dosage","snomed:260911001",4118853,"milligram","ucum:mg",8576,"Drug_Exposure","Visit10/36months",2000000004,"follow-up 3 years","icare:icv2000000004"
"f10_DBISOPRO","Dose Bisoprolol (mg) at 3 year follow up","FLOAT","mg",,,748,6227,0.62,18.75,,,,,"rxnorm:19484","Bisoprolol",1338005,"Dosage","snomed:260911001",4118853,"milligram","ucum:mg",8576,"Drug_Exposure","Visit10/36months",2000000004,"follow-up 3 years","icare:icv2000000004"
"f10_DCAPTO","Dose Captopril (mg) at 3 year follow up","FLOAT","mg",,,117,6858,5,200,,,,,"rxnorm:1998","Captopril",1340128,"Dosage","snomed:260911001",4118853,"milligram","ucum:mg",8576,"Drug_Exposure","Visit10/36months",2000000004,"follow-up 3 years","icare:icv2000000004"
"f10_DCARVE","Dose Carvedilol (mg) at 3 year follow up","FLOAT","mg",,,2628,4347,0.625,100,,,,,"rxnorm:20352","Carvedilol",1346823,"Dosage","snomed:260911001",4118853,"milligram","ucum:mg",8576,"Drug_Exposure","Visit10/36months",2000000004,"follow-up 3 years","icare:icv2000000004"
"f10_DEBMUSCO","Muscle weakness at 3 year follow up","INT",,"2 = never | 3 = sometimes | 4 = often | 5 = always",1,4541,2434,2,5,,"LOINC:LA6270-8| LOINC:LA10082-8| LOINC:LA10044-8| LOINC:LA9933-8","Never| sometimes| often| always","45876662| 45882528| 45884455| 45882536","snomed:26544005","Muscle weakness",79908,,,,,,,"Measurement","Visit10/36months",2000000004,"follow-up 3 years","icare:icv2000000004"
"f10_DENALA","Dose Enalapril (mg) at 3 year follow up","FLOAT","mg",,,1161,5814,2,40,,,,,"rxnorm:3827","Enalapril",1341927,"Dosage","snomed:260911001",4118853,"milligram","ucum:mg",8576,"Drug_Exposure","Visit10/36months",2000000004,"follow-up 3 years","icare:icv2000000004"
"f10_DESALTAC","Description other ACE-inhibitor at 3 year follow up","STR",,,,379,6596,,,,,,,"atc:C09AA","""ACE inhibitors, plain""",21601784,"Description|Other","loinc:LP6800-9|snomed:74964007","1029623|9177",,,,"Drug_Exposure","Visit10/36months",2000000004,"follow-up 3 years","icare:icv2000000004"
"f10_DESALTAR","Description other antiarrhythmic agent at 3 year follow up","STR",,,,39,6936,,,,,,,"atc:C01B","ANTIARRHYTHMICS, CLASS I AND III",21600248,"Description|Other","loinc:LP6800-9|snomed:74964007","1029623|9177",,,,"Drug_Exposure","Visit10/36months",2000000004,"follow-up 3 years","icare:icv2000000004"
"f10_DESALTBB","Description Other beta blocker at 3 year follow up","STR",,,,61,6914,,,,,,,"atc:C07A","BETA BLOCKING AGENTS",21601665,"Description|Other","loinc:LP6800-9|snomed:74964007","1029623|9177",,,,"Drug_Exposure","Visit10/36months",2000000004,"follow-up 3 years","icare:icv2000000004"
"f10_DESALTCA","Description other calcium antagonist at 3 year follow up","STR",,,,94,6881,,,,,,,"atc:C08C","SELECTIVE CALCIUM CHANNEL BLOCKERS WITH MAINLY VASCULAR EFFECTS",21601745,"Description|Other","loinc:LP6800-9|snomed:74964007","1029623|9177",,,,"Drug_Exposure","Visit10/36months",2000000004,"follow-up 3 years","icare:icv2000000004"
"f10_DESALTRD","Description other vasodilator at 3 year follow up","STR",,,,115,6860,,,,,,,"snomed:372787008","Vasodilator",4158258,"Description|Other","loinc:LP6800-9|snomed:74964007","1029623|9177",,,,"Drug_Exposure","Visit10/36months",2000000004,"follow-up 3 years","icare:icv2000000004"
"f10_DESCANO","Description of other ECG abnormality at 3 year follow up","STR",,,,1177,5798,,,,,,,"loinc:LA24621-7","Abnormal ECG",36311174,"Description","loinc:LP6800-9",1029623,,,,"Observation","Visit10/36months",2000000004,"follow-up 3 years","icare:icv2000000004"
"f10_DESCOPEN","Open labeled statins: description at 3 year follow up","STR",,,,1307,5668,,,,,,,"atc:C10AA","hmg-coa reductase inhibitor",21601855,"Description","loinc:LP6800-9",1029623,,,,"Drug_Exposure","Visit10/36months",2000000004,"follow-up 3 years","icare:icv2000000004"
"f10_DFUROSEM","Dose Furosemide (mg) at 3 year follow up","FLOAT","mg",,,3652,3323,3,1000,,,,,"rxnorm:4603","Furosemide",956874,"Dosage","snomed:260911001",4118853,"milligram","ucum:mg",8576,"Drug_Exposure","Visit10/36months",2000000004,"follow-up 3 years","icare:icv2000000004"
"f10_DIGITALE","Digitalis at 3 year follow up","INT",,"2=No | 3=Yes",1,4809,2166,2,3,,"LOINC:LA32-8| LOINC:LA33-6","No| Yes","45878245| 45877994","atc:C01AA","Digitalis glycosides",21601240,,,,,,,"Drug_Exposure","Visit10/36months",2000000004,"follow-up 3 years","icare:icv2000000004"
"f10_DILTI","Diltiazem at 3 year follow up","INT",,"2=No | 3=Yes",1,4808,2167,2,3,,"LOINC:LA32-8| LOINC:LA33-6","No| Yes","45878245| 45877994","rxnorm:3443","Diltiazem",1328165,,,,,,,"Drug_Exposure","Visit10/36months",2000000004,"follow-up 3 years","icare:icv2000000004"
"f10_DLISINO","Dose Lisinopril (mg) at 3 year follow up","FLOAT","mg",,,5341,1634,0,40,,,,,"rxnorm:29046","Lisonorpil",1308216,"Dosage","snomed:260911001",4118853,"milligram","ucum:mg",8576,"Drug_Exposure","Visit10/36months",2000000004,"follow-up 3 years","icare:icv2000000004"
"f10_DMETO","Dose Metoprolol (mg) at 3 year follow up","FLOAT","mg",,,122,6853,12.5,200,,,,,"rxnorm:6918","Metoprolol",1307046,"Dosage","snomed:260911001",4118853,"milligram","ucum:mg",8576,"Drug_Exposure","Visit10/36months",2000000004,"follow-up 3 years","icare:icv2000000004"
"f10_DOSALTBB","Dose Other beta blocker (mg) at 3 year follow up","FLOAT","mg",,,61,6914,1.25,320,,,,,"atc:C07A","BETA BLOCKING AGENTS",21601665,"Dosage|Other","snomed:260911001|snomed:74964007","4118853|9177","milligram","ucum:mg",8576,"Drug_Exposure","Visit10/36months",2000000004,"follow-up 3 years","icare:icv2000000004"
"f10_DRAMIP","Dose Ramipril (mg) at 3 year follow up","FLOAT","mg",,,1360,5615,1.2,20,,,,,"rxnorm:35296","Ramipril",1334456,"Dosage","snomed:260911001",4118853,"milligram","ucum:mg",8576,"Drug_Exposure","Visit10/36months",2000000004,"follow-up 3 years","icare:icv2000000004"
"f10_DSPIRONO","Dose Spironolactone (mg) at 3 year follow up","FLOAT","mg",,,1888,5087,7,200,,,,,"rxnorm:9997","Spironolactone",970250,"Dosage","snomed:260911001",4118853,"milligram","ucum:mg",8576,"Drug_Exposure","Visit10/36months",2000000004,"follow-up 3 years","icare:icv2000000004"
"f10_DTRAND","Dose Trandolapril (mg) at 3 year follow up","FLOAT","mg",,,9,6966,2,6,,,,,"rxnorm:38454","Trandolapril",1342439,"Dosage","snomed:260911001",4118853,"milligram","ucum:mg",8576,"Drug_Exposure","Visit10/36months",2000000004,"follow-up 3 years","icare:icv2000000004"
"f10_DURQRS","QRS length (msec) at 3 year follow up","INT","msec",,,4259,2520,30,270,,,,,"snomed:39632005","QRS interval",4218048,,,,"millisecond","ucum:ms",9593,"Measurement","Visit10/36months",2000000004,"follow-up 3 years","icare:icv2000000004"
"f10_EDEMPERI","Peripheral edema severity at 3 year follow up","INT",,"2 = no | 3 = only ankles | 4 = until knee | 5 = above",1,4566,2409,2,5,,"LOINC:LA32-8| snomed:26237000| snomed:102575008|snomed:102573001","No|ankle edema|Edema of knee|Edema of thigh","45878245|4094513|4010012|4010011","snomed:423484008","Grade of edema",4313204,,,,,,,"measurement","Visit10/36months",2000000004,"follow-up 3 years","icare:icv2000000004"
"f10_EMATOCRI","Hematocrit (%) at 3 year follow up","FLOAT",,,,4120,2855,16,59,,,,,"loinc:20570-8","Hematocrit [Volume Fraction] of Blood",3009542,,,,,,,"Measurement","Visit10/36months",2000000004,"follow-up 3 years","icare:icv2000000004"
"f10_EMOGLOB","Hemoglobin (g/dl) at 3 year follow up","FLOAT","g/dL",,,4125,2850,6,19,,,,,"loinc:718-7","Hemoglobin [Mass/volume] in Blood",3000963,,,,"gram per deciliter","ucum:g/dL",8713,"Measurement","Visit10/36months",2000000004,"follow-up 3 years","icare:icv2000000004"
"f10_ENALA","Enalapril at 3 year follow up","INT",,"2=No | 3=Yes",1,4808,2167,2,3,,"LOINC:LA32-8| LOINC:LA33-6","No| Yes","45878245| 45877994","rxnorm:3827","Enalapril",1341927,,,,,,,"Drug_Exposure","Visit10/36months",2000000004,"follow-up 3 years","icare:icv2000000004"
"f10_FANS","Non-steroidal anti-inflammatory agent (FANS) at 3 year follow up","INT",,"2=No | 3=Yes",1,4808,2167,2,3,,"LOINC:LA32-8| LOINC:LA33-6","No| Yes","45878245| 45877994","atc:M01A","ANTIINFLAMMATORY AND ANTIRHEUMATIC PRODUCTS, NON-STEROIDS",21603933,,,,,,,"Drug_Exposure","Visit10/36months",2000000004,"follow-up 3 years","icare:icv2000000004"
"f10_FC","Heart rate (bpm) at 3 year follow up","FLOAT","beats/min",,,4408,2567,35,140,,,,,"loinc:8867-4","Heart rate",3027018,,,,"Counts per minute","ucum:{counts}/min",8483,"Measurement","Visit10/36months",2000000004,"follow-up 3 years","icare:icv2000000004"
"f10_FCECG","Heart rate (ECG) (bpm) at 3 year follow up","FLOAT","beats/min",,,4265,2514,35,155,,,,,"loinc:8867-4","Heart rate",3027018,"ECG finding","snomed:271921002",4156045,"Counts per minute","ucum:{counts}/min",8483,"Measurement","Visit10/36months",2000000004,"follow-up 3 years","icare:icv2000000004"
"f10_FELOD","Felodipine at 3 year follow up","INT",,"2=No | 3=Yes",1,4808,2167,2,3,,"LOINC:LA32-8| LOINC:LA33-6","No| Yes","45878245| 45877994","rxnorm:4316","Felodipine",1353776,,,,,,,"Drug_Exposure","Visit10/36months",2000000004,"follow-up 3 years","icare:icv2000000004"
"f10_FIBRINO","Fibrinogenemia (mg/dl) at 3 year follow up","FLOAT","mg/dl",,,3740,3235,44,1117,,,,,"snomed:1108621000000108","fibrinogen mass concentration in plasma",37208754,,,,"milligram per deciliter","ucum:mg/dL",8840,"Measurement","Visit10/36months",2000000004,"follow-up 3 years","icare:icv2000000004"
"f10_FLUTTER","Atrial fibrillation / Flutter at 3 year follow up","INT",,"0 = No | 1 = Yes",,4268,2511,0,1,,"LOINC:LA32-8| LOINC:LA33-6","No| Yes","45878245| 45877994","snomed:49436004","Atrial fibrillation",313217,,,,,,,"Measurement","Visit10/36months",2000000004,"follow-up 3 years","icare:icv2000000004"
"f10_FRUTTA","Fruit at 3 year follow up","INT",,"2 = never | 3 =2-3 times a week | 4 = once a day | 5= >1 times a day",1,4685,2290,2,5,,"SNOMED:444841000124107| LOINC:LA26463-2| LOINC:LA13897-6| SNOMED:1411000175107","Never| 2 or 3 times per week| once a day| more than once a day","763692| 42531019| 45876378| 761069","snomed:72511004","Fruit",4217045,,,,,,,"Observation","Visit10/36months",2000000004,"follow-up 3 years","icare:icv2000000004"
"f10_FUROSEMI","Furosemide at 3 year follow up","INT",,"2=No | 3=Yes",1,4808,2167,2,3,,"LOINC:LA32-8| LOINC:LA33-6","No| Yes","45878245| 45877994","rxnorm:4603","Furosemide",956874,,,,,,,"Drug_Exposure","Visit10/36months",2000000004,"follow-up 3 years","icare:icv2000000004"
"f10_GBIANCHI","White blood cells (mm3) at 3 year follow up","FLOAT","mm3",,,4122,2853,744,79100,,,,,"snomed:1110441000000100","White blood cell count in blood",37208925,,,,"cubic millimeter","ucum:mm3",8686,"Measurement","Visit10/36months",2000000004,"follow-up 3 years","icare:icv2000000004"
"f10_GLICEMIA","Glycemia (mg/dl) at 3 year follow up","FLOAT","mg/dl",,,4102,2873,22,428,,,,,"Snomed:33747003","“Glucose measurement, blood”",4144235,,,,"milligram per deciliter","ucum:mg/dL",8840,"Measurement","Visit10/36months",2000000004,"follow-up 3 years","icare:icv2000000004"
"f10_HBGLICO","Glycated hemoglobin (%) at 3 year follow up","FLOAT",,,,3522,3453,2.3,16.7,,,,,"loinc:4548-4","Hemoglobin A1c/Hemoglobin.total in Blood",3004410,,,,,,,"Measurement","Visit10/36months",2000000004,"follow-up 3 years","icare:icv2000000004"
"f10_IDRALAZ","Hydralazine at 3 year follow up","INT",,"2=No | 3=Yes",1,4808,2167,2,3,,"LOINC:LA32-8| LOINC:LA33-6","No| Yes","45878245| 45877994","rxnorm:5470","Hydralazine",1373928,,,,,,,"Drug_Exposure","Visit10/36months",2000000004,"follow-up 3 years","icare:icv2000000004"
"f10_INTENZIO","Intentional weight loss (If weight loss >= 2 kg) at 3 year follow up","INT",,"1 = no weight loss | 2 = no | 3 = yes",,5341,1634,1,3,,"snomed:83421005| LOINC:LA32-8| LOINC:LA33-6","failure to lose weight|no|yes","4308415 | 45878245| 45877994","snomed:416528001","intentional weight loss",4214302,,,,,,,"Measurement","Visit10/36months",2000000004,"follow-up 3 years","icare:icv2000000004"
"f10_IPERVENT","Left ventricular hypertrophy at 3 year follow up","INT",,"0 = No | 1 = Yes",,4268,2511,0,1,,"LOINC:LA32-8| LOINC:LA33-6","No| Yes","45878245| 45877994","snomed:55827005","Left ventricular hypertrophy",4184746,,,,,,,"Measurement","Visit10/36months",2000000004,"follow-up 3 years","icare:icv2000000004"
"f10_LALT","Lower limit ALT (U/L) at 3 year follow up","FLOAT","U/L",,,2360,4615,1,30,,,,,"loinc:76625-3","Alanine aminotransferase [Enzymatic activity/volume] in Blood",46235106,"Lower limit of reference range","snomed:385524004",4294191,"unit per liter","ucum:[U]/L",8645,"Measurement","Visit10/36months",2000000004,"follow-up 3 years","icare:icv2000000004"
"f10_LAST","Lower limit AST (U/L) at 3 year follow up","FLOAT","U/L",,,2337,4638,1,15,,,,,"loinc:1920-8","Aspartate aminotransferase [Enzymatic activity/volume] in Serum or Plasma",3013721,"Lower limit of reference range","snomed:385524004",4294191,"unit per liter","ucum:[U]/L",8645,"Measurement","Visit10/36months",2000000004,"follow-up 3 years","icare:icv2000000004"
"f10_LATOBB","Bundle branch block side at 3 year follow up","INT",,"2 = left | 3=right",1,1314,5465,2,3,,"snomed:7771000|snomed:24028007","Left|Right","4300877|4080761","snomed:6374002","Bundle branch block",313791,"side","snomed:182353008",4112563,,,,"Measurement","Visit10/36months",2000000004,"follow-up 3 years","icare:icv2000000004"
"f10_LCKTOT","Lower limit CK total (U/L) at 3 year follow up","FLOAT","U/L",,,2723,4252,1,149,,,,,"loinc:2157-6","creatine kinase [enzymatic activity/volume] in serum or plasma",3007220,"Lower limit of reference range","snomed:385524004",4294191,"unit per liter","ucum:[U]/L",8645,"Measurement","Visit10/36months",2000000004,"follow-up 3 years","icare:icv2000000004"
"f10_LISINO","Lisinopril at 3 year follow up","INT",,"2=No | 3=Yes",1,4808,2167,2,3,,"LOINC:LA32-8| LOINC:LA33-6","No| Yes","45878245| 45877994","rxnorm:29046","Lisonorpil",1308216,,,,,,,"Drug_Exposure","Visit10/36months",2000000004,"follow-up 3 years","icare:icv2000000004"
"f10_METO","Metoprolol at 3 year follow up","INT",,"2=No | 3=Yes",1,4808,2167,2,3,,"LOINC:LA32-8| LOINC:LA33-6","No| Yes","45878245| 45877994","rxnorm:6918","Metoprolol",1307046,,,,,,,"Drug_Exposure","Visit10/36months",2000000004,"follow-up 3 years","icare:icv2000000004"
"f10_N3PUFA","N3-PUFA open labeled at 3 year follow up","INT",,"2=No | 3=Yes",1,4809,2166,2,3,,"LOINC:LA32-8| LOINC:LA33-6","No| Yes","45878245| 45877994","atc:N03AG","Fatty acid derivatives",21604421,,,,,,,"Drug_Exposure","Visit10/36months",2000000004,"follow-up 3 years","icare:icv2000000004"
"f10_NA","Serum Sodium (mmol/L) at 3 year follow up","FLOAT","mmol/L",,,4073,2902,102,155,,,,,"loinc:2951-2","Sodium [Moles/volume] in Serum or Plasma",3019550,,,,"millimole per liter","ucum:mmol/L",8753,"Measurement","Visit10/36months",2000000004,"follow-up 3 years","icare:icv2000000004"
"f10_NIFED","Nifedipine at 3 year follow up","INT",,"2=No | 3=Yes",1,4808,2167,2,3,,"LOINC:LA32-8| LOINC:LA33-6","No| Yes","45878245| 45877994","rxnorm:7417","Nifedipine",1318853,,,,,,,"Drug_Exposure","Visit10/36months",2000000004,"follow-up 3 years","icare:icv2000000004"
"f10_NITRATI","Nitrates at 3 year follow up","INT",,"2=No | 3=Yes",1,4808,2167,2,3,,"LOINC:LA32-8| LOINC:LA33-6","No| Yes","45878245| 45877994","atc:C01DA","Organic nitrates",21600316,,,,,,,"Drug_Exposure","Visit10/36months",2000000004,"follow-up 3 years","icare:icv2000000004"
"f10_NYHA","NYHA Class at 3 year follow up","INT",,"2 = NYHA class I | 3 = NYHA class II | 4 = NYHA class III | 5 = NYHA class IV",1,4617,2358,2,5,,"snomed:420300004| snomed:421704003| snomed:420913000| snomed:422293003","New York Heart Association Classification - Class I| New York Heart Association Classification - Class II| New York Heart Association Classification - Class III| New York Heart Association Classification - Class IV","4220607| 4226789| 4227345| 4228881","snomed:420816009","new york heart association classification",4223299,,,,,,,"Measurement","Visit10/36months",2000000004,"follow-up 3 years","icare:icv2000000004"
"f10_OLIVA","Olive oil at 3 year follow up","INT",,"2 = never | 3 = sometimes | 4 = frequently | 5 = on a regular basis",1,4685,2290,2,5,,"LOINC:LA6270-8| LOINC:LA10082-8| LOINC:LA6482-9| SNOMED:307430002","Never| sometimes| frequently| regular frequency","45876662| 45882528| 45883983| 4146463","snomed:41834005","Olive oil",4216445,,,,,,,"Observation","Visit10/36months",2000000004,"follow-up 3 years","icare:icv2000000004"
"f10_ONDEQ","Pathological Q waves at 3 year follow up","INT",,"0 = No | 1 = Yes",,4268,2511,0,1,,"LOINC:LA32-8| LOINC:LA33-6","No| Yes","45878245| 45877994","snomed:164918000","Pathological Q wave",4065387,,,,,,,"Measurement","Visit10/36months",2000000004,"follow-up 3 years","icare:icv2000000004"
"f10_OPENSTAT","Statins open labeled at 3 year follow up","INT",,"2=No | 3=Yes",1,4809,2166,2,3,,"LOINC:LA32-8| LOINC:LA33-6","No| Yes","45878245| 45877994","atc:C10AA","hmg-coa reductase inhibitor",21601855,,,,,,,"Drug_Exposure","Visit10/36months",2000000004,"follow-up 3 years","icare:icv2000000004"
"f10_PAD","Diastolic blood pressure (mmHg) at 3 year follow up","FLOAT","mmHg",,,4482,2493,30,130,,,,,"loinc:8462-4","Diastolic blood pressure",3012888,,,,"millimeter mercury column","ucum:mm[Hg]",8876,"Measurement","Visit10/36months",2000000004,"follow-up 3 years","icare:icv2000000004"
"f10_PAS","Systolic blood pressure (mmHg) at 3 year follow up","FLOAT","mmHg",,,4483,2492,70,210,,,,,"loinc:8480-6","Systolic blood pressure",3004249,,,,"millimeter mercury column","ucum:mm[Hg]",8876,"Measurement","Visit10/36months",2000000004,"follow-up 3 years","icare:icv2000000004"
"f10_PESCE","Fish at 3 year follow up","INT",,"2 = never | 3 = once a week | 4 = 2 times a week | 5 = 3+ times a week",1,4685,2290,2,5,,"LOINC:LA6270-8| LOINC:LA26461-6| SNOMED:229800002| LOINC:LA6396-1","Never| once a week| twice weekly| Three or more times per week","45876662|42531017| 4047143| 45877752","snomed:735971005","Fish",42539493,,,,,,,"Observation","Visit10/36months",2000000004,"follow-up 3 years","icare:icv2000000004"
"f10_PESOATT","Weight (kg) at 3 year follow up","FLOAT","Kilogram",,,4523,2452,37,170,,,,,"loinc:29463-7","Body weight",3025315,,,,"kilogram","ucum:kg",9529,"Measurement","Visit10/36months",2000000004,"follow-up 3 years","icare:icv2000000004"
"f10_POTASSIO","Serum potassium (mmol/L) at 3 year follow up","FLOAT","mmol/L",,,4082,2893,2.4,7.7,,,,,"loinc:2823-3","Potassium [Moles/volume] in Serum or Plasma",3023103,,,,"millimole per liter","ucum:mmol/L",8753,"Measurement","Visit10/36months",2000000004,"follow-up 3 years","icare:icv2000000004"
"f10_RAMIP","Ramipril at 3 year follow up","INT",,"2=No | 3=Yes",1,4808,2167,2,3,,"LOINC:LA32-8| LOINC:LA33-6","No| Yes","45878245| 45877994","rxnorm:35296","Ramipril",1334456,,,,,,,"Drug_Exposure","Visit10/36months",2000000004,"follow-up 3 years","icare:icv2000000004"
"f10_RITMOPM","Rhythm from pacemaker at 3 year follow up","INT",,"0 = No | 1 = Yes",,4268,2511,0,1,,"LOINC:LA32-8| LOINC:LA33-6","No| Yes","45878245| 45877994","snomed:10370003","Rhythm from artificial pacing",4304202,,,,,,,"Measurement","Visit10/36months",2000000004,"follow-up 3 years","icare:icv2000000004"
"f10_SARTANI","Sartans at 3 year follow up","INT",,"2=No | 3=Yes",1,4808,2167,2,3,,"LOINC:LA32-8| LOINC:LA33-6","No| Yes","45878245| 45877994","atc:C09CA","""Angiotensin II receptor blockers (ARBs), plain""",21601823,,,,,,,"Drug_Exposure","Visit10/36months",2000000004,"follow-up 3 years","icare:icv2000000004"
"f10_SEMI","Seed oil at 3 year follow up","INT",,"2 = never | 3 = sometimes | 4 = frequently | 5 = on a regular basis",1,4685,2290,2,5,,"LOINC:LA6270-8| LOINC:LA10082-8| LOINC:LA6482-9| SNOMED:307430002","Never| sometimes| frequently| regular frequency","45876662| 45882528| 45883983| 4146463","snomed:21847005","Oil",4071021,,,,,,,"Observation","Visit10/36months",2000000004,"follow-up 3 years","icare:icv2000000004"
"f10_SILDENAF","Sildenafil at 3 year follow up","INT",,"2=No | 3=Yes",1,4808,2167,2,3,,"LOINC:LA32-8| LOINC:LA33-6","No| Yes","45878245| 45877994","Rxnorm:136411","Sildenafil",1316262,,,,,,,"Drug_Exposure","Visit10/36months",2000000004,"follow-up 3 years","icare:icv2000000004"
"f10_SPECNO","If alcohol NO type of non-consumption at 3 year follow up","INT",,"2 = NO | 3 = PAST | 4 = NEVER",1,1500,5475,2,4,,"LOINC:LA32-8|LOINC:LA28393-9|LOINC:LA6270-8","No|Former user|never","45878245|36307819|45876662","snomed:105542008","non - drinker",4022664,,,,,,,"Observation","Visit10/36months",2000000004,"follow-up 3 years","icare:icv2000000004"
"f10_SPIRONO","Spironolactone at 3 year follow up","INT",,"2=No | 3=Yes",1,4808,2167,2,3,,"LOINC:LA32-8| LOINC:LA33-6","No| Yes","45878245| 45877994","rxnorm:9997","Spironolactone",970250,,,,,,,"Drug_Exposure","Visit10/36months",2000000004,"follow-up 3 years","icare:icv2000000004"
"f10_SUPERAL","Spirits (if alcohol YES) at 3 year follow up","INT",,"2 = NO | 3 = sometimes | 4 = 1-2 glasses a day | 5 = 3-4 glasses a day | 6 = 5+ glasses a day",1,3184,3791,2,4,,"LOINC:LA32-8| LOINC:LA10082-8| LOINC:LA26462-4| SNOMED:396112008| loinc:LA13858-8","No| sometimes| 1 or 2 times per day|  Three to four times a day| 5 or more times per day","45878245| 45882528| 42530681| 4244842| 45882530","snomed:6524003","Distilled spirits",4275752,,,,,,,"Observation","Visit10/36months",2000000004,"follow-up 3 years","icare:icv2000000004"
"f10_TERAORMO","Hormone Replacement Therapy at 3 year follow up","INT",,"2=No | 3=Yes",1,4810,2165,2,3,,"LOINC:LA32-8| LOINC:LA33-6","No| Yes","45878245| 45877994","snomed:266717002","Hormone Replacement Therapy",4141760,,,,,,,"Drug_Exposure","Visit10/36months",2000000004,"follow-up 3 years","icare:icv2000000004"
"f10_TIAZIDI","Thiazides at 3 year follow up","INT",,"2=No | 3=Yes",1,4808,2167,2,3,,"LOINC:LA32-8| LOINC:LA33-6","No| Yes","45878245| 45877994","snomed:860766002","Thiazides",3655254,,,,,,,"Drug_Exposure","Visit10/36months",2000000004,"follow-up 3 years","icare:icv2000000004"
"f10_TRAND","Trandolapril at 3 year follow up","INT",,"2=No | 3=Yes",1,4808,2167,2,3,,"LOINC:LA32-8| LOINC:LA33-6","No| Yes","45878245| 45877994","rxnorm:38454","Trandolapril",1342439,,,,,,,"Drug_Exposure","Visit10/36months",2000000004,"follow-up 3 years","icare:icv2000000004"
"f10_TRIGLI","Triglycerides (mg/dl) at 3 year follow up","FLOAT","mg/dl",,,4098,2877,15,1218,,,,,"loinc:14927-8","Triglyceride [Moles/volume] in Serum or Plasma",3025839,,,,"milligram per deciliter","ucum:mg/dL",8840,"Measurement","Visit10/36months",2000000004,"follow-up 3 years","icare:icv2000000004"
"f10_UALT","Upper limit ALT (U/L) at 3 year follow up","FLOAT","U/L",,,4176,2799,22,72,,,,,"loinc:76625-3","Alanine aminotransferase [Enzymatic activity/volume] in Blood",46235106,"Upper limit of reference range","snomed:371933006",4162853,"unit per liter","ucum:[U]/L",8645,"Measurement","Visit10/36months",2000000004,"follow-up 3 years","icare:icv2000000004"
"f10_UAST","Upper limit AST (U/L) at 3 year follow up","FLOAT","U/L",,,4176,2799,19,66,,,,,"loinc:1920-8","Aspartate aminotransferase [Enzymatic activity/volume] in Serum or Plasma",3013721,"Upper limit of reference range","snomed:371933006",4162853,"unit per liter","ucum:[U]/L",8645,"Measurement","Visit10/36months",2000000004,"follow-up 3 years","icare:icv2000000004"
"f10_UCKTOT","Upper limit CK total (U/L) at 3 year follow up","FLOAT","U/L",,,4176,2799,70,397,,,,,"loinc:2157-6","creatine kinase [enzymatic activity/volume] in serum or plasma",3007220,"Upper limit of reference range","snomed:371933006",4162853,"unit per liter","ucum:[U]/L",8645,"Measurement","Visit10/36months",2000000004,"follow-up 3 years","icare:icv2000000004"
"f10_URICE","Uricemia (mg/dl) at 3 year follow up","FLOAT","mg/dl",,,3956,3019,0.77,17.5,,,,,"loinc:3084-1","urate [mass/volume] in serum or plasma",3037556,,,,"milligram per deciliter","ucum:mg/dL",8840,"Measurement","Visit10/36months",2000000004,"follow-up 3 years","icare:icv2000000004"
"f10_VALUECG","ECG evaluation at 3 year follow up","INT",,"2 = normal | 3 = abnormal",1,4268,2511,2,3,,"snomed:17621005|snomed:263654008","Normal|Abnormal","4069590|4135493","loinc:LP149975-7","ECG",1011679,"evaluation","snomed:723051000000101",44803879,,,,"Measurement","Visit10/36months",2000000004,"follow-up 3 years","icare:icv2000000004"
"f10_VERAP","Verapamil at 3 year follow up","INT",,"2=No | 3=Yes",1,4808,2167,2,3,,"LOINC:LA32-8| LOINC:LA33-6","No| Yes","45878245| 45877994","rxnorm:11170","Verapamil",1307863,,,,,,,"Drug_Exposure","Visit10/36months",2000000004,"follow-up 3 years","icare:icv2000000004"
"f10_VERCOTTA","Cooked vegetables at 3 year follow up","INT",,"2 = never | 3 =2-3 times a week | 4 = once a day | 5= >1 times a day",1,4685,2290,2,5,,"SNOMED:444841000124107| LOINC:LA26463-2| LOINC:LA13897-6| SNOMED:1411000175107","Never| 2 or 3 times per week| once a day| more than once a day","763692| 42531019| 45876378| 761069","snomed:444011000124102","Cooked vegetables",763625,,,,,,,"Observation","Visit10/36months",2000000004,"follow-up 3 years","icare:icv2000000004"
"f10_VERCRUDA","Raw vegetables at 3 year follow up","INT",,"2 = never | 3 =2-3 times a week | 4 = once a day | 5= >1 times a day",1,4685,2290,2,5,,"SNOMED:444841000124107| LOINC:LA26463-2| LOINC:LA13897-6| SNOMED:1411000175107","Never| 2 or 3 times per week| once a day| more than once a day","763692| 42531019| 45876378| 761069","snomed:314115004","Raw vegetables",4193035,,,,,,,"Observation","Visit10/36months",2000000004,"follow-up 3 years","icare:icv2000000004"
"f10_VINO","Wine (if alcohol YES) at 3 year follow up","INT",,"2 = NO | 3 = sometimes | 4 = 1-2 glasses a day | 5 = 3-4 glasses a day | 6 = 5+ glasses a day",1,3184,3791,2,6,,"LOINC:LA32-8| LOINC:LA10082-8| LOINC:LA26462-4| SNOMED:396112008| loinc:LA13858-8","No| sometimes| 1 or 2 times per day|  Three to four times a day| 5 or more times per day","45878245| 45882528| 42530681| 4244842| 45882530","snomed:35748005","Wine",4262278,,,,,,,"Observation","Visit10/36months",2000000004,"follow-up 3 years","icare:icv2000000004"
"f11_ALCOOL","Alcohol at 42 month follow-up","INT",,"2 = NO | 3 = YES",1,3695,3280,2,3,,"LOINC:LA32-8| LOINC:LA33-6","No| yes","45878245| 45877994","snomed:219006","Current drinker",4074035,,,,,,,"Observation","Visit11/42months",2000000002,"follow-up 42 months","icare:icv2000000002"
"f11_ALLOPURI","Allopurinol at 42 month follow-up","INT",,"2=No | 3=Yes",1,3789,3186,2,3,,"LOINC:LA32-8| LOINC:LA33-6","No| Yes","45878245| 45877994","rxnorm:519","Allopurinol",1167322,,,,,,,"Drug_Exposure","Visit11/42months",2000000002,"follow-up 42 months","icare:icv2000000002"
"f11_ALTACE","other ACE-inhibitor at 42 month follow-up","INT",,"2=No | 3=Yes",1,3788,3187,2,3,,"LOINC:LA32-8| LOINC:LA33-6","No| Yes","45878245| 45877994","atc:C09AA","""ACE inhibitors, plain""",21601784,"Other","snomed:74964007",9177,,,,"Drug_Exposure","Visit11/42months",2000000002,"follow-up 42 months","icare:icv2000000002"
"f11_ALTANO","Other ECG abnormality at 42 month follow-up","INT",,"0 = No | 1 = Yes",,3336,3443,0,1,,"LOINC:LA32-8| LOINC:LA33-6","No| Yes","45878245| 45877994","loinc:LA24621-7","Abnormal ECG",36311174,,,,,,,"Measurement","Visit11/42months",2000000002,"follow-up 42 months","icare:icv2000000002"
"f11_ALTDIU","Other diuretics at 42 month follow-up","INT",,"2=No | 3=Yes",1,3790,3185,2,3,,"LOINC:LA32-8| LOINC:LA33-6","No| Yes","45878245| 45877994","atc:C03","DIURETICS",21601461,"Other","snomed:74964007",9177,,,,"Drug_Exposure","Visit11/42months",2000000002,"follow-up 42 months","icare:icv2000000002"
"f11_ALTROARI","Other antiarrhythmic agent at 42 month follow-up","INT",,"2=No | 3=Yes",1,3788,3187,2,3,,"LOINC:LA32-8| LOINC:LA33-6","No| Yes","45878245| 45877994","atc:C01B","ANTIARRHYTHMICS, CLASS I AND III",21600248,"Other","snomed:74964007",9177,,,,"Drug_Exposure","Visit11/42months",2000000002,"follow-up 42 months","icare:icv2000000002"
"f11_ALTROBB","Other beta blocker at 42 month follow-up","INT",,"2=No | 3=Yes",1,3789,3186,2,3,,"LOINC:LA32-8| LOINC:LA33-6","No| Yes","45878245| 45877994","atc:C07A","BETA BLOCKING AGENTS",21601665,"Other","snomed:74964007",9177,,,,"Drug_Exposure","Visit11/42months",2000000002,"follow-up 42 months","icare:icv2000000002"
"f11_ALTROCA","Other calcium antagonist at 42 month follow-up","INT",,"2=No | 3=Yes",1,3787,3188,2,3,,"LOINC:LA32-8| LOINC:LA33-6","No| Yes","45878245| 45877994","atc:C08C","SELECTIVE CALCIUM CHANNEL BLOCKERS WITH MAINLY VASCULAR EFFECTS",21601745,"Other","snomed:74964007",9177,,,,"Drug_Exposure","Visit11/42months",2000000002,"follow-up 42 months","icare:icv2000000002"
"f11_ALTRODIL","Other vasodilator at 42 month follow-up","INT",,"2=No | 3=Yes",1,3788,3187,2,3,,"LOINC:LA32-8| LOINC:LA33-6","No| Yes","45878245| 45877994","snomed:372787008","Vasodilator",4158258,"Other","snomed:74964007",9177,,,,"Drug_Exposure","Visit11/42months",2000000002,"follow-up 42 months","icare:icv2000000002"
"f11_AMIODAR","Amiodarone at 42 month follow-up","INT",,"2=No | 3=Yes",1,3788,3187,2,3,,"LOINC:LA32-8| LOINC:LA33-6","No| Yes","45878245| 45877994","rxnorm:703","Amiodarone",1309944,,,,,,,"Drug_Exposure","Visit11/42months",2000000002,"follow-up 42 months","icare:icv2000000002"
"f11_AMLOD","Amlodipine at 42 month follow-up","INT",,"2=No | 3=Yes",1,3787,3188,2,3,,"LOINC:LA32-8| LOINC:LA33-6","No| Yes","45878245| 45877994","rxnorm:17767","Amlodipine",1332418,,,,,,,"Drug_Exposure","Visit11/42months",2000000002,"follow-up 42 months","icare:icv2000000002"
"f11_ANTIAGGR","Other antiaggregants at 42 month follow-up","INT",,"2=No | 3=Yes",1,3789,3186,2,3,,"LOINC:LA32-8| LOINC:LA33-6","No| Yes","45878245| 45877994","snomed:840595002","Platelet aggregation inhibitor therapy",3655005,"Other","snomed:74964007",9177,,,,"Drug_Exposure","Visit11/42months",2000000002,"follow-up 42 months","icare:icv2000000002"
"f11_ANTICOAG","Oral anticoagulants at 42 month follow-up","INT",,"2=No | 3=Yes",1,3790,3185,2,3,,"LOINC:LA32-8| LOINC:LA33-6","No| Yes","45878245| 45877994","atc:B01A","ANTITHROMBOTIC AGENTS",21600961,,,,,,,"Drug_Exposure","Visit11/42months",2000000002,"follow-up 42 months","icare:icv2000000002"
"f11_ANTIDEPR","Antidepressants at 42 month follow-up","INT",,"2=No | 3=Yes",1,3789,3186,2,3,,"LOINC:LA32-8| LOINC:LA33-6","No| Yes","45878245| 45877994","atc:N06A","antidepressants",21604686,,,,,,,"Drug_Exposure","Visit11/42months",2000000002,"follow-up 42 months","icare:icv2000000002"
"f11_ASA","Acetylsalicylic acid at 42 month follow-up","INT",,"2=No | 3=Yes",1,3790,3185,2,3,,"LOINC:LA32-8| LOINC:LA33-6","No| Yes","45878245| 45877994","rxnorm:1191","Aspirin",1112807,,,,,,,"Drug_Exposure","Visit11/42months",2000000002,"follow-up 42 months","icare:icv2000000002"
"f11_ATENO","Atenolol at 42 month follow-up","INT",,"2=No | 3=Yes",1,3789,3186,2,3,,"LOINC:LA32-8| LOINC:LA33-6","No| Yes","45878245| 45877994","rxnorm:1202","Atenolol",1314002,,,,,,,"Drug_Exposure","Visit11/42months",2000000002,"follow-up 42 months","icare:icv2000000002"
"f11_BBRANCA","Bundle branch block at 42 month follow-up","INT",,"0 = No | 1 = Yes",,3336,3443,0,1,,"LOINC:LA32-8| LOINC:LA33-6","No| Yes","45878245| 45877994","snomed:6374002","Bundle branch block",313791,,,,,,,"Measurement","Visit11/42months",2000000002,"follow-up 42 months","icare:icv2000000002"
"f11_BENZOD","Benzodiazepine at 42 month follow-up","INT",,"2=No | 3=Yes",1,3790,3185,2,3,,"LOINC:LA32-8| LOINC:LA33-6","No| Yes","45878245| 45877994","atc:N05BA","Benzodiazepine derivatives",21604565,,,,,,,"Drug_Exposure","Visit11/42months",2000000002,"follow-up 42 months","icare:icv2000000002"
"f11_BIRRA","Beer (if alcohol YES) at 42 month follow-up","INT",,"2 = NO | 3 = sometimes | 4 = 1-2 glasses a day | 5 = 3-4 glasses a day | 6 = 5+ glasses a day",1,2459,4516,2,6,,"LOINC:LA32-8| LOINC:LA10082-8| LOINC:LA26462-4| SNOMED:396112008| loinc:LA13858-8","No| sometimes| 1 or 2 times per day|  Three to four times a day| 5 or more times per day","45878245| 45882528| 42530681| 4244842| 45882530","snomed:53410008","Beer",4201587,,,,,,,"Observation","Visit11/42months",2000000002,"follow-up 42 months","icare:icv2000000002"
"f11_BISOPRO","Bisoprolol at 42 month follow-up","INT",,"2=No | 3=Yes",1,3789,3186,2,3,,"LOINC:LA32-8| LOINC:LA33-6","No| Yes","45878245| 45877994","rxnorm:19484","Bisoprolol",1338005,,,,,,,"Drug_Exposure","Visit11/42months",2000000002,"follow-up 42 months","icare:icv2000000002"
"f11_BURRO","Butter at 42 month follow-up","INT",,"2 = never | 3 = sometimes | 4 = frequently | 5 = on a regular basis",1,3696,3279,2,5,,"LOINC:LA6270-8| LOINC:LA10082-8| LOINC:LA6482-9| SNOMED:307430002","Never| sometimes| frequently| regular frequency","45876662| 45882528| 45883983| 4146463","snomed:226888007","Butter",4024776,,,,,,,"Observation","Visit11/42months",2000000002,"follow-up 42 months","icare:icv2000000002"
"f11_CAFFE","Coffee at 42 month follow-up","INT",,"2 = never | 3 = 1-2 cups a day | 4 = 3-4 cups a day | 5 = 5+ cups a day",1,3695,3280,2,5,,"SNOMED:444841000124107| SNOMED:396107007| SNOMED:396112008| loinc:LA13858-8","Never| One to two times a day| Three to four times a day| 5 or more times per day","763692| 4245244| 4244842| 45882530","snomed:29263009","Coffee",4162308,,,,,,,"Observation","Visit11/42months",2000000002,"follow-up 42 months","icare:icv2000000002"
"f11_CAPTO","Captopril at 42 month follow-up","INT",,"2=No | 3=Yes",1,3788,3187,2,3,,"LOINC:LA32-8| LOINC:LA33-6","No| Yes","45878245| 45877994","rxnorm:1998","Captopril",1340128,,,,,,,"Drug_Exposure","Visit11/42months",2000000002,"follow-up 42 months","icare:icv2000000002"
"f11_CARVE","Carvedilol at 42 month follow-up","INT",,"2=No | 3=Yes",1,3789,3186,2,3,,"LOINC:LA32-8| LOINC:LA33-6","No| Yes","45878245| 45877994","rxnorm:20352","Carvedilol",1346823,,,,,,,"Drug_Exposure","Visit11/42months",2000000002,"follow-up 42 months","icare:icv2000000002"
"f11_CHEESE","Cheese at 42 month follow-up","INT",,"2 = never | 3 =2-3 times a week | 4 = once a day | 5= >1 times a day",1,3696,3279,2,5,,"SNOMED:444841000124107| LOINC:LA26463-2| LOINC:LA13897-6| SNOMED:1411000175107","Never| 2 or 3 times per week| once a day| more than once a day","763692| 42531019| 45876378| 761069","snomed:102264005","Cheese",4008485,,,,,,,"Observation","Visit11/42months",2000000002,"follow-up 42 months","icare:icv2000000002"
"f11_DALTACE","Dose other ACE-inhibitor (mg) at 42 month follow-up","FLOAT","mg",,,287,6688,2,120,,,,,"atc:C09AA","""ACE inhibitors, plain""",21601784,"Dosage|Other","snomed:260911001|snomed:74964007","4118853|9177","milligram","ucum:mg",8576,"Drug_Exposure","Visit11/42months",2000000002,"follow-up 42 months","icare:icv2000000002"
"f11_DATAECG","ECG date at 42 month follow-up","DATETIME","dd-mm-yyyy",,,3336,3443,01/09/06,01/17/08,,,,,"loinc:LP149975-7","ECG",1011679,"Date of procedure","snomed:439272007",4232096,,,,"Observation_period","Visit11/42months",2000000002,"follow-up 42 months","icare:icv2000000002"
"f11_DATENO","Dose Atenolol (mg) at 42 month follow-up","FLOAT","mg",,,49,6926,12.5,100,,,,,"rxnorm:1202","Atenolol",1314002,"Dosage","snomed:260911001",4118853,"milligram","ucum:mg",8576,"Drug_Exposure","Visit11/42months",2000000002,"follow-up 42 months","icare:icv2000000002"
"f11_DBISOPRO","Dose Bisoprolol (mg) at 42 month follow-up","FLOAT","mg",,,552,6423,1.25,12.5,,,,,"rxnorm:19484","Bisoprolol",1338005,"Dosage","snomed:260911001",4118853,"milligram","ucum:mg",8576,"Drug_Exposure","Visit11/42months",2000000002,"follow-up 42 months","icare:icv2000000002"
"f11_DCAPTO","Dose Captopril (mg) at 42 month follow-up","FLOAT","mg",,,76,6899,5,150,,,,,"rxnorm:1998","Captopril",1340128,"Dosage","snomed:260911001",4118853,"milligram","ucum:mg",8576,"Drug_Exposure","Visit11/42months",2000000002,"follow-up 42 months","icare:icv2000000002"
"f11_DCARVE","Dose Carvedilol (mg) at 42 month follow-up","FLOAT","mg",,,2130,4845,1562,100,,,,,"rxnorm:20352","Carvedilol",1346823,"Dosage","snomed:260911001",4118853,"milligram","ucum:mg",8576,"Drug_Exposure","Visit11/42months",2000000002,"follow-up 42 months","icare:icv2000000002"
"f11_DEBMUSCO","Muscle weakness at 42 month follow-up","INT",,"2 = never | 3 = sometimes | 4 = often | 5 = always",1,3558,3417,2,5,,"LOINC:LA6270-8| LOINC:LA10082-8| LOINC:LA10044-8| LOINC:LA9933-8","Never| sometimes| often| always","45876662| 45882528| 45884455| 45882536","snomed:26544005","Muscle weakness",79908,,,,,,,"Measurement","Visit11/42months",2000000002,"follow-up 42 months","icare:icv2000000002"
"f11_DENALA","Dose Enalapril (mg) at 42 month follow-up","FLOAT","mg",,,908,6067,1,40,,,,,"rxnorm:3827","Enalapril",1341927,"Dosage","snomed:260911001",4118853,"milligram","ucum:mg",8576,"Drug_Exposure","Visit11/42months",2000000002,"follow-up 42 months","icare:icv2000000002"
"f11_DESALTAC","Description other ACE-inhibitor at 42 month follow-up","STR",,,,287,6688,,,,,,,"atc:C09AA","""ACE inhibitors, plain""",21601784,"Description|Other","loinc:LP6800-9|snomed:74964007","1029623|9177",,,,"Drug_Exposure","Visit11/42months",2000000002,"follow-up 42 months","icare:icv2000000002"
"f11_DESALTAR","Description other antiarrhythmic agent at 42 month follow-up","STR",,,,28,6947,,,,,,,"atc:C01B","ANTIARRHYTHMICS, CLASS I AND III",21600248,"Description|Other","loinc:LP6800-9|snomed:74964007","1029623|9177",,,,"Drug_Exposure","Visit11/42months",2000000002,"follow-up 42 months","icare:icv2000000002"
"f11_DESALTBB","Description Other beta blocker at 42 month follow-up","STR",,,,54,6921,,,,,,,"atc:C07A","BETA BLOCKING AGENTS",21601665,"Description|Other","loinc:LP6800-9|snomed:74964007","1029623|9177",,,,"Drug_Exposure","Visit11/42months",2000000002,"follow-up 42 months","icare:icv2000000002"
"f11_DESALTCA","Description other calcium antagonist at 42 month follow-up","STR",,,,68,6907,,,,,,,"atc:C08C","SELECTIVE CALCIUM CHANNEL BLOCKERS WITH MAINLY VASCULAR EFFECTS",21601745,"Description|Other","loinc:LP6800-9|snomed:74964007","1029623|9177",,,,"Drug_Exposure","Visit11/42months",2000000002,"follow-up 42 months","icare:icv2000000002"
"f11_DESALTRD","Description other vasodilator at 42 month follow-up","STR",,,,101,6874,,,,,,,"snomed:372787008","Vasodilator",4158258,"Description|Other","loinc:LP6800-9|snomed:74964007","1029623|9177",,,,"Drug_Exposure","Visit11/42months",2000000002,"follow-up 42 months","icare:icv2000000002"
"f11_DESCANO","Description of other ECG abnormality at 42 month follow-up","STR",,,,919,6056,,,,,,,"loinc:LA24621-7","Abnormal ECG",36311174,"Description","loinc:LP6800-9",1029623,,,,"Observation","Visit11/42months",2000000002,"follow-up 42 months","icare:icv2000000002"
"f11_DESCOPEN","Open labeled statins: description at 42 month follow-up","STR",,,,1044,5931,,,,,,,"atc:C10AA","hmg-coa reductase inhibitor",21601855,"Description","loinc:LP6800-9",1029623,,,,"Drug_Exposure","Visit11/42months",2000000002,"follow-up 42 months","icare:icv2000000002"
"f11_DFUROSEM","Dose Furosemide (mg) at 42 month follow-up","FLOAT","mg",,,2884,4091,1.78,1000,,,,,"rxnorm:4603","Furosemide",956874,"Dosage","snomed:260911001",4118853,"milligram","ucum:mg",8576,"Drug_Exposure","Visit11/42months",2000000002,"follow-up 42 months","icare:icv2000000002"
"f11_DIGITALE","Digitalis at 42 month follow-up","INT",,"2=No | 3=Yes",1,3789,3186,2,3,,"LOINC:LA32-8| LOINC:LA33-6","No| Yes","45878245| 45877994","atc:C01AA","Digitalis glycosides",21601240,,,,,,,"Drug_Exposure","Visit11/42months",2000000002,"follow-up 42 months","icare:icv2000000002"
"f11_DILTI","Diltiazem at 42 month follow-up","INT",,"2=No | 3=Yes",1,3787,3188,2,3,,"LOINC:LA32-8| LOINC:LA33-6","No| Yes","45878245| 45877994","rxnorm:3443","Diltiazem",1328165,,,,,,,"Drug_Exposure","Visit11/42months",2000000002,"follow-up 42 months","icare:icv2000000002"
"f11_DLISINO","Dose Lisinopril (mg) at 42 month follow-up","FLOAT","mg",,,4223,2752,0,40,,,,,"rxnorm:29046","Lisonorpil",1308216,"Dosage","snomed:260911001",4118853,"milligram","ucum:mg",8576,"Drug_Exposure","Visit11/42months",2000000002,"follow-up 42 months","icare:icv2000000002"
"f11_DMETO","Dose Metoprolol (mg) at 42 month follow-up","FLOAT","mg",,,92,6883,12.5,200,,,,,"rxnorm:6918","Metoprolol",1307046,"Dosage","snomed:260911001",4118853,"milligram","ucum:mg",8576,"Drug_Exposure","Visit11/42months",2000000002,"follow-up 42 months","icare:icv2000000002"
"f11_DOSALTBB","Dose Other beta blocker (mg) at 42 month follow-up","FLOAT","mg",,,54,6921,2.5,320,,,,,"atc:C07A","BETA BLOCKING AGENTS",21601665,"Dosage|Other","snomed:260911001|snomed:74964007","4118853|9177","milligram","ucum:mg",8576,"Drug_Exposure","Visit11/42months",2000000002,"follow-up 42 months","icare:icv2000000002"
"f11_DRAMIP","Dose Ramipril (mg) at 42 month follow-up","FLOAT","mg",,,1086,5889,1.2,20,,,,,"rxnorm:35296","Ramipril",1334456,"Dosage","snomed:260911001",4118853,"milligram","ucum:mg",8576,"Drug_Exposure","Visit11/42months",2000000002,"follow-up 42 months","icare:icv2000000002"
"f11_DSPIRONO","Dose Spironolactone (mg) at 42 month follow-up","FLOAT","mg",,,1417,5558,5,200,,,,,"rxnorm:9997","Spironolactone",970250,"Dosage","snomed:260911001",4118853,"milligram","ucum:mg",8576,"Drug_Exposure","Visit11/42months",2000000002,"follow-up 42 months","icare:icv2000000002"
"f11_DTRAND","Dose Trandolapril (mg) at 42 month follow-up","FLOAT","mg",,,6,6969,2,6,,,,,"rxnorm:38454","Trandolapril",1342439,"Dosage","snomed:260911001",4118853,"milligram","ucum:mg",8576,"Drug_Exposure","Visit11/42months",2000000002,"follow-up 42 months","icare:icv2000000002"
"f11_DURQRS","QRS length (msec) at 42 month follow-up","INT","msec",,,3331,3448,40,245,,,,,"snomed:39632005","QRS interval",4218048,,,,"millisecond","ucum:ms",9593,"Measurement","Visit11/42months",2000000002,"follow-up 42 months","icare:icv2000000002"
"f11_EDEMPERI","Peripheral edema severity at 42 month follow-up","INT",,"2 = no | 3 = only ankles | 4 = until knee | 5 = above",1,3592,3383,2,5,,"LOINC:LA32-8| snomed:26237000| snomed:102575008|snomed:102573001","No|ankle edema|Edema of knee|Edema of thigh","45878245|4094513|4010012|4010011","snomed:423484008","Grade of edema",4313204,,,,,,,"measurement","Visit11/42months",2000000002,"follow-up 42 months","icare:icv2000000002"
"f11_ENALA","Enalapril at 42 month follow-up","INT",,"2=No | 3=Yes",1,3788,3187,2,3,,"LOINC:LA32-8| LOINC:LA33-6","No| Yes","45878245| 45877994","rxnorm:3827","Enalapril",1341927,,,,,,,"Drug_Exposure","Visit11/42months",2000000002,"follow-up 42 months","icare:icv2000000002"
"f11_FANS","Non-steroidal anti-inflammatory agent (FANS) at 42 month follow-up","INT",,"2=No | 3=Yes",1,3789,3186,2,3,,"LOINC:LA32-8| LOINC:LA33-6","No| Yes","45878245| 45877994","atc:M01A","ANTIINFLAMMATORY AND ANTIRHEUMATIC PRODUCTS, NON-STEROIDS",21603933,,,,,,,"Drug_Exposure","Visit11/42months",2000000002,"follow-up 42 months","icare:icv2000000002"
"f11_FC","Heart rate (bpm) at 42 month follow-up","FLOAT","beats/min",,,3458,3517,35,150,,,,,"loinc:8867-4","Heart rate",3027018,,,,"Counts per minute","ucum:{counts}/min",8483,"Measurement","Visit11/42months",2000000002,"follow-up 42 months","icare:icv2000000002"
"f11_FCECG","Heart rate (ECG) (bpm) at 42 month follow-up","FLOAT","beats/min",,,3335,3444,35,150,,,,,"loinc:8867-4","Heart rate",3027018,"ECG finding","snomed:271921002",4156045,"Counts per minute","ucum:{counts}/min",8483,"Measurement","Visit11/42months",2000000002,"follow-up 42 months","icare:icv2000000002"
"f11_FELOD","Felodipine at 42 month follow-up","INT",,"2=No | 3=Yes",1,3787,3188,2,3,,"LOINC:LA32-8| LOINC:LA33-6","No| Yes","45878245| 45877994","rxnorm:4316","Felodipine",1353776,,,,,,,"Drug_Exposure","Visit11/42months",2000000002,"follow-up 42 months","icare:icv2000000002"
"f11_FLUTTER","Atrial fibrillation / Flutter at 42 month follow-up","INT",,"0 = No | 1 = Yes",,3336,3443,0,1,,"LOINC:LA32-8| LOINC:LA33-6","No| Yes","45878245| 45877994","snomed:49436004","Atrial fibrillation",313217,,,,,,,"Measurement","Visit11/42months",2000000002,"follow-up 42 months","icare:icv2000000002"
"f11_FRUTTA","Fruit at 42 month follow-up","INT",,"2 = never | 3 =2-3 times a week | 4 = once a day | 5= >1 times a day",1,3696,3279,2,5,,"SNOMED:444841000124107| LOINC:LA26463-2| LOINC:LA13897-6| SNOMED:1411000175107","Never| 2 or 3 times per week| once a day| more than once a day","763692| 42531019| 45876378| 761069","snomed:72511004","Fruit",4217045,,,,,,,"Observation","Visit11/42months",2000000002,"follow-up 42 months","icare:icv2000000002"
"f11_FUROSEMI","Furosemide at 42 month follow-up","INT",,"2=No | 3=Yes",1,3790,3185,2,3,,"LOINC:LA32-8| LOINC:LA33-6","No| Yes","45878245| 45877994","rxnorm:4603","Furosemide",956874,,,,,,,"Drug_Exposure","Visit11/42months",2000000002,"follow-up 42 months","icare:icv2000000002"
"f11_IDRALAZ","Hydralazine at 42 month follow-up","INT",,"2=No | 3=Yes",1,3788,3187,2,3,,"LOINC:LA32-8| LOINC:LA33-6","No| Yes","45878245| 45877994","rxnorm:5470","Hydralazine",1373928,,,,,,,"Drug_Exposure","Visit11/42months",2000000002,"follow-up 42 months","icare:icv2000000002"
"f11_INTENZIO","Intentional weight loss (If weight loss >= 2 kg) at 42 month follow-up","INT",,"1 = no weight loss | 2 = no | 3 = yes",,4223,2752,1,3,,"snomed:83421005| LOINC:LA32-8| LOINC:LA33-6","failure to lose weight|no|yes","4308415 | 45878245| 45877994","snomed:416528001","intentional weight loss",4214302,,,,,,,"Measurement","Visit11/42months",2000000002,"follow-up 42 months","icare:icv2000000002"
"f11_IPERVENT","Left ventricular hypertrophy at 42 month follow-up","INT",,"0 = No | 1 = Yes",,3336,3443,0,1,,"LOINC:LA32-8| LOINC:LA33-6","No| Yes","45878245| 45877994","snomed:55827005","Left ventricular hypertrophy",4184746,,,,,,,"Measurement","Visit11/42months",2000000002,"follow-up 42 months","icare:icv2000000002"
"f11_LATOBB","Bundle branch block side at 42 month follow-up","INT",,"2 = left | 3=right",1,996,5783,2,3,,"snomed:7771000|snomed:24028007","Left|Right","4300877|4080761","snomed:6374002","Bundle branch block",313791,"side","snomed:182353008",4112563,,,,"Measurement","Visit11/42months",2000000002,"follow-up 42 months","icare:icv2000000002"
"f11_LISINO","Lisinopril at 42 month follow-up","INT",,"2=No | 3=Yes",1,3788,3187,2,3,,"LOINC:LA32-8| LOINC:LA33-6","No| Yes","45878245| 45877994","rxnorm:29046","Lisonorpil",1308216,,,,,,,"Drug_Exposure","Visit11/42months",2000000002,"follow-up 42 months","icare:icv2000000002"
"f11_METO","Metoprolol at 42 month follow-up","INT",,"2=No | 3=Yes",1,3789,3186,2,3,,"LOINC:LA32-8| LOINC:LA33-6","No| Yes","45878245| 45877994","rxnorm:6918","Metoprolol",1307046,,,,,,,"Drug_Exposure","Visit11/42months",2000000002,"follow-up 42 months","icare:icv2000000002"
"f11_N3PUFA","N3-PUFA open labeled at 42 month follow-up","INT",,"2=No | 3=Yes",1,3788,3187,2,3,,"LOINC:LA32-8| LOINC:LA33-6","No| Yes","45878245| 45877994","atc:N03AG","Fatty acid derivatives",21604421,,,,,,,"Drug_Exposure","Visit11/42months",2000000002,"follow-up 42 months","icare:icv2000000002"
"f11_NIFED","Nifedipine at 42 month follow-up","INT",,"2=No | 3=Yes",1,3787,3188,2,3,,"LOINC:LA32-8| LOINC:LA33-6","No| Yes","45878245| 45877994","rxnorm:7417","Nifedipine",1318853,,,,,,,"Drug_Exposure","Visit11/42months",2000000002,"follow-up 42 months","icare:icv2000000002"
"f11_NITRATI","Nitrates at 42 month follow-up","INT",,"2=No | 3=Yes",1,3788,3187,2,3,,"LOINC:LA32-8| LOINC:LA33-6","No| Yes","45878245| 45877994","atc:C01DA","Organic nitrates",21600316,,,,,,,"Drug_Exposure","Visit11/42months",2000000002,"follow-up 42 months","icare:icv2000000002"
"f11_NYHA","NYHA Class at 42 month follow-up","INT",,"2 = NYHA class I | 3 = NYHA class II | 4 = NYHA class III | 5 = NYHA class IV",1,3629,3346,2,5,,"snomed:420300004| snomed:421704003| snomed:420913000| snomed:422293003","New York Heart Association Classification - Class I| New York Heart Association Classification - Class II| New York Heart Association Classification - Class III| New York Heart Association Classification - Class IV","4220607| 4226789| 4227345| 4228881","snomed:420816009","new york heart association classification",4223299,,,,,,,"Measurement","Visit11/42months",2000000002,"follow-up 42 months","icare:icv2000000002"
"f11_OLIVA","Olive oil at 42 month follow-up","INT",,"2 = never | 3 = sometimes | 4 = frequently | 5 = on a regular basis",1,3696,3279,2,5,,"LOINC:LA6270-8| LOINC:LA10082-8| LOINC:LA6482-9| SNOMED:307430002","Never| sometimes| frequently| regular frequency","45876662| 45882528| 45883983| 4146463","snomed:41834005","Olive oil",4216445,,,,,,,"Observation","Visit11/42months",2000000002,"follow-up 42 months","icare:icv2000000002"
"f11_ONDEQ","Pathological Q waves at 42 month follow-up","INT",,"0 = No | 1 = Yes",,3336,3443,0,1,,"LOINC:LA32-8| LOINC:LA33-6","No| Yes","45878245| 45877994","snomed:164918000","Pathological Q wave",4065387,,,,,,,"Measurement","Visit11/42months",2000000002,"follow-up 42 months","icare:icv2000000002"
"f11_OPENSTAT","Statins open labeled at 42 month follow-up","INT",,"2=No | 3=Yes",1,3788,3187,2,3,,"LOINC:LA32-8| LOINC:LA33-6","No| Yes","45878245| 45877994","atc:C10AA","hmg-coa reductase inhibitor",21601855,,,,,,,"Drug_Exposure","Visit11/42months",2000000002,"follow-up 42 months","icare:icv2000000002"
"f11_PAD","Diastolic blood pressure (mmHg) at 42 month follow-up","FLOAT","mmHg",,,3515,3460,40,120,,,,,"loinc:8462-4","Diastolic blood pressure",3012888,,,,"millimeter mercury column","ucum:mm[Hg]",8876,"Measurement","Visit11/42months",2000000002,"follow-up 42 months","icare:icv2000000002"
"f11_PAS","Systolic blood pressure (mmHg) at 42 month follow-up","FLOAT","mmHg",,,3516,3459,70,210,,,,,"loinc:8480-6","Systolic blood pressure",3004249,,,,"millimeter mercury column","ucum:mm[Hg]",8876,"Measurement","Visit11/42months",2000000002,"follow-up 42 months","icare:icv2000000002"
"f11_PESCE","Fish at 42 month follow-up","INT",,"2 = never | 3 = once a week | 4 = 2 times a week | 5 = 3+ times a week",1,3696,3279,2,5,,"LOINC:LA6270-8| LOINC:LA26461-6| SNOMED:229800002| LOINC:LA6396-1","Never| once a week| twice weekly| Three or more times per week","45876662|42531017| 4047143| 45877752","snomed:735971005","Fish",42539493,,,,,,,"Observation","Visit11/42months",2000000002,"follow-up 42 months","icare:icv2000000002"
"f11_PESOATT","Weight (kg) at 42 month follow-up","FLOAT","Kilogram",,,3529,3446,39,178,,,,,"loinc:29463-7","Body weight",3025315,,,,"kilogram","ucum:kg",9529,"Measurement","Visit11/42months",2000000002,"follow-up 42 months","icare:icv2000000002"
"f11_RAMIP","Ramipril at 42 month follow-up","INT",,"2=No | 3=Yes",1,3787,3188,2,3,,"LOINC:LA32-8| LOINC:LA33-6","No| Yes","45878245| 45877994","rxnorm:35296","Ramipril",1334456,,,,,,,"Drug_Exposure","Visit11/42months",2000000002,"follow-up 42 months","icare:icv2000000002"
"f11_RITMOPM","Rhythm from pacemaker at 42 month follow-up","INT",,"0 = No | 1 = Yes",,3336,3443,0,1,,"LOINC:LA32-8| LOINC:LA33-6","No| Yes","45878245| 45877994","snomed:10370003","Rhythm from artificial pacing",4304202,,,,,,,"Measurement","Visit11/42months",2000000002,"follow-up 42 months","icare:icv2000000002"
"f11_SARTANI","Sartans at 42 month follow-up","INT",,"2=No | 3=Yes",1,3789,3186,2,3,,"LOINC:LA32-8| LOINC:LA33-6","No| Yes","45878245| 45877994","atc:C09CA","""Angiotensin II receptor blockers (ARBs), plain""",21601823,,,,,,,"Drug_Exposure","Visit11/42months",2000000002,"follow-up 42 months","icare:icv2000000002"
"f11_SEMI","Seed oil at 42 month follow-up","INT",,"2 = never | 3 = sometimes | 4 = frequently | 5 = on a regular basis",1,3696,3279,2,5,,"LOINC:LA6270-8| LOINC:LA10082-8| LOINC:LA6482-9| SNOMED:307430002","Never| sometimes| frequently| regular frequency","45876662| 45882528| 45883983| 4146463","snomed:21847005","Oil",4071021,,,,,,,"Observation","Visit11/42months",2000000002,"follow-up 42 months","icare:icv2000000002"
"f11_SILDENAF","Sildenafil at 42 month follow-up","INT",,"2=No | 3=Yes",1,3789,3186,2,3,,"LOINC:LA32-8| LOINC:LA33-6","No| Yes","45878245| 45877994","Rxnorm:136411","Sildenafil",1316262,,,,,,,"Drug_Exposure","Visit11/42months",2000000002,"follow-up 42 months","icare:icv2000000002"
"f11_SPECNO","If alcohol NO type of non-consumption at 42 month follow-up","INT",,"2 = NO | 3 = PAST | 4 = NEVER",1,1235,5740,2,4,,"LOINC:LA32-8|LOINC:LA28393-9|LOINC:LA6270-8","No|Former user| never","45878245|36307819|45876662","snomed:105542008","non - drinker",4022664,,,,,,,"Observation","Visit11/42months",2000000002,"follow-up 42 months","icare:icv2000000002"
"f11_SPIRONO","Spironolactone at 42 month follow-up","INT",,"2=No | 3=Yes",1,3790,3185,2,3,,"LOINC:LA32-8| LOINC:LA33-6","No| Yes","45878245| 45877994","rxnorm:9997","Spironolactone",970250,,,,,,,"Drug_Exposure","Visit11/42months",2000000002,"follow-up 42 months","icare:icv2000000002"
"f11_SUPERAL","Spirits (if alcohol YES) at 42 month follow-up","INT",,"2 = NO | 3 = sometimes | 4 = 1-2 glasses a day | 5 = 3-4 glasses a day | 6 = 5+ glasses a day",1,2459,4516,2,5,,"LOINC:LA32-8| LOINC:LA10082-8| LOINC:LA26462-4| SNOMED:396112008| loinc:LA13858-8","No| sometimes| 1 or 2 times per day|  Three to four times a day| 5 or more times per day","45878245| 45882528| 42530681| 4244842| 45882530","snomed:6524003","Distilled spirits",4275752,,,,,,,"Observation","Visit11/42months",2000000002,"follow-up 42 months","icare:icv2000000002"
"f11_TERAORMO","Hormone Replacement Therapy at 42 month follow-up","INT",,"2=No | 3=Yes",1,3789,3186,2,3,,"LOINC:LA32-8| LOINC:LA33-6","No| Yes","45878245| 45877994","snomed:266717002","Hormone Replacement Therapy",4141760,,,,,,,"Drug_Exposure","Visit11/42months",2000000002,"follow-up 42 months","icare:icv2000000002"
"f11_TIAZIDI","Thiazides at 42 month follow-up","INT",,"2=No | 3=Yes",1,3790,3185,2,3,,"LOINC:LA32-8| LOINC:LA33-6","No| Yes","45878245| 45877994","snomed:860766002","Thiazides",3655254,,,,,,,"Drug_Exposure","Visit11/42months",2000000002,"follow-up 42 months","icare:icv2000000002"
"f11_TRAND","Trandolapril at 42 month follow-up","INT",,"2=No | 3=Yes",1,3788,3187,2,3,,"LOINC:LA32-8| LOINC:LA33-6","No| Yes","45878245| 45877994","rxnorm:38454","Trandolapril",1342439,,,,,,,"Drug_Exposure","Visit11/42months",2000000002,"follow-up 42 months","icare:icv2000000002"
"f11_VALUECG","ECG evaluation at 42 month follow-up","INT",,"2 = normal | 3 = abnormal",1,3336,3443,2,3,,"snomed:17621005|snomed:263654008","Normal | Abnormal","4069590|4135493","loinc:LP149975-7","ECG",1011679,"evaluation","snomed:723051000000101",44803879,,,,"Measurement","Visit11/42months",2000000002,"follow-up 42 months","icare:icv2000000002"
"f11_VERAP","Verapamil at 42 month follow-up","INT",,"2=No | 3=Yes",1,3787,3188,2,3,,"LOINC:LA32-8| LOINC:LA33-6","No| Yes","45878245| 45877994","rxnorm:11170","Verapamil",1307863,,,,,,,"Drug_Exposure","Visit11/42months",2000000002,"follow-up 42 months","icare:icv2000000002"
"f11_VERCOTTA","Cooked vegetables at 42 month follow-up","INT",,"2 = never | 3 =2-3 times a week | 4 = once a day | 5= >1 times a day",1,3696,3279,2,5,,"SNOMED:444841000124107| LOINC:LA26463-2| LOINC:LA13897-6| SNOMED:1411000175107","Never| 2 or 3 times per week| once a day| more than once a day","763692| 42531019| 45876378| 761069","snomed:444011000124102","Cooked vegetables",763625,,,,,,,"Observation","Visit11/42months",2000000002,"follow-up 42 months","icare:icv2000000002"
"f11_VERCRUDA","Raw vegetables at 42 month follow-up","INT",,"2 = never | 3 =2-3 times a week | 4 = once a day | 5= >1 times a day",1,3696,3279,2,5,,"SNOMED:444841000124107| LOINC:LA26463-2| LOINC:LA13897-6| SNOMED:1411000175107","Never| 2 or 3 times per week| once a day| more than once a day","763692| 42531019| 45876378| 761069","snomed:314115004","Raw vegetables",4193035,,,,,,,"Observation","Visit11/42months",2000000002,"follow-up 42 months","icare:icv2000000002"
"f11_VINO","Wine (if alcohol YES) at 42 month follow-up","INT",,"2 = NO | 3 = sometimes | 4 = 1-2 glasses a day | 5 = 3-4 glasses a day | 6 = 5+ glasses a day",1,2459,4516,2,6,,"LOINC:LA32-8| LOINC:LA10082-8| LOINC:LA26462-4| SNOMED:396112008| loinc:LA13858-8","No| sometimes| 1 or 2 times per day|  Three to four times a day| 5 or more times per day","45878245| 45882528| 42530681| 4244842| 45882530","snomed:35748005","Wine",4262278,,,,,,,"Observation","Visit11/42months",2000000002,"follow-up 42 months","icare:icv2000000002"
"f12_ALCOOL","Alcohol at 48 month follow-up","INT",,"2 = NO | 3 = YES",1,2574,4401,2,3,,"LOINC:LA32-8| LOINC:LA33-6","No| yes","45878245| 45877994","snomed:219006","Current drinker",4074035,,,,,,,"Observation","Visit12/48months",2000000003,"follow-up 48 months","icare:icv2000000003"
"f12_ALLOPURI","Allopurinol at 48 month follow-up","INT",,"2=No | 3=Yes",1,2651,4324,2,3,,"LOINC:LA32-8| LOINC:LA33-6","No| Yes","45878245| 45877994","rxnorm:519","Allopurinol",1167322,,,,,,,"Drug_Exposure","Visit12/48months",2000000003,"follow-up 48 months","icare:icv2000000003"
"f12_ALT","ALT (U/L) at 48 month follow-up","FLOAT","U/L",,,2152,4823,4,252,,,,,"loinc:76625-3","Alanine aminotransferase [Enzymatic activity/volume] in Blood",46235106,,,,"unit per liter","ucum:[U]/L",8645,"Measurement","Visit12/48months",2000000003,"follow-up 48 months","icare:icv2000000003"
"f12_ALTACE","other ACE-inhibitor at 48 month follow-up","INT",,"2=No | 3=Yes",1,2650,4325,2,3,,"LOINC:LA32-8| LOINC:LA33-6","No| Yes","45878245| 45877994","atc:C09AA","""ACE inhibitors, plain""",21601784,"Other","snomed:74964007",9177,,,,"Drug_Exposure","Visit12/48months",2000000003,"follow-up 48 months","icare:icv2000000003"
"f12_ALTANO","Other ECG abnormality at 48 month follow-up","INT",,"0 = No | 1 = Yes",,2291,4488,0,1,,"LOINC:LA32-8| LOINC:LA33-6","No| Yes","45878245| 45877994","loinc:LA24621-7","Abnormal ECG",36311174,,,,,,,"Measurement","Visit12/48months",2000000003,"follow-up 48 months","icare:icv2000000003"
"f12_ALTDIU","Other diuretics at 48 month follow-up","INT",,"2=No | 3=Yes",1,2651,4324,2,3,,"LOINC:LA32-8| LOINC:LA33-6","No| Yes","45878245| 45877994","atc:C03","DIURETICS",21601461,"Other","snomed:74964007",9177,,,,"Drug_Exposure","Visit12/48months",2000000003,"follow-up 48 months","icare:icv2000000003"
"f12_ALTROARI","Other antiarrhythmic agent at 48 month follow-up","INT",,"2=No | 3=Yes",1,2650,4325,2,3,,"LOINC:LA32-8| LOINC:LA33-6","No| Yes","45878245| 45877994","atc:C01B","ANTIARRHYTHMICS, CLASS I AND III",21600248,"Other","snomed:74964007",9177,,,,"Drug_Exposure","Visit12/48months",2000000003,"follow-up 48 months","icare:icv2000000003"
"f12_ALTROBB","Other beta blocker at 48 month follow-up","INT",,"2=No | 3=Yes",1,2650,4325,2,3,,"LOINC:LA32-8| LOINC:LA33-6","No| Yes","45878245| 45877994","atc:C07A","BETA BLOCKING AGENTS",21601665,"Other","snomed:74964007",9177,,,,"Drug_Exposure","Visit12/48months",2000000003,"follow-up 48 months","icare:icv2000000003"
"f12_ALTROCA","Other calcium antagonist at 48 month follow-up","INT",,"2=No | 3=Yes",1,2649,4326,2,3,,"LOINC:LA32-8| LOINC:LA33-6","No| Yes","45878245| 45877994","atc:C08C","SELECTIVE CALCIUM CHANNEL BLOCKERS WITH MAINLY VASCULAR EFFECTS",21601745,"Other","snomed:74964007",9177,,,,"Drug_Exposure","Visit12/48months",2000000003,"follow-up 48 months","icare:icv2000000003"
"f12_ALTRODIL","Other vasodilator at 48 month follow-up","INT",,"2=No | 3=Yes",1,2650,4325,2,3,,"LOINC:LA32-8| LOINC:LA33-6","No| Yes","45878245| 45877994","snomed:372787008","Vasodilator",4158258,"Other","snomed:74964007",9177,,,,"Drug_Exposure","Visit12/48months",2000000003,"follow-up 48 months","icare:icv2000000003"
"f12_AMIODAR","Amiodarone at 48 month follow-up","INT",,"2=No | 3=Yes",1,2650,4325,2,3,,"LOINC:LA32-8| LOINC:LA33-6","No| Yes","45878245| 45877994","rxnorm:703","Amiodarone",1309944,,,,,,,"Drug_Exposure","Visit12/48months",2000000003,"follow-up 48 months","icare:icv2000000003"
"f12_AMLOD","Amlodipine at 48 month follow-up","INT",,"2=No | 3=Yes",1,2649,4326,2,3,,"LOINC:LA32-8| LOINC:LA33-6","No| Yes","45878245| 45877994","rxnorm:17767","Amlodipine",1332418,,,,,,,"Drug_Exposure","Visit12/48months",2000000003,"follow-up 48 months","icare:icv2000000003"
"f12_ANTIAGGR","Other antiaggregants at 48 month follow-up","INT",,"2=No | 3=Yes",1,2651,4324,2,3,,"LOINC:LA32-8| LOINC:LA33-6","No| Yes","45878245| 45877994","snomed:840595002","Platelet aggregation inhibitor therapy",3655005,"Other","snomed:74964007",9177,,,,"Drug_Exposure","Visit12/48months",2000000003,"follow-up 48 months","icare:icv2000000003"
"f12_ANTICOAG","Oral anticoagulants at 48 month follow-up","INT",,"2=No | 3=Yes",1,2651,4324,2,3,,"LOINC:LA32-8| LOINC:LA33-6","No| Yes","45878245| 45877994","atc:B01A","ANTITHROMBOTIC AGENTS",21600961,,,,,,,"Drug_Exposure","Visit12/48months",2000000003,"follow-up 48 months","icare:icv2000000003"
"f12_ANTIDEPR","Antidepressants at 48 month follow-up","INT",,"2=No | 3=Yes",1,2651,4324,2,3,,"LOINC:LA32-8| LOINC:LA33-6","No| Yes","45878245| 45877994","atc:N06A","antidepressants",21604686,,,,,,,"Drug_Exposure","Visit12/48months",2000000003,"follow-up 48 months","icare:icv2000000003"
"f12_ASA","Acetylsalicylic acid at 48 month follow-up","INT",,"2=No | 3=Yes",1,2651,4324,2,3,,"LOINC:LA32-8| LOINC:LA33-6","No| Yes","45878245| 45877994","rxnorm:1191","Aspirin",1112807,,,,,,,"Drug_Exposure","Visit12/48months",2000000003,"follow-up 48 months","icare:icv2000000003"
"f12_AST","AST (U/L) at 48 month follow-up","FLOAT","U/L",,,2152,4823,4,173,,,,,"loinc:1920-8","Aspartate aminotransferase [Enzymatic activity/volume] in Serum or Plasma",3013721,,,,"unit per liter","ucum:[U]/L",8645,"Measurement","Visit12/48months",2000000003,"follow-up 48 months","icare:icv2000000003"
"f12_ATENO","Atenolol at 48 month follow-up","INT",,"2=No | 3=Yes",1,2650,4325,2,3,,"LOINC:LA32-8| LOINC:LA33-6","No| Yes","45878245| 45877994","rxnorm:1202","Atenolol",1314002,,,,,,,"Drug_Exposure","Visit12/48months",2000000003,"follow-up 48 months","icare:icv2000000003"
"f12_BBRANCA","Bundle branch block at 48 month follow-up","INT",,"0 = No | 1 = Yes",,2291,4488,0,1,,"LOINC:LA32-8| LOINC:LA33-6","No| Yes","45878245| 45877994","snomed:6374002","Bundle branch block",313791,,,,,,,"Measurement","Visit12/48months",2000000003,"follow-up 48 months","icare:icv2000000003"
"f12_BENZOD","Benzodiazepine at 48 month follow-up","INT",,"2=No | 3=Yes",1,2651,4324,2,3,,"LOINC:LA32-8| LOINC:LA33-6","No| Yes","45878245| 45877994","atc:N05BA","Benzodiazepine derivatives",21604565,,,,,,,"Drug_Exposure","Visit12/48months",2000000003,"follow-up 48 months","icare:icv2000000003"
"f12_BILIRUB","Bilirubine (mg/dl) at 48 month follow-up","FLOAT","mg/dl",,,2048,4927,0.04,9,,,,,"loinc:1975-2","bilirubin.total [mass/volume] in serum or plasma",3024128,,,,"milligram per deciliter","ucum:mg/dL",8840,"Measurement","Visit12/48months",2000000003,"follow-up 48 months","icare:icv2000000003"
"f12_BIRRA","Beer (if alcohol YES) at 48 month follow-up","INT",,"2 = NO | 3 = sometimes | 4 = 1-2 glasses a day | 5 = 3-4 glasses a day | 6 = 5+ glasses a day",1,1710,5265,2,6,,"LOINC:LA32-8| LOINC:LA10082-8| LOINC:LA26462-4| SNOMED:396112008| loinc:LA13858-8","No| sometimes| 1 or 2 times per day|  Three to four times a day| 5 or more times per day","45878245| 45882528| 42530681| 4244842| 45882530","snomed:53410008","Beer",4201587,,,,,,,"Observation","Visit12/48months",2000000003,"follow-up 48 months","icare:icv2000000003"
"f12_BISOPRO","Bisoprolol at 48 month follow-up","INT",,"2=No | 3=Yes",1,2650,4325,2,3,,"LOINC:LA32-8| LOINC:LA33-6","No| Yes","45878245| 45877994","rxnorm:19484","Bisoprolol",1338005,,,,,,,"Drug_Exposure","Visit12/48months",2000000003,"follow-up 48 months","icare:icv2000000003"
"f12_BURRO","Butter at 48 month follow-up","INT",,"2 = never | 3 = sometimes | 4 = frequently | 5 = on a regular basis",1,2574,4401,2,5,,"LOINC:LA6270-8| LOINC:LA10082-8| LOINC:LA6482-9| SNOMED:307430002","Never| sometimes| frequently| regular frequency","45876662| 45882528| 45883983| 4146463","snomed:226888007","Butter",4024776,,,,,,,"Observation","Visit12/48months",2000000003,"follow-up 48 months","icare:icv2000000003"
"f12_CAFFE","Coffee at 48 month follow-up","INT",,"2 = never | 3 = 1-2 cups a day | 4 = 3-4 cups a day | 5 = 5+ cups a day",1,2574,4401,2,5,,"SNOMED:444841000124107| SNOMED:396107007| SNOMED:396112008| loinc:LA13858-8","Never| One to two times a day| Three to four times a day| 5 or more times per day","763692| 4245244| 4244842| 45882530","snomed:29263009","Coffee",4162308,,,,,,,"Observation","Visit12/48months",2000000003,"follow-up 48 months","icare:icv2000000003"
"f12_CAPTO","Captopril at 48 month follow-up","INT",,"2=No | 3=Yes",1,2650,4325,2,3,,"LOINC:LA32-8| LOINC:LA33-6","No| Yes","45878245| 45877994","rxnorm:1998","Captopril",1340128,,,,,,,"Drug_Exposure","Visit12/48months",2000000003,"follow-up 48 months","icare:icv2000000003"
"f12_CARVE","Carvedilol at 48 month follow-up","INT",,"2=No | 3=Yes",1,2650,4325,2,3,,"LOINC:LA32-8| LOINC:LA33-6","No| Yes","45878245| 45877994","rxnorm:20352","Carvedilol",1346823,,,,,,,"Drug_Exposure","Visit12/48months",2000000003,"follow-up 48 months","icare:icv2000000003"
"f12_CHEESE","Cheese at 48 month follow-up","INT",,"2 = never | 3 =2-3 times a week | 4 = once a day | 5= >1 times a day",1,2574,4401,2,5,,"SNOMED:444841000124107| LOINC:LA26463-2| LOINC:LA13897-6| SNOMED:1411000175107","Never| 2 or 3 times per week| once a day| more than once a day","763692| 42531019| 45876378| 761069","snomed:102264005","Cheese",4008485,,,,,,,"Observation","Visit12/48months",2000000003,"follow-up 48 months","icare:icv2000000003"
"f12_CKTOT","CK total (U/L) at 48 month follow-up","FLOAT","U/L",,,2029,4946,6,1271,,,,,"loinc:2157-6","creatine kinase [enzymatic activity/volume] in serum or plasma",3007220,,,,"unit per liter","ucum:[U]/L",8645,"Measurement","Visit12/48months",2000000003,"follow-up 48 months","icare:icv2000000003"
"f12_COLEHDL","Cholesterol HDL (mg/dl) at 48 month follow-up","FLOAT","mg/dl",,,2140,4835,11,172,,,,,"loinc:2085-9","Cholesterol in HDL [Mass/volume] in Serum or Plasma",3007070,,,,"milligram per deciliter","ucum:mg/dL",8840,"Measurement","Visit12/48months",2000000003,"follow-up 48 months","icare:icv2000000003"
"f12_COLELDL","Cholesterol LDL (mg/dl) at 48 month follow-up","FLOAT","mg/dl",,,2009,4966,2,249,,,,,"loinc:2089-1","Cholesterol in LDL [Mass/volume] in Serum or Plasma",3028437,,,,"milligram per deciliter","ucum:mg/dL",8840,"Measurement","Visit12/48months",2000000003,"follow-up 48 months","icare:icv2000000003"
"f12_COLETOT","Total Cholesterol (mg/dl) at 48 month follow-up","FLOAT","mg/dl",,,2173,4802,47,349,,,,,"loinc:2093-3","Cholesterol [Mass/volume] in Serum or Plasma",3027114,,,,"milligram per deciliter","ucum:mg/dL",8840,"Measurement","Visit12/48months",2000000003,"follow-up 48 months","icare:icv2000000003"
"f12_CREATIN","Serum creatinine (mg/dl) at 48 month follow-up","FLOAT","mg/dl",,,2158,4817,0.5,9.4,,,,,"loinc:2160-0","creatinine [mass/volume] in serum or plasma",3016723,,,,"milligram per deciliter","ucum:mg/dL",8840,"Measurement","Visit12/48months",2000000003,"follow-up 48 months","icare:icv2000000003"
"f12_DALTACE","Dose other ACE-inhibitor (mg) at 48 month follow-up","FLOAT","mg",,,198,6777,2,45,,,,,"atc:C09AA","""ACE inhibitors, plain""",21601784,"Dosage|Other","snomed:260911001|snomed:74964007","4118853|9177","milligram","ucum:mg",8576,"Drug_Exposure","Visit12/48months",2000000003,"follow-up 48 months","icare:icv2000000003"
"f12_DATAECG","ECG date at 48 month follow-up at 48 month follow-up","DATETIME","dd-mm-yyyy",,,2291,4488,07/21/06,03/01/08,,,,,"loinc:LP149975-7","ECG",1011679,"Date of procedure","snomed:439272007",4232096,,,,"Observation_period","Visit12/48months",2000000003,"follow-up 48 months","icare:icv2000000003"
"f12_DATALAB","Date of laboratory exam at 48 month follow-up","DATETIME","dd-mm-yyyy",,,2216,4759,07/21/06,01/25/08,,,,,"snomed:281271004","Date sample received in laboratory",4084758,,,,,,,"Observation_period","Visit12/48months",2000000003,"follow-up 48 months","icare:icv2000000003"
"f12_DATENO","Dose Atenolol (mg) at 48 month follow-up","FLOAT","mg",,,32,6943,12.5,125,,,,,"rxnorm:1202","Atenolol",1314002,"Dosage","snomed:260911001",4118853,"milligram","ucum:mg",8576,"Drug_Exposure","Visit12/48months",2000000003,"follow-up 48 months","icare:icv2000000003"
"f12_DBISOPRO","Dose Bisoprolol (mg) at 48 month follow-up","FLOAT","mg",,,368,6607,1.25,10,,,,,"rxnorm:19484","Bisoprolol",1338005,"Dosage","snomed:260911001",4118853,"milligram","ucum:mg",8576,"Drug_Exposure","Visit12/48months",2000000003,"follow-up 48 months","icare:icv2000000003"
"f12_DCAPTO","Dose Captopril (mg) at 48 month follow-up","FLOAT","mg",,,58,6917,12.5,150,,,,,"rxnorm:1998","Captopril",1340128,"Dosage","snomed:260911001",4118853,"milligram","ucum:mg",8576,"Drug_Exposure","Visit12/48months",2000000003,"follow-up 48 months","icare:icv2000000003"
"f12_DCARVE","Dose Carvedilol (mg) at 48 month follow-up","FLOAT","mg",,,1517,5458,1.25,100,,,,,"rxnorm:20352","Carvedilol",1346823,"Dosage","snomed:260911001",4118853,"milligram","ucum:mg",8576,"Drug_Exposure","Visit12/48months",2000000003,"follow-up 48 months","icare:icv2000000003"
"f12_DEBMUSCO","Muscle weakness at 48 month follow-up","INT",,"2 = never | 3 = sometimes | 4 = often | 5 = always",1,2469,4506,2,5,,"LOINC:LA6270-8| LOINC:LA10082-8| LOINC:LA10044-8| LOINC:LA9933-8","Never| sometimes| often| always","45876662| 45882528| 45884455| 45882536","snomed:26544005","Muscle weakness",79908,,,,,,,"Measurement","Visit12/48months",2000000003,"follow-up 48 months","icare:icv2000000003"
"f12_DENALA","Dose Enalapril (mg) at 48 month follow-up","FLOAT","mg",,,658,6317,1,40,,,,,"rxnorm:3827","Enalapril",1341927,"Dosage","snomed:260911001",4118853,"milligram","ucum:mg",8576,"Drug_Exposure","Visit12/48months",2000000003,"follow-up 48 months","icare:icv2000000003"
"f12_DESALTAC","Description other ACE-inhibitor at 48 month follow-up","STR",,,,199,6776,,,,,,,"atc:C09AA","""ACE inhibitors, plain""",21601784,"Description|Other","loinc:LP6800-9|snomed:74964007","1029623|9177",,,,"Drug_Exposure","Visit12/48months",2000000003,"follow-up 48 months","icare:icv2000000003"
"f12_DESALTAR","Description other antiarrhythmic agent at 48 month follow-up","STR",,,,18,6957,,,,,,,"atc:C01B","ANTIARRHYTHMICS, CLASS I AND III",21600248,"Description|Other","loinc:LP6800-9|snomed:74964007","1029623|9177",,,,"Drug_Exposure","Visit12/48months",2000000003,"follow-up 48 months","icare:icv2000000003"
"f12_DESALTBB","Description Other beta blocker at 48 month follow-up","STR",,,,41,6934,,,,,,,"atc:C07A","BETA BLOCKING AGENTS",21601665,"Description|Other","loinc:LP6800-9|snomed:74964007","1029623|9177",,,,"Drug_Exposure","Visit12/48months",2000000003,"follow-up 48 months","icare:icv2000000003"
"f12_DESALTCA","Description other calcium antagonist at 48 month follow-up","STR",,,,56,6919,,,,,,,"atc:C08C","SELECTIVE CALCIUM CHANNEL BLOCKERS WITH MAINLY VASCULAR EFFECTS",21601745,"Description|Other","loinc:LP6800-9|snomed:74964007","1029623|9177",,,,"Drug_Exposure","Visit12/48months",2000000003,"follow-up 48 months","icare:icv2000000003"
"f12_DESALTRD","Description other vasodilator at 48 month follow-up","STR",,,,74,6901,,,,,,,"snomed:372787008","Vasodilator",4158258,"Description|Other","loinc:LP6800-9|snomed:74964007","1029623|9177",,,,"Drug_Exposure","Visit12/48months",2000000003,"follow-up 48 months","icare:icv2000000003"
"f12_DESCANO","Description of other ECG abnormality at 48 month follow-up","STR",,,,607,6368,,,,,,,"loinc:LA24621-7","Abnormal ECG",36311174,"Description","loinc:LP6800-9",1029623,,,,"Observation","Visit12/48months",2000000003,"follow-up 48 months","icare:icv2000000003"
"f12_DESCOPEN","Open labeled statins: description at 48 month follow-up","STR",,,,765,6210,,,,,,,"atc:C10AA","hmg-coa reductase inhibitor",21601855,"Description","loinc:LP6800-9",1029623,,,,"Drug_Exposure","Visit12/48months",2000000003,"follow-up 48 months","icare:icv2000000003"
"f12_DFUROSEM","Dose Furosemide (mg) at 48 month follow-up","FLOAT","mg",,,2008,4967,3.5,1000,,,,,"rxnorm:4603","Furosemide",956874,"Dosage","snomed:260911001",4118853,"milligram","ucum:mg",8576,"Drug_Exposure","Visit12/48months",2000000003,"follow-up 48 months","icare:icv2000000003"
"f12_DIGITALE","Digitalis at 48 month follow-up","INT",,"2=No | 3=Yes",1,2651,4324,2,3,,"LOINC:LA32-8| LOINC:LA33-6","No| Yes","45878245| 45877994","atc:C01AA","Digitalis glycosides",21601240,,,,,,,"Drug_Exposure","Visit12/48months",2000000003,"follow-up 48 months","icare:icv2000000003"
"f12_DILTI","Diltiazem at 48 month follow-up","INT",,"2=No | 3=Yes",1,2649,4326,2,3,,"LOINC:LA32-8| LOINC:LA33-6","No| Yes","45878245| 45877994","rxnorm:3443","Diltiazem",1328165,,,,,,,"Drug_Exposure","Visit12/48months",2000000003,"follow-up 48 months","icare:icv2000000003"
"f12_DLISINO","Dose Lisinopril (mg) at 48 month follow-up","FLOAT","mg",,,2940,4035,0,40,,,,,"rxnorm:29046","Lisonorpil",1308216,"Dosage","snomed:260911001",4118853,"milligram","ucum:mg",8576,"Drug_Exposure","Visit12/48months",2000000003,"follow-up 48 months","icare:icv2000000003"
"f12_DMETO","Dose Metoprolol (mg) at 48 month follow-up","FLOAT","mg",,,63,6912,12.5,200,,,,,"rxnorm:6918","Metoprolol",1307046,"Dosage","snomed:260911001",4118853,"milligram","ucum:mg",8576,"Drug_Exposure","Visit12/48months",2000000003,"follow-up 48 months","icare:icv2000000003"
"f12_DOSALTBB","Dose Other beta blocker (mg) at 48 month follow-up","FLOAT","mg",,,41,6934,1.25,320,,,,,"atc:C07A","BETA BLOCKING AGENTS",21601665,"Dosage|Other","snomed:260911001|snomed:74964007","4118853|9177","milligram","ucum:mg",8576,"Drug_Exposure","Visit12/48months",2000000003,"follow-up 48 months","icare:icv2000000003"
"f12_DRAMIP","Dose Ramipril (mg) at 48 month follow-up","FLOAT","mg",,,732,6243,1.2,15,,,,,"rxnorm:35296","Ramipril",1334456,"Dosage","snomed:260911001",4118853,"milligram","ucum:mg",8576,"Drug_Exposure","Visit12/48months",2000000003,"follow-up 48 months","icare:icv2000000003"
"f12_DSPIRONO","Dose Spironolactone (mg) at 48 month follow-up","FLOAT","mg",,,981,5994,5,200,,,,,"rxnorm:9997","Spironolactone",970250,"Dosage","snomed:260911001",4118853,"milligram","ucum:mg",8576,"Drug_Exposure","Visit12/48months",2000000003,"follow-up 48 months","icare:icv2000000003"
"f12_DTRAND","Dose Trandolapril (mg) at 48 month follow-up","FLOAT","mg",,,4,6971,2,6,,,,,"rxnorm:38454","Trandolapril",1342439,"Dosage","snomed:260911001",4118853,"milligram","ucum:mg",8576,"Drug_Exposure","Visit12/48months",2000000003,"follow-up 48 months","icare:icv2000000003"
"f12_DURQRS","QRS length (msec) at 48 month follow-up","INT","msec",,,2277,4502,40,260,,,,,"snomed:39632005","QRS interval",4218048,,,,"millisecond","ucum:ms",9593,"Measurement","Visit12/48months",2000000003,"follow-up 48 months","icare:icv2000000003"
"f12_EDEMPERI","Peripheral edema severity at 48 month follow-up","INT",,"2 = no | 3 = only ankles | 4 = until knee | 5 = above",1,2503,4472,2,5,,"LOINC:LA32-8| snomed:26237000| snomed:102575008|snomed:102573001","No|ankle edema|Edema of knee|Edema of thigh","45878245|4094513|4010012|4010011","snomed:423484008","Grade of edema",4313204,,,,,,,"measurement","Visit12/48months",2000000003,"follow-up 48 months","icare:icv2000000003"
"f12_EMATOCRI","Hematocrit (%) at 48 month follow-up","FLOAT",,,,2181,4794,26,55,,,,,"Loinc:20570-8","Hematocrit [Volume Fraction] of Blood",3009542,,,,,,,"Measurement","Visit12/48months",2000000003,"follow-up 48 months","icare:icv2000000003"
"f12_EMOGLOB","Hemoglobin (g/dl) at 48 month follow-up","FLOAT","g/dL",,,2187,4788,6.3,18.7,,,,,"loinc:718-7","Hemoglobin [Mass/volume] in Blood",3000963,,,,"gram per deciliter","ucum:g/dL",8713,"Measurement","Visit12/48months",2000000003,"follow-up 48 months","icare:icv2000000003"
"f12_ENALA","Enalapril at 48 month follow-up","INT",,"2=No | 3=Yes",1,2650,4325,2,3,,"LOINC:LA32-8| LOINC:LA33-6","No| Yes","45878245| 45877994","rxnorm:3827","Enalapril",1341927,,,,,,,"Drug_Exposure","Visit12/48months",2000000003,"follow-up 48 months","icare:icv2000000003"
"f12_FANS","Non-steroidal anti-inflammatory agent (FANS) at 48 month follow-up","INT",,"2=No | 3=Yes",1,2651,4324,2,3,,"LOINC:LA32-8| LOINC:LA33-6","No| Yes","45878245| 45877994","atc:M01A","ANTIINFLAMMATORY AND ANTIRHEUMATIC PRODUCTS, NON-STEROIDS",21603933,,,,,,,"Drug_Exposure","Visit12/48months",2000000003,"follow-up 48 months","icare:icv2000000003"
"f12_FC","Heart rate (bpm) at 48 month follow-up","FLOAT","beats/min",,,2390,4585,38,130,,,,,"loinc:8867-4","Heart rate",3027018,,,,"Counts per minute","ucum:{counts}/min",8483,"Measurement","Visit12/48months",2000000003,"follow-up 48 months","icare:icv2000000003"
"f12_FCECG","Heart rate (ECG) (bpm) at 48 month follow-up","FLOAT","beats/min",,,2291,4488,38,130,,,,,"loinc:8867-4","Heart rate",3027018,"ECG finding","snomed:271921002",4156045,"Counts per minute","ucum:{counts}/min",8483,"Measurement","Visit12/48months",2000000003,"follow-up 48 months","icare:icv2000000003"
"f12_FELOD","Felodipine at 48 month follow-up","INT",,"2=No | 3=Yes",1,2649,4326,2,3,,"LOINC:LA32-8| LOINC:LA33-6","No| Yes","45878245| 45877994","rxnorm:4316","Felodipine",1353776,,,,,,,"Drug_Exposure","Visit12/48months",2000000003,"follow-up 48 months","icare:icv2000000003"
"f12_FIBRINO","Fibrinogenemia (mg/dl) at 48 month follow-up","FLOAT","mg/dl",,,1970,5005,42,1276,,,,,"snomed:1108621000000108","fibrinogen mass concentration in plasma",37208754,,,,"milligram per deciliter","ucum:mg/dL",8840,"Measurement","Visit12/48months",2000000003,"follow-up 48 months","icare:icv2000000003"
"f12_FLUTTER","Atrial fibrillation / Flutter at 48 month follow-up","INT",,"0 = No | 1 = Yes",,2291,4488,0,1,,"LOINC:LA32-8| LOINC:LA33-6","No| Yes","45878245| 45877994","snomed:49436004","Atrial fibrillation",313217,,,,,,,"Measurement","Visit12/48months",2000000003,"follow-up 48 months","icare:icv2000000003"
"f12_FRUTTA","Fruit at 48 month follow-up","INT",,"2 = never | 3 =2-3 times a week | 4 = once a day | 5= >1 times a day",1,2574,4401,2,5,,"SNOMED:444841000124107| LOINC:LA26463-2| LOINC:LA13897-6| SNOMED:1411000175107","Never| 2 or 3 times per week| once a day| more than once a day","763692| 42531019| 45876378| 761069","snomed:72511004","Fruit",4217045,,,,,,,"Observation","Visit12/48months",2000000003,"follow-up 48 months","icare:icv2000000003"
"f12_FUROSEMI","Furosemide at 48 month follow-up","INT",,"2=No | 3=Yes",1,2651,4324,2,3,,"LOINC:LA32-8| LOINC:LA33-6","No| Yes","45878245| 45877994","rxnorm:4603","Furosemide",956874,,,,,,,"Drug_Exposure","Visit12/48months",2000000003,"follow-up 48 months","icare:icv2000000003"
"f12_GBIANCHI","White blood cells (mm3) at 48 month follow-up","FLOAT","mm3",,,2184,4791,1107,31780,,,,,"snomed:1110441000000100","White blood cell count in blood",37208925,,,,"cubic millimeter","ucum:mm3",8686,"Measurement","Visit12/48months",2000000003,"follow-up 48 months","icare:icv2000000003"
"f12_GLICEMIA","Glycemia (mg/dl) at 48 month follow-up","FLOAT","mg/dl",,,2163,4812,40,421,,,,,"Snomed:33747003","“Glucose measurement, blood”",4144235,,,,"milligram per deciliter","ucum:mg/dL",8840,"Measurement","Visit12/48months",2000000003,"follow-up 48 months","icare:icv2000000003"
"f12_HBGLICO","Glycated hemoglobin (%) at 48 month follow-up","FLOAT",,,,1871,5104,2.6,13.9,,,,,"loinc:4548-4","Hemoglobin A1c/Hemoglobin.total in Blood",3004410,,,,,,,"Measurement","Visit12/48months",2000000003,"follow-up 48 months","icare:icv2000000003"
"f12_IDRALAZ","Hydralazine at 48 month follow-up","INT",,"2=No | 3=Yes",1,2651,4324,2,3,,"LOINC:LA32-8| LOINC:LA33-6","No| Yes","45878245| 45877994","rxnorm:5470","Hydralazine",1373928,,,,,,,"Drug_Exposure","Visit12/48months",2000000003,"follow-up 48 months","icare:icv2000000003"
"f12_INTENZIO","Intentional weight loss (If weight loss >= 2 kg) at 48 month follow-up","INT",,"1 = no weight loss | 2 = no | 3 = yes",,2940,4035,1,3,,"snomed:83421005| LOINC:LA32-8| LOINC:LA33-6","failure to lose weight|no|yes","4308415 | 45878245| 45877994","snomed:416528001","intentional weight loss",4214302,,,,,,,"Measurement","Visit12/48months",2000000003,"follow-up 48 months","icare:icv2000000003"
"f12_IPERVENT","Left ventricular hypertrophy at 48 month follow-up","INT",,"0 = No | 1 = Yes",,2291,4488,0,1,,"LOINC:LA32-8| LOINC:LA33-6","No| Yes","45878245| 45877994","snomed:55827005","Left ventricular hypertrophy",4184746,,,,,,,"Measurement","Visit12/48months",2000000003,"follow-up 48 months","icare:icv2000000003"
"f12_LALT","Lower limit ALT (U/L) at 48 month follow-up","FLOAT","U/L",,,1235,5740,1,30,,,,,"loinc:76625-3","Alanine aminotransferase [Enzymatic activity/volume] in Blood",46235106,"Lower limit of reference range","snomed:385524004",4294191,"unit per liter","ucum:[U]/L",8645,"Measurement","Visit12/48months",2000000003,"follow-up 48 months","icare:icv2000000003"
"f12_LAST","Lower limit AST (U/L) at 48 month follow-up","FLOAT","U/L",,,1230,5745,1,15,,,,,"loinc:1920-8","Aspartate aminotransferase [Enzymatic activity/volume] in Serum or Plasma",3013721,"Lower limit of reference range","snomed:385524004",4294191,"unit per liter","ucum:[U]/L",8645,"Measurement","Visit12/48months",2000000003,"follow-up 48 months","icare:icv2000000003"
"f12_LATOBB","Bundle branch block side at 48 month follow-up","INT",,"2 = left | 3=right",1,714,6065,2,3,,"snomed:7771000|snomed:24028007","Left|Right","4300877|4080761","snomed:6374002","Bundle branch block",313791,"side","snomed:182353008",4112563,,,,"Measurement","Visit12/48months",2000000003,"follow-up 48 months","icare:icv2000000003"
"f12_LCKTOT","Lower limit CK total (U/L) at 48 month follow-up","FLOAT","U/L",,,1465,5510,1,149,,,,,"loinc:2157-6","creatine kinase [enzymatic activity/volume] in serum or plasma",3007220,"Lower limit of reference range","snomed:385524004",4294191,"unit per liter","ucum:[U]/L",8645,"Measurement","Visit12/48months",2000000003,"follow-up 48 months","icare:icv2000000003"
"f12_LISINO","Lisinopril at 48 month follow-up","INT",,"2=No | 3=Yes",1,2650,4325,2,3,,"LOINC:LA32-8| LOINC:LA33-6","No| Yes","45878245| 45877994","rxnorm:29046","Lisonorpil",1308216,,,,,,,"Drug_Exposure","Visit12/48months",2000000003,"follow-up 48 months","icare:icv2000000003"
"f12_METO","Metoprolol at 48 month follow-up","INT",,"2=No | 3=Yes",1,2650,4325,2,3,,"LOINC:LA32-8| LOINC:LA33-6","No| Yes","45878245| 45877994","rxnorm:6918","Metoprolol",1307046,,,,,,,"Drug_Exposure","Visit12/48months",2000000003,"follow-up 48 months","icare:icv2000000003"
"f12_N3PUFA","N3-PUFA open labeled at 48 month follow-up","INT",,"2=No | 3=Yes",1,2651,4324,2,3,,"LOINC:LA32-8| LOINC:LA33-6","No| Yes","45878245| 45877994","atc:N03AG","Fatty acid derivatives",21604421,,,,,,,"Drug_Exposure","Visit12/48months",2000000003,"follow-up 48 months","icare:icv2000000003"
"f12_NA","Serum Sodium (mmol/L) at 48 month follow-up","FLOAT","mmol/L",,,2159,4816,107,158,,,,,"loinc:2951-2","Sodium [Moles/volume] in Serum or Plasma",3019550,,,,"millimole per liter","ucum:mmol/L",8753,"Measurement","Visit12/48months",2000000003,"follow-up 48 months","icare:icv2000000003"
"f12_NIFED","Nifedipine at 48 month follow-up","INT",,"2=No | 3=Yes",1,2649,4326,2,3,,"LOINC:LA32-8| LOINC:LA33-6","No| Yes","45878245| 45877994","rxnorm:7417","Nifedipine",1318853,,,,,,,"Drug_Exposure","Visit12/48months",2000000003,"follow-up 48 months","icare:icv2000000003"
"f12_NITRATI","Nitrates at 48 month follow-up","INT",,"2=No | 3=Yes",1,2651,4324,2,3,,"LOINC:LA32-8| LOINC:LA33-6","No| Yes","45878245| 45877994","atc:C01DA","Organic nitrates",21600316,,,,,,,"Drug_Exposure","Visit12/48months",2000000003,"follow-up 48 months","icare:icv2000000003"
"f12_NYHA","NYHA Class at 48 month follow-up","INT",,"2 = NYHA class I | 3 = NYHA class II | 4 = NYHA class III | 5 = NYHA class IV",1,2546,4429,2,5,,"snomed:420300004| snomed:421704003| snomed:420913000| snomed:422293003","New York Heart Association Classification - Class I| New York Heart Association Classification - Class II| New York Heart Association Classification - Class III| New York Heart Association Classification - Class IV","4220607| 4226789| 4227345| 4228881","snomed:420816009","new york heart association classification",4223299,,,,,,,"Measurement","Visit12/48months",2000000003,"follow-up 48 months","icare:icv2000000003"
"f12_OLIVA","Olive oil at 48 month follow-up","INT",,"2 = never | 3 = sometimes | 4 = frequently | 5 = on a regular basis",1,2574,4401,2,5,,"LOINC:LA6270-8| LOINC:LA10082-8| LOINC:LA6482-9| SNOMED:307430002","Never| sometimes| frequently| regular frequency","45876662| 45882528| 45883983| 4146463","snomed:41834005","Olive oil",4216445,,,,,,,"Observation","Visit12/48months",2000000003,"follow-up 48 months","icare:icv2000000003"
"f12_ONDEQ","Pathological Q waves at 48 month follow-up","INT",,"0 = No | 1 = Yes",,2291,4488,0,1,,"LOINC:LA32-8| LOINC:LA33-6","No| Yes","45878245| 45877994","snomed:164918000","Pathological Q wave",4065387,,,,,,,"Measurement","Visit12/48months",2000000003,"follow-up 48 months","icare:icv2000000003"
"f12_OPENSTAT","Statins open labeled at 48 month follow-up","INT",,"2=No | 3=Yes",1,2651,4324,2,3,,"LOINC:LA32-8| LOINC:LA33-6","No| Yes","45878245| 45877994","atc:C10AA","hmg-coa reductase inhibitor",21601855,,,,,,,"Drug_Exposure","Visit12/48months",2000000003,"follow-up 48 months","icare:icv2000000003"
"f12_PAD","Diastolic blood pressure (mmHg) at 48 month follow-up","FLOAT","mmHg",,,2431,4544,40,130,,,,,"loinc:8462-4","Diastolic blood pressure",3012888,,,,"millimeter mercury column","ucum:mm[Hg]",8876,"Measurement","Visit12/48months",2000000003,"follow-up 48 months","icare:icv2000000003"
"f12_PAS","Systolic blood pressure (mmHg) at 48 month follow-up","FLOAT","mmHg",,,2431,4544,80,200,,,,,"loinc:8480-6","Systolic blood pressure",3004249,,,,"millimeter mercury column","ucum:mm[Hg]",8876,"Measurement","Visit12/48months",2000000003,"follow-up 48 months","icare:icv2000000003"
"f12_PESCE","Fish at 48 month follow-up","INT",,"2 = never | 3 = once a week | 4 = 2 times a week | 5 = 3+ times a week",1,2574,4401,2,5,,"LOINC:LA6270-8| LOINC:LA26461-6| SNOMED:229800002| LOINC:LA6396-1","Never| once a week| twice weekly| Three or more times per week","45876662|42531017| 4047143| 45877752","snomed:735971005","Fish",42539493,,,,,,,"Observation","Visit12/48months",2000000003,"follow-up 48 months","icare:icv2000000003"
"f12_PESOATT","Weight (kg) at 48 month follow-up","FLOAT","Kilogram",,,2455,4520,41,162,,,,,"loinc:29463-7","Body weight",3025315,,,,"kilogram","ucum:kg",9529,"Measurement","Visit12/48months",2000000003,"follow-up 48 months","icare:icv2000000003"
"f12_POTASSIO","Serum potassium (mmol/L) at 48 month follow-up","FLOAT","mmol/L",,,2168,4807,2.2,7.8,,,,,"loinc:2823-3","Potassium [Moles/volume] in Serum or Plasma",3023103,,,,"millimole per liter","ucum:mmol/L",8753,"Measurement","Visit12/48months",2000000003,"follow-up 48 months","icare:icv2000000003"
"f12_RAMIP","Ramipril at 48 month follow-up","INT",,"2=No | 3=Yes",1,2650,4325,2,3,,"LOINC:LA32-8| LOINC:LA33-6","No| Yes","45878245| 45877994","rxnorm:35296","Ramipril",1334456,,,,,,,"Drug_Exposure","Visit12/48months",2000000003,"follow-up 48 months","icare:icv2000000003"
"f12_RITMOPM","Rhythm from pacemaker at 48 month follow-up","INT",,"0 = No | 1 = Yes",,2291,4488,0,1,,"LOINC:LA32-8| LOINC:LA33-6","No| Yes","45878245| 45877994","snomed:10370003","Rhythm from artificial pacing",4304202,,,,,,,"Measurement","Visit12/48months",2000000003,"follow-up 48 months","icare:icv2000000003"
"f12_SARTANI","Sartans at 48 month follow-up","INT",,"2=No | 3=Yes",1,2651,4324,2,3,,"LOINC:LA32-8| LOINC:LA33-6","No| Yes","45878245| 45877994","atc:C09CA","""Angiotensin II receptor blockers (ARBs), plain""",21601823,,,,,,,"Drug_Exposure","Visit12/48months",2000000003,"follow-up 48 months","icare:icv2000000003"
"f12_SEMI","Seed oil at 48 month follow-up","INT",,"2 = never | 3 = sometimes | 4 = frequently | 5 = on a regular basis",1,2574,4401,2,5,,"LOINC:LA6270-8| LOINC:LA10082-8| LOINC:LA6482-9| SNOMED:307430002","Never| sometimes| frequently| regular frequency","45876662| 45882528| 45883983| 4146463","snomed:21847005","Oil",4071021,,,,,,,"Observation","Visit12/48months",2000000003,"follow-up 48 months","icare:icv2000000003"
"f12_SILDENAF","Sildenafil at 48 month follow-up","INT",,"2=No | 3=Yes",1,2651,4324,2,3,,"LOINC:LA32-8| LOINC:LA33-6","No| Yes","45878245| 45877994","Rxnorm:136411","Sildenafil",1316262,,,,,,,"Drug_Exposure","Visit12/48months",2000000003,"follow-up 48 months","icare:icv2000000003"
"f12_SPECNO","If alcohol NO type of non-consumption at 48 month follow-up","INT",,"2 = NO | 3 = PAST | 4 = NEVER",1,863,6112,3,4,,"LOINC:LA32-8|LOINC:LA28393-9|LOINC:LA6270-8","No|Former user| never","45878245|36307819|45876662","snomed:105542008","non - drinker",4022664,,,,,,,"Observation","Visit12/48months",2000000003,"follow-up 48 months","icare:icv2000000003"
"f12_SPIRONO","Spironolactone at 48 month follow-up","INT",,"2=No | 3=Yes",1,2651,4324,2,3,,"LOINC:LA32-8| LOINC:LA33-6","No| Yes","45878245| 45877994","rxnorm:9997","Spironolactone",970250,,,,,,,"Drug_Exposure","Visit12/48months",2000000003,"follow-up 48 months","icare:icv2000000003"
"f12_SUPERAL","Spirits (if alcohol YES) at 48 month follow-up","INT",,"2 = NO | 3 = sometimes | 4 = 1-2 glasses a day | 5 = 3-4 glasses a day | 6 = 5+ glasses a day",1,1711,5264,2,5,,"LOINC:LA32-8| LOINC:LA10082-8| LOINC:LA26462-4| SNOMED:396112008| loinc:LA13858-8","No| sometimes| 1 or 2 times per day|  Three to four times a day| 5 or more times per day","45878245| 45882528| 42530681| 4244842| 45882530","snomed:6524003","Distilled spirits",4275752,,,,,,,"Observation","Visit12/48months",2000000003,"follow-up 48 months","icare:icv2000000003"
"f12_TERAORMO","Hormone Replacement Therapy at 48 month follow-up","INT",,"2=No | 3=Yes",1,2652,4323,2,3,,"LOINC:LA32-8| LOINC:LA33-6","No| Yes","45878245| 45877994","snomed:266717002","Hormone Replacement Therapy",4141760,,,,,,,"Drug_Exposure","Visit12/48months",2000000003,"follow-up 48 months","icare:icv2000000003"
"f12_TIAZIDI","Thiazides at 48 month follow-up","INT",,"2=No | 3=Yes",1,2651,4324,2,3,,"LOINC:LA32-8| LOINC:LA33-6","No| Yes","45878245| 45877994","snomed:860766002","Thiazides",3655254,,,,,,,"Drug_Exposure","Visit12/48months",2000000003,"follow-up 48 months","icare:icv2000000003"
"f12_TRAND","Trandolapril at 48 month follow-up","INT",,"2=No | 3=Yes",1,2650,4325,2,3,,"LOINC:LA32-8| LOINC:LA33-6","No| Yes","45878245| 45877994","rxnorm:38454","Trandolapril",1342439,,,,,,,"Drug_Exposure","Visit12/48months",2000000003,"follow-up 48 months","icare:icv2000000003"
"f12_TRIGLI","Triglycerides (mg/dl) at 48 month follow-up","FLOAT","mg/dl",,,2166,4809,25,1365,,,,,"loinc:14927-8","Triglyceride [Moles/volume] in Serum or Plasma",3025839,,,,"milligram per deciliter","ucum:mg/dL",8840,"Measurement","Visit12/48months",2000000003,"follow-up 48 months","icare:icv2000000003"
"f12_UALT","Upper limit ALT (U/L) at 48 month follow-up","FLOAT","U/L",,,2216,4759,22,72,,,,,"loinc:76625-3","Alanine aminotransferase [Enzymatic activity/volume] in Blood",46235106,"Upper limit of reference range","snomed:371933006",4162853,"unit per liter","ucum:[U]/L",8645,"Measurement","Visit12/48months",2000000003,"follow-up 48 months","icare:icv2000000003"
"f12_UAST","Upper limit AST (U/L) at 48 month follow-up","FLOAT","U/L",,,2216,4759,19,66,,,,,"loinc:1920-8","Aspartate aminotransferase [Enzymatic activity/volume] in Serum or Plasma",3013721,"Upper limit of reference range","snomed:371933006",4162853,"unit per liter","ucum:[U]/L",8645,"Measurement","Visit12/48months",2000000003,"follow-up 48 months","icare:icv2000000003"
"f12_UCKTOT","Upper limit CK total (U/L) at 48 month follow-up","FLOAT","U/L",,,2216,4759,70,397,,,,,"loinc:2157-6","creatine kinase [enzymatic activity/volume] in serum or plasma",3007220,"Upper limit of reference range","snomed:371933006",4162853,"unit per liter","ucum:[U]/L",8645,"Measurement","Visit12/48months",2000000003,"follow-up 48 months","icare:icv2000000003"
"f12_URICE","Uricemia (mg/dl) at 48 month follow-up","FLOAT","mg/dl",,,2075,4900,1.4,20.3,,,,,"loinc:3084-1","urate [mass/volume] in serum or plasma",3037556,,,,"milligram per deciliter","ucum:mg/dL",8840,"Measurement","Visit12/48months",2000000003,"follow-up 48 months","icare:icv2000000003"
"f12_VALUECG","ECG evaluation at 48 month follow-up","INT",,"2 = normal | 3 = abnormal",1,2291,4488,2,3,,"snomed:17621005|snomed:263654008","Normal | Abnormal","4069590|4135493","loinc:LP149975-7","ECG",1011679,"evaluation","snomed:723051000000101",44803879,,,,"Measurement","Visit12/48months",2000000003,"follow-up 48 months","icare:icv2000000003"
"f12_VERAP","Verapamil at 48 month follow-up","INT",,"2=No | 3=Yes",1,2649,4326,2,3,,"LOINC:LA32-8| LOINC:LA33-6","No| Yes","45878245| 45877994","rxnorm:11170","Verapamil",1307863,,,,,,,"Drug_Exposure","Visit12/48months",2000000003,"follow-up 48 months","icare:icv2000000003"
"f12_VERCOTTA","Cooked vegetables at 48 month follow-up","INT",,"2 = never | 3 =2-3 times a week | 4 = once a day | 5= >1 times a day",1,2574,4401,2,5,,"SNOMED:444841000124107| LOINC:LA26463-2| LOINC:LA13897-6| SNOMED:1411000175107","Never| 2 or 3 times per week| once a day| more than once a day","763692| 42531019| 45876378| 761069","snomed:444011000124102","Cooked vegetables",763625,,,,,,,"Observation","Visit12/48months",2000000003,"follow-up 48 months","icare:icv2000000003"
"f12_VERCRUDA","Raw vegetables at 48 month follow-up","INT",,"2 = never | 3 =2-3 times a week | 4 = once a day | 5= >1 times a day",1,2574,4401,2,5,,"SNOMED:444841000124107| LOINC:LA26463-2| LOINC:LA13897-6| SNOMED:1411000175107","Never| 2 or 3 times per week| once a day| more than once a day","763692| 42531019| 45876378| 761069","snomed:314115004","Raw vegetables",4193035,,,,,,,"Observation","Visit12/48months",2000000003,"follow-up 48 months","icare:icv2000000003"
"f12_VINO","Wine (if alcohol YES) at 48 month follow-up","INT",,"2 = NO | 3 = sometimes | 4 = 1-2 glasses a day | 5 = 3-4 glasses a day | 6 = 5+ glasses a day",1,1711,5264,2,6,,"LOINC:LA32-8| LOINC:LA10082-8| LOINC:LA26462-4| SNOMED:396112008| loinc:LA13858-8","No| sometimes| 1 or 2 times per day|  Three to four times a day| 5 or more times per day","45878245| 45882528| 42530681| 4244842| 45882530","snomed:35748005","Wine",4262278,,,,,,,"Observation","Visit12/48months",2000000003,"follow-up 48 months","icare:icv2000000003"
"f13_ALCOOL","Alcohol at 54 month follow-up","INT",,"2 = NO | 3 = YES",1,1234,5741,2,3,,"LOINC:LA32-8| LOINC:LA33-6","No| Yes","45878245| 45877994","snomed:219006","Current drinker",4074035,,,,,,,"Observation","Visit13/54months",2000000005,"follow-up 54 months","icare:icv2000000005"
"f13_ALLOPURI","Allopurinol at 54 month follow-up","INT",,"2=No | 3=Yes",1,1278,5697,2,3,,"LOINC:LA32-8| LOINC:LA33-6","No| Yes","45878245| 45877994","rxnorm:519","Allopurinol",1167322,,,,,,,"Drug_Exposure","Visit13/54months",2000000005,"follow-up 54 months","icare:icv2000000005"
"f13_ALTACE","other ACE-inhibitor at 54 month follow-up","INT",,"2=No | 3=Yes",1,1278,5697,2,3,,"LOINC:LA32-8| LOINC:LA33-6","No| Yes","45878245| 45877994","atc:C09AA","""ACE inhibitors, plain""",21601784,"Other","snomed:74964007",9177,,,,"Drug_Exposure","Visit13/54months",2000000005,"follow-up 54 months","icare:icv2000000005"
"f13_ALTANO","Other ECG abnormality at 54 month follow-up","INT",,"0 = No | 1 = Yes",,1079,5700,0,1,,"LOINC:LA32-8| LOINC:LA33-6","No| Yes","45878245| 45877994","loinc:LA24621-7","Abnormal ECG",36311174,,,,,,,"Measurement","Visit13/54months",2000000005,"follow-up 54 months","icare:icv2000000005"
"f13_ALTDIU","Other diuretics at 54 month follow-up","INT",,"2=No | 3=Yes",1,1278,5697,2,3,,"LOINC:LA32-8| LOINC:LA33-6","No| Yes","45878245| 45877994","atc:C03","DIURETICS",21601461,"Other","snomed:74964007",9177,,,,"Drug_Exposure","Visit13/54months",2000000005,"follow-up 54 months","icare:icv2000000005"
"f13_ALTROARI","Other antiarrhythmic agent at 54 month follow-up","INT",,"2=No | 3=Yes",1,1278,5697,2,3,,"LOINC:LA32-8| LOINC:LA33-6","No| Yes","45878245| 45877994","atc:C01B","ANTIARRHYTHMICS, CLASS I AND III",21600248,"Other","snomed:74964007",9177,,,,"Drug_Exposure","Visit13/54months",2000000005,"follow-up 54 months","icare:icv2000000005"
"f13_ALTROBB","Other beta blocker at 54 month follow-up","INT",,"2=No | 3=Yes",1,1277,5698,2,3,,"LOINC:LA32-8| LOINC:LA33-6","No| Yes","45878245| 45877994","atc:C07A","BETA BLOCKING AGENTS",21601665,"Other","snomed:74964007",9177,,,,"Drug_Exposure","Visit13/54months",2000000005,"follow-up 54 months","icare:icv2000000005"
"f13_ALTROCA","Other calcium antagonist at 54 month follow-up","INT",,"2=No | 3=Yes",1,1277,5698,2,3,,"LOINC:LA32-8| LOINC:LA33-6","No| Yes","45878245| 45877994","atc:C08C","SELECTIVE CALCIUM CHANNEL BLOCKERS WITH MAINLY VASCULAR EFFECTS",21601745,"Other","snomed:74964007",9177,,,,"Drug_Exposure","Visit13/54months",2000000005,"follow-up 54 months","icare:icv2000000005"
"f13_ALTRODIL","Other vasodilator at 54 month follow-up","INT",,"2=No | 3=Yes",1,1278,5697,2,3,,"LOINC:LA32-8| LOINC:LA33-6","No| Yes","45878245| 45877994","snomed:372787008","Vasodilator",4158258,"Other","snomed:74964007",9177,,,,"Drug_Exposure","Visit13/54months",2000000005,"follow-up 54 months","icare:icv2000000005"
"f13_AMIODAR","Amiodarone at 54 month follow-up","INT",,"2=No | 3=Yes",1,1278,5697,2,3,,"LOINC:LA32-8| LOINC:LA33-6","No| Yes","45878245| 45877994","rxnorm:703","Amiodarone",1309944,,,,,,,"Drug_Exposure","Visit13/54months",2000000005,"follow-up 54 months","icare:icv2000000005"
"f13_AMLOD","Amlodipine at 54 month follow-up","INT",,"2=No | 3=Yes",1,1277,5698,2,3,,"LOINC:LA32-8| LOINC:LA33-6","No| Yes","45878245| 45877994","rxnorm:17767","Amlodipine",1332418,,,,,,,"Drug_Exposure","Visit13/54months",2000000005,"follow-up 54 months","icare:icv2000000005"
"f13_ANTIAGGR","Other antiaggregants at 54 month follow-up","INT",,"2=No | 3=Yes",1,1278,5697,2,3,,"LOINC:LA32-8| LOINC:LA33-6","No| Yes","45878245| 45877994","snomed:840595002","Platelet aggregation inhibitor therapy",3655005,"Other","snomed:74964007",9177,,,,"Drug_Exposure","Visit13/54months",2000000005,"follow-up 54 months","icare:icv2000000005"
"f13_ANTICOAG","Oral anticoagulants at 54 month follow-up","INT",,"2=No | 3=Yes",1,1278,5697,2,3,,"LOINC:LA32-8| LOINC:LA33-6","No| Yes","45878245| 45877994","atc:B01A","ANTITHROMBOTIC AGENTS",21600961,,,,,,,"Drug_Exposure","Visit13/54months",2000000005,"follow-up 54 months","icare:icv2000000005"
"f13_ANTIDEPR","Antidepressants at 54 month follow-up","INT",,"2=No | 3=Yes",1,1278,5697,2,3,,"LOINC:LA32-8| LOINC:LA33-6","No| Yes","45878245| 45877994","atc:N06A","antidepressants",21604686,,,,,,,"Drug_Exposure","Visit13/54months",2000000005,"follow-up 54 months","icare:icv2000000005"
"f13_ASA","Acetylsalicylic acid at 54 month follow-up","INT",,"2=No | 3=Yes",1,1278,5697,2,3,,"LOINC:LA32-8| LOINC:LA33-6","No| Yes","45878245| 45877994","rxnorm:1191","Aspirin",1112807,,,,,,,"Drug_Exposure","Visit13/54months",2000000005,"follow-up 54 months","icare:icv2000000005"
"f13_ATENO","Atenolol at 54 month follow-up","INT",,"2=No | 3=Yes",1,1277,5698,2,3,,"LOINC:LA32-8| LOINC:LA33-6","No| Yes","45878245| 45877994","rxnorm:1202","Atenolol",1314002,,,,,,,"Drug_Exposure","Visit13/54months",2000000005,"follow-up 54 months","icare:icv2000000005"
"f13_BBRANCA","Bundle branch block at 54 month follow-up","INT",,"0 = No | 1 = Yes",,1079,5700,0,1,,"LOINC:LA32-8| LOINC:LA33-6","No| Yes","45878245| 45877994","snomed:6374002","Bundle branch block",313791,,,,,,,"Measurement","Visit13/54months",2000000005,"follow-up 54 months","icare:icv2000000005"
"f13_BENZOD","Benzodiazepine at 54 month follow-up","INT",,"2=No | 3=Yes",1,1278,5697,2,3,,"LOINC:LA32-8| LOINC:LA33-6","No| Yes","45878245| 45877994","atc:N05BA","Benzodiazepine derivatives",21604565,,,,,,,"Drug_Exposure","Visit13/54months",2000000005,"follow-up 54 months","icare:icv2000000005"
"f13_BIRRA","Beer (if alcohol YES) at 54 month follow-up","INT",,"2 = NO | 3 = sometimes | 4 = 1-2 glasses a day | 5 = 3-4 glasses a day | 6 = 5+ glasses a day",1,822,6153,2,5,,"LOINC:LA32-8| LOINC:LA10082-8| LOINC:LA26462-4| SNOMED:396112008| loinc:LA13858-8","No| sometimes| 1 or 2 times per day|  Three to four times a day| 5 or more times per day","45878245| 45882528| 42530681| 4244842| 45882530","snomed:53410008","Beer",4201587,,,,,,,"Observation","Visit13/54months",2000000005,"follow-up 54 months","icare:icv2000000005"
"f13_BISOPRO","Bisoprolol at 54 month follow-up","INT",,"2=No | 3=Yes",1,1277,5698,2,3,,"LOINC:LA32-8| LOINC:LA33-6","No| Yes","45878245| 45877994","rxnorm:19484","Bisoprolol",1338005,,,,,,,"Drug_Exposure","Visit13/54months",2000000005,"follow-up 54 months","icare:icv2000000005"
"f13_BURRO","Butter at 54 month follow-up","INT",,"2 = never | 3 = sometimes | 4 = frequently | 5 = on a regular basis",1,1234,5741,2,5,,"LOINC:LA6270-8| LOINC:LA10082-8| LOINC:LA6482-9| SNOMED:307430002","Never| sometimes| frequently| regular frequency","45876662| 45882528| 45883983| 4146463","snomed:226888007","Butter",4024776,,,,,,,"Observation","Visit13/54months",2000000005,"follow-up 54 months","icare:icv2000000005"
"f13_CAFFE","Coffee at 54 month follow-up","INT",,"2 = never | 3 = 1-2 cups a day | 4 = 3-4 cups a day | 5 = 5+ cups a day",1,1233,5742,2,5,,"SNOMED:444841000124107| SNOMED:396107007| SNOMED:396112008| loinc:LA13858-8","Never| One to two times a day| Three to four times a day| 5 or more times per day","763692| 4245244| 4244842| 45882530","snomed:29263009","Coffee",4162308,,,,,,,"Observation","Visit13/54months",2000000005,"follow-up 54 months","icare:icv2000000005"
"f13_CAPTO","Captopril at 54 month follow-up","INT",,"2=No | 3=Yes",1,1278,5697,2,3,,"LOINC:LA32-8| LOINC:LA33-6","No| Yes","45878245| 45877994","rxnorm:1998","Captopril",1340128,,,,,,,"Drug_Exposure","Visit13/54months",2000000005,"follow-up 54 months","icare:icv2000000005"
"f13_CARVE","Carvedilol at 54 month follow-up","INT",,"2=No | 3=Yes",1,1277,5698,2,3,,"LOINC:LA32-8| LOINC:LA33-6","No| Yes","45878245| 45877994","rxnorm:20352","Carvedilol",1346823,,,,,,,"Drug_Exposure","Visit13/54months",2000000005,"follow-up 54 months","icare:icv2000000005"
"f13_CHEESE","Cheese at 54 month follow-up","INT",,"2 = never | 3 =2-3 times a week | 4 = once a day | 5= >1 times a day",1,1234,5741,2,5,,"SNOMED:444841000124107| LOINC:LA26463-2| LOINC:LA13897-6| SNOMED:1411000175107","Never| 2 or 3 times per week| once a day| more than once a day","763692| 42531019| 45876378| 761069","snomed:102264005","Cheese",4008485,,,,,,,"Observation","Visit13/54months",2000000005,"follow-up 54 months","icare:icv2000000005"
"f13_DALTACE","Dose other ACE-inhibitor (mg) at 54 month follow-up","FLOAT","mg",,,95,6880,2,60,,,,,"atc:C09AA","""ACE inhibitors, plain""",21601784,"Dosage|Other","snomed:260911001|snomed:74964007","4118853|9177","milligram","ucum:mg",8576,"Drug_Exposure","Visit13/54months",2000000005,"follow-up 54 months","icare:icv2000000005"
"f13_DATAECG","ECG date at 54 month follow-up","DATETIME","dd-mm-yyyy",,,1079,5700,01/30/07,01/10/08,,,,,"loinc:LP149975-7","ECG",1011679,"Date of procedure","snomed:439272007",4232096,,,,"Observation_period","Visit13/54months",2000000005,"follow-up 54 months","icare:icv2000000005"
"f13_DATENO","Dose Atenolol (mg) at 54 month follow-up","FLOAT","mg",,,18,6957,25,100,,,,,"rxnorm:1202","Atenolol",1314002,"Dosage","snomed:260911001",4118853,"milligram","ucum:mg",8576,"Drug_Exposure","Visit13/54months",2000000005,"follow-up 54 months","icare:icv2000000005"
"f13_DBISOPRO","Dose Bisoprolol (mg) at 54 month follow-up","FLOAT","mg",,,180,6795,1.25,10,,,,,"rxnorm:19484","Bisoprolol",1338005,"Dosage","snomed:260911001",4118853,"milligram","ucum:mg",8576,"Drug_Exposure","Visit13/54months",2000000005,"follow-up 54 months","icare:icv2000000005"
"f13_DCAPTO","Dose Captopril (mg) at 54 month follow-up","FLOAT","mg",,,30,6945,12.5,150,,,,,"rxnorm:1998","Captopril",1340128,"Dosage","snomed:260911001",4118853,"milligram","ucum:mg",8576,"Drug_Exposure","Visit13/54months",2000000005,"follow-up 54 months","icare:icv2000000005"
"f13_DCARVE","Dose Carvedilol (mg) at 54 month follow-up","FLOAT","mg",,,720,6255,3125,100,,,,,"rxnorm:20352","Carvedilol",1346823,"Dosage","snomed:260911001",4118853,"milligram","ucum:mg",8576,"Drug_Exposure","Visit13/54months",2000000005,"follow-up 54 months","icare:icv2000000005"
"f13_DEBMUSCO","Muscle weakness at 54 month follow-up","INT",,"2 = never | 3 = sometimes | 4 = often | 5 = always",1,1182,5793,2,5,,"LOINC:LA6270-8| LOINC:LA10082-8| LOINC:LA10044-8| LOINC:LA9933-8","Never| sometimes| often| always","45876662| 45882528| 45884455| 45882536","snomed:26544005","Muscle weakness",79908,,,,,,,"Measurement","Visit13/54months",2000000005,"follow-up 54 months","icare:icv2000000005"
"f13_DENALA","Dose Enalapril (mg) at 54 month follow-up","FLOAT","mg",,,324,6651,2,40,,,,,"rxnorm:3827","Enalapril",1341927,"Dosage","snomed:260911001",4118853,"milligram","ucum:mg",8576,"Drug_Exposure","Visit13/54months",2000000005,"follow-up 54 months","icare:icv2000000005"
"f13_DESALTAC","Description other ACE-inhibitor at 54 month follow-up","STR",,,,95,6880,,,,,,,"atc:C09AA","""ACE inhibitors, plain""",21601784,"Description|Other","loinc:LP6800-9|snomed:74964007","1029623|9177",,,,"Drug_Exposure","Visit13/54months",2000000005,"follow-up 54 months","icare:icv2000000005"
"f13_DESALTAR","Description other antiarrhythmic agent at 54 month follow-up","STR",,,,12,6963,,,,,,,"atc:C01B","ANTIARRHYTHMICS, CLASS I AND III",21600248,"Description|Other","loinc:LP6800-9|snomed:74964007","1029623|9177",,,,"Drug_Exposure","Visit13/54months",2000000005,"follow-up 54 months","icare:icv2000000005"
"f13_DESALTBB","Description Other beta blocker at 54 month follow-up","STR",,,,17,6958,,,,,,,"atc:C07A","BETA BLOCKING AGENTS",21601665,"Description|Other","loinc:LP6800-9|snomed:74964007","1029623|9177",,,,"Drug_Exposure","Visit13/54months",2000000005,"follow-up 54 months","icare:icv2000000005"
"f13_DESALTCA","Description other calcium antagonist at 54 month follow-up","STR",,,,30,6945,,,,,,,"atc:C08C","SELECTIVE CALCIUM CHANNEL BLOCKERS WITH MAINLY VASCULAR EFFECTS",21601745,"Description|Other","loinc:LP6800-9|snomed:74964007","1029623|9177",,,,"Drug_Exposure","Visit13/54months",2000000005,"follow-up 54 months","icare:icv2000000005"
"f13_DESALTRD","Description other vasodilator at 54 month follow-up","STR",,,,41,6934,,,,,,,"snomed:372787008","Vasodilator",4158258,"Description|Other","loinc:LP6800-9|snomed:74964007","1029623|9177",,,,"Drug_Exposure","Visit13/54months",2000000005,"follow-up 54 months","icare:icv2000000005"
"f13_DESCANO","Description of other ECG abnormality at 54 month follow-up","STR",,,,289,6686,,,,,,,"loinc:LA24621-7","Abnormal ECG",36311174,"Description","loinc:LP6800-9",1029623,,,,"Observation","Visit13/54months",2000000005,"follow-up 54 months","icare:icv2000000005"
"f13_DESCOPEN","Open labeled statins: description at 54 month follow-up","STR",,,,396,6579,,,,,,,"atc:C10AA","hmg-coa reductase inhibitor",21601855,"Description","loinc:LP6800-9",1029623,,,,"Drug_Exposure","Visit13/54months",2000000005,"follow-up 54 months","icare:icv2000000005"
"f13_DFUROSEM","Dose Furosemide (mg) at 54 month follow-up","FLOAT","mg",,,962,6013,3.57,1000,,,,,"rxnorm:4603","Furosemide",956874,"Dosage","snomed:260911001",4118853,"milligram","ucum:mg",8576,"Drug_Exposure","Visit13/54months",2000000005,"follow-up 54 months","icare:icv2000000005"
"f13_DIGITALE","Digitalis at 54 month follow-up","INT",,"2=No | 3=Yes",1,1277,5698,2,3,,"LOINC:LA32-8| LOINC:LA33-6","No| Yes","45878245| 45877994","atc:C01AA","Digitalis glycosides",21601240,,,,,,,"Drug_Exposure","Visit13/54months",2000000005,"follow-up 54 months","icare:icv2000000005"
"f13_DILTI","Diltiazem at 54 month follow-up","INT",,"2=No | 3=Yes",1,1277,5698,2,3,,"LOINC:LA32-8| LOINC:LA33-6","No| Yes","45878245| 45877994","rxnorm:3443","Diltiazem",1328165,,,,,,,"Drug_Exposure","Visit13/54months",2000000005,"follow-up 54 months","icare:icv2000000005"
"f13_DLISINO","Dose Lisinopril (mg) at 54 month follow-up","FLOAT","mg",,,1449,5526,0,40,,,,,"rxnorm:29046","Lisonorpil",1308216,"Dosage","snomed:260911001",4118853,"milligram","ucum:mg",8576,"Drug_Exposure","Visit13/54months",2000000005,"follow-up 54 months","icare:icv2000000005"
"f13_DMETO","Dose Metoprolol (mg) at 54 month follow-up","FLOAT","mg",,,37,6938,12.5,200,,,,,"rxnorm:6918","Metoprolol",1307046,"Dosage","snomed:260911001",4118853,"milligram","ucum:mg",8576,"Drug_Exposure","Visit13/54months",2000000005,"follow-up 54 months","icare:icv2000000005"
"f13_DOSALTBB","Dose Other beta blocker (mg) at 54 month follow-up","FLOAT","mg",,,17,6958,2.5,160,,,,,"atc:C07A","BETA BLOCKING AGENTS",21601665,"Dosage|Other","snomed:260911001|snomed:74964007","4118853|9177","milligram","ucum:mg",8576,"Drug_Exposure","Visit13/54months",2000000005,"follow-up 54 months","icare:icv2000000005"
"f13_DRAMIP","Dose Ramipril (mg) at 54 month follow-up","FLOAT","mg",,,337,6638,1.2,15,,,,,"rxnorm:35296","Ramipril",1334456,"Dosage","snomed:260911001",4118853,"milligram","ucum:mg",8576,"Drug_Exposure","Visit13/54months",2000000005,"follow-up 54 months","icare:icv2000000005"
"f13_DSPIRONO","Dose Spironolactone (mg) at 54 month follow-up","FLOAT","mg",,,460,6515,11,100,,,,,"rxnorm:9997","Spironolactone",970250,"Dosage","snomed:260911001",4118853,"milligram","ucum:mg",8576,"Drug_Exposure","Visit13/54months",2000000005,"follow-up 54 months","icare:icv2000000005"
"f13_DTRAND","Dose Trandolapril (mg) at 54 month follow-up","FLOAT","mg",,,2,6973,2,4,,,,,"rxnorm:38454","Trandolapril",1342439,"Dosage","snomed:260911001",4118853,"milligram","ucum:mg",8576,"Drug_Exposure","Visit13/54months",2000000005,"follow-up 54 months","icare:icv2000000005"
"f13_DURQRS","QRS length (msec) at 54 month follow-up","INT","msec",,,1075,5704,40,264,,,,,"snomed:39632005","QRS interval",4218048,,,,"millisecond","ucum:ms",9593,"Measurement","Visit13/54months",2000000005,"follow-up 54 months","icare:icv2000000005"
"f13_EDEMPERI","Peripheral edema severity at 54 month follow-up","INT",,"2 = no | 3 = only ankles | 4 = until knee | 5 = above",1,1189,5786,2,5,,"LOINC:LA32-8| snomed:26237000| snomed:102575008|snomed:102573001","No|ankle edema|Edema of knee|Edema of thigh","45878245|4094513|4010012|4010011","snomed:423484008","Grade of edema",4313204,,,,,,,"measurement","Visit13/54months",2000000005,"follow-up 54 months","icare:icv2000000005"
"f13_ENALA","Enalapril at 54 month follow-up","INT",,"2=No | 3=Yes",1,1278,5697,2,3,,"LOINC:LA32-8| LOINC:LA33-6","No| Yes","45878245| 45877994","rxnorm:3827","Enalapril",1341927,,,,,,,"Drug_Exposure","Visit13/54months",2000000005,"follow-up 54 months","icare:icv2000000005"
"f13_FANS","Non-steroidal anti-inflammatory agent (FANS) at 54 month follow-up","INT",,"2=No | 3=Yes",1,1277,5698,2,3,,"LOINC:LA32-8| LOINC:LA33-6","No| Yes","45878245| 45877994","atc:M01A","ANTIINFLAMMATORY AND ANTIRHEUMATIC PRODUCTS, NON-STEROIDS",21603933,,,,,,,"Drug_Exposure","Visit13/54months",2000000005,"follow-up 54 months","icare:icv2000000005"
"f13_FC","Heart rate (bpm) at 54 month follow-up","FLOAT","beats/min",,,1139,5836,44,130,,,,,"loinc:8867-4","Heart rate",3027018,,,,"Counts per minute","ucum:{counts}/min",8483,"Measurement","Visit13/54months",2000000005,"follow-up 54 months","icare:icv2000000005"
"f13_FCECG","Heart rate (ECG) (bpm) at 54 month follow-up","FLOAT","beats/min",,,1079,5700,40,159,,,,,"loinc:8867-4","Heart rate",3027018,"ECG finding","snomed:271921002",4156045,"Counts per minute","ucum:{counts}/min",8483,"Measurement","Visit13/54months",2000000005,"follow-up 54 months","icare:icv2000000005"
"f13_FELOD","Felodipine at 54 month follow-up","INT",,"2=No | 3=Yes",1,1277,5698,2,3,,"LOINC:LA32-8| LOINC:LA33-6","No| Yes","45878245| 45877994","rxnorm:4316","Felodipine",1353776,,,,,,,"Drug_Exposure","Visit13/54months",2000000005,"follow-up 54 months","icare:icv2000000005"
"f13_FLUTTER","Atrial fibrillation / Flutter at 54 month follow-up","INT",,"0 = No | 1 = Yes",,1079,5700,0,1,,"LOINC:LA32-8| LOINC:LA33-6","No| Yes","45878245| 45877994","snomed:49436004","Atrial fibrillation",313217,,,,,,,"Measurement","Visit13/54months",2000000005,"follow-up 54 months","icare:icv2000000005"
"f13_FRUTTA","Fruit at 54 month follow-up","INT",,"2 = never | 3 =2-3 times a week | 4 = once a day | 5= >1 times a day",1,1234,5741,2,5,,"SNOMED:444841000124107| LOINC:LA26463-2| LOINC:LA13897-6| SNOMED:1411000175107","Never| 2 or 3 times per week| once a day| more than once a day","763692| 42531019| 45876378| 761069","snomed:72511004","Fruit",4217045,,,,,,,"Observation","Visit13/54months",2000000005,"follow-up 54 months","icare:icv2000000005"
"f13_FUROSEMI","Furosemide at 54 month follow-up","INT",,"2=No | 3=Yes",1,1278,5697,2,3,,"LOINC:LA32-8| LOINC:LA33-6","No| Yes","45878245| 45877994","rxnorm:4603","Furosemide",956874,,,,,,,"Drug_Exposure","Visit13/54months",2000000005,"follow-up 54 months","icare:icv2000000005"
"f13_IDRALAZ","Hydralazine at 54 month follow-up","INT",,"2=No | 3=Yes",1,1278,5697,2,2,,"LOINC:LA32-8| LOINC:LA33-6","No| Yes","45878245| 45877994","rxnorm:5470","Hydralazine",1373928,,,,,,,"Drug_Exposure","Visit13/54months",2000000005,"follow-up 54 months","icare:icv2000000005"
"f13_INTENZIO","Intentional weight loss (If weight loss >= 2 kg) at 54 month follow-up","INT",,"1 = no weight loss | 2 = no | 3 = yes",,1449,5526,1,3,,"snomed:83421005| LOINC:LA32-8| LOINC:LA33-6","failure to lose weight|no|yes","4308415 | 45878245| 45877994","snomed:416528001","intentional weight loss",4214302,,,,,,,"Measurement","Visit13/54months",2000000005,"follow-up 54 months","icare:icv2000000005"
"f13_IPERVENT","Left ventricular hypertrophy at 54 month follow-up","INT",,"0 = No | 1 = Yes",,1079,5700,0,1,,"LOINC:LA32-8| LOINC:LA33-6","No| Yes","45878245| 45877994","snomed:55827005","Left ventricular hypertrophy",4184746,,,,,,,"Measurement","Visit13/54months",2000000005,"follow-up 54 months","icare:icv2000000005"
"f13_LATOBB","Bundle branch block side at 54 month follow-up","INT",,"2 = left | 3=right",1,336,6443,2,3,,"snomed:7771000|snomed:24028007","Left|Right","4300877|4080761","snomed:6374002","Bundle branch block",313791,"side","snomed:182353008",4112563,,,,"Measurement","Visit13/54months",2000000005,"follow-up 54 months","icare:icv2000000005"
"f13_LISINO","Lisinopril at 54 month follow-up","INT",,"2=No | 3=Yes",1,1278,5697,2,3,,"LOINC:LA32-8| LOINC:LA33-6","No| Yes","45878245| 45877994","rxnorm:29046","Lisonorpil",1308216,,,,,,,"Drug_Exposure","Visit13/54months",2000000005,"follow-up 54 months","icare:icv2000000005"
"f13_METO","Metoprolol at 54 month follow-up","INT",,"2=No | 3=Yes",1,1277,5698,2,3,,"LOINC:LA32-8| LOINC:LA33-6","No| Yes","45878245| 45877994","rxnorm:6918","Metoprolol",1307046,,,,,,,"Drug_Exposure","Visit13/54months",2000000005,"follow-up 54 months","icare:icv2000000005"
"f13_N3PUFA","N3-PUFA open labeled at 54 month follow-up","INT",,"2=No | 3=Yes",1,1278,5697,2,3,,"LOINC:LA32-8| LOINC:LA33-6","No| Yes","45878245| 45877994","atc:N03AG","Fatty acid derivatives",21604421,,,,,,,"Drug_Exposure","Visit13/54months",2000000005,"follow-up 54 months","icare:icv2000000005"
"f13_NIFED","Nifedipine at 54 month follow-up","INT",,"2=No | 3=Yes",1,1277,5698,2,3,,"LOINC:LA32-8| LOINC:LA33-6","No| Yes","45878245| 45877994","rxnorm:7417","Nifedipine",1318853,,,,,,,"Drug_Exposure","Visit13/54months",2000000005,"follow-up 54 months","icare:icv2000000005"
"f13_NITRATI","Nitrates at 54 month follow-up","INT",,"2=No | 3=Yes",1,1278,5697,2,3,,"LOINC:LA32-8| LOINC:LA33-6","No| Yes","45878245| 45877994","atc:C01DA","Organic nitrates",21600316,,,,,,,"Drug_Exposure","Visit13/54months",2000000005,"follow-up 54 months","icare:icv2000000005"
"f13_NYHA","NYHA Class at 54 month follow-up","INT",,"2 = NYHA class I | 3 = NYHA class II | 4 = NYHA class III | 5 = NYHA class IV",1,1208,5767,2,5,,"snomed:420300004| snomed:421704003| snomed:420913000| snomed:422293003","New York Heart Association Classification - Class I| New York Heart Association Classification - Class II| New York Heart Association Classification - Class III| New York Heart Association Classification - Class IV","4220607| 4226789| 4227345| 4228881","snomed:420816009","new york heart association classification",4223299,,,,,,,"Measurement","Visit13/54months",2000000005,"follow-up 54 months","icare:icv2000000005"
"f13_OLIVA","Olive oil at 54 month follow-up","INT",,"2 = never | 3 = sometimes | 4 = frequently | 5 = on a regular basis",1,1234,5741,2,5,,"LOINC:LA6270-8| LOINC:LA10082-8| LOINC:LA6482-9| SNOMED:307430002","Never| sometimes| frequently| regular frequency","45876662| 45882528| 45883983| 4146463","snomed:41834005","Olive oil",4216445,,,,,,,"Observation","Visit13/54months",2000000005,"follow-up 54 months","icare:icv2000000005"
"f13_ONDEQ","Pathological Q waves at 54 month follow-up","INT",,"0 = No | 1 = Yes",,1079,5700,0,1,,"LOINC:LA32-8| LOINC:LA33-6","No| Yes","45878245| 45877994","snomed:164918000","Pathological Q wave",4065387,,,,,,,"Measurement","Visit13/54months",2000000005,"follow-up 54 months","icare:icv2000000005"
"f13_OPENSTAT","Statins open labeled at 54 month follow-up","INT",,"2=No | 3=Yes",1,1278,5697,2,3,,"LOINC:LA32-8| LOINC:LA33-6","No| Yes","45878245| 45877994","atc:C10AA","hmg-coa reductase inhibitor",21601855,,,,,,,"Drug_Exposure","Visit13/54months",2000000005,"follow-up 54 months","icare:icv2000000005"
"f13_PAD","Diastolic blood pressure (mmHg) at 54 month follow-up","FLOAT","mmHg",,,1163,5812,50,110,,,,,"loinc:8462-4","Diastolic blood pressure",3012888,,,,"millimeter mercury column","ucum:mm[Hg]",8876,"Measurement","Visit13/54months",2000000005,"follow-up 54 months","icare:icv2000000005"
"f13_PAS","Systolic blood pressure (mmHg) at 54 month follow-up","FLOAT","mmHg",,,1163,5812,75,200,,,,,"loinc:8480-6","Systolic blood pressure",3004249,,,,"millimeter mercury column","ucum:mm[Hg]",8876,"Measurement","Visit13/54months",2000000005,"follow-up 54 months","icare:icv2000000005"
"f13_PESCE","Fish at 54 month follow-up","INT",,"2 = never | 3 = once a week | 4 = 2 times a week | 5 = 3+ times a week",1,1234,5741,2,5,,"LOINC:LA6270-8| LOINC:LA26461-6| SNOMED:229800002| LOINC:LA6396-1","Never| once a week| twice weekly| Three or more times per week","45876662|42531017| 4047143| 45877752","snomed:735971005","Fish",42539493,,,,,,,"Observation","Visit13/54months",2000000005,"follow-up 54 months","icare:icv2000000005"
"f13_PESOATT","Weight (kg) at 54 month follow-up","FLOAT","Kilogram",,,1170,5805,39,170,,,,,"loinc:29463-7","Body weight",3025315,,,,"kilogram","ucum:kg",9529,"Measurement","Visit13/54months",2000000005,"follow-up 54 months","icare:icv2000000005"
"f13_RAMIP","Ramipril at 54 month follow-up","INT",,"2=No | 3=Yes",1,1278,5697,2,3,,"LOINC:LA32-8| LOINC:LA33-6","No| Yes","45878245| 45877994","rxnorm:35296","Ramipril",1334456,,,,,,,"Drug_Exposure","Visit13/54months",2000000005,"follow-up 54 months","icare:icv2000000005"
"f13_RITMOPM","Rhythm from pacemaker at 54 month follow-up","INT",,"0 = No | 1 = Yes",,1079,5700,0,1,,"LOINC:LA32-8| LOINC:LA33-6","No| Yes","45878245| 45877994","snomed:10370003","Rhythm from artificial pacing",4304202,,,,,,,"Measurement","Visit13/54months",2000000005,"follow-up 54 months","icare:icv2000000005"
"f13_SARTANI","Sartans at 54 month follow-up","INT",,"2=No | 3=Yes",1,1278,5697,2,3,,"LOINC:LA32-8| LOINC:LA33-6","No| Yes","45878245| 45877994","atc:C09CA","""Angiotensin II receptor blockers (ARBs), plain""",21601823,,,,,,,"Drug_Exposure","Visit13/54months",2000000005,"follow-up 54 months","icare:icv2000000005"
"f13_SEMI","Seed oil at 54 month follow-up","INT",,"2 = never | 3 = sometimes | 4 = frequently | 5 = on a regular basis",1,1234,5741,2,5,,"LOINC:LA6270-8| LOINC:LA10082-8| LOINC:LA6482-9| SNOMED:307430002","Never| sometimes| frequently| regular frequency","45876662| 45882528| 45883983| 4146463","snomed:21847005","Oil",4071021,,,,,,,"Observation","Visit13/54months",2000000005,"follow-up 54 months","icare:icv2000000005"
"f13_SILDENAF","Sildenafil at 54 month follow-up","INT",,"2=No | 3=Yes",1,1278,5697,2,3,,"LOINC:LA32-8| LOINC:LA33-6","No| Yes","45878245| 45877994","Rxnorm:136411","Sildenafil",1316262,,,,,,,"Drug_Exposure","Visit13/54months",2000000005,"follow-up 54 months","icare:icv2000000005"
"f13_SPECNO","If alcohol NO type of non-consumption at 54 month follow-up","INT",,"2 = NO | 3 = PAST | 4 = NEVER",1,412,6563,3,4,,"LOINC:LA32-8|LOINC:LA28393-9|LOINC:LA6270-8","No|Former user| never","45878245|36307819|45876662","snomed:105542008","non - drinker",4022664,,,,,,,"Observation","Visit13/54months",2000000005,"follow-up 54 months","icare:icv2000000005"
"f13_SPIRONO","Spironolactone at 54 month follow-up","INT",,"2=No | 3=Yes",1,1278,5697,2,3,,"LOINC:LA32-8| LOINC:LA33-6","No| Yes","45878245| 45877994","rxnorm:9997","Spironolactone",970250,,,,,,,"Drug_Exposure","Visit13/54months",2000000005,"follow-up 54 months","icare:icv2000000005"
"f13_SUPERAL","Spirits (if alcohol YES) at 54 month follow-up","INT",,"2 = NO | 3 = sometimes | 4 = 1-2 glasses a day | 5 = 3-4 glasses a day | 6 = 5+ glasses a day",1,822,6153,2,5,,"LOINC:LA32-8| LOINC:LA10082-8| LOINC:LA26462-4| SNOMED:396112008| loinc:LA13858-8","No| sometimes| 1 or 2 times per day|  Three to four times a day| 5 or more times per day","45878245| 45882528| 42530681| 4244842| 45882530","snomed:6524003","Distilled spirits",4275752,,,,,,,"Observation","Visit13/54months",2000000005,"follow-up 54 months","icare:icv2000000005"
"f13_TERAORMO","Hormone Replacement Therapy at 54 month follow-up","INT",,"2=No | 3=Yes",1,1278,5697,2,2,,"LOINC:LA32-8| LOINC:LA33-6","No| Yes","45878245| 45877994","snomed:266717002","Hormone Replacement Therapy",4141760,,,,,,,"Drug_Exposure","Visit13/54months",2000000005,"follow-up 54 months","icare:icv2000000005"
"f13_TIAZIDI","Thiazides at 54 month follow-up","INT",,"2=No | 3=Yes",1,1278,5697,2,3,,"LOINC:LA32-8| LOINC:LA33-6","No| Yes","45878245| 45877994","snomed:860766002","Thiazides",3655254,,,,,,,"Drug_Exposure","Visit13/54months",2000000005,"follow-up 54 months","icare:icv2000000005"
"f13_TRAND","Trandolapril at 54 month follow-up","INT",,"2=No | 3=Yes",1,1278,5697,2,3,,"LOINC:LA32-8| LOINC:LA33-6","No| Yes","45878245| 45877994","rxnorm:38454","Trandolapril",1342439,,,,,,,"Drug_Exposure","Visit13/54months",2000000005,"follow-up 54 months","icare:icv2000000005"
"f13_VALUECG","ECG evaluation at 54 month follow-up","INT",,"2 = normal | 3 = abnormal",1,1079,5700,2,3,,"snomed:17621005|snomed:263654008","Normal | Abnormal","4069590|4135493","loinc:LP149975-7","ECG",1011679,"evaluation","snomed:723051000000101",44803879,,,,"Measurement","Visit13/54months",2000000005,"follow-up 54 months","icare:icv2000000005"
"f13_VERAP","Verapamil at 54 month follow-up","INT",,"2=No | 3=Yes",1,1277,5698,2,3,,"LOINC:LA32-8| LOINC:LA33-6","No| Yes","45878245| 45877994","rxnorm:11170","Verapamil",1307863,,,,,,,"Drug_Exposure","Visit13/54months",2000000005,"follow-up 54 months","icare:icv2000000005"
"f13_VERCOTTA","Cooked vegetables at 54 month follow-up","INT",,"2 = never | 3 =2-3 times a week | 4 = once a day | 5= >1 times a day",1,1234,5741,2,5,,"SNOMED:444841000124107| LOINC:LA26463-2| LOINC:LA13897-6| SNOMED:1411000175107","Never| 2 or 3 times per week| once a day| more than once a day","763692| 42531019| 45876378| 761069","snomed:444011000124102","Cooked vegetables",763625,,,,,,,"Observation","Visit13/54months",2000000005,"follow-up 54 months","icare:icv2000000005"
"f13_VERCRUDA","Raw vegetables at 54 month follow-up","INT",,"2 = never | 3 =2-3 times a week | 4 = once a day | 5= >1 times a day",1,1234,5741,2,5,,"SNOMED:444841000124107| LOINC:LA26463-2| LOINC:LA13897-6| SNOMED:1411000175107","Never| 2 or 3 times per week| once a day| more than once a day","763692| 42531019| 45876378| 761069","snomed:314115004","Raw vegetables",4193035,,,,,,,"Observation","Visit13/54months",2000000005,"follow-up 54 months","icare:icv2000000005"
"f13_VINO","Wine (if alcohol YES) at 54 month follow-up","INT",,"2 = NO | 3 = sometimes | 4 = 1-2 glasses a day | 5 = 3-4 glasses a day | 6 = 5+ glasses a day",1,822,6153,2,6,,"LOINC:LA32-8| LOINC:LA10082-8| LOINC:LA26462-4| SNOMED:396112008| loinc:LA13858-8","No| sometimes| 1 or 2 times per day|  Three to four times a day| 5 or more times per day","45878245| 45882528| 42530681| 4244842| 45882530","snomed:35748005","Wine",4262278,,,,,,,"Observation","Visit13/54months",2000000005,"follow-up 54 months","icare:icv2000000005"
"f14_ALCOOL","Alcohol at 60 month follow-up","INT",,"2 = NO | 3 = YES",1,223,6752,2,3,,"LOINC:LA32-8| LOINC:LA33-6","No| yes","45878245| 45877994","snomed:219006","Current drinker",4074035,,,,,,,"Observation","Visit14/60months",2000000006,"follow-up 60 months","icare:icv2000000006"
"f14_ALLOPURI","Allopurinol at 60 month follow-up","INT",,"2=No | 3=Yes",1,233,6742,2,3,,"LOINC:LA32-8| LOINC:LA33-6","No| Yes","45878245| 45877994","rxnorm:519","Allopurinol",1167322,,,,,,,"Drug_Exposure","Visit14/60months",2000000006,"follow-up 60 months","icare:icv2000000006"
"f14_ALT","ALT (U/L) at 60 month follow-up","FLOAT","U/L",,,196,6779,3,76,,,,,"loinc:76625-3","Alanine aminotransferase [Enzymatic activity/volume] in Blood",46235106,,,,"unit per liter","ucum:[U]/L",8645,"Measurement","Visit14/60months",2000000006,"follow-up 60 months","icare:icv2000000006"
"f14_ALTACE","other ACE-inhibitor at 60 month follow-up","INT",,"2=No | 3=Yes",1,233,6742,2,3,,"LOINC:LA32-8| LOINC:LA33-6","No| Yes","45878245| 45877994","atc:C09AA","""ACE inhibitors, plain""",21601784,"Other","snomed:74964007",9177,,,,"Drug_Exposure","Visit14/60months",2000000006,"follow-up 60 months","icare:icv2000000006"
"f14_ALTANO","Other ECG abnormality at 60 month follow-up","INT",,"0 = No | 1 = Yes",,203,6576,0,1,,"LOINC:LA32-8| LOINC:LA33-6","No| Yes","45878245| 45877994","loinc:LA24621-7","Abnormal ECG",36311174,,,,,,,"Measurement","Visit14/60months",2000000006,"follow-up 60 months","icare:icv2000000006"
"f14_ALTDIU","Other diuretics at 60 month follow-up","INT",,"2=No | 3=Yes",1,233,6742,2,3,,"LOINC:LA32-8| LOINC:LA33-6","No| Yes","45878245| 45877994","atc:C03","DIURETICS",21601461,"Other","snomed:74964007",9177,,,,"Drug_Exposure","Visit14/60months",2000000006,"follow-up 60 months","icare:icv2000000006"
"f14_ALTROARI","Other antiarrhythmic agent at 60 month follow-up","INT",,"2=No | 3=Yes",1,233,6742,2,3,,"LOINC:LA32-8| LOINC:LA33-6","No| Yes","45878245| 45877994","atc:C01B","ANTIARRHYTHMICS, CLASS I AND III",21600248,"Other","snomed:74964007",9177,,,,"Drug_Exposure","Visit14/60months",2000000006,"follow-up 60 months","icare:icv2000000006"
"f14_ALTROBB","Other beta blocker at 60 month follow-up","INT",,"2=No | 3=Yes",1,233,6742,2,3,,"LOINC:LA32-8| LOINC:LA33-6","No| Yes","45878245| 45877994","atc:C07A","BETA BLOCKING AGENTS",21601665,"Other","snomed:74964007",9177,,,,"Drug_Exposure","Visit14/60months",2000000006,"follow-up 60 months","icare:icv2000000006"
"f14_ALTROCA","Other calcium antagonist at 60 month follow-up","INT",,"2=No | 3=Yes",1,233,6742,2,3,,"LOINC:LA32-8| LOINC:LA33-6","No| Yes","45878245| 45877994","atc:C08C","SELECTIVE CALCIUM CHANNEL BLOCKERS WITH MAINLY VASCULAR EFFECTS",21601745,"Other","snomed:74964007",9177,,,,"Drug_Exposure","Visit14/60months",2000000006,"follow-up 60 months","icare:icv2000000006"
"f14_ALTRODIL","Other vasodilator at 60 month follow-up","INT",,"2=No | 3=Yes",1,233,6742,2,3,,"LOINC:LA32-8| LOINC:LA33-6","No| Yes","45878245| 45877994","snomed:372787008","Vasodilator",4158258,"Other","snomed:74964007",9177,,,,"Drug_Exposure","Visit14/60months",2000000006,"follow-up 60 months","icare:icv2000000006"
"f14_AMIODAR","Amiodarone at 60 month follow-up","INT",,"2=No | 3=Yes",1,233,6742,2,3,,"LOINC:LA32-8| LOINC:LA33-6","No| Yes","45878245| 45877994","rxnorm:703","Amiodarone",1309944,,,,,,,"Drug_Exposure","Visit14/60months",2000000006,"follow-up 60 months","icare:icv2000000006"
"f14_AMLOD","Amlodipine at 60 month follow-up","INT",,"2=No | 3=Yes",1,233,6742,2,3,,"LOINC:LA32-8| LOINC:LA33-6","No| Yes","45878245| 45877994","rxnorm:17767","Amlodipine",1332418,,,,,,,"Drug_Exposure","Visit14/60months",2000000006,"follow-up 60 months","icare:icv2000000006"
"f14_ANTIAGGR","Other antiaggregants at 60 month follow-up","INT",,"2=No | 3=Yes",1,233,6742,2,3,,"LOINC:LA32-8| LOINC:LA33-6","No| Yes","45878245| 45877994","snomed:840595002","Platelet aggregation inhibitor therapy",3655005,"Other","snomed:74964007",9177,,,,"Drug_Exposure","Visit14/60months",2000000006,"follow-up 60 months","icare:icv2000000006"
"f14_ANTICOAG","Oral anticoagulants at 60 month follow-up","INT",,"2=No | 3=Yes",1,233,6742,2,3,,"LOINC:LA32-8| LOINC:LA33-6","No| Yes","45878245| 45877994","atc:B01A","ANTITHROMBOTIC AGENTS",21600961,,,,,,,"Drug_Exposure","Visit14/60months",2000000006,"follow-up 60 months","icare:icv2000000006"
"f14_ANTIDEPR","Antidepressants at 60 month follow-up","INT",,"2=No | 3=Yes",1,233,6742,2,3,,"LOINC:LA32-8| LOINC:LA33-6","No| Yes","45878245| 45877994","atc:N06A","antidepressants",21604686,,,,,,,"Drug_Exposure","Visit14/60months",2000000006,"follow-up 60 months","icare:icv2000000006"
"f14_ASA","Acetylsalicylic acid at 60 month follow-up","INT",,"2=No | 3=Yes",1,233,6742,2,3,,"LOINC:LA32-8| LOINC:LA33-6","No| Yes","45878245| 45877994","rxnorm:1191","Aspirin",1112807,,,,,,,"Drug_Exposure","Visit14/60months",2000000006,"follow-up 60 months","icare:icv2000000006"
"f14_AST","AST (U/L) at 60 month follow-up","FLOAT","U/L",,,196,6779,7,64,,,,,"loinc:1920-8","Aspartate aminotransferase [Enzymatic activity/volume] in Serum or Plasma",3013721,,,,"unit per liter","ucum:[U]/L",8645,"Measurement","Visit14/60months",2000000006,"follow-up 60 months","icare:icv2000000006"
"f14_ATENO","Atenolol at 60 month follow-up","INT",,"2=No | 3=Yes",1,233,6742,2,3,,"LOINC:LA32-8| LOINC:LA33-6","No| Yes","45878245| 45877994","rxnorm:1202","Atenolol",1314002,,,,,,,"Drug_Exposure","Visit14/60months",2000000006,"follow-up 60 months","icare:icv2000000006"
"f14_BBRANCA","Bundle branch block at 60 month follow-up","INT",,"0 = No | 1 = Yes",,203,6576,0,1,,"LOINC:LA32-8| LOINC:LA33-6","No| Yes","45878245| 45877994","snomed:6374002","Bundle branch block",313791,,,,,,,"Measurement","Visit14/60months",2000000006,"follow-up 60 months","icare:icv2000000006"
"f14_BENZOD","Benzodiazepine at 60 month follow-up","INT",,"2=No | 3=Yes",1,233,6742,2,3,,"LOINC:LA32-8| LOINC:LA33-6","No| Yes","45878245| 45877994","atc:N05BA","Benzodiazepine derivatives",21604565,,,,,,,"Drug_Exposure","Visit14/60months",2000000006,"follow-up 60 months","icare:icv2000000006"
"f14_BILIRUB","Bilirubine (mg/dl) at 60 month follow-up","FLOAT","mg/dl",,,192,6783,0.2,9,,,,,"loinc:1975-2","bilirubin.total [mass/volume] in serum or plasma",3024128,,,,"milligram per deciliter","ucum:mg/dL",8840,"Measurement","Visit14/60months",2000000006,"follow-up 60 months","icare:icv2000000006"
"f14_BIRRA","Beer (if alcohol YES) at 60 month follow-up","INT",,"2 = NO | 3 = sometimes | 4 = 1-2 glasses a day | 5 = 3-4 glasses a day | 6 = 5+ glasses a day",1,149,6826,2,4,,"LOINC:LA32-8| LOINC:LA10082-8| LOINC:LA26462-4| SNOMED:396112008| loinc:LA13858-8","No| sometimes| 1 or 2 times per day|  Three to four times a day| 5 or more times per day","45878245| 45882528| 42530681| 4244842| 45882530","snomed:53410008","Beer",4201587,,,,,,,"Observation","Visit14/60months",2000000006,"follow-up 60 months","icare:icv2000000006"
"f14_BISOPRO","Bisoprolol at 60 month follow-up","INT",,"2=No | 3=Yes",1,233,6742,2,3,,"LOINC:LA32-8| LOINC:LA33-6","No| Yes","45878245| 45877994","rxnorm:19484","Bisoprolol",1338005,,,,,,,"Drug_Exposure","Visit14/60months",2000000006,"follow-up 60 months","icare:icv2000000006"
"f14_BURRO","Butter at 60 month follow-up","INT",,"2 = never | 3 = sometimes | 4 = frequently | 5 = on a regular basis",1,223,6752,2,5,,"LOINC:LA6270-8| LOINC:LA10082-8| LOINC:LA6482-9| SNOMED:307430002","Never| sometimes| frequently| regular frequency","45876662| 45882528| 45883983| 4146463","snomed:226888007","Butter",4024776,,,,,,,"Observation","Visit14/60months",2000000006,"follow-up 60 months","icare:icv2000000006"
"f14_CAFFE","Coffee at 60 month follow-up","INT",,"2 = never | 3 = 1-2 cups a day | 4 = 3-4 cups a day | 5 = 5+ cups a day",1,223,6752,2,5,,"SNOMED:444841000124107| SNOMED:396107007| SNOMED:396112008| loinc:LA13858-8","Never| One to two times a day| Three to four times a day| 5 or more times per day","763692| 4245244| 4244842| 45882530","snomed:29263009","Coffee",4162308,,,,,,,"Observation","Visit14/60months",2000000006,"follow-up 60 months","icare:icv2000000006"
"f14_CAPTO","Captopril at 60 month follow-up","INT",,"2=No | 3=Yes",1,233,6742,2,3,,"LOINC:LA32-8| LOINC:LA33-6","No| Yes","45878245| 45877994","rxnorm:1998","Captopril",1340128,,,,,,,"Drug_Exposure","Visit14/60months",2000000006,"follow-up 60 months","icare:icv2000000006"
"f14_CARVE","Carvedilol at 60 month follow-up","INT",,"2=No | 3=Yes",1,233,6742,2,3,,"LOINC:LA32-8| LOINC:LA33-6","No| Yes","45878245| 45877994","rxnorm:20352","Carvedilol",1346823,,,,,,,"Drug_Exposure","Visit14/60months",2000000006,"follow-up 60 months","icare:icv2000000006"
"f14_CHEESE","Cheese at 60 month follow-up","INT",,"2 = never | 3 =2-3 times a week | 4 = once a day | 5= >1 times a day",1,223,6752,2,5,,"SNOMED:444841000124107| LOINC:LA26463-2| LOINC:LA13897-6| SNOMED:1411000175107","Never| 2 or 3 times per week| once a day| more than once a day","763692| 42531019| 45876378| 761069","snomed:102264005","Cheese",4008485,,,,,,,"Observation","Visit14/60months",2000000006,"follow-up 60 months","icare:icv2000000006"
"f14_CKTOT","CK total (U/L) at 60 month follow-up","FLOAT","U/L",,,190,6785,23,450,,,,,"loinc:2157-6","creatine kinase [enzymatic activity/volume] in serum or plasma",3007220,,,,"unit per liter","ucum:[U]/L",8645,"Measurement","Visit14/60months",2000000006,"follow-up 60 months","icare:icv2000000006"
"f14_COLEHDL","Cholesterol HDL (mg/dl) at 60 month follow-up","FLOAT","mg/dl",,,196,6779,19,141,,,,,"loinc:2085-9","Cholesterol in HDL [Mass/volume] in Serum or Plasma",3007070,,,,"milligram per deciliter","ucum:mg/dL",8840,"Measurement","Visit14/60months",2000000006,"follow-up 60 months","icare:icv2000000006"
"f14_COLELDL","Cholesterol LDL (mg/dl) at 60 month follow-up","FLOAT","mg/dl",,,185,6790,24,217,,,,,"loinc:2089-1","Cholesterol in LDL [Mass/volume] in Serum or Plasma",3028437,,,,"milligram per deciliter","ucum:mg/dL",8840,"Measurement","Visit14/60months",2000000006,"follow-up 60 months","icare:icv2000000006"
"f14_COLETOT","Total Cholesterol (mg/dl) at 60 month follow-up","FLOAT","mg/dl",,,196,6779,90,297,,,,,"loinc:2093-3","Cholesterol [Mass/volume] in Serum or Plasma",3027114,,,,"milligram per deciliter","ucum:mg/dL",8840,"Measurement","Visit14/60months",2000000006,"follow-up 60 months","icare:icv2000000006"
"f14_CREATIN","Serum creatinine (mg/dl) at 60 month follow-up","FLOAT","mg/dl",,,195,6780,0.58,4.8,,,,,"loinc:2160-0","creatinine [mass/volume] in serum or plasma",3016723,,,,"milligram per deciliter","ucum:mg/dL",8840,"Measurement","Visit14/60months",2000000006,"follow-up 60 months","icare:icv2000000006"
"f14_DALTACE","Dose other ACE-inhibitor (mg) at 60 month follow-up","FLOAT","mg",,,14,6961,2.5,20,,,,,"atc:C09AA","""ACE inhibitors, plain""",21601784,"Dosage|Other","snomed:260911001|snomed:74964007","4118853|9177","milligram","ucum:mg",8576,"Drug_Exposure","Visit14/60months",2000000006,"follow-up 60 months","icare:icv2000000006"
"f14_DATAECG","ECG date at 60 month follow-up","DATETIME","dd-mm-yyyy",,,203,6576,07/20/07,01/11/08,,,,,"loinc:LP149975-7","ECG",1011679,"Date of procedure","snomed:439272007",4232096,,,,"Observation_period","Visit14/60months",2000000006,"follow-up 60 months","icare:icv2000000006"
"f14_DATALAB","Date of laboratory exam at 60 month follow-up","DATETIME","dd-mm-yyyy",,,198,6777,07/20/07,01/15/08,,,,,"snomed:281271004","Date sample received in laboratory",4084758,,,,,,,"Observation_period","Visit14/60months",2000000006,"follow-up 60 months","icare:icv2000000006"
"f14_DATENO","Dose Atenolol (mg) at 60 month follow-up","FLOAT","mg",,,3,6972,25,25,,,,,"rxnorm:1202","Atenolol",1314002,"Dosage","snomed:260911001",4118853,"milligram","ucum:mg",8576,"Drug_Exposure","Visit14/60months",2000000006,"follow-up 60 months","icare:icv2000000006"
"f14_DBISOPRO","Dose Bisoprolol (mg) at 60 month follow-up","FLOAT","mg",,,22,6953,0.625,5,,,,,"rxnorm:19484","Bisoprolol",1338005,"Dosage","snomed:260911001",4118853,"milligram","ucum:mg",8576,"Drug_Exposure","Visit14/60months",2000000006,"follow-up 60 months","icare:icv2000000006"
"f14_DCAPTO","Dose Captopril (mg) at 60 month follow-up","FLOAT","mg",,,4,6971,18.7,25,,,,,"rxnorm:1998","Captopril",1340128,"Dosage","snomed:260911001",4118853,"milligram","ucum:mg",8576,"Drug_Exposure","Visit14/60months",2000000006,"follow-up 60 months","icare:icv2000000006"
"f14_DCARVE","Dose Carvedilol (mg) at 60 month follow-up","FLOAT","mg",,,142,6833,3125,100,,,,,"rxnorm:20352","Carvedilol",1346823,"Dosage","snomed:260911001",4118853,"milligram","ucum:mg",8576,"Drug_Exposure","Visit14/60months",2000000006,"follow-up 60 months","icare:icv2000000006"
"f14_DEBMUSCO","Muscle weakness at 60 month follow-up","INT",,"2 = never | 3 = sometimes | 4 = often | 5 = always",1,218,6757,2,5,,"LOINC:LA6270-8| LOINC:LA10082-8| LOINC:LA10044-8| LOINC:LA9933-8","Never| sometimes| often| always","45876662| 45882528| 45884455| 45882536","snomed:26544005","Muscle weakness",79908,,,,,,,"Measurement","Visit14/60months",2000000006,"follow-up 60 months","icare:icv2000000006"
"f14_DENALA","Dose Enalapril (mg) at 60 month follow-up","FLOAT","mg",,,80,6895,2,40,,,,,"rxnorm:3827","Enalapril",1341927,"Dosage","snomed:260911001",4118853,"milligram","ucum:mg",8576,"Drug_Exposure","Visit14/60months",2000000006,"follow-up 60 months","icare:icv2000000006"
"f14_DESALTAC","Description other ACE-inhibitor at 60 month follow-up","STR",,,,14,6961,,,,,,,"atc:C09AA","""ACE inhibitors, plain""",21601784,"Description|Other","loinc:LP6800-9|snomed:74964007","1029623|9177",,,,"Drug_Exposure","Visit14/60months",2000000006,"follow-up 60 months","icare:icv2000000006"
"f14_DESALTAR","Description other antiarrhythmic agent at 60 month follow-up","STR",,,,2,6973,,,,,,,"atc:C01B","ANTIARRHYTHMICS, CLASS I AND III",21600248,"Description|Other","loinc:LP6800-9|snomed:74964007","1029623|9177",,,,"Drug_Exposure","Visit14/60months",2000000006,"follow-up 60 months","icare:icv2000000006"
"f14_DESALTBB","Description Other beta blocker at 60 month follow-up","STR",,,,5,6970,,,,,,,"atc:C07A","BETA BLOCKING AGENTS",21601665,"Description|Other","loinc:LP6800-9|snomed:74964007","1029623|9177",,,,"Drug_Exposure","Visit14/60months",2000000006,"follow-up 60 months","icare:icv2000000006"
"f14_DESALTCA","Description other calcium antagonist at 60 month follow-up","STR",,,,6,6969,,,,,,,"atc:C08C","SELECTIVE CALCIUM CHANNEL BLOCKERS WITH MAINLY VASCULAR EFFECTS",21601745,"Description|Other","loinc:LP6800-9|snomed:74964007","1029623|9177",,,,"Drug_Exposure","Visit14/60months",2000000006,"follow-up 60 months","icare:icv2000000006"
"f14_DESALTRD","Description other vasodilator at 60 month follow-up","STR",,,,7,6968,,,,,,,"snomed:372787008","Vasodilator",4158258,"Description|Other","loinc:LP6800-9|snomed:74964007","1029623|9177",,,,"Drug_Exposure","Visit14/60months",2000000006,"follow-up 60 months","icare:icv2000000006"
"f14_DESCANO","Description of other ECG abnormality at 60 month follow-up","STR",,,,67,6908,,,,,,,"loinc:LA24621-7","Abnormal ECG",36311174,"Description","loinc:LP6800-9",1029623,,,,"Observation","Visit14/60months",2000000006,"follow-up 60 months","icare:icv2000000006"
"f14_DESCOPEN","Open labeled statins: description at 60 month follow-up","STR",,,,67,6908,,,,,,,"atc:C10AA","hmg-coa reductase inhibitor",21601855,"Description","loinc:LP6800-9",1029623,,,,"Drug_Exposure","Visit14/60months",2000000006,"follow-up 60 months","icare:icv2000000006"
"f14_DFUROSEM","Dose Furosemide (mg) at 60 month follow-up","FLOAT","mg",,,156,6819,3.6,750,,,,,"rxnorm:4603","Furosemide",956874,"Dosage","snomed:260911001",4118853,"milligram","ucum:mg",8576,"Drug_Exposure","Visit14/60months",2000000006,"follow-up 60 months","icare:icv2000000006"
"f14_DIGITALE","Digitalis at 60 month follow-up","INT",,"2=No | 3=Yes",1,233,6742,2,3,,"LOINC:LA32-8| LOINC:LA33-6","No| Yes","45878245| 45877994","atc:C01AA","Digitalis glycosides",21601240,,,,,,,"Drug_Exposure","Visit14/60months",2000000006,"follow-up 60 months","icare:icv2000000006"
"f14_DILTI","Diltiazem at 60 month follow-up","INT",,"2=No | 3=Yes",1,233,6742,2,3,,"LOINC:LA32-8| LOINC:LA33-6","No| Yes","45878245| 45877994","rxnorm:3443","Diltiazem",1328165,,,,,,,"Drug_Exposure","Visit14/60months",2000000006,"follow-up 60 months","icare:icv2000000006"
"f14_DLISINO","Dose Lisinopril (mg) at 60 month follow-up","FLOAT","mg",,,265,6710,0,20,,,,,"rxnorm:29046","Lisonorpil",1308216,"Dosage","snomed:260911001",4118853,"milligram","ucum:mg",8576,"Drug_Exposure","Visit14/60months",2000000006,"follow-up 60 months","icare:icv2000000006"
"f14_DMETO","Dose Metoprolol (mg) at 60 month follow-up","FLOAT","mg",,,6,6969,25,100,,,,,"rxnorm:6918","Metoprolol",1307046,"Dosage","snomed:260911001",4118853,"milligram","ucum:mg",8576,"Drug_Exposure","Visit14/60months",2000000006,"follow-up 60 months","icare:icv2000000006"
"f14_DOSALTBB","Dose Other beta blocker (mg) at 60 month follow-up","FLOAT","mg",,,5,6970,5,160,,,,,"atc:C07A","BETA BLOCKING AGENTS",21601665,"Dosage|Other","snomed:260911001|snomed:74964007","4118853|9177","milligram","ucum:mg",8576,"Drug_Exposure","Visit14/60months",2000000006,"follow-up 60 months","icare:icv2000000006"
"f14_DRAMIP","Dose Ramipril (mg) at 60 month follow-up","FLOAT","mg",,,47,6928,1.2,10,,,,,"rxnorm:35296","Ramipril",1334456,"Dosage","snomed:260911001",4118853,"milligram","ucum:mg",8576,"Drug_Exposure","Visit14/60months",2000000006,"follow-up 60 months","icare:icv2000000006"
"f14_DSPIRONO","Dose Spironolactone (mg) at 60 month follow-up","FLOAT","mg",,,74,6901,5,100,,,,,"rxnorm:9997","Spironolactone",970250,"Dosage","snomed:260911001",4118853,"milligram","ucum:mg",8576,"Drug_Exposure","Visit14/60months",2000000006,"follow-up 60 months","icare:icv2000000006"
"f14_DURQRS","QRS length (msec) at 60 month follow-up","INT","msec",,,203,6576,40,242,,,,,"snomed:39632005","QRS interval",4218048,,,,"millisecond","ucum:ms",9593,"Measurement","Visit14/60months",2000000006,"follow-up 60 months","icare:icv2000000006"
"f14_EDEMPERI","Peripheral edema severity at 60 month follow-up","INT",,"2 = no | 3 = only ankles | 4 = until knee | 5 = above",1,220,6755,2,4,,"LOINC:LA32-8| snomed:26237000| snomed:102575008|snomed:102573001","No|ankle edema|Edema of knee|Edema of thigh","45878245|4094513|4010012|4010011","snomed:423484008","Grade of edema",4313204,,,,,,,"measurement","Visit14/60months",2000000006,"follow-up 60 months","icare:icv2000000006"
"f14_EMATOCRI","Hematocrit (%) at 60 month follow-up","FLOAT",,,,198,6777,28,60,,,,,"Loinc:20570-8","Hematocrit [Volume Fraction] of Blood",3009542,,,,,,,"Measurement","Visit14/60months",2000000006,"follow-up 60 months","icare:icv2000000006"
"f14_EMOGLOB","Hemoglobin (g/dl) at 60 month follow-up","FLOAT","g/dL",,,198,6777,9.4,19.2,,,,,"loinc:718-7","Hemoglobin [Mass/volume] in Blood",3000963,,,,"gram per deciliter","ucum:g/dL",8713,"Measurement","Visit14/60months",2000000006,"follow-up 60 months","icare:icv2000000006"
"f14_ENALA","Enalapril at 60 month follow-up","INT",,"2=No | 3=Yes",1,233,6742,2,3,,"LOINC:LA32-8| LOINC:LA33-6","No| Yes","45878245| 45877994","rxnorm:3827","Enalapril",1341927,,,,,,,"Drug_Exposure","Visit14/60months",2000000006,"follow-up 60 months","icare:icv2000000006"
"f14_FANS","Non-steroidal anti-inflammatory agent (FANS) at 60 month follow-up","INT",,"2=No | 3=Yes",1,233,6742,2,2,,"LOINC:LA32-8| LOINC:LA33-6","No| Yes","45878245| 45877994","atc:M01A","ANTIINFLAMMATORY AND ANTIRHEUMATIC PRODUCTS, NON-STEROIDS",21603933,,,,,,,"Drug_Exposure","Visit14/60months",2000000006,"follow-up 60 months","icare:icv2000000006"
"f14_FC","Heart rate (bpm) at 60 month follow-up","FLOAT","beats/min",,,207,6768,48,118,,,,,"loinc:8867-4","Heart rate",3027018,,,,"Counts per minute","ucum:{counts}/min",8483,"Measurement","Visit14/60months",2000000006,"follow-up 60 months","icare:icv2000000006"
"f14_FCECG","Heart rate (ECG) (bpm) at 60 month follow-up","FLOAT","beats/min",,,203,6576,48,131,,,,,"loinc:8867-4","Heart rate",3027018,"ECG finding","snomed:271921002",4156045,"Counts per minute","ucum:{counts}/min",8483,"Measurement","Visit14/60months",2000000006,"follow-up 60 months","icare:icv2000000006"
"f14_FELOD","Felodipine at 60 month follow-up","INT",,"2=No | 3=Yes",1,233,6742,2,3,,"LOINC:LA32-8| LOINC:LA33-6","No| Yes","45878245| 45877994","rxnorm:4316","Felodipine",1353776,,,,,,,"Drug_Exposure","Visit14/60months",2000000006,"follow-up 60 months","icare:icv2000000006"
"f14_FIBRINO","Fibrinogenemia (mg/dl) at 60 month follow-up","FLOAT","mg/dl",,,187,6788,96,769,,,,,"snomed:1108621000000108","fibrinogen mass concentration in plasma",37208754,,,,"milligram per deciliter","ucum:mg/dL",8840,"Measurement","Visit14/60months",2000000006,"follow-up 60 months","icare:icv2000000006"
"f14_FLUTTER","Atrial fibrillation / Flutter at 60 month follow-up","INT",,"0 = No | 1 = Yes",,203,6576,0,1,,"LOINC:LA32-8| LOINC:LA33-6","No| Yes","45878245| 45877994","snomed:49436004","Atrial fibrillation",313217,,,,,,,"Measurement","Visit14/60months",2000000006,"follow-up 60 months","icare:icv2000000006"
"f14_FRUTTA","Fruit at 60 month follow-up","INT",,"2 = never | 3 =2-3 times a week | 4 = once a day | 5= >1 times a day",1,223,6752,2,5,,"SNOMED:444841000124107| LOINC:LA26463-2| LOINC:LA13897-6| SNOMED:1411000175107","Never| 2 or 3 times per week| once a day| more than once a day","763692| 42531019| 45876378| 761069","snomed:72511004","Fruit",4217045,,,,,,,"Observation","Visit14/60months",2000000006,"follow-up 60 months","icare:icv2000000006"
"f14_FUROSEMI","Furosemide at 60 month follow-up","INT",,"2=No | 3=Yes",1,233,6742,2,3,,"LOINC:LA32-8| LOINC:LA33-6","No| Yes","45878245| 45877994","rxnorm:4603","Furosemide",956874,,,,,,,"Drug_Exposure","Visit14/60months",2000000006,"follow-up 60 months","icare:icv2000000006"
"f14_GBIANCHI","White blood cells (mm3) at 60 month follow-up","FLOAT","mm3",,,198,6777,2510,14420,,,,,"snomed:1110441000000100","White blood cell count in blood",37208925,,,,"cubic millimeter","ucum:mm3",8686,"Measurement","Visit14/60months",2000000006,"follow-up 60 months","icare:icv2000000006"
"f14_GLICEMIA","Glycemia (mg/dl) at 60 month follow-up","FLOAT","mg/dl",,,194,6781,58,340,,,,,"Snomed:33747003","“Glucose measurement, blood”",4144235,,,,"milligram per deciliter","ucum:mg/dL",8840,"Measurement","Visit14/60months",2000000006,"follow-up 60 months","icare:icv2000000006"
"f14_HBGLICO","Glycated hemoglobin (%) at 60 month follow-up","FLOAT",,,,181,6794,3.1,10.4,,,,,"loinc:4548-4","Hemoglobin A1c/Hemoglobin.total in Blood",3004410,,,,,,,"Measurement","Visit14/60months",2000000006,"follow-up 60 months","icare:icv2000000006"
"f14_IDRALAZ","Hydralazine at 60 month follow-up","INT",,"2=No | 3=Yes",1,233,6742,2,2,,"LOINC:LA32-8| LOINC:LA33-6","No| Yes","45878245| 45877994","rxnorm:5470","Hydralazine",1373928,,,,,,,"Drug_Exposure","Visit14/60months",2000000006,"follow-up 60 months","icare:icv2000000006"
"f14_INTENZIO","Intentional weight loss (If weight loss >= 2 kg) at 60 month follow-up","INT",,"1 = no weight loss | 2 = no | 3 = yes",,265,6710,1,3,,"snomed:83421005| LOINC:LA32-8| LOINC:LA33-6","failure to lose weight|no|yes","4308415 | 45878245| 45877994","snomed:416528001","intentional weight loss",4214302,,,,,,,"Measurement","Visit14/60months",2000000006,"follow-up 60 months","icare:icv2000000006"
"f14_IPERVENT","Left ventricular hypertrophy at 60 month follow-up","INT",,"0 = No | 1 = Yes",,203,6576,0,1,,"LOINC:LA32-8| LOINC:LA33-6","No| Yes","45878245| 45877994","snomed:55827005","Left ventricular hypertrophy",4184746,,,,,,,"Measurement","Visit14/60months",2000000006,"follow-up 60 months","icare:icv2000000006"
"f14_LALT","Lower limit ALT (U/L) at 60 month follow-up","FLOAT","U/L",,,85,6890,1,30,,,,,"loinc:76625-3","Alanine aminotransferase [Enzymatic activity/volume] in Blood",46235106,"Lower limit of reference range","snomed:385524004",4294191,"unit per liter","ucum:[U]/L",8645,"Measurement","Visit14/60months",2000000006,"follow-up 60 months","icare:icv2000000006"
"f14_LAST","Lower limit AST (U/L) at 60 month follow-up","FLOAT","U/L",,,85,6890,1,15,,,,,"loinc:1920-8","Aspartate aminotransferase [Enzymatic activity/volume] in Serum or Plasma",3013721,"Lower limit of reference range","snomed:385524004",4294191,"unit per liter","ucum:[U]/L",8645,"Measurement","Visit14/60months",2000000006,"follow-up 60 months","icare:icv2000000006"
"f14_LATOBB","Bundle branch block side at 60 month follow-up","INT",,"2 = left | 3=right",1,59,6720,2,3,,"snomed:7771000|snomed:24028007","Left|Right","4300877|4080761","snomed:6374002","Bundle branch block",313791,"side","snomed:182353008",4112563,,,,"Measurement","Visit14/60months",2000000006,"follow-up 60 months","icare:icv2000000006"
"f14_LCKTOT","Lower limit CK total (U/L) at 60 month follow-up","FLOAT","U/L",,,103,6872,10,40,,,,,"loinc:2157-6","creatine kinase [enzymatic activity/volume] in serum or plasma",3007220,"Lower limit of reference range","snomed:385524004",4294191,"unit per liter","ucum:[U]/L",8645,"Measurement","Visit14/60months",2000000006,"follow-up 60 months","icare:icv2000000006"
"f14_LISINO","Lisinopril at 60 month follow-up","INT",,"2=No | 3=Yes",1,233,6742,2,3,,"LOINC:LA32-8| LOINC:LA33-6","No| Yes","45878245| 45877994","rxnorm:29046","Lisonorpil",1308216,,,,,,,"Drug_Exposure","Visit14/60months",2000000006,"follow-up 60 months","icare:icv2000000006"
"f14_METO","Metoprolol at 60 month follow-up","INT",,"2=No | 3=Yes",1,233,6742,2,3,,"LOINC:LA32-8| LOINC:LA33-6","No| Yes","45878245| 45877994","rxnorm:6918","Metoprolol",1307046,,,,,,,"Drug_Exposure","Visit14/60months",2000000006,"follow-up 60 months","icare:icv2000000006"
"f14_N3PUFA","N3-PUFA open labeled at 60 month follow-up","INT",,"2=No | 3=Yes",1,233,6742,2,3,,"LOINC:LA32-8| LOINC:LA33-6","No| Yes","45878245| 45877994","atc:N03AG","Fatty acid derivatives",21604421,,,,,,,"Drug_Exposure","Visit14/60months",2000000006,"follow-up 60 months","icare:icv2000000006"
"f14_NA","Serum Sodium (mmol/L) at 60 month follow-up","FLOAT","mmol/L",,,194,6781,130,148,,,,,"loinc:2951-2","Sodium [Moles/volume] in Serum or Plasma",3019550,,,,"millimole per liter","ucum:mmol/L",8753,"Measurement","Visit14/60months",2000000006,"follow-up 60 months","icare:icv2000000006"
"f14_NIFED","Nifedipine at 60 month follow-up","INT",,"2=No | 3=Yes",1,233,6742,2,2,,"LOINC:LA32-8| LOINC:LA33-6","No| Yes","45878245| 45877994","rxnorm:7417","Nifedipine",1318853,,,,,,,"Drug_Exposure","Visit14/60months",2000000006,"follow-up 60 months","icare:icv2000000006"
"f14_NITRATI","Nitrates at 60 month follow-up","INT",,"2=No | 3=Yes",1,233,6742,2,3,,"LOINC:LA32-8| LOINC:LA33-6","No| Yes","45878245| 45877994","atc:C01DA","Organic nitrates",21600316,,,,,,,"Drug_Exposure","Visit14/60months",2000000006,"follow-up 60 months","icare:icv2000000006"
"f14_NYHA","NYHA Class at 60 month follow-up","INT",,"2 = NYHA class I | 3 = NYHA class II | 4 = NYHA class III | 5 = NYHA class IV",1,224,6751,2,5,,"snomed:420300004| snomed:421704003| snomed:420913000| snomed:422293003","New York Heart Association Classification - Class I| New York Heart Association Classification - Class II| New York Heart Association Classification - Class III| New York Heart Association Classification - Class IV","4220607| 4226789| 4227345| 4228881","snomed:420816009","new york heart association classification",4223299,,,,,,,"Measurement","Visit14/60months",2000000006,"follow-up 60 months","icare:icv2000000006"
"f14_OLIVA","Olive oil at 60 month follow-up","INT",,"2 = never | 3 = sometimes | 4 = frequently | 5 = on a regular basis",1,223,6752,2,5,,"LOINC:LA6270-8| LOINC:LA10082-8| LOINC:LA6482-9| SNOMED:307430002","Never| sometimes| frequently| regular frequency","45876662| 45882528| 45883983| 4146463","snomed:41834005","Olive oil",4216445,,,,,,,"Observation","Visit14/60months",2000000006,"follow-up 60 months","icare:icv2000000006"
"f14_ONDEQ","Pathological Q waves at 60 month follow-up","INT",,"0 = No | 1 = Yes",,203,6576,0,1,,"LOINC:LA32-8| LOINC:LA33-6","No| Yes","45878245| 45877994","snomed:164918000","Pathological Q wave",4065387,,,,,,,"Measurement","Visit14/60months",2000000006,"follow-up 60 months","icare:icv2000000006"
"f14_OPENSTAT","Statins open labeled at 60 month follow-up","INT",,"2=No | 3=Yes",1,233,6742,2,3,,"LOINC:LA32-8| LOINC:LA33-6","No| Yes","45878245| 45877994","atc:C10AA","hmg-coa reductase inhibitor",21601855,,,,,,,"Drug_Exposure","Visit14/60months",2000000006,"follow-up 60 months","icare:icv2000000006"
"f14_PAD","Diastolic blood pressure (mmHg) at 60 month follow-up","FLOAT","mmHg",,,212,6763,60,100,,,,,"loinc:8462-4","Diastolic blood pressure",3012888,,,,"millimeter mercury column","ucum:mm[Hg]",8876,"Measurement","Visit14/60months",2000000006,"follow-up 60 months","icare:icv2000000006"
"f14_PAS","Systolic blood pressure (mmHg) at 60 month follow-up","FLOAT","mmHg",,,212,6763,85,190,,,,,"loinc:8480-6","Systolic blood pressure",3004249,,,,"millimeter mercury column","ucum:mm[Hg]",8876,"Measurement","Visit14/60months",2000000006,"follow-up 60 months","icare:icv2000000006"
"f14_PESCE","Fish at 60 month follow-up","INT",,"2 = never | 3 = once a week | 4 = 2 times a week | 5 = 3+ times a week",1,223,6752,2,5,,"LOINC:LA6270-8| LOINC:LA26461-6| SNOMED:229800002| LOINC:LA6396-1","Never| once a week| twice weekly| Three or more times per week","45876662|42531017| 4047143| 45877752","snomed:735971005","Fish",42539493,,,,,,,"Observation","Visit14/60months",2000000006,"follow-up 60 months","icare:icv2000000006"
"f14_PESOATT","Weight (kg) at 60 month follow-up","FLOAT","Kilogram",,,217,6758,44,125,,,,,"loinc:29463-7","Body weight",3025315,,,,"kilogram","ucum:kg",9529,"Measurement","Visit14/60months",2000000006,"follow-up 60 months","icare:icv2000000006"
"f14_POTASSIO","Serum potassium (mmol/L) at 60 month follow-up","FLOAT","mmol/L",,,196,6779,3.33,6.3,,,,,"loinc:2823-3","Potassium [Moles/volume] in Serum or Plasma",3023103,,,,"millimole per liter","ucum:mmol/L",8753,"Measurement","Visit14/60months",2000000006,"follow-up 60 months","icare:icv2000000006"
"f14_RAMIP","Ramipril at 60 month follow-up","INT",,"2=No | 3=Yes",1,233,6742,2,3,,"LOINC:LA32-8| LOINC:LA33-6","No| Yes","45878245| 45877994","rxnorm:35296","Ramipril",1334456,,,,,,,"Drug_Exposure","Visit14/60months",2000000006,"follow-up 60 months","icare:icv2000000006"
"f14_RITMOPM","Rhythm from pacemaker at 60 month follow-up","INT",,"0 = No | 1 = Yes",,203,6576,0,1,,"LOINC:LA32-8| LOINC:LA33-6","No| Yes","45878245| 45877994","snomed:10370003","Rhythm from artificial pacing",4304202,,,,,,,"Measurement","Visit14/60months",2000000006,"follow-up 60 months","icare:icv2000000006"
"f14_SARTANI","Sartans at 60 month follow-up","INT",,"2=No | 3=Yes",1,233,6742,2,3,,"LOINC:LA32-8| LOINC:LA33-6","No| Yes","45878245| 45877994","atc:C09CA","""Angiotensin II receptor blockers (ARBs), plain""",21601823,,,,,,,"Drug_Exposure","Visit14/60months",2000000006,"follow-up 60 months","icare:icv2000000006"
"f14_SEMI","Seed oil at 60 month follow-up","INT",,"2 = never | 3 = sometimes | 4 = frequently | 5 = on a regular basis",1,223,6752,2,5,,"LOINC:LA6270-8| LOINC:LA10082-8| LOINC:LA6482-9| SNOMED:307430002","Never| sometimes| frequently| regular frequency","45876662| 45882528| 45883983| 4146463","snomed:21847005","Oil",4071021,,,,,,,"Observation","Visit14/60months",2000000006,"follow-up 60 months","icare:icv2000000006"
"f14_SILDENAF","Sildenafil at 60 month follow-up","INT",,"2=No | 3=Yes",1,233,6742,2,3,,"LOINC:LA32-8| LOINC:LA33-6","No| Yes","45878245| 45877994","Rxnorm:136411","Sildenafil",1316262,,,,,,,"Drug_Exposure","Visit14/60months",2000000006,"follow-up 60 months","icare:icv2000000006"
"f14_SPECNO","If alcohol NO type of non-consumption at 60 month follow-up","INT",,"2 = NO | 3 = PAST | 4 = NEVER",1,74,6901,3,4,,"LOINC:LA32-8|LOINC:LA28393-9|LOINC:LA6270-8","No|Former user| never","45878245|36307819|45876662","snomed:105542008","non - drinker",4022664,,,,,,,"Observation","Visit14/60months",2000000006,"follow-up 60 months","icare:icv2000000006"
"f14_SPIRONO","Spironolactone at 60 month follow-up","INT",,"2=No | 3=Yes",1,233,6742,2,3,,"LOINC:LA32-8| LOINC:LA33-6","No| Yes","45878245| 45877994","rxnorm:9997","Spironolactone",970250,,,,,,,"Drug_Exposure","Visit14/60months",2000000006,"follow-up 60 months","icare:icv2000000006"
"f14_SUPERAL","Spirits (if alcohol YES) at 60 month follow-up","INT",,"2 = NO | 3 = sometimes | 4 = 1-2 glasses a day | 5 = 3-4 glasses a day | 6 = 5+ glasses a day",1,149,6826,2,4,,"LOINC:LA32-8| LOINC:LA10082-8| LOINC:LA26462-4| SNOMED:396112008| loinc:LA13858-8","No| sometimes| 1 or 2 times per day|  Three to four times a day| 5 or more times per day","45878245| 45882528| 42530681| 4244842| 45882530","snomed:6524003","Distilled spirits",4275752,,,,,,,"Observation","Visit14/60months",2000000006,"follow-up 60 months","icare:icv2000000006"
"f14_TERAORMO","Hormone Replacement Therapy at 60 month follow-up","INT",,"2=No | 3=Yes",1,233,6742,2,2,,"LOINC:LA32-8| LOINC:LA33-6","No| Yes","45878245| 45877994","snomed:266717002","Hormone Replacement Therapy",4141760,,,,,,,"Drug_Exposure","Visit14/60months",2000000006,"follow-up 60 months","icare:icv2000000006"
"f14_TIAZIDI","Thiazides at 60 month follow-up","INT",,"2=No | 3=Yes",1,233,6742,2,3,,"LOINC:LA32-8| LOINC:LA33-6","No| Yes","45878245| 45877994","snomed:860766002","Thiazides",3655254,,,,,,,"Drug_Exposure","Visit14/60months",2000000006,"follow-up 60 months","icare:icv2000000006"
"f14_TRAND","Trandolapril at 60 month follow-up","INT",,"2=No | 3=Yes",1,233,6742,2,2,,"LOINC:LA32-8| LOINC:LA33-6","No| Yes","45878245| 45877994","rxnorm:38454","Trandolapril",1342439,,,,,,,"Drug_Exposure","Visit14/60months",2000000006,"follow-up 60 months","icare:icv2000000006"
"f14_TRIGLI","Triglycerides (mg/dl) at 60 month follow-up","FLOAT","mg/dl",,,196,6779,40,980,,,,,"loinc:14927-8","Triglyceride [Moles/volume] in Serum or Plasma",3025839,,,,"milligram per deciliter","ucum:mg/dL",8840,"Measurement","Visit14/60months",2000000006,"follow-up 60 months","icare:icv2000000006"
"f14_UALT","Upper limit ALT (U/L) at 60 month follow-up","FLOAT","U/L",,,198,6777,31,72,,,,,"loinc:76625-3","Alanine aminotransferase [Enzymatic activity/volume] in Blood",46235106,"Upper limit of reference range","snomed:371933006",4162853,"unit per liter","ucum:[U]/L",8645,"Measurement","Visit14/60months",2000000006,"follow-up 60 months","icare:icv2000000006"
"f14_UAST","Upper limit AST (U/L) at 60 month follow-up","FLOAT","U/L",,,198,6777,31,60,,,,,"loinc:1920-8","Aspartate aminotransferase [Enzymatic activity/volume] in Serum or Plasma",3013721,"Upper limit of reference range","snomed:371933006",4162853,"unit per liter","ucum:[U]/L",8645,"Measurement","Visit14/60months",2000000006,"follow-up 60 months","icare:icv2000000006"
"f14_UCKTOT","Upper limit CK total (U/L) at 60 month follow-up","FLOAT","U/L",,,198,6777,135,232,,,,,"loinc:2157-6","creatine kinase [enzymatic activity/volume] in serum or plasma",3007220,"Upper limit of reference range","snomed:371933006",4162853,"unit per liter","ucum:[U]/L",8645,"Measurement","Visit14/60months",2000000006,"follow-up 60 months","icare:icv2000000006"
"f14_URICE","Uricemia (mg/dl) at 60 month follow-up","FLOAT","mg/dl",,,193,6782,2.4,12.19,,,,,"loinc:3084-1","urate [mass/volume] in serum or plasma",3037556,,,,"milligram per deciliter","ucum:mg/dL",8840,"Measurement","Visit14/60months",2000000006,"follow-up 60 months","icare:icv2000000006"
"f14_VALUECG","ECG evaluation at 60 month follow-up","INT",,"2 = normal | 3 = abnormal",1,203,6576,2,3,,"snomed:17621005|snomed:263654008","Normal | Abnormal","4069590|4135493","loinc:LP149975-7","ECG",1011679,"evaluation","snomed:723051000000101",44803879,,,,"Measurement","Visit14/60months",2000000006,"follow-up 60 months","icare:icv2000000006"
"f14_VERAP","Verapamil at 60 month follow-up","INT",,"2=No | 3=Yes",1,233,6742,2,2,,"LOINC:LA32-8| LOINC:LA33-6","No| Yes","45878245| 45877994","rxnorm:11170","Verapamil",1307863,,,,,,,"Drug_Exposure","Visit14/60months",2000000006,"follow-up 60 months","icare:icv2000000006"
"f14_VERCOTTA","Cooked vegetables at 60 month follow-up","INT",,"2 = never | 3 =2-3 times a week | 4 = once a day | 5= >1 times a day",1,223,6752,2,5,,"SNOMED:444841000124107| LOINC:LA26463-2| LOINC:LA13897-6| SNOMED:1411000175107","Never| 2 or 3 times per week| once a day| more than once a day","763692| 42531019| 45876378| 761069","snomed:444011000124102","Cooked vegetables",763625,,,,,,,"Observation","Visit14/60months",2000000006,"follow-up 60 months","icare:icv2000000006"
"f14_VERCRUDA","Raw vegetables at 60 month follow-up","INT",,"2 = never | 3 =2-3 times a week | 4 = once a day | 5= >1 times a day",1,223,6752,2,5,,"SNOMED:444841000124107| LOINC:LA26463-2| LOINC:LA13897-6| SNOMED:1411000175107","Never| 2 or 3 times per week| once a day| more than once a day","763692| 42531019| 45876378| 761069","snomed:314115004","Raw vegetables",4193035,,,,,,,"Observation","Visit14/60months",2000000006,"follow-up 60 months","icare:icv2000000006"
"f14_VINO","Wine (if alcohol YES) at 60 month follow-up","INT",,"2 = NO | 3 = sometimes | 4 = 1-2 glasses a day | 5 = 3-4 glasses a day | 6 = 5+ glasses a day",1,149,6826,2,6,,"LOINC:LA32-8| LOINC:LA10082-8| LOINC:LA26462-4| SNOMED:396112008| loinc:LA13858-8","No| sometimes| 1 or 2 times per day|  Three to four times a day| 5 or more times per day","45878245| 45882528| 42530681| 4244842| 45882530","snomed:35748005","Wine",4262278,,,,,,,"Observation","Visit14/60months",2000000006,"follow-up 60 months","icare:icv2000000006"
"f3_ALLOPURI","Allopurinol at 1 month follow-up","INT",,"2=No | 3=Yes",1,6718,257,2,3,,"LOINC:LA32-8| LOINC:LA33-6","No| Yes","45878245| 45877994","rxnorm:519","Allopurinol",1167322,,,,,,,"Drug_Exposure","Visit3/1month",4081745,"follow-up 1 month","snomed:183623000"
"f3_ALT","ALT (U/L) at 1 month follow-up","FLOAT","U/L",,,6259,716,3,612,,,,,"loinc:76625-3","Alanine aminotransferase [Enzymatic activity/volume] in Blood",46235106,,,,"unit per liter","ucum:[U]/L",8645,"Measurement","Visit3/1month",4081745,"follow-up 1 month","snomed:183623000"
"f3_ALTACE","other ACE-inhibitor at 1 month follow-up","INT",,"2=No | 3=Yes",1,6718,257,2,3,,"LOINC:LA32-8| LOINC:LA33-6","No| Yes","45878245| 45877994","atc:C09AA","""ACE inhibitors, plain""",21601784,"Other","snomed:74964007",9177,,,,"Drug_Exposure","Visit3/1month",4081745,"follow-up 1 month","snomed:183623000"
"f3_ALTANO","Other ECG abnormality at visit 3 at 1 month follow-up","INT",,"0 = No | 1 = Yes",,6387,392,0,1,,"LOINC:LA32-8| LOINC:LA33-6","No| Yes","45878245| 45877994","loinc:LA24621-7","Abnormal ECG",36311174,,,,,,,"Measurement","Visit3/1month",4081745,"follow-up 1 month","snomed:183623000"
"f3_ALTDIU","Other diuretics at 1 month follow-up","INT",,"2=No | 3=Yes",1,6718,257,2,3,,"LOINC:LA32-8| LOINC:LA33-6","No| Yes","45878245| 45877994","atc:C03","DIURETICS",21601461,"Other","snomed:74964007",9177,,,,"Drug_Exposure","Visit3/1month",4081745,"follow-up 1 month","snomed:183623000"
"f3_ALTROARI","Other antiarrhythmic agent at 1 month follow-up","INT",,"2=No | 3=Yes",1,6718,257,2,3,,"LOINC:LA32-8| LOINC:LA33-6","No| Yes","45878245| 45877994","atc:C01B","ANTIARRHYTHMICS, CLASS I AND III",21600248,"Other","snomed:74964007",9177,,,,"Drug_Exposure","Visit3/1month",4081745,"follow-up 1 month","snomed:183623000"
"f3_ALTROBB","Other beta blocker at 1 month follow-up","INT",,"2=No | 3=Yes",1,6718,257,2,3,,"LOINC:LA32-8| LOINC:LA33-6","No| Yes","45878245| 45877994","atc:C07A","BETA BLOCKING AGENTS",21601665,"Other","snomed:74964007",9177,,,,"Drug_Exposure","Visit3/1month",4081745,"follow-up 1 month","snomed:183623000"
"f3_ALTROCA","Other calcium antagonist at 1 month follow-up","INT",,"2=No | 3=Yes",1,6718,257,2,3,,"LOINC:LA32-8| LOINC:LA33-6","No| Yes","45878245| 45877994","atc:C08C","SELECTIVE CALCIUM CHANNEL BLOCKERS WITH MAINLY VASCULAR EFFECTS",21601745,"Other","snomed:74964007",9177,,,,"Drug_Exposure","Visit3/1month",4081745,"follow-up 1 month","snomed:183623000"
"f3_ALTRODIL","Other vasodilator at 1 month follow-up","INT",,"2=No | 3=Yes",1,6718,257,2,3,,"LOINC:LA32-8| LOINC:LA33-6","No| Yes","45878245| 45877994","snomed:372787008","Vasodilator",4158258,"Other","snomed:74964007",9177,,,,"Drug_Exposure","Visit3/1month",4081745,"follow-up 1 month","snomed:183623000"
"f3_AMIODAR","Amiodarone at 1 month follow-up","INT",,"2=No | 3=Yes",1,6718,257,2,3,,"LOINC:LA32-8| LOINC:LA33-6","No| Yes","45878245| 45877994","rxnorm:703","Amiodarone",1309944,,,,,,,"Drug_Exposure","Visit3/1month",4081745,"follow-up 1 month","snomed:183623000"
"f3_AMLOD","Amlodipine at 1 month follow-up","INT",,"2=No | 3=Yes",1,6718,257,2,3,,"LOINC:LA32-8| LOINC:LA33-6","No| Yes","45878245| 45877994","rxnorm:17767","Amlodipine",1332418,,,,,,,"Drug_Exposure","Visit3/1month",4081745,"follow-up 1 month","snomed:183623000"
"f3_ANTIAGGR","Other antiaggregants at 1 month follow-up","INT",,"2=No | 3=Yes",1,6718,257,2,3,,"LOINC:LA32-8| LOINC:LA33-6","No| Yes","45878245| 45877994","snomed:840595002","Platelet aggregation inhibitor therapy",3655005,"Other","snomed:74964007",9177,,,,"Drug_Exposure","Visit3/1month",4081745,"follow-up 1 month","snomed:183623000"
"f3_ANTICOAG","Oral anticoagulants at 1 month follow-up","INT",,"2=No | 3=Yes",1,6718,257,2,3,,"LOINC:LA32-8| LOINC:LA33-6","No| Yes","45878245| 45877994","atc:B01A","ANTITHROMBOTIC AGENTS",21600961,,,,,,,"Drug_Exposure","Visit3/1month",4081745,"follow-up 1 month","snomed:183623000"
"f3_ANTIDEPR","Antidepressants at 1 month follow-up","INT",,"2=No | 3=Yes",1,6718,257,2,3,,"LOINC:LA32-8| LOINC:LA33-6","No| Yes","45878245| 45877994","atc:N06A","antidepressants",21604686,,,,,,,"Drug_Exposure","Visit3/1month",4081745,"follow-up 1 month","snomed:183623000"
"f3_ASA","Acetylsalicylic acid at 1 month follow-up","INT",,"2=No | 3=Yes",1,6718,257,2,3,,"LOINC:LA32-8| LOINC:LA33-6","No| Yes","45878245| 45877994","rxnorm:1191","Aspirin",1112807,,,,,,,"Drug_Exposure","Visit3/1month",4081745,"follow-up 1 month","snomed:183623000"
"f3_AST","AST (U/L) at 1 month follow-up","FLOAT","U/L",,,6264,711,5,599,,,,,"loinc:1920-8","Aspartate aminotransferase [Enzymatic activity/volume] in Serum or Plasma",3013721,,,,"unit per liter","ucum:[U]/L",8645,"Measurement","Visit3/1month",4081745,"follow-up 1 month","snomed:183623000"
"f3_ATENO","Atenolol at 1 month follow-up","INT",,"2=No | 3=Yes",1,6718,257,2,3,,"LOINC:LA32-8| LOINC:LA33-6","No| Yes","45878245| 45877994","rxnorm:1202","Atenolol",1314002,,,,,,,"Drug_Exposure","Visit3/1month",4081745,"follow-up 1 month","snomed:183623000"
"f3_BBRANCA","Bundle branch block at visit 3 at 1 month follow-up","INT",,"0 = No | 1 = Yes",,6387,392,0,1,,"LOINC:LA32-8| LOINC:LA33-6","No| Yes","45878245| 45877994","snomed:6374002","Bundle branch block",313791,,,,,,,"Measurement","Visit3/1month",4081745,"follow-up 1 month","snomed:183623000"
"f3_BENZOD","Benzodiazepine at 1 month follow-up","INT",,"2=No | 3=Yes",1,6718,257,2,3,,"LOINC:LA32-8| LOINC:LA33-6","No| Yes","45878245| 45877994","atc:N05BA","Benzodiazepine derivatives",21604565,,,,,,,"Drug_Exposure","Visit3/1month",4081745,"follow-up 1 month","snomed:183623000"
"f3_BILIRUB","Bilirubine (mg/dl) at 1 month follow-up","FLOAT","mg/dl",,,6038,937,0.1,14,,,,,"loinc:1975-2","bilirubin.total [mass/volume] in serum or plasma",3024128,,,,"milligram per deciliter","ucum:mg/dL",8840,"Measurement","Visit3/1month",4081745,"follow-up 1 month","snomed:183623000"
"f3_BISOPRO","Bisoprolol at 1 month follow-up","INT",,"2=No | 3=Yes",1,6718,257,2,3,,"LOINC:LA32-8| LOINC:LA33-6","No| Yes","45878245| 45877994","rxnorm:19484","Bisoprolol",1338005,,,,,,,"Drug_Exposure","Visit3/1month",4081745,"follow-up 1 month","snomed:183623000"
"f3_CAPTO","Captopril at 1 month follow-up","INT",,"2=No | 3=Yes",1,6718,257,2,3,,"LOINC:LA32-8| LOINC:LA33-6","No| Yes","45878245| 45877994","rxnorm:1998","Captopril",1340128,,,,,,,"Drug_Exposure","Visit3/1month",4081745,"follow-up 1 month","snomed:183623000"
"f3_CARVE","Carvedilol at 1 month follow-up","INT",,"2=No | 3=Yes",1,6718,257,2,3,,"LOINC:LA32-8| LOINC:LA33-6","No| Yes","45878245| 45877994","rxnorm:20352","Carvedilol",1346823,,,,,,,"Drug_Exposure","Visit3/1month",4081745,"follow-up 1 month","snomed:183623000"
"f3_CKTOT","CK total (U/L) at 1 month follow-up","FLOAT","U/L",,,6108,867,2,1031,,,,,"loinc:2157-6","creatine kinase [enzymatic activity/volume] in serum or plasma",3007220,,,,"unit per liter","ucum:[U]/L",8645,"Measurement","Visit3/1month",4081745,"follow-up 1 month","snomed:183623000"
"f3_COLEHDL","Cholesterol HDL (mg/dl) at 1 month follow-up","FLOAT","mg/dl",,,6179,796,16,244,,,,,"loinc:2085-9","Cholesterol in HDL [Mass/volume] in Serum or Plasma",3007070,,,,"milligram per deciliter","ucum:mg/dL",8840,"Measurement","Visit3/1month",4081745,"follow-up 1 month","snomed:183623000"
"f3_COLELDL","Cholesterol LDL (mg/dl) at 1 month follow-up","FLOAT","mg/dl",,,5806,1169,2,276,,,,,"loinc:2089-1","Cholesterol in LDL [Mass/volume] in Serum or Plasma",3028437,,,,"milligram per deciliter","ucum:mg/dL",8840,"Measurement","Visit3/1month",4081745,"follow-up 1 month","snomed:183623000"
"f3_COLETOT","Total Cholesterol (mg/dl) at 1 month follow-up","FLOAT","mg/dl",,,6292,683,55,388,,,,,"loinc:2093-3","Cholesterol [Mass/volume] in Serum or Plasma",3027114,,,,"milligram per deciliter","ucum:mg/dL",8840,"Measurement","Visit3/1month",4081745,"follow-up 1 month","snomed:183623000"
"f3_CREATIN","Serum creatinine (mg/dl) at 1 month follow-up","FLOAT","mg/dl",,,6250,725,0.1,10.04,,,,,"loinc:2160-0","creatinine [mass/volume] in serum or plasma",3016723,,,,"milligram per deciliter","ucum:mg/dL",8840,"Measurement","Visit3/1month",4081745,"follow-up 1 month","snomed:183623000"
"f3_DALTACE","Dose other ACE-inhibitor (mg) at 1 month follow-up","FLOAT","mg",,,647,6328,1,60,,,,,"atc:C09AA","""ACE inhibitors, plain""",21601784,"Dosage|Other","snomed:260911001|snomed:74964007","4118853|9177","milligram","ucum:mg",8576,"Drug_Exposure","Visit3/1month",4081745,"follow-up 1 month","snomed:183623000"
"f3_DATAECG","ECG date at visit 3(at 1 month follow-up)","DATETIME","dd-mm-yyyy",,,6387,392,09/05/02,04/18/05,,,,,"loinc:LP149975-7","ECG",1011679,"Date of procedure","snomed:439272007",4232096,,,,"Observation_period","Visit3/1month",4081745,"follow-up 1 month","snomed:183623000"
"f3_DATALAB","Date of laboratory exam at 1 month follow-up","DATETIME","dd-mm-yyyy",,,6345,630,09/05/02,04/18/05,,,,,"snomed:281271004","Date sample received in laboratory",4084758,,,,,,,"Observation_period","Visit3/1month",4081745,"follow-up 1 month","snomed:183623000"
"f3_DATAMISU","Date of determination at 1 month follow-up","DATETIME","dd-mm-yyyy",,,6975,0,10/14/02,04/19/05,,,,,"snomed:406543005","Date of visit",4231970,,,,,,,"Observation_period","Visit3/1month",4081745,"follow-up 1 month","snomed:183623000"
"f3_DATENO","Dose Atenolol (mg) at 1 month follow-up","FLOAT","mg",,,96,6879,25,100,,,,,"rxnorm:1202","Atenolol",1314002,"Dosage","snomed:260911001",4118853,"milligram","ucum:mg",8576,"Drug_Exposure","Visit3/1month",4081745,"follow-up 1 month","snomed:183623000"
"f3_DBISOPRO","Dose Bisoprolol (mg) at 1 month follow-up","FLOAT","mg",,,480,6495,0.6,20,,,,,"rxnorm:19484","Bisoprolol",1338005,"Dosage","snomed:260911001",4118853,"milligram","ucum:mg",8576,"Drug_Exposure","Visit3/1month",4081745,"follow-up 1 month","snomed:183623000"
"f3_DCAPTO","Dose Captopril (mg) at 1 month follow-up","FLOAT","mg",,,221,6754,3.7,300,,,,,"rxnorm:1998","Captopril",1340128,"Dosage","snomed:260911001",4118853,"milligram","ucum:mg",8576,"Drug_Exposure","Visit3/1month",4081745,"follow-up 1 month","snomed:183623000"
"f3_DCARVE","Dose Carvedilol (mg) at 1 month follow-up","FLOAT","mg",,,3596,3379,1.25,100,,,,,"rxnorm:20352","Carvedilol",1346823,"Dosage","snomed:260911001",4118853,"milligram","ucum:mg",8576,"Drug_Exposure","Visit3/1month",4081745,"follow-up 1 month","snomed:183623000"
"f3_DENALA","Dose Enalapril (mg) at 1 month follow-up","FLOAT","mg",,,1818,5157,1,40,,,,,"rxnorm:3827","Enalapril",1341927,"Dosage","snomed:260911001",4118853,"milligram","ucum:mg",8576,"Drug_Exposure","Visit3/1month",4081745,"follow-up 1 month","snomed:183623000"
"f3_DESALTAC","Description other ACE-inhibitor at 1 month follow-up","STR",,,,647,6328,,,,,,,"atc:C09AA","""ACE inhibitors, plain""",21601784,"Description|Other","loinc:LP6800-9|snomed:74964007","1029623|9177",,,,"Drug_Exposure","Visit3/1month",4081745,"follow-up 1 month","snomed:183623000"
"f3_DESALTAR","Description other antiarrhythmic agent at 1 month follow-up","STR",,,,49,6926,,,,,,,"atc:C01B","ANTIARRHYTHMICS, CLASS I AND III",21600248,"Description|Other","loinc:LP6800-9|snomed:74964007","1029623|9177",,,,"Drug_Exposure","Visit3/1month",4081745,"follow-up 1 month","snomed:183623000"
"f3_DESALTBB","Description Other beta blocker at 1 month follow-up","STR",,,,88,6887,,,,,,,"atc:C07A","BETA BLOCKING AGENTS",21601665,"Description|Other","loinc:LP6800-9|snomed:74964007","1029623|9177",,,,"Drug_Exposure","Visit3/1month",4081745,"follow-up 1 month","snomed:183623000"
"f3_DESALTCA","Description other calcium antagonist at 1 month follow-up","STR",,,,103,6872,,,,,,,"atc:C08C","SELECTIVE CALCIUM CHANNEL BLOCKERS WITH MAINLY VASCULAR EFFECTS",21601745,"Description|Other","loinc:LP6800-9|snomed:74964007","1029623|9177",,,,"Drug_Exposure","Visit3/1month",4081745,"follow-up 1 month","snomed:183623000"
"f3_DESALTRD","Description other vasodilator at 1 month follow-up","STR",,,,113,6862,,,,,,,"snomed:372787008","Vasodilator",4158258,"Description|Other","loinc:LP6800-9|snomed:74964007","1029623|9177",,,,"Drug_Exposure","Visit3/1month",4081745,"follow-up 1 month","snomed:183623000"
"f3_DESCANO","Description of other ECG abnormality at 1 month follow-up","STR",,,,1859,5116,,,,,,,"loinc:LA24621-7","Abnormal ECG",36311174,"Description","loinc:LP6800-9",1029623,,,,"Observation","Visit3/1month",4081745,"follow-up 1 month","snomed:183623000"
"f3_DESCOPEN","Open labeled statins: description at 1 month follow-up","STR",,,,1482,5493,,,,,,,"atc:C10AA","hmg-coa reductase inhibitor",21601855,"Description","loinc:LP6800-9",1029623,,,,"Drug_Exposure","Visit3/1month",4081745,"follow-up 1 month","snomed:183623000"
"f3_DFUROSEM","Dose Furosemide (mg) at 1 month follow-up","FLOAT","mg",,,5274,1701,3,1000,,,,,"rxnorm:4603","Furosemide",956874,"Dosage","snomed:260911001",4118853,"milligram","ucum:mg",8576,"Drug_Exposure","Visit3/1month",4081745,"follow-up 1 month","snomed:183623000"
"f3_DIADIA","End diastolic diameter at 1 month follow-up","INT","mm",,,167,6808,35,944,,,,,"loinc:LP201909-1","Diameter at end diastole",37047549,,,,"millimeter","ucum:mm",8588,"Measurement","Visit3/1month",4081745,"follow-up 1 month","snomed:183623000"
"f3_DIASIS","End systolic diameter at 1 month follow-up","INT","mm",,,143,6832,25,806,,,,,"loinc:LP201908-3","Diameter at end systole",37035845,,,,"millimeter","ucum:mm",8588,"Measurement","Visit3/1month",4081745,"follow-up 1 month","snomed:183623000"
"f3_DIGITALE","Digitalis at 1 month follow-up","INT",,"2=No | 3=Yes",1,6718,257,2,3,,"LOINC:LA32-8| LOINC:LA33-6","No| Yes","45878245| 45877994","atc:C01AA","Digitalis glycosides",21601240,,,,,,,"Drug_Exposure","Visit3/1month",4081745,"follow-up 1 month","snomed:183623000"
"f3_DILTI","Diltiazem at 1 month follow-up","INT",,"2=No | 3=Yes",1,6718,257,2,3,,"LOINC:LA32-8| LOINC:LA33-6","No| Yes","45878245| 45877994","rxnorm:3443","Diltiazem",1328165,,,,,,,"Drug_Exposure","Visit3/1month",4081745,"follow-up 1 month","snomed:183623000"
"f3_DLISINO","Dose Lisinopril (mg) at 1 month follow-up","FLOAT","mg",,,6975,0,0,40,,,,,"rxnorm:29046","Lisonorpil",1308216,"Dosage","snomed:260911001",4118853,"milligram","ucum:mg",8576,"Drug_Exposure","Visit3/1month",4081745,"follow-up 1 month","snomed:183623000"
"f3_DMETO","Dose Metoprolol (mg) at 1 month follow-up","FLOAT","mg",,,180,6795,20,250,,,,,"rxnorm:6918","Metoprolol",1307046,"Dosage","snomed:260911001",4118853,"milligram","ucum:mg",8576,"Drug_Exposure","Visit3/1month",4081745,"follow-up 1 month","snomed:183623000"
"f3_DOSALTBB","Dose Other beta blocker (mg) at 1 month follow-up","FLOAT","mg",,,86,6889,1.25,240,,,,,"atc:C07A","BETA BLOCKING AGENTS",21601665,"Dosage|Other","snomed:260911001|snomed:74964007","4118853|9177","milligram","ucum:mg",8576,"Drug_Exposure","Visit3/1month",4081745,"follow-up 1 month","snomed:183623000"
"f3_DRAMIP","Dose Ramipril (mg) at 1 month follow-up","FLOAT","mg",,,1820,5155,0.6,15,,,,,"rxnorm:35296","Ramipril",1334456,"Dosage","snomed:260911001",4118853,"milligram","ucum:mg",8576,"Drug_Exposure","Visit3/1month",4081745,"follow-up 1 month","snomed:183623000"
"f3_DSPIRONO","Dose Spironolactone (mg) at 1 month follow-up","FLOAT","mg",,,2591,4384,5,300,,,,,"rxnorm:9997","Spironolactone",970250,"Dosage","snomed:260911001",4118853,"milligram","ucum:mg",8576,"Drug_Exposure","Visit3/1month",4081745,"follow-up 1 month","snomed:183623000"
"f3_DTRAND","Dose Trandolapril (mg) at 1 month follow-up","FLOAT","mg",,,18,6957,0.5,6,,,,,"rxnorm:38454","Trandolapril",1342439,"Dosage","snomed:260911001",4118853,"milligram","ucum:mg",8576,"Drug_Exposure","Visit3/1month",4081745,"follow-up 1 month","snomed:183623000"
"f3_DURQRS","QRS length (msec) at visit 3 at 1 month follow-up","INT","msec",,,6384,395,30,400,,,,,"snomed:39632005","QRS interval",4218048,,,,"millisecond","ucum:ms",9593,"Measurement","Visit3/1month",4081745,"follow-up 1 month","snomed:183623000"
"f3_EDEMPERI","Peripheral edema severity at 1 month follow-up","INT",,"2 = no | 3 = only ankles | 4 = until knee | 5 = above",1,6604,371,2,5,,"LOINC:LA32-8| snomed:26237000| snomed:102575008|snomed:102573001","No|ankle edema|Edema of knee|Edema of thigh","45878245|4094513|4010012|4010011","snomed:423484008","Grade of edema",4313204,,,,,,,"measurement","Visit3/1month",4081745,"follow-up 1 month","snomed:183623000"
"f3_EMATOCRI","Hematocrit (%) at 1 month follow-up","FLOAT",,,,6273,702,24,59,,,,,"Loinc:20570-8","Hematocrit [Volume Fraction] of Blood",3009542,,,,,,,"Measurement","Visit3/1month",4081745,"follow-up 1 month","snomed:183623000"
"f3_EMOGLOB","Hemoglobin (g/dl) at 1 month follow-up","FLOAT","g/dL",,,6280,695,5,18.9,,,,,"loinc:718-7","Hemoglobin [Mass/volume] in Blood",3000963,,,,"gram per deciliter","ucum:g/dL",8713,"Measurement","Visit3/1month",4081745,"follow-up 1 month","snomed:183623000"
"f3_ENALA","Enalapril at 1 month follow-up","INT",,"2=No | 3=Yes",1,6718,257,2,3,,"LOINC:LA32-8| LOINC:LA33-6","No| Yes","45878245| 45877994","rxnorm:3827","Enalapril",1341927,,,,,,,"Drug_Exposure","Visit3/1month",4081745,"follow-up 1 month","snomed:183623000"
"f3_FANS","Non-steroidal anti-inflammatory agent (FANS) at 1 month follow-up","INT",,"2=No | 3=Yes",1,6718,257,2,3,,"LOINC:LA32-8| LOINC:LA33-6","No| Yes","45878245| 45877994","atc:M01A","ANTIINFLAMMATORY AND ANTIRHEUMATIC PRODUCTS, NON-STEROIDS",21603933,,,,,,,"Drug_Exposure","Visit3/1month",4081745,"follow-up 1 month","snomed:183623000"
"f3_FC","Heart rate (bpm) at 1 month follow-up","FLOAT","beats/min",,,6514,461,40,160,,,,,"loinc:8867-4","Heart rate",3027018,,,,"Counts per minute","ucum:{counts}/min",8483,"Measurement","Visit3/1month",4081745,"follow-up 1 month","snomed:183623000"
"f3_FCECG","Heart rate (ECG) (bpm) at visit 3 at 1 month follow-up","FLOAT","beats/min",,,6385,394,40,160,,,,,"loinc:8867-4","Heart rate",3027018,"ECG finding","snomed:271921002",4156045,"Counts per minute","ucum:{counts}/min",8483,"Measurement","Visit3/1month",4081745,"follow-up 1 month","snomed:183623000"
"f3_FELOD","Felodipine at 1 month follow-up","INT",,"2=No | 3=Yes",1,6718,257,2,3,,"LOINC:LA32-8| LOINC:LA33-6","No| Yes","45878245| 45877994","rxnorm:4316","Felodipine",1353776,,,,,,,"Drug_Exposure","Visit3/1month",4081745,"follow-up 1 month","snomed:183623000"
"f3_FIBRINO","Fibrinogenemia (mg/dl) at 1 month follow-up","FLOAT","mg/dl",,,5920,1055,71,1079,,,,,"snomed:1108621000000108","fibrinogen mass concentration in plasma",37208754,,,,"milligram per deciliter","ucum:mg/dL",8840,"Measurement","Visit3/1month",4081745,"follow-up 1 month","snomed:183623000"
"f3_FLUTTER","Atrial fibrillation / Flutter at 1 month follow-up","INT",,"0 = No | 1 = Yes",,6387,392,0,1,,"LOINC:LA32-8| LOINC:LA33-6","No| Yes","45878245| 45877994","snomed:49436004","Atrial fibrillation",313217,,,,,,,"Measurement","Visit3/1month",4081745,"follow-up 1 month","snomed:183623000"
"f3_FUROSEMI","Furosemide at 1 month follow-up","INT",,"2=No | 3=Yes",1,6718,257,2,3,,"LOINC:LA32-8| LOINC:LA33-6","No| Yes","45878245| 45877994","rxnorm:4603","Furosemide",956874,,,,,,,"Drug_Exposure","Visit3/1month",4081745,"follow-up 1 month","snomed:183623000"
"f3_GBIANCHI","White blood cells (mm3) at 1 month follow-up","FLOAT","mm3",,,6274,701,677,28600,,,,,"snomed:1110441000000100","White blood cell count in blood",37208925,,,,"cubic millimeter","ucum:mm3",8686,"Measurement","Visit3/1month",4081745,"follow-up 1 month","snomed:183623000"
"f3_GLICEMIA","Glycemia (mg/dl) at 1 month follow-up","FLOAT","mg/dl",,,6259,716,24,543,,,,,"Snomed:33747003","“Glucose measurement, blood”",4144235,,,,"milligram per deciliter","ucum:mg/dL",8840,"Measurement","Visit3/1month",4081745,"follow-up 1 month","snomed:183623000"
"f3_IDRALAZ","Hydralazine at 1 month follow-up","INT",,"2=No | 3=Yes",1,6718,257,2,3,,"LOINC:LA32-8| LOINC:LA33-6","No| Yes","45878245| 45877994","rxnorm:5470","Hydralazine",1373928,,,,,,,"Drug_Exposure","Visit3/1month",4081745,"follow-up 1 month","snomed:183623000"
"f3_INTENZIO","Intentional weight loss (If weight loss >= 2 kg) at 1 month follow-up","INT",,"1 = no weight loss | 2 = no | 3 = yes",,6975,0,1,1,,"snomed:83421005| LOINC:LA32-8| LOINC:LA33-6","failure to lose weight|no|yes","4308415 | 45878245| 45877994","snomed:416528001","intentional weight loss",4214302,,,,,,,"Measurement","Visit3/1month",4081745,"follow-up 1 month","snomed:183623000"
"f3_IPERVENT","Left ventricular hypertrophy at visit 3 at 1 month follow-up","INT",,"0 = No | 1 = Yes",,6387,392,0,1,,"LOINC:LA32-8| LOINC:LA33-6","No| Yes","45878245| 45877994","snomed:55827005","Left ventricular hypertrophy",4184746,,,,,,,"Measurement","Visit3/1month",4081745,"follow-up 1 month","snomed:183623000"
"f3_LALT","Lower limit ALT (U/L) at 1 month follow-up","FLOAT","U/L",,,3820,3155,1,30,,,,,"loinc:76625-3","Alanine aminotransferase [Enzymatic activity/volume] in Blood",46235106,"Lower limit of reference range","snomed:385524004",4294191,"unit per liter","ucum:[U]/L",8645,"Measurement","Visit3/1month",4081745,"follow-up 1 month","snomed:183623000"
"f3_LAST","Lower limit AST (U/L) at 1 month follow-up","FLOAT","U/L",,,3747,3228,1,21,,,,,"loinc:1920-8","Aspartate aminotransferase [Enzymatic activity/volume] in Serum or Plasma",3013721,"Lower limit of reference range","snomed:385524004",4294191,"unit per liter","ucum:[U]/L",8645,"Measurement","Visit3/1month",4081745,"follow-up 1 month","snomed:183623000"
"f3_LATOBB","Bundle branch block side at visit 3 at 1 month follow-up","INT",,"2 = left | 3=right",1,2140,4639,2,3,,"snomed:7771000|snomed:24028007","Left|Right","4300877|4080761","snomed:6374002","Bundle branch block",313791,"side","snomed:182353008",4112563,,,,"Measurement","Visit3/1month",4081745,"follow-up 1 month","snomed:183623000"
"f3_LCKTOT","Lower limit CK total (U/L) at 1 month follow-up","FLOAT","U/L",,,4225,2750,1,149,,,,,"loinc:2157-6","creatine kinase [enzymatic activity/volume] in serum or plasma",3007220,"Lower limit of reference range","snomed:385524004",4294191,"unit per liter","ucum:[U]/L",8645,"Measurement","Visit3/1month",4081745,"follow-up 1 month","snomed:183623000"
"f3_LISINO","Lisinopril at 1 month follow-up","INT",,"2=No | 3=Yes",1,6718,257,2,3,,"LOINC:LA32-8| LOINC:LA33-6","No| Yes","45878245| 45877994","rxnorm:29046","Lisonorpil",1308216,,,,,,,"Drug_Exposure","Visit3/1month",4081745,"follow-up 1 month","snomed:183623000"
"f3_METO","Metoprolol at 1 month follow-up","INT",,"2=No | 3=Yes",1,6718,257,2,3,,"LOINC:LA32-8| LOINC:LA33-6","No| Yes","45878245| 45877994","rxnorm:6918","Metoprolol",1307046,,,,,,,"Drug_Exposure","Visit3/1month",4081745,"follow-up 1 month","snomed:183623000"
"f3_METOFE","Method of measurement Left Ventricular Ejection Fraction (LVEF) at 1 month follow-up","INT",,"2 = Echocardiography | 3 = Scintigraphy | 4 = Ventriculography",1,419,6556,2,4,,"LOINC:LA7215-2| cdisc:C62667| SNOMED:252426003","Echocardiography| SCINTIGRAPHY| Ventriculography","45876598| 37531525|4098040","snomed:250908004","Left ventricular ejection fraction",4108582,"Measurement method","snomed:370129005",4152892,,,,"Condition_occurrence","Visit3/1month",4081745,"follow-up 1 month","snomed:183623000"
"f3_N3PUFA","N3-PUFA open labeled at 1 month follow-up","INT",,"2=No | 3=Yes",1,6719,256,2,3,,"LOINC:LA32-8| LOINC:LA33-6","No| Yes","45878245| 45877994","atc:N03AG","Fatty acid derivatives",21604421,,,,,,,"Drug_Exposure","Visit3/1month",4081745,"follow-up 1 month","snomed:183623000"
"f3_NA","Serum Sodium (mmol/L) at 1 month follow-up","FLOAT","mmol/L",,,6257,718,100,156,,,,,"loinc:2951-2","Sodium [Moles/volume] in Serum or Plasma",3019550,,,,"millimole per liter","ucum:mmol/L",8753,"Measurement","Visit3/1month",4081745,"follow-up 1 month","snomed:183623000"
"f3_NIFED","Nifedipine at 1 month follow-up","INT",,"2=No | 3=Yes",1,6718,257,2,3,,"LOINC:LA32-8| LOINC:LA33-6","No| Yes","45878245| 45877994","rxnorm:7417","Nifedipine",1318853,,,,,,,"Drug_Exposure","Visit3/1month",4081745,"follow-up 1 month","snomed:183623000"
"f3_NITRATI","Nitrates at 1 month follow-up","INT",,"2=No | 3=Yes",1,6718,257,2,3,,"LOINC:LA32-8| LOINC:LA33-6","No| Yes","45878245| 45877994","atc:C01DA","Organic nitrates",21600316,,,,,,,"Drug_Exposure","Visit3/1month",4081745,"follow-up 1 month","snomed:183623000"
"f3_NYHA","NYHA Class at 1 month follow-up","INT",,"2 = NYHA class I | 3 = NYHA class II | 4 = NYHA class III | 5 = NYHA class IV",1,6652,323,2,5,,"snomed:420300004| snomed:421704003| snomed:420913000| snomed:422293003","New York Heart Association Classification - Class I| New York Heart Association Classification - Class II| New York Heart Association Classification - Class III| New York Heart Association Classification - Class IV","4220607| 4226789| 4227345| 4228881","snomed:420816009","new york heart association classification",4223299,,,,,,,"Measurement","Visit3/1month",4081745,"follow-up 1 month","snomed:183623000"
"f3_ONDEQ","Pathological Q waves at visit 3 at 1 month follow-up","INT",,"0 = No | 1 = Yes",,6387,392,0,1,,"LOINC:LA32-8| LOINC:LA33-6","No| Yes","45878245| 45877994","snomed:164918000","Pathological Q wave",4065387,,,,,,,"Measurement","Visit3/1month",4081745,"follow-up 1 month","snomed:183623000"
"f3_OPENSTAT","Statins open labeled at 1 month follow-up","INT",,"2=No | 3=Yes",1,6719,256,2,3,,"LOINC:LA32-8| LOINC:LA33-6","No| Yes","45878245| 45877994","atc:C10AA","hmg-coa reductase inhibitor",21601855,,,,,,,"Drug_Exposure","Visit3/1month",4081745,"follow-up 1 month","snomed:183623000"
"f3_PAD","Diastolic blood pressure (mmHg) at 1 month follow-up","FLOAT","mmHg",,,6540,435,40,120,,,,,"loinc:8462-4","Diastolic blood pressure",3012888,,,,"millimeter mercury column","ucum:mm[Hg]",8876,"Measurement","Visit3/1month",4081745,"follow-up 1 month","snomed:183623000"
"f3_PAS","Systolic blood pressure (mmHg) at 1 month follow-up","FLOAT","mmHg",,,6541,434,70,220,,,,,"loinc:8480-6","Systolic blood pressure",3004249,,,,"millimeter mercury column","ucum:mm[Hg]",8876,"Measurement","Visit3/1month",4081745,"follow-up 1 month","snomed:183623000"
"f3_PESOATT","Weight (kg) at 1 month follow-up","FLOAT","Kilogram",,,6615,360,35,178,,,,,"loinc:29463-7","Body weight",3025315,,,,"kilogram","ucum:kg",9529,"Measurement","Visit3/1month",4081745,"follow-up 1 month","snomed:183623000"
"f3_POTASSIO","Serum potassium (mmol/L) at 1 month follow-up","FLOAT","mmol/L",,,6254,721,2.6,7.42,,,,,"loinc:2823-3","Potassium [Moles/volume] in Serum or Plasma",3023103,,,,"millimole per liter","ucum:mmol/L",8753,"Measurement","Visit3/1month",4081745,"follow-up 1 month","snomed:183623000"
"f3_RAMIP","Ramipril at 1 month follow-up","INT",,"2=No | 3=Yes",1,6718,257,2,3,,"LOINC:LA32-8| LOINC:LA33-6","No| Yes","45878245| 45877994","rxnorm:35296","Ramipril",1334456,,,,,,,"Drug_Exposure","Visit3/1month",4081745,"follow-up 1 month","snomed:183623000"
"f3_RITMOPM","Rhythm from pacemaker at 1 month follow-up","INT",,"0 = No | 1 = Yes",,6387,392,0,1,,"LOINC:LA32-8| LOINC:LA33-6","No| Yes","45878245| 45877994","snomed:10370003","Rhythm from artificial pacing",4304202,,,,,,,"Measurement","Visit3/1month",4081745,"follow-up 1 month","snomed:183623000"
"f3_SARTANI","Sartans at 1 month follow-up","INT",,"2=No | 3=Yes",1,6718,257,2,3,,"LOINC:LA32-8| LOINC:LA33-6","No| Yes","45878245| 45877994","atc:C09CA","""Angiotensin II receptor blockers (ARBs), plain""",21601823,,,,,,,"Drug_Exposure","Visit3/1month",4081745,"follow-up 1 month","snomed:183623000"
"f3_SILDENAF","Sildenafil at 1 month follow-up","INT",,"2=No | 3=Yes",1,6718,257,2,3,,"LOINC:LA32-8| LOINC:LA33-6","No| Yes","45878245| 45877994","Rxnorm:136411","Sildenafil",1316262,,,,,,,"Drug_Exposure","Visit3/1month",4081745,"follow-up 1 month","snomed:183623000"
"f3_SIV","Diastolic thickness SIV at 1 month follow-up","INT","mm",,,126,6849,6,18,,,,,"loinc:LP73510-7","Thickness diastolic",1031196,,,,"millimeter","ucum:mm",8588,"Measurement","Visit3/1month",4081745,"follow-up 1 month","snomed:183623000"
"f3_SPIRONO","Spironolactone at 1 month follow-up","INT",,"2=No | 3=Yes",1,6718,257,2,3,,"LOINC:LA32-8| LOINC:LA33-6","No| Yes","45878245| 45877994","rxnorm:9997","Spironolactone",970250,,,,,,,"Drug_Exposure","Visit3/1month",4081745,"follow-up 1 month","snomed:183623000"
"f3_TERAORMO","Hormone Replacement Therapy at 1 month follow-up","INT",,"2=No | 3=Yes",1,6718,257,2,3,,"LOINC:LA32-8| LOINC:LA33-6","No| Yes","45878245| 45877994","snomed:266717002","Hormone Replacement Therapy",4141760,,,,,,,"Drug_Exposure","Visit3/1month",4081745,"follow-up 1 month","snomed:183623000"
"f3_TIAZIDI","Thiazides at 1 month follow-up","INT",,"2=No | 3=Yes",1,6718,257,2,3,,"LOINC:LA32-8| LOINC:LA33-6","No| Yes","45878245| 45877994","snomed:860766002","Thiazides",3655254,,,,,,,"Drug_Exposure","Visit3/1month",4081745,"follow-up 1 month","snomed:183623000"
"f3_TRAND","Trandolapril at 1 month follow-up","INT",,"2=No | 3=Yes",1,6718,257,2,3,,"LOINC:LA32-8| LOINC:LA33-6","No| Yes","45878245| 45877994","rxnorm:38454","Trandolapril",1342439,,,,,,,"Drug_Exposure","Visit3/1month",4081745,"follow-up 1 month","snomed:183623000"
"f3_TRIGLI","Triglycerides (mg/dl) at 1 month follow-up","FLOAT","mg/dl",,,6271,704,23,1470,,,,,"loinc:14927-8","Triglyceride [Moles/volume] in Serum or Plasma",3025839,,,,"milligram per deciliter","ucum:mg/dL",8840,"Measurement","Visit3/1month",4081745,"follow-up 1 month","snomed:183623000"
"f3_UALT","Upper limit ALT (U/L) at 1 month follow-up","FLOAT","U/L",,,6345,630,22,72,,,,,"loinc:76625-3","Alanine aminotransferase [Enzymatic activity/volume] in Blood",46235106,"Upper limit of reference range","snomed:371933006",4162853,"unit per liter","ucum:[U]/L",8645,"Measurement","Visit3/1month",4081745,"follow-up 1 month","snomed:183623000"
"f3_UAST","Upper limit AST (U/L) at 1 month follow-up","FLOAT","U/L",,,6345,630,19,66,,,,,"loinc:1920-8","Aspartate aminotransferase [Enzymatic activity/volume] in Serum or Plasma",3013721,"Upper limit of reference range","snomed:371933006",4162853,"unit per liter","ucum:[U]/L",8645,"Measurement","Visit3/1month",4081745,"follow-up 1 month","snomed:183623000"
"f3_UCKTOT","Upper limit CK total (U/L) at 1 month follow-up","FLOAT","U/L",,,6345,630,70,397,,,,,"loinc:2157-6","creatine kinase [enzymatic activity/volume] in serum or plasma",3007220,"Upper limit of reference range","snomed:371933006",4162853,"unit per liter","ucum:[U]/L",8645,"Measurement","Visit3/1month",4081745,"follow-up 1 month","snomed:183623000"
"f3_URICE","Uricemia (mg/dl) at 1 month follow-up","FLOAT","mg/dl",,,6127,848,0.9,19,,,,,"loinc:3084-1","urate [mass/volume] in serum or plasma",3037556,,,,"milligram per deciliter","ucum:mg/dL",8840,"Measurement","Visit3/1month",4081745,"follow-up 1 month","snomed:183623000"
"f3_VALFE","Value of Left Ventricular Ejection Fraction (LVEF)(%) at 1 month follow-up","INT",,,,419,6556,10,86,,,,,"snomed:250908004","Left ventricular ejection fraction",4108582,,,,,,,"Measurement","Visit3/1month",4081745,"follow-up 1 month","snomed:183623000"
"f3_VALUECG","ECG evaluation at visit 3 at 1 month follow-up","INT",,"2 = normal | 3 = abnormal",1,6387,392,2,3,,"snomed:17621005|snomed:263654008","Normal | Abnormal","4069590|4135493","loinc:LP149975-7","ECG",1011679,"evaluation","snomed:723051000000101",44803879,,,,"Measurement","Visit3/1month",4081745,"follow-up 1 month","snomed:183623000"
"f3_VERAP","Verapamil at 1 month follow-up","INT",,"2=No | 3=Yes",1,6718,257,2,3,,"LOINC:LA32-8| LOINC:LA33-6","No| Yes","45878245| 45877994","rxnorm:11170","Verapamil",1307863,,,,,,,"Drug_Exposure","Visit3/1month",4081745,"follow-up 1 month","snomed:183623000"
"f3_VOLDIA","End diastolic Volume at 1 month follow-up","INT","mL",,,129,6846,53,397,,,,,"loinc:75988-6","Left ventricular End diastolic volume",21490770,,,,"milliliter","ucum:mL",8587,"Measurement","Visit3/1month",4081745,"follow-up 1 month","snomed:183623000"
"f3_VOLSIS","End systolic Volume at 1 month follow-up","INT","mL",,,117,6858,21,298,,,,,"loinc:75989-4","Left ventricular End systolic volume",21490771,,,,"milliliter","ucum:mL",8587,"Measurement","Visit3/1month",4081745,"follow-up 1 month","snomed:183623000"
"f4_ALCOOL","Alcohol at 3 month follow up","INT",,"2 = NO | 3 = YES",1,6486,489,2,3,,"LOINC:LA32-8| LOINC:LA33-6","No| yes","45878245| 45877994","snomed:219006","Current drinker",4074035,,,,,,,"Observation","Visit4/3months",44789369,"follow-up 3 months","snomed:200521000000107"
"f4_ALLOPURI","Allopurinol at 3 month follow up","INT",,"2=No | 3=Yes",1,6533,442,2,3,,"LOINC:LA32-8| LOINC:LA33-6","No| Yes","45878245| 45877994","rxnorm:519","Allopurinol",1167322,,,,,,,"Drug_Exposure","Visit4/3months",44789369,"follow-up 3 months","snomed:200521000000107"
"f4_ALT","ALT (U/L) at 3 month follow up","FLOAT","U/L",,,6167,808,2,264,,,,,"loinc:76625-3","Alanine aminotransferase [Enzymatic activity/volume] in Blood",46235106,,,,"unit per liter","ucum:[U]/L",8645,"Measurement","Visit4/3months",44789369,"follow-up 3 months","snomed:200521000000107"
"f4_ALTACE","other ACE-inhibitor at 3 month follow up","INT",,"2=No | 3=Yes",1,6533,442,2,3,,"LOINC:LA32-8| LOINC:LA33-6","No| Yes","45878245| 45877994","atc:C09AA","""ACE inhibitors, plain""",21601784,"Other","snomed:74964007",9177,,,,"Drug_Exposure","Visit4/3months",44789369,"follow-up 3 months","snomed:200521000000107"
"f4_ALTANO","Other ECG abnormality at 3 month follow up","INT",,"0 = No | 1 = Yes",,6245,534,0,1,,"LOINC:LA32-8| LOINC:LA33-6","No| Yes","45878245| 45877994","loinc:LA24621-7","Abnormal ECG",36311174,,,,,,,"Measurement","Visit4/3months",44789369,"follow-up 3 months","snomed:200521000000107"
"f4_ALTDIU","Other diuretics at 3 month follow up","INT",,"2=No | 3=Yes",1,6533,442,2,3,,"LOINC:LA32-8| LOINC:LA33-6","No| Yes","45878245| 45877994","atc:C03","DIURETICS",21601461,"Other","snomed:74964007",9177,,,,"Drug_Exposure","Visit4/3months",44789369,"follow-up 3 months","snomed:200521000000107"
"f4_ALTROARI","Other antiarrhythmic agent at 3 month follow up","INT",,"2=No | 3=Yes",1,6532,443,2,3,,"LOINC:LA32-8| LOINC:LA33-6","No| Yes","45878245| 45877994","atc:C01B","ANTIARRHYTHMICS, CLASS I AND III",21600248,"Other","snomed:74964007",9177,,,,"Drug_Exposure","Visit4/3months",44789369,"follow-up 3 months","snomed:200521000000107"
"f4_ALTROBB","Other beta blocker at 3 month follow up","INT",,"2=No | 3=Yes",1,6532,443,2,3,,"LOINC:LA32-8| LOINC:LA33-6","No| Yes","45878245| 45877994","atc:C07A","BETA BLOCKING AGENTS",21601665,"Other","snomed:74964007",9177,,,,"Drug_Exposure","Visit4/3months",44789369,"follow-up 3 months","snomed:200521000000107"
"f4_ALTROCA","Other calcium antagonist at 3 month follow up","INT",,"2=No | 3=Yes",1,6533,442,2,3,,"LOINC:LA32-8| LOINC:LA33-6","No| Yes","45878245| 45877994","atc:C08C","SELECTIVE CALCIUM CHANNEL BLOCKERS WITH MAINLY VASCULAR EFFECTS",21601745,"Other","snomed:74964007",9177,,,,"Drug_Exposure","Visit4/3months",44789369,"follow-up 3 months","snomed:200521000000107"
"f4_ALTRODIL","Other vasodilator at 3 month follow up","INT",,"2=No | 3=Yes",1,6532,443,2,3,,"LOINC:LA32-8| LOINC:LA33-6","No| Yes","45878245| 45877994","snomed:372787008","Vasodilator",4158258,"Other","snomed:74964007",9177,,,,"Drug_Exposure","Visit4/3months",44789369,"follow-up 3 months","snomed:200521000000107"
"f4_AMIODAR","Amiodarone at 3 month follow up","INT",,"2=No | 3=Yes",1,6532,443,2,3,,"LOINC:LA32-8| LOINC:LA33-6","No| Yes","45878245| 45877994","rxnorm:703","Amiodarone",1309944,,,,,,,"Drug_Exposure","Visit4/3months",44789369,"follow-up 3 months","snomed:200521000000107"
"f4_AMLOD","Amlodipine at 3 month follow up","INT",,"2=No | 3=Yes",1,6533,442,2,3,,"LOINC:LA32-8| LOINC:LA33-6","No| Yes","45878245| 45877994","rxnorm:17767","Amlodipine",1332418,,,,,,,"Drug_Exposure","Visit4/3months",44789369,"follow-up 3 months","snomed:200521000000107"
"f4_ANTIAGGR","Other antiaggregants at 3 month follow up","INT",,"2=No | 3=Yes",1,6532,443,2,3,,"LOINC:LA32-8| LOINC:LA33-6","No| Yes","45878245| 45877994","snomed:840595002","Platelet aggregation inhibitor therapy",3655005,"Other","snomed:74964007",9177,,,,"Drug_Exposure","Visit4/3months",44789369,"follow-up 3 months","snomed:200521000000107"
"f4_ANTICOAG","Oral anticoagulants at 3 month follow up","INT",,"2=No | 3=Yes",1,6532,443,2,3,,"LOINC:LA32-8| LOINC:LA33-6","No| Yes","45878245| 45877994","atc:B01A","ANTITHROMBOTIC AGENTS",21600961,,,,,,,"Drug_Exposure","Visit4/3months",44789369,"follow-up 3 months","snomed:200521000000107"
"f4_ANTIDEPR","Antidepressants at 3 month follow up","INT",,"2=No | 3=Yes",1,6533,442,2,3,,"LOINC:LA32-8| LOINC:LA33-6","No| Yes","45878245| 45877994","atc:N06A","antidepressants",21604686,,,,,,,"Drug_Exposure","Visit4/3months",44789369,"follow-up 3 months","snomed:200521000000107"
"f4_ASA","Acetylsalicylic acid at 3 month follow up","INT",,"2=No | 3=Yes",1,6532,443,2,3,,"LOINC:LA32-8| LOINC:LA33-6","No| Yes","45878245| 45877994","rxnorm:1191","Aspirin",1112807,,,,,,,"Drug_Exposure","Visit4/3months",44789369,"follow-up 3 months","snomed:200521000000107"
"f4_AST","AST (U/L) at 3 month follow up","FLOAT","U/L",,,6162,813,1,260,,,,,"loinc:1920-8","Aspartate aminotransferase [Enzymatic activity/volume] in Serum or Plasma",3013721,,,,"unit per liter","ucum:[U]/L",8645,"Measurement","Visit4/3months",44789369,"follow-up 3 months","snomed:200521000000107"
"f4_ATENO","Atenolol at 3 month follow up","INT",,"2=No | 3=Yes",1,6532,443,2,3,,"LOINC:LA32-8| LOINC:LA33-6","No| Yes","45878245| 45877994","rxnorm:1202","Atenolol",1314002,,,,,,,"Drug_Exposure","Visit4/3months",44789369,"follow-up 3 months","snomed:200521000000107"
"f4_BBRANCA","Bundle branch block at 3 month follow up","INT",,"0 = No | 1 = Yes",,6245,534,0,1,,"LOINC:LA32-8| LOINC:LA33-6","No| Yes","45878245| 45877994","snomed:6374002","Bundle branch block",313791,,,,,,,"Measurement","Visit4/3months",44789369,"follow-up 3 months","snomed:200521000000107"
"f4_BENZOD","Benzodiazepine at 3 month follow-up","INT",,"2=No | 3=Yes",1,6533,442,2,3,,"LOINC:LA32-8| LOINC:LA33-6","No| Yes","45878245| 45877994","atc:N05BA","Benzodiazepine derivatives",21604565,,,,,,,"Drug_Exposure","Visit4/3months",44789369,"follow-up 3 months","snomed:200521000000107"
"f4_BILIRUB","Bilirubine (mg/dl) at 3 month follow up","FLOAT","mg/dl",,,5996,979,0.07,9.97,,,,,"loinc:1975-2","bilirubin.total [mass/volume] in serum or plasma",3024128,,,,"milligram per deciliter","ucum:mg/dL",8840,"Measurement","Visit4/3months",44789369,"follow-up 3 months","snomed:200521000000107"
"f4_BIRRA","Beer (if alcohol YES) at 3 month follow up","INT",,"2 = NO | 3 = sometimes | 4 = 1-2 glasses a day | 5 = 3-4 glasses a day | 6 = 5+ glasses a day",1,4345,2630,2,6,,"LOINC:LA32-8| LOINC:LA10082-8| LOINC:LA26462-4| SNOMED:396112008| loinc:LA13858-8","No| sometimes| 1 or 2 times per day|  Three to four times a day| 5 or more times per day","45878245| 45882528| 42530681| 4244842| 45882530","snomed:53410008","Beer",4201587,,,,,,,"Observation","Visit4/3months",44789369,"follow-up 3 months","snomed:200521000000107"
"f4_BISOPRO","Bisoprolol at 3 month follow up","INT",,"2=No | 3=Yes",1,6532,443,2,3,,"LOINC:LA32-8| LOINC:LA33-6","No| Yes","45878245| 45877994","rxnorm:19484","Bisoprolol",1338005,,,,,,,"Drug_Exposure","Visit4/3months",44789369,"follow-up 3 months","snomed:200521000000107"
"f4_BURRO","Butter at 3 month follow up","INT",,"2 = never | 3 = sometimes | 4 = frequently | 5 = on a regular basis",1,6485,490,2,5,,"LOINC:LA6270-8| LOINC:LA10082-8| LOINC:LA6482-9| SNOMED:307430002","Never| sometimes| frequently| regular frequency","45876662| 45882528| 45883983| 4146463","snomed:226888007","Butter",4024776,,,,,,,"Observation","Visit4/3months",44789369,"follow-up 3 months","snomed:200521000000107"
"f4_CAFFE","Coffee at 3 month follow up","INT",,"2 = never | 3 = 1-2 cups a day | 4 = 3-4 cups a day | 5 = 5+ cups a day",1,6485,490,2,5,,"SNOMED:444841000124107| SNOMED:396107007| SNOMED:396112008| loinc:LA13858-8","Never| One to two times a day| Three to four times a day| 5 or more times per day","763692| 4245244| 4244842| 45882530","snomed:29263009","Coffee",4162308,,,,,,,"Observation","Visit4/3months",44789369,"follow-up 3 months","snomed:200521000000107"
"f4_CAPTO","Captopril at 3 month follow up","INT",,"2=No | 3=Yes",1,6533,442,2,3,,"LOINC:LA32-8| LOINC:LA33-6","No| Yes","45878245| 45877994","rxnorm:1998","Captopril",1340128,,,,,,,"Drug_Exposure","Visit4/3months",44789369,"follow-up 3 months","snomed:200521000000107"
"f4_CARVE","Carvedilol at 3 month follow up","INT",,"2=No | 3=Yes",1,6532,443,2,3,,"LOINC:LA32-8| LOINC:LA33-6","No| Yes","45878245| 45877994","rxnorm:20352","Carvedilol",1346823,,,,,,,"Drug_Exposure","Visit4/3months",44789369,"follow-up 3 months","snomed:200521000000107"
"f4_CHEESE","Cheese at 3 month follow up","INT",,"2 = never | 3 =2-3 times a week | 4 = once a day | 5= >1 times a day",1,6485,490,2,5,,"SNOMED:444841000124107| LOINC:LA26463-2| LOINC:LA13897-6| SNOMED:1411000175107","Never| 2 or 3 times per week| once a day| more than once a day","763692| 42531019| 45876378| 761069","snomed:102264005","Cheese",4008485,,,,,,,"Observation","Visit4/3months",44789369,"follow-up 3 months","snomed:200521000000107"
"f4_CKTOT","CK total (U/L) at 3 month follow up","FLOAT","U/L",,,5994,981,3,2115,,,,,"loinc:2157-6","creatine kinase [enzymatic activity/volume] in serum or plasma",3007220,,,,"unit per liter","ucum:[U]/L",8645,"Measurement","Visit4/3months",44789369,"follow-up 3 months","snomed:200521000000107"
"f4_COLEHDL","Cholesterol HDL (mg/dl) at 3 month follow up","FLOAT","mg/dl",,,6093,882,6,145,,,,,"loinc:2085-9","Cholesterol in HDL [Mass/volume] in Serum or Plasma",3007070,,,,"milligram per deciliter","ucum:mg/dL",8840,"Measurement","Visit4/3months",44789369,"follow-up 3 months","snomed:200521000000107"
"f4_COLELDL","Cholesterol LDL (mg/dl) at 3 month follow up","FLOAT","mg/dl",,,5718,1257,2,306,,,,,"loinc:2089-1","Cholesterol in LDL [Mass/volume] in Serum or Plasma",3028437,,,,"milligram per deciliter","ucum:mg/dL",8840,"Measurement","Visit4/3months",44789369,"follow-up 3 months","snomed:200521000000107"
"f4_COLETOT","Total Cholesterol (mg/dl) at 3 month follow up","FLOAT","mg/dl",,,6191,784,58,418,,,,,"loinc:2093-3","Cholesterol [Mass/volume] in Serum or Plasma",3027114,,,,"milligram per deciliter","ucum:mg/dL",8840,"Measurement","Visit4/3months",44789369,"follow-up 3 months","snomed:200521000000107"
"f4_CREATIN","Serum creatinine (mg/dl) at 3 month follow up","FLOAT","mg/dl",,,6159,816,0.2,12.3,,,,,"loinc:2160-0","creatinine [mass/volume] in serum or plasma",3016723,,,,"milligram per deciliter","ucum:mg/dL",8840,"Measurement","Visit4/3months",44789369,"follow-up 3 months","snomed:200521000000107"
"f4_DALTACE","Dose other ACE-inhibitor (mg) at 3 month follow up","FLOAT","mg",,,619,6356,1,60,,,,,"atc:C09AA","""ACE inhibitors, plain""",21601784,"Dosage|Other","snomed:260911001|snomed:74964007","4118853|9177","milligram","ucum:mg",8576,"Drug_Exposure","Visit4/3months",44789369,"follow-up 3 months","snomed:200521000000107"
"f4_DATAECG","ECG date at 3 month follow up ","DATETIME","dd-mm-yyyy",,,6245,534,11/06/02,07/06/05,,,,,"loinc:LP149975-7","ECG",1011679,"Date of procedure","snomed:439272007",4232096,,,,"Observation_period","Visit4/3months",44789369,"follow-up 3 months","snomed:200521000000107"
"f4_DATALAB","Date of laboratory exam at 3 month follow up","DATETIME","dd-mm-yyyy",,,6250,725,11/06/02,07/06/05,,,,,"snomed:281271004","Date sample received in laboratory",4084758,,,,,,,"Observation_period","Visit4/3months",44789369,"follow-up 3 months","snomed:200521000000107"
"f4_DATENO","Dose Atenolol (mg) at 3 month follow up","FLOAT","mg",,,92,6883,25,100,,,,,"rxnorm:1202","Atenolol",1314002,"Dosage","snomed:260911001",4118853,"milligram","ucum:mg",8576,"Drug_Exposure","Visit4/3months",44789369,"follow-up 3 months","snomed:200521000000107"
"f4_DBISOPRO","Dose Bisoprolol (mg) at 3 month follow up","FLOAT","mg",,,504,6471,0.6,15,,,,,"rxnorm:19484","Bisoprolol",1338005,"Dosage","snomed:260911001",4118853,"milligram","ucum:mg",8576,"Drug_Exposure","Visit4/3months",44789369,"follow-up 3 months","snomed:200521000000107"
"f4_DCAPTO","Dose Captopril (mg) at 3 month follow up","FLOAT","mg",,,201,6774,3.7,300,,,,,"rxnorm:1998","Captopril",1340128,"Dosage","snomed:260911001",4118853,"milligram","ucum:mg",8576,"Drug_Exposure","Visit4/3months",44789369,"follow-up 3 months","snomed:200521000000107"
"f4_DCARVE","Dose Carvedilol (mg) at 3 month follow up","FLOAT","mg",,,3558,3417,1566,100,,,,,"rxnorm:20352","Carvedilol",1346823,"Dosage","snomed:260911001",4118853,"milligram","ucum:mg",8576,"Drug_Exposure","Visit4/3months",44789369,"follow-up 3 months","snomed:200521000000107"
"f4_DEBMUSCO","Muscle weakness at 3 month follow up","INT",,"2 = never | 3 = sometimes | 4 = often | 5 = always",1,6440,535,2,5,,"LOINC:LA6270-8| LOINC:LA10082-8| LOINC:LA10044-8| LOINC:LA9933-8","Never| sometimes| often| always","45876662| 45882528| 45884455| 45882536","snomed:26544005","Muscle weakness",79908,,,,,,,"Measurement","Visit4/3months",44789369,"follow-up 3 months","snomed:200521000000107"
"f4_DENALA","Dose Enalapril (mg) at 3 month follow up","FLOAT","mg",,,1733,5242,1,40,,,,,"rxnorm:3827","Enalapril",1341927,"Dosage","snomed:260911001",4118853,"milligram","ucum:mg",8576,"Drug_Exposure","Visit4/3months",44789369,"follow-up 3 months","snomed:200521000000107"
"f4_DESALTAC","Description other ACE-inhibitor at 3 month follow up","STR",,,,620,6355,,,,,,,"atc:C09AA","""ACE inhibitors, plain""",21601784,"Description|Other","loinc:LP6800-9|snomed:74964007","1029623|9177",,,,"Drug_Exposure","Visit4/3months",44789369,"follow-up 3 months","snomed:200521000000107"
"f4_DESALTAR","Description other antiarrhythmic agent at 3 month follow up","STR",,,,52,6923,,,,,,,"atc:C01B","ANTIARRHYTHMICS, CLASS I AND III",21600248,"Description|Other","loinc:LP6800-9|snomed:74964007","1029623|9177",,,,"Drug_Exposure","Visit4/3months",44789369,"follow-up 3 months","snomed:200521000000107"
"f4_DESALTBB","Description Other beta blocker at 3 month follow up","STR",,,,78,6897,,,,,,,"atc:C07A","BETA BLOCKING AGENTS",21601665,"Description|Other","loinc:LP6800-9|snomed:74964007","1029623|9177",,,,"Drug_Exposure","Visit4/3months",44789369,"follow-up 3 months","snomed:200521000000107"
"f4_DESALTCA","Description other calcium antagonist at 3 month follow up","STR",,,,106,6869,,,,,,,"atc:C08C","SELECTIVE CALCIUM CHANNEL BLOCKERS WITH MAINLY VASCULAR EFFECTS",21601745,"Description|Other","loinc:LP6800-9|snomed:74964007","1029623|9177",,,,"Drug_Exposure","Visit4/3months",44789369,"follow-up 3 months","snomed:200521000000107"
"f4_DESALTRD","Description other vasodilator at 3 month follow up","STR",,,,117,6858,,,,,,,"snomed:372787008","Vasodilator",4158258,"Description|Other","loinc:LP6800-9|snomed:74964007","1029623|9177",,,,"Drug_Exposure","Visit4/3months",44789369,"follow-up 3 months","snomed:200521000000107"
"f4_DESCANO","Description of other ECG abnormality at 3 month follow up","STR",,,,1784,5191,,,,,,,"loinc:LA24621-7","Abnormal ECG",36311174,"Description","loinc:LP6800-9",1029623,,,,"Observation","Visit4/3months",44789369,"follow-up 3 months","snomed:200521000000107"
"f4_DESCOPEN","Open labeled statins: description at 3 month follow up","STR",,,,1497,5478,,,,,,,"atc:C10AA","hmg-coa reductase inhibitor",21601855,"Description","loinc:LP6800-9",1029623,,,,"Drug_Exposure","Visit4/3months",44789369,"follow-up 3 months","snomed:200521000000107"
"f4_DFUROSEM","Dose Furosemide (mg) at 3 month follow up","FLOAT","mg",,,5093,1882,3,1500,,,,,"rxnorm:4603","Furosemide",956874,"Dosage","snomed:260911001",4118853,"milligram","ucum:mg",8576,"Drug_Exposure","Visit4/3months",44789369,"follow-up 3 months","snomed:200521000000107"
"f4_DIGITALE","Digitalis at 3 month follow up","INT",,"2=No | 3=Yes",1,6536,439,2,3,,"LOINC:LA32-8| LOINC:LA33-6","No| Yes","45878245| 45877994","atc:C01AA","Digitalis glycosides",21601240,,,,,,,"Drug_Exposure","Visit4/3months",44789369,"follow-up 3 months","snomed:200521000000107"
"f4_DILTI","Diltiazem at 3 month follow up","INT",,"2=No | 3=Yes",1,6533,442,2,3,,"LOINC:LA32-8| LOINC:LA33-6","No| Yes","45878245| 45877994","rxnorm:3443","Diltiazem",1328165,,,,,,,"Drug_Exposure","Visit4/3months",44789369,"follow-up 3 months","snomed:200521000000107"
"f4_DLISINO","Dose Lisinopril (mg) at 3 month follow up","FLOAT","mg",,,6914,61,0,40,,,,,"rxnorm:29046","Lisonorpil",1308216,"Dosage","snomed:260911001",4118853,"milligram","ucum:mg",8576,"Drug_Exposure","Visit4/3months",44789369,"follow-up 3 months","snomed:200521000000107"
"f4_DMETO","Dose Metoprolol (mg) at 3 month follow up","FLOAT","mg",,,181,6794,12.5,200,,,,,"rxnorm:6918","Metoprolol",1307046,"Dosage","snomed:260911001",4118853,"milligram","ucum:mg",8576,"Drug_Exposure","Visit4/3months",44789369,"follow-up 3 months","snomed:200521000000107"
"f4_DOSALTBB","Dose Other beta blocker (mg) at 3 month follow up","FLOAT","mg",,,78,6897,1,240,,,,,"atc:C07A","BETA BLOCKING AGENTS",21601665,"Dosage|Other","snomed:260911001|snomed:74964007","4118853|9177","milligram","ucum:mg",8576,"Drug_Exposure","Visit4/3months",44789369,"follow-up 3 months","snomed:200521000000107"
"f4_DRAMIP","Dose Ramipril (mg) at 3 month follow up","FLOAT","mg",,,1770,5205,0.6,25,,,,,"rxnorm:35296","Ramipril",1334456,"Dosage","snomed:260911001",4118853,"milligram","ucum:mg",8576,"Drug_Exposure","Visit4/3months",44789369,"follow-up 3 months","snomed:200521000000107"
"f4_DSPIRONO","Dose Spironolactone (mg) at 3 month follow up","FLOAT","mg",,,2530,4445,7,200,,,,,"rxnorm:9997","Spironolactone",970250,"Dosage","snomed:260911001",4118853,"milligram","ucum:mg",8576,"Drug_Exposure","Visit4/3months",44789369,"follow-up 3 months","snomed:200521000000107"
"f4_DTRAND","Dose Trandolapril (mg) at 3 month follow up","FLOAT","mg",,,13,6962,2,6,,,,,"rxnorm:38454","Trandolapril",1342439,"Dosage","snomed:260911001",4118853,"milligram","ucum:mg",8576,"Drug_Exposure","Visit4/3months",44789369,"follow-up 3 months","snomed:200521000000107"
"f4_DURQRS","QRS length (msec) at 3 month follow up","INT","msec",,,6235,544,30,300,,,,,"snomed:39632005","QRS interval",4218048,,,,"millisecond","ucum:ms",9593,"Measurement","Visit4/3months",44789369,"follow-up 3 months","snomed:200521000000107"
"f4_EDEMPERI","Peripheral edema severity at 3 month follow up","INT",,"2 = no | 3 = only ankles | 4 = until knee | 5 = above",1,6447,528,2,5,,"LOINC:LA32-8| snomed:26237000| snomed:102575008|snomed:102573001","No|ankle edema|Edema of knee|Edema of thigh","45878245|4094513|4010012|4010011","snomed:423484008","Grade of edema",4313204,,,,,,,"measurement","Visit4/3months",44789369,"follow-up 3 months","snomed:200521000000107"
"f4_EMATOCRI","Hematocrit (%) at 3 month follow up","FLOAT",,,,6197,778,15,87,,,,,"Loinc:20570-8","Hematocrit [Volume Fraction] of Blood",3009542,,,,,,,"Measurement","Visit4/3months",44789369,"follow-up 3 months","snomed:200521000000107"
"f4_EMOGLOB","Hemoglobin (g/dl) at 3 month follow up","FLOAT","g/dL",,,6203,772,5.8,19.3,,,,,"loinc:718-7","Hemoglobin [Mass/volume] in Blood",3000963,,,,"gram per deciliter","ucum:g/dL",8713,"Measurement","Visit4/3months",44789369,"follow-up 3 months","snomed:200521000000107"
"f4_ENALA","Enalapril at 3 month follow up","INT",,"2=No | 3=Yes",1,6533,442,2,3,,"LOINC:LA32-8| LOINC:LA33-6","No| Yes","45878245| 45877994","rxnorm:3827","Enalapril",1341927,,,,,,,"Drug_Exposure","Visit4/3months",44789369,"follow-up 3 months","snomed:200521000000107"
"f4_FANS","Non-steroidal anti-inflammatory agent (FANS) at 3 month follow up","INT",,"2=No | 3=Yes",1,6533,442,2,3,,"LOINC:LA32-8| LOINC:LA33-6","No| Yes","45878245| 45877994","atc:M01A","ANTIINFLAMMATORY AND ANTIRHEUMATIC PRODUCTS, NON-STEROIDS",21603933,,,,,,,"Drug_Exposure","Visit4/3months",44789369,"follow-up 3 months","snomed:200521000000107"
"f4_FC","Heart rate (bpm) at 3 month follow up","FLOAT","beats/min",,,6362,613,40,157,,,,,"loinc:8867-4","Heart rate",3027018,,,,"Counts per minute","ucum:{counts}/min",8483,"Measurement","Visit4/3months",44789369,"follow-up 3 months","snomed:200521000000107"
"f4_FCECG","Heart rate (ECG) (bpm) at 3 month follow up","FLOAT","beats/min",,,6242,537,38,175,,,,,"loinc:8867-4","Heart rate",3027018,"ECG finding","snomed:271921002",4156045,"Counts per minute","ucum:{counts}/min",8483,"Measurement","Visit4/3months",44789369,"follow-up 3 months","snomed:200521000000107"
"f4_FELOD","Felodipine at 3 month follow up","INT",,"2=No | 3=Yes",1,6533,442,2,3,,"LOINC:LA32-8| LOINC:LA33-6","No| Yes","45878245| 45877994","rxnorm:4316","Felodipine",1353776,,,,,,,"Drug_Exposure","Visit4/3months",44789369,"follow-up 3 months","snomed:200521000000107"
"f4_FIBRINO","Fibrinogenemia (mg/dl) at 3 month follow up","FLOAT","mg/dl",,,5863,1112,44,1144,,,,,"snomed:1108621000000108","fibrinogen mass concentration in plasma",37208754,,,,"milligram per deciliter","ucum:mg/dL",8840,"Measurement","Visit4/3months",44789369,"follow-up 3 months","snomed:200521000000107"
"f4_FLUTTER","Atrial fibrillation / Flutter at 3 month follow up","INT",,"0 = No | 1 = Yes",,6245,534,0,1,,"LOINC:LA32-8| LOINC:LA33-6","No| Yes","45878245| 45877994","snomed:49436004","Atrial fibrillation",313217,,,,,,,"Measurement","Visit4/3months",44789369,"follow-up 3 months","snomed:200521000000107"
"f4_FRUTTA","Fruit at 3 month follow up","INT",,"2 = never | 3 =2-3 times a week | 4 = once a day | 5= >1 times a day",1,6485,490,2,5,,"SNOMED:444841000124107| LOINC:LA26463-2| LOINC:LA13897-6| SNOMED:1411000175107","Never| 2 or 3 times per week| once a day| more than once a day","763692| 42531019| 45876378| 761069","snomed:72511004","Fruit",4217045,,,,,,,"Observation","Visit4/3months",44789369,"follow-up 3 months","snomed:200521000000107"
"f4_FUROSEMI","Furosemide at 3 month follow up","INT",,"2=No | 3=Yes",1,6533,442,2,3,,"LOINC:LA32-8| LOINC:LA33-6","No| Yes","45878245| 45877994","rxnorm:4603","Furosemide",956874,,,,,,,"Drug_Exposure","Visit4/3months",44789369,"follow-up 3 months","snomed:200521000000107"
"f4_GBIANCHI","White blood cells (mm3) at 3 month follow up","FLOAT","mm3",,,6202,773,1000,63300,,,,,"snomed:1110441000000100","White blood cell count in blood",37208925,,,,"cubic millimeter","ucum:mm3",8686,"Measurement","Visit4/3months",44789369,"follow-up 3 months","snomed:200521000000107"
"f4_GLICEMIA","Glycemia (mg/dl) at 3 month follow up","FLOAT","mg/dl",,,6179,796,27,583,,,,,"Snomed:33747003","“Glucose measurement, blood”",4144235,,,,"milligram per deciliter","ucum:mg/dL",8840,"Measurement","Visit4/3months",44789369,"follow-up 3 months","snomed:200521000000107"
"f4_IDRALAZ","Hydralazine at 3 month follow up","INT",,"2=No | 3=Yes",1,6532,443,2,3,,"LOINC:LA32-8| LOINC:LA33-6","No| Yes","45878245| 45877994","rxnorm:5470","Hydralazine",1373928,,,,,,,"Drug_Exposure","Visit4/3months",44789369,"follow-up 3 months","snomed:200521000000107"
"f4_INTENZIO","Intentional weight loss (If weight loss >= 2 kg) at 3 month follow up","INT",,"1 = no weight loss | 2 = no | 3 = yes",,6914,61,1,3,,"snomed:83421005| LOINC:LA32-8| LOINC:LA33-6","failure to lose weight|no|yes","4308415 | 45878245| 45877994","snomed:416528001","intentional weight loss",4214302,,,,,,,"Measurement","Visit4/3months",44789369,"follow-up 3 months","snomed:200521000000107"
"f4_IPERVENT","Left ventricular hypertrophy at 3 month follow up","INT",,"0 = No | 1 = Yes",,6245,534,0,1,,"LOINC:LA32-8| LOINC:LA33-6","No| Yes","45878245| 45877994","snomed:55827005","Left ventricular hypertrophy",4184746,,,,,,,"Measurement","Visit4/3months",44789369,"follow-up 3 months","snomed:200521000000107"
"f4_LALT","Lower limit ALT (U/L) at 3 month follow up","FLOAT","U/L",,,3757,3218,1,30,,,,,"loinc:76625-3","Alanine aminotransferase [Enzymatic activity/volume] in Blood",46235106,"Lower limit of reference range","snomed:385524004",4294191,"unit per liter","ucum:[U]/L",8645,"Measurement","Visit4/3months",44789369,"follow-up 3 months","snomed:200521000000107"
"f4_LAST","Lower limit AST (U/L) at 3 month follow up","FLOAT","U/L",,,3689,3286,1,21,,,,,"loinc:1920-8","Aspartate aminotransferase [Enzymatic activity/volume] in Serum or Plasma",3013721,"Lower limit of reference range","snomed:385524004",4294191,"unit per liter","ucum:[U]/L",8645,"Measurement","Visit4/3months",44789369,"follow-up 3 months","snomed:200521000000107"
"f4_LATOBB","Bundle branch block side at 3 month follow up","INT",,"2 = left | 3=right",1,2080,4699,2,3,,"snomed:7771000|snomed:24028007","Left|Right","4300877|4080761","snomed:6374002","Bundle branch block",313791,"side","snomed:182353008",4112563,,,,"Measurement","Visit4/3months",44789369,"follow-up 3 months","snomed:200521000000107"
"f4_LCKTOT","Lower limit CK total (U/L) at 3 month follow up","FLOAT","U/L",,,4171,2804,1,149,,,,,"loinc:2157-6","creatine kinase [enzymatic activity/volume] in serum or plasma",3007220,"Lower limit of reference range","snomed:385524004",4294191,"unit per liter","ucum:[U]/L",8645,"Measurement","Visit4/3months",44789369,"follow-up 3 months","snomed:200521000000107"
"f4_LISINO","Lisinopril at 3 month follow up","INT",,"2=No | 3=Yes",1,6533,442,2,3,,"LOINC:LA32-8| LOINC:LA33-6","No| Yes","45878245| 45877994","rxnorm:29046","Lisonorpil",1308216,,,,,,,"Drug_Exposure","Visit4/3months",44789369,"follow-up 3 months","snomed:200521000000107"
"f4_METO","Metoprolol at 3 month follow up","INT",,"2=No | 3=Yes",1,6532,443,2,3,,"LOINC:LA32-8| LOINC:LA33-6","No| Yes","45878245| 45877994","rxnorm:6918","Metoprolol",1307046,,,,,,,"Drug_Exposure","Visit4/3months",44789369,"follow-up 3 months","snomed:200521000000107"
"f4_N3PUFA","N3-PUFA open labeled at 3 month follow up","INT",,"2=No | 3=Yes",1,6533,442,2,3,,"LOINC:LA32-8| LOINC:LA33-6","No| Yes","45878245| 45877994","atc:N03AG","Fatty acid derivatives",21604421,,,,,,,"Drug_Exposure","Visit4/3months",44789369,"follow-up 3 months","snomed:200521000000107"
"f4_NA","Serum Sodium (mmol/L) at 3 month follow up","FLOAT","mmol/L",,,6164,811,101,161,,,,,"loinc:2951-2","Sodium [Moles/volume] in Serum or Plasma",3019550,,,,"millimole per liter","ucum:mmol/L",8753,"Measurement","Visit4/3months",44789369,"follow-up 3 months","snomed:200521000000107"
"f4_NIFED","Nifedipine at 3 month follow up","INT",,"2=No | 3=Yes",1,6533,442,2,3,,"LOINC:LA32-8| LOINC:LA33-6","No| Yes","45878245| 45877994","rxnorm:7417","Nifedipine",1318853,,,,,,,"Drug_Exposure","Visit4/3months",44789369,"follow-up 3 months","snomed:200521000000107"
"f4_NITRATI","Nitrates at 3 month follow up","INT",,"2=No | 3=Yes",1,6532,443,2,3,,"LOINC:LA32-8| LOINC:LA33-6","No| Yes","45878245| 45877994","atc:C01DA","Organic nitrates",21600316,,,,,,,"Drug_Exposure","Visit4/3months",44789369,"follow-up 3 months","snomed:200521000000107"
"f4_NYHA","NYHA Class at 3 month follow up","INT",,"2 = NYHA class I | 3 = NYHA class II | 4 = NYHA class III | 5 = NYHA class IV",1,6494,481,2,5,,"snomed:420300004| snomed:421704003| snomed:420913000| snomed:422293003","New York Heart Association Classification - Class I| New York Heart Association Classification - Class II| New York Heart Association Classification - Class III| New York Heart Association Classification - Class IV","4220607| 4226789| 4227345| 4228881","snomed:420816009","new york heart association classification",4223299,,,,,,,"Measurement","Visit4/3months",44789369,"follow-up 3 months","snomed:200521000000107"
"f4_OLIVA","Olive oil at 3 month follow up","INT",,"2 = never | 3 = sometimes | 4 = frequently | 5 = on a regular basis",1,6484,491,2,5,,"LOINC:LA6270-8| LOINC:LA10082-8| LOINC:LA6482-9| SNOMED:307430002","Never| sometimes| frequently| regular frequency","45876662| 45882528| 45883983| 4146463","snomed:41834005","Olive oil",4216445,,,,,,,"Observation","Visit4/3months",44789369,"follow-up 3 months","snomed:200521000000107"
"f4_ONDEQ","Pathological Q waves at 3 month follow up","INT",,"0 = No | 1 = Yes",,6245,534,0,1,,"LOINC:LA32-8| LOINC:LA33-6","No| Yes","45878245| 45877994","snomed:164918000","Pathological Q wave",4065387,,,,,,,"Measurement","Visit4/3months",44789369,"follow-up 3 months","snomed:200521000000107"
"f4_OPENSTAT","Statins open labeled at 3 month follow up","INT",,"2=No | 3=Yes",1,6533,442,2,3,,"LOINC:LA32-8| LOINC:LA33-6","No| Yes","45878245| 45877994","atc:C10AA","hmg-coa reductase inhibitor",21601855,,,,,,,"Drug_Exposure","Visit4/3months",44789369,"follow-up 3 months","snomed:200521000000107"
"f4_PAD","Diastolic blood pressure (mmHg) at 3 month follow up","FLOAT","mmHg",,,6392,583,40,130,,,,,"loinc:8462-4","Diastolic blood pressure",3012888,,,,"millimeter mercury column","ucum:mm[Hg]",8876,"Measurement","Visit4/3months",44789369,"follow-up 3 months","snomed:200521000000107"
"f4_PAS","Systolic blood pressure (mmHg) at 3 month follow up","FLOAT","mmHg",,,6393,582,70,230,,,,,"loinc:8480-6","Systolic blood pressure",3004249,,,,"millimeter mercury column","ucum:mm[Hg]",8876,"Measurement","Visit4/3months",44789369,"follow-up 3 months","snomed:200521000000107"
"f4_PESCE","Fish at 3 month follow up","INT",,"2 = never | 3 = once a week | 4 = 2 times a week | 5 = 3+ times a week",1,6485,490,2,5,,"LOINC:LA6270-8| LOINC:LA26461-6| SNOMED:229800002| LOINC:LA6396-1","Never| once a week| twice weekly| Three or more times per week","45876662|42531017| 4047143| 45877752","snomed:735971005","Fish",42539493,,,,,,,"Observation","Visit4/3months",44789369,"follow-up 3 months","snomed:200521000000107"
"f4_PESOATT","Weight (kg) at 3 month follow-up","FLOAT","Kilogram",,,6421,554,35,172,,,,,"loinc:29463-7","Body weight",3025315,,,,"kilogram","ucum:kg",9529,"Measurement","Visit4/3months",44789369,"follow-up 3 months","snomed:200521000000107"
"f4_POTASSIO","Serum potassium (mmol/L) at 3 month follow up","FLOAT","mmol/L",,,6173,802,2.4,7.2,,,,,"loinc:2823-3","Potassium [Moles/volume] in Serum or Plasma",3023103,,,,"millimole per liter","ucum:mmol/L",8753,"Measurement","Visit4/3months",44789369,"follow-up 3 months","snomed:200521000000107"
"f4_RAMIP","Ramipril at 3 month follow up","INT",,"2=No | 3=Yes",1,6533,442,2,3,,"LOINC:LA32-8| LOINC:LA33-6","No| Yes","45878245| 45877994","rxnorm:35296","Ramipril",1334456,,,,,,,"Drug_Exposure","Visit4/3months",44789369,"follow-up 3 months","snomed:200521000000107"
"f4_RITMOPM","Rhythm from pacemaker at 3 month follow up","INT",,"0 = No | 1 = Yes",,6245,534,0,1,,"LOINC:LA32-8| LOINC:LA33-6","No| Yes","45878245| 45877994","snomed:10370003","Rhythm from artificial pacing",4304202,,,,,,,"Measurement","Visit4/3months",44789369,"follow-up 3 months","snomed:200521000000107"
"f4_SARTANI","Sartans at 3 month follow up","INT",,"2=No | 3=Yes",1,6532,443,2,3,,"LOINC:LA32-8| LOINC:LA33-6","No| Yes","45878245| 45877994","atc:C09CA","""Angiotensin II receptor blockers (ARBs), plain""",21601823,,,,,,,"Drug_Exposure","Visit4/3months",44789369,"follow-up 3 months","snomed:200521000000107"
"f4_SEMI","Seed oil at 3 month follow up","INT",,"2 = never | 3 = sometimes | 4 = frequently | 5 = on a regular basis",1,6485,490,2,5,,"LOINC:LA6270-8| LOINC:LA10082-8| LOINC:LA6482-9| SNOMED:307430002","Never| sometimes| frequently| regular frequency","45876662| 45882528| 45883983| 4146463","snomed:21847005","Oil",4071021,,,,,,,"Observation","Visit4/3months",44789369,"follow-up 3 months","snomed:200521000000107"
"f4_SILDENAF","Sildenafil at 3 month follow up","INT",,"2=No | 3=Yes",1,6533,442,2,3,,"LOINC:LA32-8| LOINC:LA33-6","No| Yes","45878245| 45877994","Rxnorm:136411","Sildenafil",1316262,,,,,,,"Drug_Exposure","Visit4/3months",44789369,"follow-up 3 months","snomed:200521000000107"
"f4_SPECNO","If alcohol NO type of non-consumption at 3 month follow up","INT",,"2 = NO | 3 = PAST | 4 = NEVER",1,2140,4835,3,4,,"LOINC:LA32-8|LOINC:LA28393-9|LOINC:LA6270-8","No|Former user| never","45878245|36307819|45876662","snomed:105542008","non - drinker",4022664,,,,,,,"Observation","Visit4/3months",44789369,"follow-up 3 months","snomed:200521000000107"
"f4_SPIRONO","Spironolactone at 3 month follow up","INT",,"2=No | 3=Yes",1,6533,442,2,3,,"LOINC:LA32-8| LOINC:LA33-6","No| Yes","45878245| 45877994","rxnorm:9997","Spironolactone",970250,,,,,,,"Drug_Exposure","Visit4/3months",44789369,"follow-up 3 months","snomed:200521000000107"
"f4_SUPERAL","Spirits (if alcohol YES) at 3 month follow up","INT",,"2 = NO | 3 = sometimes | 4 = 1-2 glasses a day | 5 = 3-4 glasses a day | 6 = 5+ glasses a day",1,4346,2629,2,6,,"LOINC:LA32-8| LOINC:LA10082-8| LOINC:LA26462-4| SNOMED:396112008| loinc:LA13858-8","No| sometimes| 1 or 2 times per day|  Three to four times a day| 5 or more times per day","45878245| 45882528| 42530681| 4244842| 45882530","snomed:6524003","Distilled spirits",4275752,,,,,,,"Observation","Visit4/3months",44789369,"follow-up 3 months","snomed:200521000000107"
"f4_TERAORMO","Hormone Replacement Therapy at 3 month follow up","INT",,"2=No | 3=Yes",1,6534,441,2,3,,"LOINC:LA32-8| LOINC:LA33-6","No| Yes","45878245| 45877994","snomed:266717002","Hormone Replacement Therapy",4141760,,,,,,,"Drug_Exposure","Visit4/3months",44789369,"follow-up 3 months","snomed:200521000000107"
"f4_TIAZIDI","Thiazides at 3 month follow up","INT",,"2=No | 3=Yes",1,6533,442,2,3,,"LOINC:LA32-8| LOINC:LA33-6","No| Yes","45878245| 45877994","snomed:860766002","Thiazides",3655254,,,,,,,"Drug_Exposure","Visit4/3months",44789369,"follow-up 3 months","snomed:200521000000107"
"f4_TRAND","Trandolapril at 3 month follow up","INT",,"2=No | 3=Yes",1,6533,442,2,3,,"LOINC:LA32-8| LOINC:LA33-6","No| Yes","45878245| 45877994","rxnorm:38454","Trandolapril",1342439,,,,,,,"Drug_Exposure","Visit4/3months",44789369,"follow-up 3 months","snomed:200521000000107"
"f4_TRIGLI","Triglycerides (mg/dl) at 3 month follow up","FLOAT","mg/dl",,,6158,817,25,1938,,,,,"loinc:14927-8","Triglyceride [Moles/volume] in Serum or Plasma",3025839,,,,"milligram per deciliter","ucum:mg/dL",8840,"Measurement","Visit4/3months",44789369,"follow-up 3 months","snomed:200521000000107"
"f4_UALT","Upper limit ALT (U/L) at 3 month follow up","FLOAT","U/L",,,6250,725,22,72,,,,,"loinc:76625-3","Alanine aminotransferase [Enzymatic activity/volume] in Blood",46235106,"Upper limit of reference range","snomed:371933006",4162853,"unit per liter","ucum:[U]/L",8645,"Measurement","Visit4/3months",44789369,"follow-up 3 months","snomed:200521000000107"
"f4_UAST","Upper limit AST (U/L) at 3 month follow up","FLOAT","U/L",,,6250,725,19,66,,,,,"loinc:1920-8","Aspartate aminotransferase [Enzymatic activity/volume] in Serum or Plasma",3013721,"Upper limit of reference range","snomed:371933006",4162853,"unit per liter","ucum:[U]/L",8645,"Measurement","Visit4/3months",44789369,"follow-up 3 months","snomed:200521000000107"
"f4_UCKTOT","Upper limit CK total (U/L) at 3 month follow up","FLOAT","U/L",,,6250,725,70,397,,,,,"loinc:2157-6","creatine kinase [enzymatic activity/volume] in serum or plasma",3007220,"Upper limit of reference range","snomed:371933006",4162853,"unit per liter","ucum:[U]/L",8645,"Measurement","Visit4/3months",44789369,"follow-up 3 months","snomed:200521000000107"
"f4_URICE","Uricemia (mg/dl) at 3 month follow up","FLOAT","mg/dl",,,6036,939,0.1,20,,,,,"loinc:3084-1","urate [mass/volume] in serum or plasma",3037556,,,,"milligram per deciliter","ucum:mg/dL",8840,"Measurement","Visit4/3months",44789369,"follow-up 3 months","snomed:200521000000107"
"f4_VALUECG","ECG evaluation at 3 month follow up","INT",,"2 = normal | 3 = abnormal",1,6245,534,2,3,,"snomed:17621005|snomed:263654008","Normal | Abnormal","4069590|4135493","loinc:LP149975-7","ECG",1011679,"evaluation","snomed:723051000000101",44803879,,,,"Measurement","Visit4/3months",44789369,"follow-up 3 months","snomed:200521000000107"
"f4_VERAP","Verapamil at 3 month follow up","INT",,"2=No | 3=Yes",1,6533,442,2,3,,"LOINC:LA32-8| LOINC:LA33-6","No| Yes","45878245| 45877994","rxnorm:11170","Verapamil",1307863,,,,,,,"Drug_Exposure","Visit4/3months",44789369,"follow-up 3 months","snomed:200521000000107"
"f4_VERCOTTA","Cooked vegetables at 3 month follow up","INT",,"2 = never | 3 =2-3 times a week | 4 = once a day | 5= >1 times a day",1,6485,490,2,5,,"SNOMED:444841000124107| LOINC:LA26463-2| LOINC:LA13897-6| SNOMED:1411000175107","Never| 2 or 3 times per week| once a day| more than once a day","763692| 42531019| 45876378| 761069","snomed:444011000124102","Cooked vegetables",763625,,,,,,,"Observation","Visit4/3months",44789369,"follow-up 3 months","snomed:200521000000107"
"f4_VERCRUDA","Raw vegetables at 3 month follow up","INT",,"2 = never | 3 =2-3 times a week | 4 = once a day | 5= >1 times a day",1,6485,490,2,5,,"SNOMED:444841000124107| LOINC:LA26463-2| LOINC:LA13897-6| SNOMED:1411000175107","Never| 2 or 3 times per week| once a day| more than once a day","763692| 42531019| 45876378| 761069","snomed:314115004","Raw vegetables",4193035,,,,,,,"Observation","Visit4/3months",44789369,"follow-up 3 months","snomed:200521000000107"
"f4_VINO","Wine (if alcohol YES) at 3 month follow up","INT",,"2 = NO | 3 = sometimes | 4 = 1-2 glasses a day | 5 = 3-4 glasses a day | 6 = 5+ glasses a day",1,4346,2629,2,6,,"LOINC:LA32-8| LOINC:LA10082-8| LOINC:LA26462-4| SNOMED:396112008| loinc:LA13858-8","No| sometimes| 1 or 2 times per day|  Three to four times a day| 5 or more times per day","45878245| 45882528| 42530681| 4244842| 45882530","snomed:35748005","Wine",4262278,,,,,,,"Observation","Visit4/3months",44789369,"follow-up 3 months","snomed:200521000000107"
"f5_ALCOOL","Alcohol at 6 month follow up","INT",,"2 = NO | 3 = YES",1,6373,602,2,3,,"LOINC:LA32-8| LOINC:LA33-6","No| yes","45878245| 45877994","snomed:219006","Current drinker",4074035,,,,,,,"Observation","Visit5/6months",4103967,"follow-up 6 months","snomed:300042001"
"f5_ALLOPURI","Allopurinol at 6 month follow up","INT",,"2=No | 3=Yes",1,6419,556,2,3,,"LOINC:LA32-8| LOINC:LA33-6","No| Yes","45878245| 45877994","rxnorm:519","Allopurinol",1167322,,,,,,,"Drug_Exposure","Visit5/6months",4103967,"follow-up 6 months","snomed:300042001"
"f5_ALT","ALT (U/L) at 6 month follow up","FLOAT","U/L",,,6058,917,2,1162,,,,,"loinc:76625-3","Alanine aminotransferase [Enzymatic activity/volume] in Blood",46235106,,,,"unit per liter","ucum:[U]/L",8645,"Measurement","Visit5/6months",4103967,"follow-up 6 months","snomed:300042001"
"f5_ALTACE","other ACE-inhibitor at 6 month follow up","INT",,"2=No | 3=Yes",1,6419,556,2,3,,"LOINC:LA32-8| LOINC:LA33-6","No| Yes","45878245| 45877994","atc:C09AA","""ACE inhibitors, plain""",21601784,"Other","snomed:74964007",9177,,,,"Drug_Exposure","Visit5/6months",4103967,"follow-up 6 months","snomed:300042001"
"f5_ALTANO","Other ECG abnormality at 6 month follow up","INT",,"0 = No | 1 = Yes",,6164,615,0,1,,"LOINC:LA32-8| LOINC:LA33-6","No| Yes","45878245| 45877994","loinc:LA24621-7","Abnormal ECG",36311174,,,,,,,"Measurement","Visit5/6months",4103967,"follow-up 6 months","snomed:300042001"
"f5_ALTDIU","Other diuretics at 6 month follow up","INT",,"2=No | 3=Yes",1,6418,557,2,3,,"LOINC:LA32-8| LOINC:LA33-6","No| Yes","45878245| 45877994","atc:C03","DIURETICS",21601461,"Other","snomed:74964007",9177,,,,"Drug_Exposure","Visit5/6months",4103967,"follow-up 6 months","snomed:300042001"
"f5_ALTROARI","Other antiarrhythmic agent at 6 month follow up","INT",,"2=No | 3=Yes",1,6417,558,2,3,,"LOINC:LA32-8| LOINC:LA33-6","No| Yes","45878245| 45877994","atc:C01B","ANTIARRHYTHMICS, CLASS I AND III",21600248,"Other","snomed:74964007",9177,,,,"Drug_Exposure","Visit5/6months",4103967,"follow-up 6 months","snomed:300042001"
"f5_ALTROBB","Other beta blocker at 6 month follow up","INT",,"2=No | 3=Yes",1,6417,558,2,3,,"LOINC:LA32-8| LOINC:LA33-6","No| Yes","45878245| 45877994","atc:C07A","BETA BLOCKING AGENTS",21601665,"Other","snomed:74964007",9177,,,,"Drug_Exposure","Visit5/6months",4103967,"follow-up 6 months","snomed:300042001"
"f5_ALTROCA","Other calcium antagonist at 6 month follow up","INT",,"2=No | 3=Yes",1,6419,556,2,3,,"LOINC:LA32-8| LOINC:LA33-6","No| Yes","45878245| 45877994","atc:C08C","SELECTIVE CALCIUM CHANNEL BLOCKERS WITH MAINLY VASCULAR EFFECTS",21601745,"Other","snomed:74964007",9177,,,,"Drug_Exposure","Visit5/6months",4103967,"follow-up 6 months","snomed:300042001"
"f5_ALTRODIL","Other vasodilator at 6 month follow up","INT",,"2=No | 3=Yes",1,6417,558,2,3,,"LOINC:LA32-8| LOINC:LA33-6","No| Yes","45878245| 45877994","snomed:372787008","Vasodilator",4158258,"Other","snomed:74964007",9177,,,,"Drug_Exposure","Visit5/6months",4103967,"follow-up 6 months","snomed:300042001"
"f5_AMIODAR","Amiodarone at 6 month follow up","INT",,"2=No | 3=Yes",1,6417,558,2,3,,"LOINC:LA32-8| LOINC:LA33-6","No| Yes","45878245| 45877994","rxnorm:703","Amiodarone",1309944,,,,,,,"Drug_Exposure","Visit5/6months",4103967,"follow-up 6 months","snomed:300042001"
"f5_AMLOD","Amlodipine at 6 month follow up","INT",,"2=No | 3=Yes",1,6419,556,2,3,,"LOINC:LA32-8| LOINC:LA33-6","No| Yes","45878245| 45877994","rxnorm:17767","Amlodipine",1332418,,,,,,,"Drug_Exposure","Visit5/6months",4103967,"follow-up 6 months","snomed:300042001"
"f5_ANTIAGGR","Other antiaggregants at 6 month follow up","INT",,"2=No | 3=Yes",1,6417,558,2,3,,"LOINC:LA32-8| LOINC:LA33-6","No| Yes","45878245| 45877994","snomed:840595002","Platelet aggregation inhibitor therapy",3655005,"Other","snomed:74964007",9177,,,,"Drug_Exposure","Visit5/6months",4103967,"follow-up 6 months","snomed:300042001"
"f5_ANTICOAG","Oral anticoagulants at 6 month follow up","INT",,"2=No | 3=Yes",1,6417,558,2,3,,"LOINC:LA32-8| LOINC:LA33-6","No| Yes","45878245| 45877994","atc:B01A","ANTITHROMBOTIC AGENTS",21600961,,,,,,,"Drug_Exposure","Visit5/6months",4103967,"follow-up 6 months","snomed:300042001"
"f5_ANTIDEPR","Antidepressants at 6 month follow up","INT",,"2=No | 3=Yes",1,6419,556,2,3,,"LOINC:LA32-8| LOINC:LA33-6","No| Yes","45878245| 45877994","atc:N06A","antidepressants",21604686,,,,,,,"Drug_Exposure","Visit5/6months",4103967,"follow-up 6 months","snomed:300042001"
"f5_ASA","Acetylsalicylic acid at 6 month follow up","INT",,"2=No | 3=Yes",1,6417,558,2,3,,"LOINC:LA32-8| LOINC:LA33-6","No| Yes","45878245| 45877994","rxnorm:1191","Aspirin",1112807,,,,,,,"Drug_Exposure","Visit5/6months",4103967,"follow-up 6 months","snomed:300042001"
"f5_AST","AST (U/L) at 6 month follow up","FLOAT","U/L",,,6054,921,1,743,,,,,"loinc:1920-8","Aspartate aminotransferase [Enzymatic activity/volume] in Serum or Plasma",3013721,,,,"unit per liter","ucum:[U]/L",8645,"Measurement","Visit5/6months",4103967,"follow-up 6 months","snomed:300042001"
"f5_ATENO","Atenolol at 6 month follow up","INT",,"2=No | 3=Yes",1,6417,558,2,3,,"LOINC:LA32-8| LOINC:LA33-6","No| Yes","45878245| 45877994","rxnorm:1202","Atenolol",1314002,,,,,,,"Drug_Exposure","Visit5/6months",4103967,"follow-up 6 months","snomed:300042001"
"f5_BBRANCA","Bundle branch block at 6 month follow up","INT",,"0 = No | 1 = Yes",,6164,615,0,1,,"LOINC:LA32-8| LOINC:LA33-6","No| Yes","45878245| 45877994","snomed:6374002","Bundle branch block",313791,,,,,,,"Measurement","Visit5/6months",4103967,"follow-up 6 months","snomed:300042001"
"f5_BENZOD","Benzodiazepine at 6 month follow-up","INT",,"2=No | 3=Yes",1,6419,556,2,3,,"LOINC:LA32-8| LOINC:LA33-6","No| Yes","45878245| 45877994","atc:N05BA","Benzodiazepine derivatives",21604565,,,,,,,"Drug_Exposure","Visit5/6months",4103967,"follow-up 6 months","snomed:300042001"
"f5_BILIRUB","Bilirubine (mg/dl) at 6 month follow up","FLOAT","mg/dl",,,5857,1118,0.02,9,,,,,"loinc:1975-2","bilirubin.total [mass/volume] in serum or plasma",3024128,,,,"milligram per deciliter","ucum:mg/dL",8840,"Measurement","Visit5/6months",4103967,"follow-up 6 months","snomed:300042001"
"f5_BIRRA","Beer (if alcohol YES) at 6 month follow up","INT",,"2 = NO | 3 = sometimes | 4 = 1-2 glasses a day | 5 = 3-4 glasses a day | 6 = 5+ glasses a day",1,4319,2656,2,6,,"LOINC:LA32-8| LOINC:LA10082-8| LOINC:LA26462-4| SNOMED:396112008| loinc:LA13858-8","No| sometimes| 1 or 2 times per day|  Three to four times a day| 5 or more times per day","45878245| 45882528| 42530681| 4244842| 45882530","snomed:53410008","Beer",4201587,,,,,,,"Observation","Visit5/6months",4103967,"follow-up 6 months","snomed:300042001"
"f5_BISOPRO","Bisoprolol at 6 month follow up","INT",,"2=No | 3=Yes",1,6417,558,2,3,,"LOINC:LA32-8| LOINC:LA33-6","No| Yes","45878245| 45877994","rxnorm:19484","Bisoprolol",1338005,,,,,,,"Drug_Exposure","Visit5/6months",4103967,"follow-up 6 months","snomed:300042001"
"f5_BURRO","Butter at 6 month follow up","INT",,"2 = never | 3 = sometimes | 4 = frequently | 5 = on a regular basis",1,6373,602,2,5,,"LOINC:LA6270-8| LOINC:LA10082-8| LOINC:LA6482-9| SNOMED:307430002","Never| sometimes| frequently| regular frequency","45876662| 45882528| 45883983| 4146463","snomed:226888007","Butter",4024776,,,,,,,"Observation","Visit5/6months",4103967,"follow-up 6 months","snomed:300042001"
"f5_CAFFE","Coffee at 6 month follow up","INT",,"2 = never | 3 = 1-2 cups a day | 4 = 3-4 cups a day | 5 = 5+ cups a day",1,6373,602,2,5,,"SNOMED:444841000124107| SNOMED:396107007| SNOMED:396112008| loinc:LA13858-8","Never| One to two times a day| Three to four times a day| 5 or more times per day","763692| 4245244| 4244842| 45882530","snomed:29263009","Coffee",4162308,,,,,,,"Observation","Visit5/6months",4103967,"follow-up 6 months","snomed:300042001"
"f5_CAPTO","Captopril at 6 month follow up","INT",,"2=No | 3=Yes",1,6419,556,2,3,,"LOINC:LA32-8| LOINC:LA33-6","No| Yes","45878245| 45877994","rxnorm:1998","Captopril",1340128,,,,,,,"Drug_Exposure","Visit5/6months",4103967,"follow-up 6 months","snomed:300042001"
"f5_CARVE","Carvedilol at 6 month follow up","INT",,"2=No | 3=Yes",1,6417,558,2,3,,"LOINC:LA32-8| LOINC:LA33-6","No| Yes","45878245| 45877994","rxnorm:20352","Carvedilol",1346823,,,,,,,"Drug_Exposure","Visit5/6months",4103967,"follow-up 6 months","snomed:300042001"
"f5_CHEESE","Cheese at 6 month follow up","INT",,"2 = never | 3 =2-3 times a week | 4 = once a day | 5= >1 times a day",1,6373,602,2,5,,"SNOMED:444841000124107| LOINC:LA26463-2| LOINC:LA13897-6| SNOMED:1411000175107","Never| 2 or 3 times per week| once a day| more than once a day","763692| 42531019| 45876378| 761069","snomed:102264005","Cheese",4008485,,,,,,,"Observation","Visit5/6months",4103967,"follow-up 6 months","snomed:300042001"
"f5_CKTOT","CK total (U/L) at 6 month follow up","FLOAT","U/L",,,5861,1114,2,760,,,,,"loinc:2157-6","creatine kinase [enzymatic activity/volume] in serum or plasma",3007220,,,,"unit per liter","ucum:[U]/L",8645,"Measurement","Visit5/6months",4103967,"follow-up 6 months","snomed:300042001"
"f5_COLEHDL","Cholesterol HDL (mg/dl) at 6 month follow up","FLOAT","mg/dl",,,5949,1026,15,228,,,,,"loinc:2085-9","Cholesterol in HDL [Mass/volume] in Serum or Plasma",3007070,,,,"milligram per deciliter","ucum:mg/dL",8840,"Measurement","Visit5/6months",4103967,"follow-up 6 months","snomed:300042001"
"f5_COLELDL","Cholesterol LDL (mg/dl) at 6 month follow up","FLOAT","mg/dl",,,5547,1428,3,278,,,,,"loinc:2089-1","Cholesterol in LDL [Mass/volume] in Serum or Plasma",3028437,,,,"milligram per deciliter","ucum:mg/dL",8840,"Measurement","Visit5/6months",4103967,"follow-up 6 months","snomed:300042001"
"f5_COLETOT","Total Cholesterol (mg/dl) at 6 month follow up","FLOAT","mg/dl",,,6073,902,58,457,,,,,"loinc:2093-3","Cholesterol [Mass/volume] in Serum or Plasma",3027114,,,,"milligram per deciliter","ucum:mg/dL",8840,"Measurement","Visit5/6months",4103967,"follow-up 6 months","snomed:300042001"
"f5_CREATIN","Serum creatinine (mg/dl) at 6 month follow up","FLOAT","mg/dl",,,6061,914,0.23,10.44,,,,,"loinc:2160-0","creatinine [mass/volume] in serum or plasma",3016723,,,,"milligram per deciliter","ucum:mg/dL",8840,"Measurement","Visit5/6months",4103967,"follow-up 6 months","snomed:300042001"
"f5_DALTACE","Dose other ACE-inhibitor (mg) at 6 month follow up","FLOAT","mg",,,588,6387,1,60,,,,,"atc:C09AA","""ACE inhibitors, plain""",21601784,"Dosage|Other","snomed:260911001|snomed:74964007","4118853|9177","milligram","ucum:mg",8576,"Drug_Exposure","Visit5/6months",4103967,"follow-up 6 months","snomed:300042001"
"f5_DATAECG","ECG date at 6 month follow up","DATETIME","dd-mm-yyyy",,,6164,615,02/04/03,11/23/05,,,,,"loinc:LP149975-7","ECG",1011679,"Date of procedure","snomed:439272007",4232096,,,,"Observation_period","Visit5/6months",4103967,"follow-up 6 months","snomed:300042001"
"f5_DATALAB","Date of laboratory exam at 6 month follow up","DATETIME","dd-mm-yyyy",,,6141,834,01/25/03,11/23/05,,,,,"snomed:281271004","Date sample received in laboratory",4084758,,,,,,,"Observation_period","Visit5/6months",4103967,"follow-up 6 months","snomed:300042001"
"f5_DATENO","Dose Atenolol (mg) at 6 month follow up","FLOAT","mg",,,92,6883,25,100,,,,,"rxnorm:1202","Atenolol",1314002,"Dosage","snomed:260911001",4118853,"milligram","ucum:mg",8576,"Drug_Exposure","Visit5/6months",4103967,"follow-up 6 months","snomed:300042001"
"f5_DBISOPRO","Dose Bisoprolol (mg) at 6 month follow up","FLOAT","mg",,,552,6423,0.62,18.75,,,,,"rxnorm:19484","Bisoprolol",1338005,"Dosage","snomed:260911001",4118853,"milligram","ucum:mg",8576,"Drug_Exposure","Visit5/6months",4103967,"follow-up 6 months","snomed:300042001"
"f5_DCAPTO","Dose Captopril (mg) at 6 month follow up","FLOAT","mg",,,177,6798,6.2,275,,,,,"rxnorm:1998","Captopril",1340128,"Dosage","snomed:260911001",4118853,"milligram","ucum:mg",8576,"Drug_Exposure","Visit5/6months",4103967,"follow-up 6 months","snomed:300042001"
"f5_DCARVE","Dose Carvedilol (mg) at 6 month follow up","FLOAT","mg",,,3545,3430,1.56,100,,,,,"rxnorm:20352","Carvedilol",1346823,"Dosage","snomed:260911001",4118853,"milligram","ucum:mg",8576,"Drug_Exposure","Visit5/6months",4103967,"follow-up 6 months","snomed:300042001"
"f5_DEBMUSCO","Muscle weakness at 6 month follow up","INT",,"2 = never | 3 = sometimes | 4 = often | 5 = always",1,6318,657,2,5,,"LOINC:LA6270-8| LOINC:LA10082-8| LOINC:LA10044-8| LOINC:LA9933-8","Never| sometimes| often| always","45876662| 45882528| 45884455| 45882536","snomed:26544005","Muscle weakness",79908,,,,,,,"Measurement","Visit5/6months",4103967,"follow-up 6 months","snomed:300042001"
"f5_DENALA","Dose Enalapril (mg) at 6 month follow up","FLOAT","mg",,,1709,5266,1,40,,,,,"rxnorm:3827","Enalapril",1341927,"Dosage","snomed:260911001",4118853,"milligram","ucum:mg",8576,"Drug_Exposure","Visit5/6months",4103967,"follow-up 6 months","snomed:300042001"
"f5_DESALTAC","Description other ACE-inhibitor at 6 month follow up","STR",,,,589,6386,,,,,,,"atc:C09AA","""ACE inhibitors, plain""",21601784,"Description|Other","loinc:LP6800-9|snomed:74964007","1029623|9177",,,,"Drug_Exposure","Visit5/6months",4103967,"follow-up 6 months","snomed:300042001"
"f5_DESALTAR","Description other antiarrhythmic agent at 6 month follow up","STR",,,,50,6925,,,,,,,"atc:C01B","ANTIARRHYTHMICS, CLASS I AND III",21600248,"Description|Other","loinc:LP6800-9|snomed:74964007","1029623|9177",,,,"Drug_Exposure","Visit5/6months",4103967,"follow-up 6 months","snomed:300042001"
"f5_DESALTBB","Description Other beta blocker at 6 month follow up","STR",,,,80,6895,,,,,,,"atc:C07A","BETA BLOCKING AGENTS",21601665,"Description|Other","loinc:LP6800-9|snomed:74964007","1029623|9177",,,,"Drug_Exposure","Visit5/6months",4103967,"follow-up 6 months","snomed:300042001"
"f5_DESALTCA","Description other calcium antagonist at 6 month follow up","STR",,,,103,6872,,,,,,,"atc:C08C","SELECTIVE CALCIUM CHANNEL BLOCKERS WITH MAINLY VASCULAR EFFECTS",21601745,"Description|Other","loinc:LP6800-9|snomed:74964007","1029623|9177",,,,"Drug_Exposure","Visit5/6months",4103967,"follow-up 6 months","snomed:300042001"
"f5_DESALTRD","Description other vasodilator at 6 month follow up","STR",,,,116,6859,,,,,,,"snomed:372787008","Vasodilator",4158258,"Description|Other","loinc:LP6800-9|snomed:74964007","1029623|9177",,,,"Drug_Exposure","Visit5/6months",4103967,"follow-up 6 months","snomed:300042001"
"f5_DESCANO","Description of other ECG abnormality at 6 month follow up","STR",,,,1762,5213,,,,,,,"loinc:LA24621-7","Abnormal ECG",36311174,"Description","loinc:LP6800-9",1029623,,,,"Observation","Visit5/6months",4103967,"follow-up 6 months","snomed:300042001"
"f5_DESCOPEN","Open labeled statins: description at 6 month follow up","STR",,,,1518,5457,,,,,,,"atc:C10AA","hmg-coa reductase inhibitor",21601855,"Description","loinc:LP6800-9",1029623,,,,"Drug_Exposure","Visit5/6months",4103967,"follow-up 6 months","snomed:300042001"
"f5_DFUROSEM","Dose Furosemide (mg) at 6 month follow up","FLOAT","mg",,,4978,1997,3,1000,,,,,"rxnorm:4603","Furosemide",956874,"Dosage","snomed:260911001",4118853,"milligram","ucum:mg",8576,"Drug_Exposure","Visit5/6months",4103967,"follow-up 6 months","snomed:300042001"
"f5_DIGITALE","Digitalis at 6 month follow up","INT",,"2=No | 3=Yes",1,6419,556,2,3,,"LOINC:LA32-8| LOINC:LA33-6","No| Yes","45878245| 45877994","atc:C01AA","Digitalis glycosides",21601240,,,,,,,"Drug_Exposure","Visit5/6months",4103967,"follow-up 6 months","snomed:300042001"
"f5_DILTI","Diltiazem at 6 month follow up","INT",,"2=No | 3=Yes",1,6419,556,2,3,,"LOINC:LA32-8| LOINC:LA33-6","No| Yes","45878245| 45877994","rxnorm:3443","Diltiazem",1328165,,,,,,,"Drug_Exposure","Visit5/6months",4103967,"follow-up 6 months","snomed:300042001"
"f5_DLISINO","Dose Lisinopril (mg) at 6 month follow up","FLOAT","mg",,,6811,164,0,40,,,,,"rxnorm:29046","Lisonorpil",1308216,"Dosage","snomed:260911001",4118853,"milligram","ucum:mg",8576,"Drug_Exposure","Visit5/6months",4103967,"follow-up 6 months","snomed:300042001"
"f5_DMETO","Dose Metoprolol (mg) at 6 month follow up","FLOAT","mg",,,176,6799,12.5,250,,,,,"rxnorm:6918","Metoprolol",1307046,"Dosage","snomed:260911001",4118853,"milligram","ucum:mg",8576,"Drug_Exposure","Visit5/6months",4103967,"follow-up 6 months","snomed:300042001"
"f5_DOSALTBB","Dose Other beta blocker (mg) at 6 month follow up","FLOAT","mg",,,79,6896,1.25,240,,,,,"atc:C07A","BETA BLOCKING AGENTS",21601665,"Dosage|Other","snomed:260911001|snomed:74964007","4118853|9177","milligram","ucum:mg",8576,"Drug_Exposure","Visit5/6months",4103967,"follow-up 6 months","snomed:300042001"
"f5_DRAMIP","Dose Ramipril (mg) at 6 month follow up","FLOAT","mg",,,1712,5263,0.6,25,,,,,"rxnorm:35296","Ramipril",1334456,"Dosage","snomed:260911001",4118853,"milligram","ucum:mg",8576,"Drug_Exposure","Visit5/6months",4103967,"follow-up 6 months","snomed:300042001"
"f5_DSPIRONO","Dose Spironolactone (mg) at 6 month follow up","FLOAT","mg",,,2459,4516,7,200,,,,,"rxnorm:9997","Spironolactone",970250,"Dosage","snomed:260911001",4118853,"milligram","ucum:mg",8576,"Drug_Exposure","Visit5/6months",4103967,"follow-up 6 months","snomed:300042001"
"f5_DTRAND","Dose Trandolapril (mg) at 6 month follow up","FLOAT","mg",,,14,6961,1,6,,,,,"rxnorm:38454","Trandolapril",1342439,"Dosage","snomed:260911001",4118853,"milligram","ucum:mg",8576,"Drug_Exposure","Visit5/6months",4103967,"follow-up 6 months","snomed:300042001"
"f5_DURQRS","QRS length (msec) at 6 month follow up","INT","msec",,,6153,626,30,313,,,,,"snomed:39632005","QRS interval",4218048,,,,"millisecond","ucum:ms",9593,"Measurement","Visit5/6months",4103967,"follow-up 6 months","snomed:300042001"
"f5_EDEMPERI","Peripheral edema severity at 6 month follow up","INT",,"2 = no | 3 = only ankles | 4 = until knee | 5 = above",1,6329,646,2,5,,"LOINC:LA32-8| snomed:26237000| snomed:102575008|snomed:102573001","No|ankle edema|Edema of knee|Edema of thigh","45878245|4094513|4010012|4010011","snomed:423484008","Grade of edema",4313204,,,,,,,"measurement","Visit5/6months",4103967,"follow-up 6 months","snomed:300042001"
"f5_EMATOCRI","Hematocrit (%) at 6 month follow up","FLOAT",,,,6070,905,21,80,,,,,"Loinc:20570-8","Hematocrit [Volume Fraction] of Blood",3009542,,,,,,,"Measurement","Visit5/6months",4103967,"follow-up 6 months","snomed:300042001"
"f5_EMOGLOB","Hemoglobin (g/dl) at 6 month follow up","FLOAT","g/dL",,,6074,901,5.1,19.8,,,,,"loinc:718-7","Hemoglobin [Mass/volume] in Blood",3000963,,,,"gram per deciliter","ucum:g/dL",8713,"Measurement","Visit5/6months",4103967,"follow-up 6 months","snomed:300042001"
"f5_ENALA","Enalapril at 6 month follow up","INT",,"2=No | 3=Yes",1,6419,556,2,3,,"LOINC:LA32-8| LOINC:LA33-6","No| Yes","45878245| 45877994","rxnorm:3827","Enalapril",1341927,,,,,,,"Drug_Exposure","Visit5/6months",4103967,"follow-up 6 months","snomed:300042001"
"f5_FANS","Non-steroidal anti-inflammatory agent (FANS) at 6 month follow up","INT",,"2=No | 3=Yes",1,6419,556,2,3,,"LOINC:LA32-8| LOINC:LA33-6","No| Yes","45878245| 45877994","atc:M01A","ANTIINFLAMMATORY AND ANTIRHEUMATIC PRODUCTS, NON-STEROIDS",21603933,,,,,,,"Drug_Exposure","Visit5/6months",4103967,"follow-up 6 months","snomed:300042001"
"f5_FC","Heart rate (bpm) at 6 month follow up","FLOAT","beats/min",,,6258,717,32,150,,,,,"loinc:8867-4","Heart rate",3027018,,,,"Counts per minute","ucum:{counts}/min",8483,"Measurement","Visit5/6months",4103967,"follow-up 6 months","snomed:300042001"
"f5_FCECG","Heart rate (ECG) (bpm) at 6 month follow up","FLOAT","beats/min",,,6163,616,31,170,,,,,"loinc:8867-4","Heart rate",3027018,"ECG finding","snomed:271921002",4156045,"Counts per minute","ucum:{counts}/min",8483,"Measurement","Visit5/6months",4103967,"follow-up 6 months","snomed:300042001"
"f5_FELOD","Felodipine at 6 month follow up","INT",,"2=No | 3=Yes",1,6419,556,2,3,,"LOINC:LA32-8| LOINC:LA33-6","No| Yes","45878245| 45877994","rxnorm:4316","Felodipine",1353776,,,,,,,"Drug_Exposure","Visit5/6months",4103967,"follow-up 6 months","snomed:300042001"
"f5_FIBRINO","Fibrinogenemia (mg/dl) at 6 month follow up","FLOAT","mg/dl",,,5722,1253,50,1156,,,,,"snomed:1108621000000108","fibrinogen mass concentration in plasma",37208754,,,,"milligram per deciliter","ucum:mg/dL",8840,"Measurement","Visit5/6months",4103967,"follow-up 6 months","snomed:300042001"
"f5_FLUTTER","Atrial fibrillation / Flutter at 6 month follow up","INT",,"0 = No | 1 = Yes",,6164,615,0,1,,"LOINC:LA32-8| LOINC:LA33-6","No| Yes","45878245| 45877994","snomed:49436004","Atrial fibrillation",313217,,,,,,,"Measurement","Visit5/6months",4103967,"follow-up 6 months","snomed:300042001"
"f5_FRUTTA","Fruit at 6 month follow up","INT",,"2 = never | 3 =2-3 times a week | 4 = once a day | 5= >1 times a day",1,6373,602,2,5,,"SNOMED:444841000124107| LOINC:LA26463-2| LOINC:LA13897-6| SNOMED:1411000175107","Never| 2 or 3 times per week| once a day| more than once a day","763692| 42531019| 45876378| 761069","snomed:72511004","Fruit",4217045,,,,,,,"Observation","Visit5/6months",4103967,"follow-up 6 months","snomed:300042001"
"f5_FUROSEMI","Furosemide at 6 month follow up","INT",,"2=No | 3=Yes",1,6419,556,2,3,,"LOINC:LA32-8| LOINC:LA33-6","No| Yes","45878245| 45877994","rxnorm:4603","Furosemide",956874,,,,,,,"Drug_Exposure","Visit5/6months",4103967,"follow-up 6 months","snomed:300042001"
"f5_GBIANCHI","White blood cells (mm3) at 6 month follow up","FLOAT","mm3",,,6070,905,1012,80100,,,,,"snomed:1110441000000100","White blood cell count in blood",37208925,,,,"cubic millimeter","ucum:mm3",8686,"Measurement","Visit5/6months",4103967,"follow-up 6 months","snomed:300042001"
"f5_GLICEMIA","Glycemia (mg/dl) at 6 month follow up","FLOAT","mg/dl",,,6078,897,50,678,,,,,"Snomed:33747003","“Glucose measurement, blood”",4144235,,,,"milligram per deciliter","ucum:mg/dL",8840,"Measurement","Visit5/6months",4103967,"follow-up 6 months","snomed:300042001"
"f5_IDRALAZ","Hydralazine at 6 month follow up","INT",,"2=No | 3=Yes",1,6417,558,2,3,,"LOINC:LA32-8| LOINC:LA33-6","No| Yes","45878245| 45877994","rxnorm:5470","Hydralazine",1373928,,,,,,,"Drug_Exposure","Visit5/6months",4103967,"follow-up 6 months","snomed:300042001"
"f5_INTENZIO","Intentional weight loss (If weight loss >= 2 kg) at 6 month follow up","INT",,"1 = no weight loss | 2 = no | 3 = yes",,6811,164,1,3,,"snomed:83421005| LOINC:LA32-8| LOINC:LA33-6","failure to lose weight|no|yes","4308415 | 45878245| 45877994","snomed:416528001","intentional weight loss",4214302,,,,,,,"Measurement","Visit5/6months",4103967,"follow-up 6 months","snomed:300042001"
"f5_IPERVENT","Left ventricular hypertrophy at 6 month follow up","INT",,"0 = No | 1 = Yes",,6164,615,0,1,,"LOINC:LA32-8| LOINC:LA33-6","No| Yes","45878245| 45877994","snomed:55827005","Left ventricular hypertrophy",4184746,,,,,,,"Measurement","Visit5/6months",4103967,"follow-up 6 months","snomed:300042001"
"f5_LALT","Lower limit ALT (U/L) at 6 month follow up","FLOAT","U/L",,,3670,3305,1,30,,,,,"loinc:76625-3","Alanine aminotransferase [Enzymatic activity/volume] in Blood",46235106,"Lower limit of reference range","snomed:385524004",4294191,"unit per liter","ucum:[U]/L",8645,"Measurement","Visit5/6months",4103967,"follow-up 6 months","snomed:300042001"
"f5_LAST","Lower limit AST (U/L) at 6 month follow up","FLOAT","U/L",,,3617,3358,1,21,,,,,"loinc:1920-8","Aspartate aminotransferase [Enzymatic activity/volume] in Serum or Plasma",3013721,"Lower limit of reference range","snomed:385524004",4294191,"unit per liter","ucum:[U]/L",8645,"Measurement","Visit5/6months",4103967,"follow-up 6 months","snomed:300042001"
"f5_LATOBB","Bundle branch block side at 6 month follow up","INT",,"2 = left | 3=right",1,2029,4750,2,3,,"snomed:7771000|snomed:24028007","Left|Right","4300877|4080761","snomed:6374002","Bundle branch block",313791,"side","snomed:182353008",4112563,,,,"Measurement","Visit5/6months",4103967,"follow-up 6 months","snomed:300042001"
"f5_LCKTOT","Lower limit CK total (U/L) at 6 month follow up","FLOAT","U/L",,,4069,2906,1,149,,,,,"loinc:2157-6","creatine kinase [enzymatic activity/volume] in serum or plasma",3007220,"Lower limit of reference range","snomed:385524004",4294191,"unit per liter","ucum:[U]/L",8645,"Measurement","Visit5/6months",4103967,"follow-up 6 months","snomed:300042001"
"f5_LISINO","Lisinopril at 6 month follow up","INT",,"2=No | 3=Yes",1,6419,556,2,3,,"LOINC:LA32-8| LOINC:LA33-6","No| Yes","45878245| 45877994","rxnorm:29046","Lisonorpil",1308216,,,,,,,"Drug_Exposure","Visit5/6months",4103967,"follow-up 6 months","snomed:300042001"
"f5_METO","Metoprolol at 6 month follow up","INT",,"2=No | 3=Yes",1,6417,558,2,3,,"LOINC:LA32-8| LOINC:LA33-6","No| Yes","45878245| 45877994","rxnorm:6918","Metoprolol",1307046,,,,,,,"Drug_Exposure","Visit5/6months",4103967,"follow-up 6 months","snomed:300042001"
"f5_N3PUFA","N3-PUFA open labeled at 6 month follow up","INT",,"2=No | 3=Yes",1,6419,556,2,3,,"LOINC:LA32-8| LOINC:LA33-6","No| Yes","45878245| 45877994","atc:N03AG","Fatty acid derivatives",21604421,,,,,,,"Drug_Exposure","Visit5/6months",4103967,"follow-up 6 months","snomed:300042001"
"f5_NA","Serum Sodium (mmol/L) at 6 month follow up","FLOAT","mmol/L",,,6049,926,102,156,,,,,"loinc:2951-2","Sodium [Moles/volume] in Serum or Plasma",3019550,,,,"millimole per liter","ucum:mmol/L",8753,"Measurement","Visit5/6months",4103967,"follow-up 6 months","snomed:300042001"
"f5_NIFED","Nifedipine at 6 month follow up","INT",,"2=No | 3=Yes",1,6419,556,2,3,,"LOINC:LA32-8| LOINC:LA33-6","No| Yes","45878245| 45877994","rxnorm:7417","Nifedipine",1318853,,,,,,,"Drug_Exposure","Visit5/6months",4103967,"follow-up 6 months","snomed:300042001"
"f5_NITRATI","Nitrates at 6 month follow up","INT",,"2=No | 3=Yes",1,6417,558,2,3,,"LOINC:LA32-8| LOINC:LA33-6","No| Yes","45878245| 45877994","atc:C01DA","Organic nitrates",21600316,,,,,,,"Drug_Exposure","Visit5/6months",4103967,"follow-up 6 months","snomed:300042001"
"f5_NYHA","NYHA Class at 6 month follow up","INT",,"2 = NYHA class I | 3 = NYHA class II | 4 = NYHA class III | 5 = NYHA class IV",1,6363,612,2,5,,"snomed:420300004| snomed:421704003| snomed:420913000| snomed:422293003","New York Heart Association Classification - Class I| New York Heart Association Classification - Class II| New York Heart Association Classification - Class III| New York Heart Association Classification - Class IV","4220607| 4226789| 4227345| 4228881","snomed:420816009","new york heart association classification",4223299,,,,,,,"Measurement","Visit5/6months",4103967,"follow-up 6 months","snomed:300042001"
"f5_OLIVA","Olive oil at 6 month follow up","INT",,"2 = never | 3 = sometimes | 4 = frequently | 5 = on a regular basis",1,6372,603,2,5,,"LOINC:LA6270-8| LOINC:LA10082-8| LOINC:LA6482-9| SNOMED:307430002","Never| sometimes| frequently| regular frequency","45876662| 45882528| 45883983| 4146463","snomed:41834005","Olive oil",4216445,,,,,,,"Observation","Visit5/6months",4103967,"follow-up 6 months","snomed:300042001"
"f5_ONDEQ","Pathological Q waves at 6 month follow up","INT",,"0 = No | 1 = Yes",,6164,615,0,1,,"LOINC:LA32-8| LOINC:LA33-6","No| Yes","45878245| 45877994","snomed:164918000","Pathological Q wave",4065387,,,,,,,"Measurement","Visit5/6months",4103967,"follow-up 6 months","snomed:300042001"
"f5_OPENSTAT","Statins open labeled at 6 month follow up","INT",,"2=No | 3=Yes",1,6419,556,2,3,,"LOINC:LA32-8| LOINC:LA33-6","No| Yes","45878245| 45877994","atc:C10AA","hmg-coa reductase inhibitor",21601855,,,,,,,"Drug_Exposure","Visit5/6months",4103967,"follow-up 6 months","snomed:300042001"
"f5_PAD","Diastolic blood pressure (mmHg) at 6 month follow up","FLOAT","mmHg",,,6285,690,38,130,,,,,"loinc:8462-4","Diastolic blood pressure",3012888,,,,"millimeter mercury column","ucum:mm[Hg]",8876,"Measurement","Visit5/6months",4103967,"follow-up 6 months","snomed:300042001"
"f5_PAS","Systolic blood pressure (mmHg) at 6 month follow up","FLOAT","mmHg",,,6285,690,70,220,,,,,"loinc:8480-6","Systolic blood pressure",3004249,,,,"millimeter mercury column","ucum:mm[Hg]",8876,"Measurement","Visit5/6months",4103967,"follow-up 6 months","snomed:300042001"
"f5_PESCE","Fish at 6 month follow up","INT",,"2 = never | 3 = once a week | 4 = 2 times a week | 5 = 3+ times a week",1,6373,602,2,5,,"LOINC:LA6270-8| LOINC:LA26461-6| SNOMED:229800002| LOINC:LA6396-1","Never| once a week| twice weekly| Three or more times per week","45876662|42531017| 4047143| 45877752","snomed:735971005","Fish",42539493,,,,,,,"Observation","Visit5/6months",4103967,"follow-up 6 months","snomed:300042001"
"f5_PESOATT","Weight (kg) at 6 month follow up","FLOAT","Kilogram",,,6305,670,35,172,,,,,"loinc:29463-7","Body weight",3025315,,,,"kilogram","ucum:kg",9529,"Measurement","Visit5/6months",4103967,"follow-up 6 months","snomed:300042001"
"f5_POTASSIO","Serum potassium (mmol/L) at 6 month follow up","FLOAT","mmol/L",,,6050,925,2,7.4,,,,,"loinc:2823-3","Potassium [Moles/volume] in Serum or Plasma",3023103,,,,"millimole per liter","ucum:mmol/L",8753,"Measurement","Visit5/6months",4103967,"follow-up 6 months","snomed:300042001"
"f5_RAMIP","Ramipril at 6 month follow up","INT",,"2=No | 3=Yes",1,6419,556,2,3,,"LOINC:LA32-8| LOINC:LA33-6","No| Yes","45878245| 45877994","rxnorm:35296","Ramipril",1334456,,,,,,,"Drug_Exposure","Visit5/6months",4103967,"follow-up 6 months","snomed:300042001"
"f5_RITMOPM","Rhythm from pacemaker at 6 month follow up","INT",,"0 = No | 1 = Yes",,6164,615,0,1,,"LOINC:LA32-8| LOINC:LA33-6","No| Yes","45878245| 45877994","snomed:10370003","Rhythm from artificial pacing",4304202,,,,,,,"Measurement","Visit5/6months",4103967,"follow-up 6 months","snomed:300042001"
"f5_SARTANI","Sartans at 6 month follow up","INT",,"2=No | 3=Yes",1,6417,558,2,3,,"LOINC:LA32-8| LOINC:LA33-6","No| Yes","45878245| 45877994","atc:C09CA","""Angiotensin II receptor blockers (ARBs), plain""",21601823,,,,,,,"Drug_Exposure","Visit5/6months",4103967,"follow-up 6 months","snomed:300042001"
"f5_SEMI","Seed oil at 6 month follow up","INT",,"2 = never | 3 = sometimes | 4 = frequently | 5 = on a regular basis",1,6373,602,2,5,,"LOINC:LA6270-8| LOINC:LA10082-8| LOINC:LA6482-9| SNOMED:307430002","Never| sometimes| frequently| regular frequency","45876662| 45882528| 45883983| 4146463","snomed:21847005","Oil",4071021,,,,,,,"Observation","Visit5/6months",4103967,"follow-up 6 months","snomed:300042001"
"f5_SILDENAF","Sildenafil at 6 month follow up","INT",,"2=No | 3=Yes",1,6419,556,2,3,,"LOINC:LA32-8| LOINC:LA33-6","No| Yes","45878245| 45877994","Rxnorm:136411","Sildenafil",1316262,,,,,,,"Drug_Exposure","Visit5/6months",4103967,"follow-up 6 months","snomed:300042001"
"f5_SPECNO","If alcohol NO type of non-consumption at 6 month follow up","INT",,"2 = NO | 3 = PAST | 4 = NEVER",1,2054,4921,3,4,,"LOINC:LA32-8|LOINC:LA28393-9|LOINC:LA6270-8","No|Former user| never","45878245|36307819|45876662","snomed:105542008","non - drinker",4022664,,,,,,,"Observation","Visit5/6months",4103967,"follow-up 6 months","snomed:300042001"
"f5_SPIRONO","Spironolactone at 6 month follow up","INT",,"2=No | 3=Yes",1,6419,556,2,3,,"LOINC:LA32-8| LOINC:LA33-6","No| Yes","45878245| 45877994","rxnorm:9997","Spironolactone",970250,,,,,,,"Drug_Exposure","Visit5/6months",4103967,"follow-up 6 months","snomed:300042001"
"f5_SUPERAL","Spirits (if alcohol YES) at 6 month follow up","INT",,"2 = NO | 3 = sometimes | 4 = 1-2 glasses a day | 5 = 3-4 glasses a day | 6 = 5+ glasses a day",1,4319,2656,2,6,,"LOINC:LA32-8| LOINC:LA10082-8| LOINC:LA26462-4| SNOMED:396112008| loinc:LA13858-8","No| sometimes| 1 or 2 times per day|  Three to four times a day| 5 or more times per day","45878245| 45882528| 42530681| 4244842| 45882530","snomed:6524003","Distilled spirits",4275752,,,,,,,"Observation","Visit5/6months",4103967,"follow-up 6 months","snomed:300042001"
"f5_TERAORMO","Hormone Replacement Therapy at 6 month follow up","INT",,"2=No | 3=Yes",1,6420,555,2,3,,"LOINC:LA32-8| LOINC:LA33-6","No| Yes","45878245| 45877994","snomed:266717002","Hormone Replacement Therapy",4141760,,,,,,,"Drug_Exposure","Visit5/6months",4103967,"follow-up 6 months","snomed:300042001"
"f5_TIAZIDI","Thiazides at 6 month follow up","INT",,"2=No | 3=Yes",1,6419,556,2,3,,"LOINC:LA32-8| LOINC:LA33-6","No| Yes","45878245| 45877994","snomed:860766002","Thiazides",3655254,,,,,,,"Drug_Exposure","Visit5/6months",4103967,"follow-up 6 months","snomed:300042001"
"f5_TRAND","Trandolapril at 6 month follow up","INT",,"2=No | 3=Yes",1,6419,556,2,3,,"LOINC:LA32-8| LOINC:LA33-6","No| Yes","45878245| 45877994","rxnorm:38454","Trandolapril",1342439,,,,,,,"Drug_Exposure","Visit5/6months",4103967,"follow-up 6 months","snomed:300042001"
"f5_TRIGLI","Triglycerides (mg/dl) at 6 month follow up","FLOAT","mg/dl",,,6041,934,17,1819,,,,,"loinc:14927-8","Triglyceride [Moles/volume] in Serum or Plasma",3025839,,,,"milligram per deciliter","ucum:mg/dL",8840,"Measurement","Visit5/6months",4103967,"follow-up 6 months","snomed:300042001"
"f5_UALT","Upper limit ALT (U/L) at 6 month follow up","FLOAT","U/L",,,6141,834,22,72,,,,,"loinc:76625-3","Alanine aminotransferase [Enzymatic activity/volume] in Blood",46235106,"Upper limit of reference range","snomed:371933006",4162853,"unit per liter","ucum:[U]/L",8645,"Measurement","Visit5/6months",4103967,"follow-up 6 months","snomed:300042001"
"f5_UAST","Upper limit AST (U/L) at 6 month follow up","FLOAT","U/L",,,6141,834,19,66,,,,,"loinc:1920-8","Aspartate aminotransferase [Enzymatic activity/volume] in Serum or Plasma",3013721,"Upper limit of reference range","snomed:371933006",4162853,"unit per liter","ucum:[U]/L",8645,"Measurement","Visit5/6months",4103967,"follow-up 6 months","snomed:300042001"
"f5_UCKTOT","Upper limit CK total (U/L) at 6 month follow up","FLOAT","U/L",,,6141,834,70,397,,,,,"loinc:2157-6","creatine kinase [enzymatic activity/volume] in serum or plasma",3007220,"Upper limit of reference range","snomed:371933006",4162853,"unit per liter","ucum:[U]/L",8645,"Measurement","Visit5/6months",4103967,"follow-up 6 months","snomed:300042001"
"f5_URICE","Uricemia (mg/dl) at 6 month follow up","FLOAT","mg/dl",,,5912,1063,1.5,22,,,,,"loinc:3084-1","urate [mass/volume] in serum or plasma",3037556,,,,"milligram per deciliter","ucum:mg/dL",8840,"Measurement","Visit5/6months",4103967,"follow-up 6 months","snomed:300042001"
"f5_VALUECG","ECG evaluation at 6 month follow up","INT",,"2 = normal | 3 = abnormal",1,6164,615,2,3,,"snomed:17621005|snomed:263654008","Normal | Abnormal","4069590|4135493","loinc:LP149975-7","ECG",1011679,"evaluation","snomed:723051000000101",44803879,,,,"Measurement","Visit5/6months",4103967,"follow-up 6 months","snomed:300042001"
"f5_VERAP","Verapamil at 6 month follow up","INT",,"2=No | 3=Yes",1,6419,556,2,3,,"LOINC:LA32-8| LOINC:LA33-6","No| Yes","45878245| 45877994","rxnorm:11170","Verapamil",1307863,,,,,,,"Drug_Exposure","Visit5/6months",4103967,"follow-up 6 months","snomed:300042001"
"f5_VERCOTTA","Cooked vegetables at 6 month follow up","INT",,"2 = never | 3 =2-3 times a week | 4 = once a day | 5= >1 times a day",1,6373,602,2,5,,"SNOMED:444841000124107| LOINC:LA26463-2| LOINC:LA13897-6| SNOMED:1411000175107","Never| 2 or 3 times per week| once a day| more than once a day","763692| 42531019| 45876378| 761069","snomed:444011000124102","Cooked vegetables",763625,,,,,,,"Observation","Visit5/6months",4103967,"follow-up 6 months","snomed:300042001"
"f5_VERCRUDA","Raw vegetables at 6 month follow up","INT",,"2 = never | 3 =2-3 times a week | 4 = once a day | 5= >1 times a day",1,6373,602,2,5,,"SNOMED:444841000124107| LOINC:LA26463-2| LOINC:LA13897-6| SNOMED:1411000175107","Never| 2 or 3 times per week| once a day| more than once a day","763692| 42531019| 45876378| 761069","snomed:314115004","Raw vegetables",4193035,,,,,,,"Observation","Visit5/6months",4103967,"follow-up 6 months","snomed:300042001"
"f5_VINO","Wine (if alcohol YES) at 6 month follow up","INT",,"2 = NO | 3 = sometimes | 4 = 1-2 glasses a day | 5 = 3-4 glasses a day | 6 = 5+ glasses a day",1,4319,2656,2,6,,"LOINC:LA32-8| LOINC:LA10082-8| LOINC:LA26462-4| SNOMED:396112008| loinc:LA13858-8","No| sometimes| 1 or 2 times per day|  Three to four times a day| 5 or more times per day","45878245| 45882528| 42530681| 4244842| 45882530","snomed:35748005","Wine",4262278,,,,,,,"Observation","Visit5/6months",4103967,"follow-up 6 months","snomed:300042001"
"f6_ALCOOL","Alcohol at 1 year follow up","INT",,"2 = NO | 3 = YES",1,6054,921,2,3,,"LOINC:LA32-8| LOINC:LA33-6","No| yes","45878245| 45877994","snomed:219006","Current drinker",4074035,,,,,,,"Observation","Visit6/12months",4081746,"follow-up 1 year","snomed:183627004"
"f6_ALLOPURI","Allopurinol at 1 year follow up","INT",,"2=No | 3=Yes",1,6124,851,2,3,,"LOINC:LA32-8| LOINC:LA33-6","No| Yes","45878245| 45877994","rxnorm:519","Allopurinol",1167322,,,,,,,"Drug_Exposure","Visit6/12months",4081746,"follow-up 1 year","snomed:183627004"
"f6_ALT","ALT (U/L) at 1 year follow up","FLOAT","U/L",,,5700,1275,1,433,,,,,"loinc:76625-3","Alanine aminotransferase [Enzymatic activity/volume] in Blood",46235106,,,,"unit per liter","ucum:[U]/L",8645,"Measurement","Visit6/12months",4081746,"follow-up 1 year","snomed:183627004"
"f6_ALTACE","other ACE-inhibitor at 1 year follow up","INT",,"2=No | 3=Yes",1,6124,851,2,3,,"LOINC:LA32-8| LOINC:LA33-6","No| Yes","45878245| 45877994","atc:C09AA","""ACE inhibitors, plain""",21601784,"Other","snomed:74964007",9177,,,,"Drug_Exposure","Visit6/12months",4081746,"follow-up 1 year","snomed:183627004"
"f6_ALTANO","Other ECG abnormality at 1 year follow up","INT",,"0 = No | 1 = Yes",,5831,948,0,1,,"LOINC:LA32-8| LOINC:LA33-6","No| Yes","45878245| 45877994","loinc:LA24621-7","Abnormal ECG",36311174,,,,,,,"Measurement","Visit6/12months",4081746,"follow-up 1 year","snomed:183627004"
"f6_ALTDIU","Other diuretics at 1 year follow up","INT",,"2=No | 3=Yes",1,6124,851,2,3,,"LOINC:LA32-8| LOINC:LA33-6","No| Yes","45878245| 45877994","atc:C03","DIURETICS",21601461,"Other","snomed:74964007",9177,,,,"Drug_Exposure","Visit6/12months",4081746,"follow-up 1 year","snomed:183627004"
"f6_ALTROARI","Other antiarrhythmic agent at 1 year follow up","INT",,"2=No | 3=Yes",1,6123,852,2,3,,"LOINC:LA32-8| LOINC:LA33-6","No| Yes","45878245| 45877994","atc:C01B","ANTIARRHYTHMICS, CLASS I AND III",21600248,"Other","snomed:74964007",9177,,,,"Drug_Exposure","Visit6/12months",4081746,"follow-up 1 year","snomed:183627004"
"f6_ALTROBB","Other beta blocker at 1 year follow up","INT",,"2=No | 3=Yes",1,6124,851,2,3,,"LOINC:LA32-8| LOINC:LA33-6","No| Yes","45878245| 45877994","atc:C07A","BETA BLOCKING AGENTS",21601665,"Other","snomed:74964007",9177,,,,"Drug_Exposure","Visit6/12months",4081746,"follow-up 1 year","snomed:183627004"
"f6_ALTROCA","Other calcium antagonist at 1 year follow up","INT",,"2=No | 3=Yes",1,6124,851,2,3,,"LOINC:LA32-8| LOINC:LA33-6","No| Yes","45878245| 45877994","atc:C08C","SELECTIVE CALCIUM CHANNEL BLOCKERS WITH MAINLY VASCULAR EFFECTS",21601745,"Other","snomed:74964007",9177,,,,"Drug_Exposure","Visit6/12months",4081746,"follow-up 1 year","snomed:183627004"
"f6_ALTRODIL","Other vasodilator at 1 year follow up","INT",,"2=No | 3=Yes",1,6123,852,2,3,,"LOINC:LA32-8| LOINC:LA33-6","No| Yes","45878245| 45877994","snomed:372787008","Vasodilator",4158258,"Other","snomed:74964007",9177,,,,"Drug_Exposure","Visit6/12months",4081746,"follow-up 1 year","snomed:183627004"
"f6_AMIODAR","Amiodarone at 1 year follow up","INT",,"2=No | 3=Yes",1,6123,852,2,3,,"LOINC:LA32-8| LOINC:LA33-6","No| Yes","45878245| 45877994","rxnorm:703","Amiodarone",1309944,,,,,,,"Drug_Exposure","Visit6/12months",4081746,"follow-up 1 year","snomed:183627004"
"f6_AMLOD","Amlodipine at 1 year follow up","INT",,"2=No | 3=Yes",1,6124,851,2,3,,"LOINC:LA32-8| LOINC:LA33-6","No| Yes","45878245| 45877994","rxnorm:17767","Amlodipine",1332418,,,,,,,"Drug_Exposure","Visit6/12months",4081746,"follow-up 1 year","snomed:183627004"
"f6_ANTIAGGR","Other antiaggregants at 1 year follow up","INT",,"2=No | 3=Yes",1,6124,851,2,3,,"LOINC:LA32-8| LOINC:LA33-6","No| Yes","45878245| 45877994","snomed:840595002","Platelet aggregation inhibitor therapy",3655005,"Other","snomed:74964007",9177,,,,"Drug_Exposure","Visit6/12months",4081746,"follow-up 1 year","snomed:183627004"
"f6_ANTICOAG","Oral anticoagulants at 1 year follow up","INT",,"2=No | 3=Yes",1,6124,851,2,3,,"LOINC:LA32-8| LOINC:LA33-6","No| Yes","45878245| 45877994","atc:B01A","ANTITHROMBOTIC AGENTS",21600961,,,,,,,"Drug_Exposure","Visit6/12months",4081746,"follow-up 1 year","snomed:183627004"
"f6_ANTIDEPR","Antidepressants at 1 year follow up","INT",,"2=No | 3=Yes",1,6124,851,2,3,,"LOINC:LA32-8| LOINC:LA33-6","No| Yes","45878245| 45877994","atc:N06A","antidepressants",21604686,,,,,,,"Drug_Exposure","Visit6/12months",4081746,"follow-up 1 year","snomed:183627004"
"f6_ASA","Acetylsalicylic acid at 1 year follow up","INT",,"2=No | 3=Yes",1,6124,851,2,3,,"LOINC:LA32-8| LOINC:LA33-6","No| Yes","45878245| 45877994","rxnorm:1191","Aspirin",1112807,,,,,,,"Drug_Exposure","Visit6/12months",4081746,"follow-up 1 year","snomed:183627004"
"f6_AST","AST (U/L) at 1 year follow up","FLOAT","U/L",,,5694,1281,4,258,,,,,"loinc:1920-8","Aspartate aminotransferase [Enzymatic activity/volume] in Serum or Plasma",3013721,,,,"unit per liter","ucum:[U]/L",8645,"Measurement","Visit6/12months",4081746,"follow-up 1 year","snomed:183627004"
"f6_ATENO","Atenolol at 1 year follow up","INT",,"2=No | 3=Yes",1,6124,851,2,3,,"LOINC:LA32-8| LOINC:LA33-6","No| Yes","45878245| 45877994","rxnorm:1202","Atenolol",1314002,,,,,,,"Drug_Exposure","Visit6/12months",4081746,"follow-up 1 year","snomed:183627004"
"f6_BBRANCA","Bundle branch block at 1 year follow up","INT",,"0 = No | 1 = Yes",,5831,948,0,1,,"LOINC:LA32-8| LOINC:LA33-6","No| Yes","45878245| 45877994","snomed:6374002","Bundle branch block",313791,,,,,,,"Measurement","Visit6/12months",4081746,"follow-up 1 year","snomed:183627004"
"f6_BENZOD","Benzodiazepine at 1 year follow-up at 1 year follow up","INT",,"2=No | 3=Yes",1,6124,851,2,3,,"LOINC:LA32-8| LOINC:LA33-6","No| Yes","45878245| 45877994","atc:N05BA","Benzodiazepine derivatives",21604565,,,,,,,"Drug_Exposure","Visit6/12months",4081746,"follow-up 1 year","snomed:183627004"
"f6_BILIRUB","Bilirubine (mg/dl) at 1 year follow up","FLOAT","mg/dl",,,5532,1443,0.07,9.9,,,,,"loinc:1975-2","bilirubin.total [mass/volume] in serum or plasma",3024128,,,,"milligram per deciliter","ucum:mg/dL",8840,"Measurement","Visit6/12months",4081746,"follow-up 1 year","snomed:183627004"
"f6_BIRRA","Beer (if alcohol YES) at 1 year follow up","INT",,"2 = NO | 3 = sometimes | 4 = 1-2 glasses a day | 5 = 3-4 glasses a day | 6 = 5+ glasses a day",1,4131,2844,2,6,,"LOINC:LA32-8| LOINC:LA10082-8| LOINC:LA26462-4| SNOMED:396112008| loinc:LA13858-8","No| sometimes| 1 or 2 times per day|  Three to four times a day| 5 or more times per day","45878245| 45882528| 42530681| 4244842| 45882530","snomed:53410008","Beer",4201587,,,,,,,"Observation","Visit6/12months",4081746,"follow-up 1 year","snomed:183627004"
"f6_BISOPRO","Bisoprolol at 1 year follow up","INT",,"2=No | 3=Yes",1,6124,851,2,3,,"LOINC:LA32-8| LOINC:LA33-6","No| Yes","45878245| 45877994","rxnorm:19484","Bisoprolol",1338005,,,,,,,"Drug_Exposure","Visit6/12months",4081746,"follow-up 1 year","snomed:183627004"
"f6_BURRO","Butter at 1 year follow up","INT",,"2 = never | 3 = sometimes | 4 = frequently | 5 = on a regular basis",1,6054,921,2,5,,"LOINC:LA6270-8| LOINC:LA10082-8| LOINC:LA6482-9| SNOMED:307430002","Never| sometimes| frequently| regular frequency","45876662| 45882528| 45883983| 4146463","snomed:226888007","Butter",4024776,,,,,,,"Observation","Visit6/12months",4081746,"follow-up 1 year","snomed:183627004"
"f6_CAFFE","Coffee at 1 year follow up","INT",,"2 = never | 3 = 1-2 cups a day | 4 = 3-4 cups a day | 5 = 5+ cups a day",1,6054,921,2,5,,"SNOMED:444841000124107| SNOMED:396107007| SNOMED:396112008| loinc:LA13858-8","Never| One to two times a day| Three to four times a day| 5 or more times per day","763692| 4245244| 4244842| 45882530","snomed:29263009","Coffee",4162308,,,,,,,"Observation","Visit6/12months",4081746,"follow-up 1 year","snomed:183627004"
"f6_CAPTO","Captopril at 1 year follow up","INT",,"2=No | 3=Yes",1,6124,851,2,3,,"LOINC:LA32-8| LOINC:LA33-6","No| Yes","45878245| 45877994","rxnorm:1998","Captopril",1340128,,,,,,,"Drug_Exposure","Visit6/12months",4081746,"follow-up 1 year","snomed:183627004"
"f6_CARVE","Carvedilol at 1 year follow up","INT",,"2=No | 3=Yes",1,6124,851,2,3,,"LOINC:LA32-8| LOINC:LA33-6","No| Yes","45878245| 45877994","rxnorm:20352","Carvedilol",1346823,,,,,,,"Drug_Exposure","Visit6/12months",4081746,"follow-up 1 year","snomed:183627004"
"f6_CHEESE","Cheese at 1 year follow up","INT",,"2 = never | 3 =2-3 times a week | 4 = once a day | 5= >1 times a day",1,6054,921,2,5,,"SNOMED:444841000124107| LOINC:LA26463-2| LOINC:LA13897-6| SNOMED:1411000175107","Never| 2 or 3 times per week| once a day| more than once a day","763692| 42531019| 45876378| 761069","snomed:102264005","Cheese",4008485,,,,,,,"Observation","Visit6/12months",4081746,"follow-up 1 year","snomed:183627004"
"f6_CKTOT","CK total (U/L) at 1 year follow up","FLOAT","U/L",,,5469,1506,5,989,,,,,"loinc:2157-6","creatine kinase [enzymatic activity/volume] in serum or plasma",3007220,,,,"unit per liter","ucum:[U]/L",8645,"Measurement","Visit6/12months",4081746,"follow-up 1 year","snomed:183627004"
"f6_COLEHDL","Cholesterol HDL (mg/dl) at 1 year follow up","FLOAT","mg/dl",,,5614,1361,10,182,,,,,"loinc:2085-9","Cholesterol in HDL [Mass/volume] in Serum or Plasma",3007070,,,,"milligram per deciliter","ucum:mg/dL",8840,"Measurement","Visit6/12months",4081746,"follow-up 1 year","snomed:183627004"
"f6_COLELDL","Cholesterol LDL (mg/dl) at 1 year follow up","FLOAT","mg/dl",,,5168,1807,6,327,,,,,"loinc:2089-1","Cholesterol in LDL [Mass/volume] in Serum or Plasma",3028437,,,,"milligram per deciliter","ucum:mg/dL",8840,"Measurement","Visit6/12months",4081746,"follow-up 1 year","snomed:183627004"
"f6_COLETOT","Total Cholesterol (mg/dl) at 1 year follow up","FLOAT","mg/dl",,,5729,1246,59,469,,,,,"loinc:2093-3","Cholesterol [Mass/volume] in Serum or Plasma",3027114,,,,"milligram per deciliter","ucum:mg/dL",8840,"Measurement","Visit6/12months",4081746,"follow-up 1 year","snomed:183627004"
"f6_CREATIN","Serum creatinine (mg/dl) at 1 year follow up","FLOAT","mg/dl",,,5715,1260,0.39,9.9,,,,,"loinc:2160-0","creatinine [mass/volume] in serum or plasma",3016723,,,,"milligram per deciliter","ucum:mg/dL",8840,"Measurement","Visit6/12months",4081746,"follow-up 1 year","snomed:183627004"
"f6_DALTACE","Dose other ACE-inhibitor (mg) at 1 year follow up","FLOAT","mg",,,547,6428,1,100,,,,,"atc:C09AA","""ACE inhibitors, plain""",21601784,"Dosage|Other","snomed:260911001|snomed:74964007","4118853|9177","milligram","ucum:mg",8576,"Drug_Exposure","Visit6/12months",4081746,"follow-up 1 year","snomed:183627004"
"f6_DATAECG","ECG date at 1 year follow up","DATETIME","dd-mm-yyyy",,,5831,948,07/29/03,04/26/06,,,,,"loinc:LP149975-7","ECG",1011679,"Date of procedure","snomed:439272007",4232096,,,,"Observation_period","Visit6/12months",4081746,"follow-up 1 year","snomed:183627004"
"f6_DATALAB","Date of laboratory exam at 1 year follow up","DATETIME","dd-mm-yyyy",,,5801,1174,07/29/03,04/24/06,,,,,"snomed:281271004","Date sample received in laboratory",4084758,,,,,,,"Observation_period","Visit6/12months",4081746,"follow-up 1 year","snomed:183627004"
"f6_DATENO","Dose Atenolol (mg) at 1 year follow up","FLOAT","mg",,,87,6888,25,125,,,,,"rxnorm:1202","Atenolol",1314002,"Dosage","snomed:260911001",4118853,"milligram","ucum:mg",8576,"Drug_Exposure","Visit6/12months",4081746,"follow-up 1 year","snomed:183627004"
"f6_DBISOPRO","Dose Bisoprolol (mg) at 1 year follow up","FLOAT","mg",,,654,6321,0.6,12.5,,,,,"rxnorm:19484","Bisoprolol",1338005,"Dosage","snomed:260911001",4118853,"milligram","ucum:mg",8576,"Drug_Exposure","Visit6/12months",4081746,"follow-up 1 year","snomed:183627004"
"f6_DCAPTO","Dose Captopril (mg) at 1 year follow up","FLOAT","mg",,,163,6812,6.2,250,,,,,"rxnorm:1998","Captopril",1340128,"Dosage","snomed:260911001",4118853,"milligram","ucum:mg",8576,"Drug_Exposure","Visit6/12months",4081746,"follow-up 1 year","snomed:183627004"
"f6_DCARVE","Dose Carvedilol (mg) at 1 year follow up","FLOAT","mg",,,3357,3618,1562,100,,,,,"rxnorm:20352","Carvedilol",1346823,"Dosage","snomed:260911001",4118853,"milligram","ucum:mg",8576,"Drug_Exposure","Visit6/12months",4081746,"follow-up 1 year","snomed:183627004"
"f6_DEBMUSCO","Muscle weakness at 1 year follow up","INT",,"2 = never | 3 = sometimes | 4 = often | 5 = always",1,6003,972,2,5,,"LOINC:LA6270-8| LOINC:LA10082-8| LOINC:LA10044-8| LOINC:LA9933-8","Never| sometimes| often| always","45876662| 45882528| 45884455| 45882536","snomed:26544005","Muscle weakness",79908,,,,,,,"Measurement","Visit6/12months",4081746,"follow-up 1 year","snomed:183627004"
"f6_DENALA","Dose Enalapril (mg) at 1 year follow up","FLOAT","mg",,,1603,5372,1,40,,,,,"rxnorm:3827","Enalapril",1341927,"Dosage","snomed:260911001",4118853,"milligram","ucum:mg",8576,"Drug_Exposure","Visit6/12months",4081746,"follow-up 1 year","snomed:183627004"
"f6_DESALTAC","Description other ACE-inhibitor at 1 year follow up","STR",,,,547,6428,,,,,,,"atc:C09AA","""ACE inhibitors, plain""",21601784,"Description|Other","loinc:LP6800-9|snomed:74964007","1029623|9177",,,,"Drug_Exposure","Visit6/12months",4081746,"follow-up 1 year","snomed:183627004"
"f6_DESALTAR","Description other antiarrhythmic agent at 1 year follow up","STR",,,,48,6927,,,,,,,"atc:C01B","ANTIARRHYTHMICS, CLASS I AND III",21600248,"Description|Other","loinc:LP6800-9|snomed:74964007","1029623|9177",,,,"Drug_Exposure","Visit6/12months",4081746,"follow-up 1 year","snomed:183627004"
"f6_DESALTBB","Description Other beta blocker at 1 year follow up","STR",,,,78,6897,,,,,,,"atc:C07A","BETA BLOCKING AGENTS",21601665,"Description|Other","loinc:LP6800-9|snomed:74964007","1029623|9177",,,,"Drug_Exposure","Visit6/12months",4081746,"follow-up 1 year","snomed:183627004"
"f6_DESALTCA","Description other calcium antagonist at 1 year follow up","STR",,,,105,6870,,,,,,,"atc:C08C","SELECTIVE CALCIUM CHANNEL BLOCKERS WITH MAINLY VASCULAR EFFECTS",21601745,"Description|Other","loinc:LP6800-9|snomed:74964007","1029623|9177",,,,"Drug_Exposure","Visit6/12months",4081746,"follow-up 1 year","snomed:183627004"
"f6_DESALTRD","Description other vasodilator at 1 year follow up","STR",,,,121,6854,,,,,,,"snomed:372787008","Vasodilator",4158258,"Description|Other","loinc:LP6800-9|snomed:74964007","1029623|9177",,,,"Drug_Exposure","Visit6/12months",4081746,"follow-up 1 year","snomed:183627004"
"f6_DESCANO","Description of other ECG abnormality at 1 year follow up","STR",,,,1709,5266,,,,,,,"loinc:LA24621-7","Abnormal ECG",36311174,"Description","loinc:LP6800-9",1029623,,,,"Observation","Visit6/12months",4081746,"follow-up 1 year","snomed:183627004"
"f6_DESCOPEN","Open labeled statins: description at 1 year follow up","STR",,,,1503,5472,,,,,,,"atc:C10AA","hmg-coa reductase inhibitor",21601855,"Description","loinc:LP6800-9",1029623,,,,"Drug_Exposure","Visit6/12months",4081746,"follow-up 1 year","snomed:183627004"
"f6_DFUROSEM","Dose Furosemide (mg) at 1 year follow up","FLOAT","mg",,,4751,2224,3,1500,,,,,"rxnorm:4603","Furosemide",956874,"Dosage","snomed:260911001",4118853,"milligram","ucum:mg",8576,"Drug_Exposure","Visit6/12months",4081746,"follow-up 1 year","snomed:183627004"
"f6_DIGITALE","Digitalis at 1 year follow up","INT",,"2=No | 3=Yes",1,6125,850,2,3,,"LOINC:LA32-8| LOINC:LA33-6","No| Yes","45878245| 45877994","atc:C01AA","Digitalis glycosides",21601240,,,,,,,"Drug_Exposure","Visit6/12months",4081746,"follow-up 1 year","snomed:183627004"
"f6_DILTI","Diltiazem at 1 year follow up","INT",,"2=No | 3=Yes",1,6124,851,2,3,,"LOINC:LA32-8| LOINC:LA33-6","No| Yes","45878245| 45877994","rxnorm:3443","Diltiazem",1328165,,,,,,,"Drug_Exposure","Visit6/12months",4081746,"follow-up 1 year","snomed:183627004"
"f6_DLISINO","Dose Lisinopril (mg) at 1 year follow up","FLOAT","mg",,,6671,304,0,40,,,,,"rxnorm:29046","Lisonorpil",1308216,"Dosage","snomed:260911001",4118853,"milligram","ucum:mg",8576,"Drug_Exposure","Visit6/12months",4081746,"follow-up 1 year","snomed:183627004"
"f6_DMETO","Dose Metoprolol (mg) at 1 year follow up","FLOAT","mg",,,174,6801,12.5,200,,,,,"rxnorm:6918","Metoprolol",1307046,"Dosage","snomed:260911001",4118853,"milligram","ucum:mg",8576,"Drug_Exposure","Visit6/12months",4081746,"follow-up 1 year","snomed:183627004"
"f6_DOSALTBB","Dose Other beta blocker (mg) at 1 year follow up","FLOAT","mg",,,77,6898,1.25,200,,,,,"atc:C07A","BETA BLOCKING AGENTS",21601665,"Dosage|Other","snomed:260911001|snomed:74964007","4118853|9177","milligram","ucum:mg",8576,"Drug_Exposure","Visit6/12months",4081746,"follow-up 1 year","snomed:183627004"
"f6_DRAMIP","Dose Ramipril (mg) at 1 year follow up","FLOAT","mg",,,1642,5333,0.6,25,,,,,"rxnorm:35296","Ramipril",1334456,"Dosage","snomed:260911001",4118853,"milligram","ucum:mg",8576,"Drug_Exposure","Visit6/12months",4081746,"follow-up 1 year","snomed:183627004"
"f6_DSPIRONO","Dose Spironolactone (mg) at 1 year follow up","FLOAT","mg",,,2399,4576,7,200,,,,,"rxnorm:9997","Spironolactone",970250,"Dosage","snomed:260911001",4118853,"milligram","ucum:mg",8576,"Drug_Exposure","Visit6/12months",4081746,"follow-up 1 year","snomed:183627004"
"f6_DTRAND","Dose Trandolapril (mg) at 1 year follow up","FLOAT","mg",,,12,6963,2,6,,,,,"rxnorm:38454","Trandolapril",1342439,"Dosage","snomed:260911001",4118853,"milligram","ucum:mg",8576,"Drug_Exposure","Visit6/12months",4081746,"follow-up 1 year","snomed:183627004"
"f6_DURQRS","QRS length (msec) at 1 year follow up","INT","msec",,,5821,958,30,320,,,,,"snomed:39632005","QRS interval",4218048,,,,"millisecond","ucum:ms",9593,"Measurement","Visit6/12months",4081746,"follow-up 1 year","snomed:183627004"
"f6_EDEMPERI","Peripheral edema severity at 1 year follow up","INT",,"2 = no | 3 = only ankles | 4 = until knee | 5 = above",1,6012,963,2,5,,"LOINC:LA32-8| snomed:26237000| snomed:102575008|snomed:102573001","No|ankle edema|Edema of knee|Edema of thigh","45878245|4094513|4010012|4010011","snomed:423484008","Grade of edema",4313204,,,,,,,"measurement","Visit6/12months",4081746,"follow-up 1 year","snomed:183627004"
"f6_EMATOCRI","Hematocrit (%) at 1 year follow up","FLOAT",,,,5729,1246,19,57,,,,,"Loinc:20570-8","Hematocrit [Volume Fraction] of Blood",3009542,,,,,,,"Measurement","Visit6/12months",4081746,"follow-up 1 year","snomed:183627004"
"f6_EMOGLOB","Hemoglobin (g/dl) at 1 year follow up","FLOAT","g/dL",,,5732,1243,5.5,19.3,,,,,"loinc:718-7","Hemoglobin [Mass/volume] in Blood",3000963,,,,"gram per deciliter","ucum:g/dL",8713,"Measurement","Visit6/12months",4081746,"follow-up 1 year","snomed:183627004"
"f6_ENALA","Enalapril at 1 year follow up","INT",,"2=No | 3=Yes",1,6124,851,2,3,,"LOINC:LA32-8| LOINC:LA33-6","No| Yes","45878245| 45877994","rxnorm:3827","Enalapril",1341927,,,,,,,"Drug_Exposure","Visit6/12months",4081746,"follow-up 1 year","snomed:183627004"
"f6_FANS","Non-steroidal anti-inflammatory agent (FANS) at 1 year follow up","INT",,"2=No | 3=Yes",1,6124,851,2,3,,"LOINC:LA32-8| LOINC:LA33-6","No| Yes","45878245| 45877994","atc:M01A","ANTIINFLAMMATORY AND ANTIRHEUMATIC PRODUCTS, NON-STEROIDS",21603933,,,,,,,"Drug_Exposure","Visit6/12months",4081746,"follow-up 1 year","snomed:183627004"
"f6_FC","Heart rate (bpm) at 1 year follow up","FLOAT","beats/min",,,5904,1071,38,160,,,,,"loinc:8867-4","Heart rate",3027018,,,,"Counts per minute","ucum:{counts}/min",8483,"Measurement","Visit6/12months",4081746,"follow-up 1 year","snomed:183627004"
"f6_FCECG","Heart rate (ECG) (bpm) at 1 year follow up","FLOAT","beats/min",,,5827,952,38,160,,,,,"loinc:8867-4","Heart rate",3027018,"ECG finding","snomed:271921002",4156045,"Counts per minute","ucum:{counts}/min",8483,"Measurement","Visit6/12months",4081746,"follow-up 1 year","snomed:183627004"
"f6_FELOD","Felodipine at 1 year follow up","INT",,"2=No | 3=Yes",1,6124,851,2,3,,"LOINC:LA32-8| LOINC:LA33-6","No| Yes","45878245| 45877994","rxnorm:4316","Felodipine",1353776,,,,,,,"Drug_Exposure","Visit6/12months",4081746,"follow-up 1 year","snomed:183627004"
"f6_FIBRINO","Fibrinogenemia (mg/dl) at 1 year follow up","FLOAT","mg/dl",,,5396,1579,30,1344,,,,,"snomed:1108621000000108","fibrinogen mass concentration in plasma",37208754,,,,"milligram per deciliter","ucum:mg/dL",8840,"Measurement","Visit6/12months",4081746,"follow-up 1 year","snomed:183627004"
"f6_FLUTTER","Atrial fibrillation / Flutter at 1 year follow up","INT",,"0 = No | 1 = Yes",,5831,948,0,1,,"LOINC:LA32-8| LOINC:LA33-6","No| Yes","45878245| 45877994","snomed:49436004","Atrial fibrillation",313217,,,,,,,"Measurement","Visit6/12months",4081746,"follow-up 1 year","snomed:183627004"
"f6_FRUTTA","Fruit at 1 year follow up","INT",,"2 = never | 3 =2-3 times a week | 4 = once a day | 5= >1 times a day",1,6054,921,2,5,,"SNOMED:444841000124107| LOINC:LA26463-2| LOINC:LA13897-6| SNOMED:1411000175107","Never| 2 or 3 times per week| once a day| more than once a day","763692| 42531019| 45876378| 761069","snomed:72511004","Fruit",4217045,,,,,,,"Observation","Visit6/12months",4081746,"follow-up 1 year","snomed:183627004"
"f6_FUROSEMI","Furosemide at 1 year follow up","INT",,"2=No | 3=Yes",1,6124,851,2,3,,"LOINC:LA32-8| LOINC:LA33-6","No| Yes","45878245| 45877994","rxnorm:4603","Furosemide",956874,,,,,,,"Drug_Exposure","Visit6/12months",4081746,"follow-up 1 year","snomed:183627004"
"f6_GBIANCHI","White blood cells (mm3) at 1 year follow up","FLOAT","mm3",,,5725,1250,500,60100,,,,,"snomed:1110441000000100","White blood cell count in blood",37208925,,,,"cubic millimeter","ucum:mm3",8686,"Measurement","Visit6/12months",4081746,"follow-up 1 year","snomed:183627004"
"f6_GLICEMIA","Glycemia (mg/dl) at 1 year follow up","FLOAT","mg/dl",,,5714,1261,40,542,,,,,"Snomed:33747003","“Glucose measurement, blood”",4144235,,,,"milligram per deciliter","ucum:mg/dL",8840,"Measurement","Visit6/12months",4081746,"follow-up 1 year","snomed:183627004"
"f6_HBGLICO","Glycated hemoglobin (%) at 1 year follow up","FLOAT",,,,4888,2087,2,15.7,,,,,"loinc:4548-4","Hemoglobin A1c/Hemoglobin.total in Blood",3004410,,,,,,,"Measurement","Visit6/12months",4081746,"follow-up 1 year","snomed:183627004"
"f6_IDRALAZ","Hydralazine at 1 year follow up","INT",,"2=No | 3=Yes",1,6123,852,2,3,,"LOINC:LA32-8| LOINC:LA33-6","No| Yes","45878245| 45877994","rxnorm:5470","Hydralazine",1373928,,,,,,,"Drug_Exposure","Visit6/12months",4081746,"follow-up 1 year","snomed:183627004"
"f6_INTENZIO","Intentional weight loss (If weight loss >= 2 kg) at 1 year follow up","INT",,"1 = no weight loss | 2 = no | 3 = yes",,6671,304,1,3,,"snomed:83421005| LOINC:LA32-8| LOINC:LA33-6","failure to lose weight|no|yes","4308415 | 45878245| 45877994","snomed:416528001","intentional weight loss",4214302,,,,,,,"Measurement","Visit6/12months",4081746,"follow-up 1 year","snomed:183627004"
"f6_IPERVENT","Left ventricular hypertrophy at 1 year follow up","INT",,"0 = No | 1 = Yes",,5831,948,0,1,,"LOINC:LA32-8| LOINC:LA33-6","No| Yes","45878245| 45877994","snomed:55827005","Left ventricular hypertrophy",4184746,,,,,,,"Measurement","Visit6/12months",4081746,"follow-up 1 year","snomed:183627004"
"f6_LALT","Lower limit ALT (U/L) at 1 year follow up","FLOAT","U/L",,,3424,3551,1,30,,,,,"loinc:76625-3","Alanine aminotransferase [Enzymatic activity/volume] in Blood",46235106,"Lower limit of reference range","snomed:385524004",4294191,"unit per liter","ucum:[U]/L",8645,"Measurement","Visit6/12months",4081746,"follow-up 1 year","snomed:183627004"
"f6_LAST","Lower limit AST (U/L) at 1 year follow up","FLOAT","U/L",,,3385,3590,1,21,,,,,"loinc:1920-8","Aspartate aminotransferase [Enzymatic activity/volume] in Serum or Plasma",3013721,"Lower limit of reference range","snomed:385524004",4294191,"unit per liter","ucum:[U]/L",8645,"Measurement","Visit6/12months",4081746,"follow-up 1 year","snomed:183627004"
"f6_LATOBB","Bundle branch block side at 1 year follow up","INT",,"2 = left | 3=right",1,1879,4900,2,3,,"snomed:7771000|snomed:24028007","Left|Right","4300877|4080761","snomed:6374002","Bundle branch block",313791,"side","snomed:182353008",4112563,,,,"Measurement","Visit6/12months",4081746,"follow-up 1 year","snomed:183627004"
"f6_LCKTOT","Lower limit CK total (U/L) at 1 year follow up","FLOAT","U/L",,,3830,3145,1,149,,,,,"loinc:2157-6","creatine kinase [enzymatic activity/volume] in serum or plasma",3007220,"Lower limit of reference range","snomed:385524004",4294191,"unit per liter","ucum:[U]/L",8645,"Measurement","Visit6/12months",4081746,"follow-up 1 year","snomed:183627004"
"f6_LISINO","Lisinopril at 1 year follow up","INT",,"2=No | 3=Yes",1,6124,851,2,3,,"LOINC:LA32-8| LOINC:LA33-6","No| Yes","45878245| 45877994","rxnorm:29046","Lisonorpil",1308216,,,,,,,"Drug_Exposure","Visit6/12months",4081746,"follow-up 1 year","snomed:183627004"
"f6_METO","Metoprolol at 1 year follow up","INT",,"2=No | 3=Yes",1,6124,851,2,3,,"LOINC:LA32-8| LOINC:LA33-6","No| Yes","45878245| 45877994","rxnorm:6918","Metoprolol",1307046,,,,,,,"Drug_Exposure","Visit6/12months",4081746,"follow-up 1 year","snomed:183627004"
"f6_N3PUFA","N3-PUFA open labeled at 1 year follow up","INT",,"2=No | 3=Yes",1,6124,851,2,3,,"LOINC:LA32-8| LOINC:LA33-6","No| Yes","45878245| 45877994","atc:N03AG","Fatty acid derivatives",21604421,,,,,,,"Drug_Exposure","Visit6/12months",4081746,"follow-up 1 year","snomed:183627004"
"f6_NA","Serum Sodium (mmol/L) at 1 year follow up","FLOAT","mmol/L",,,5705,1270,102,161,,,,,"loinc:2951-2","Sodium [Moles/volume] in Serum or Plasma",3019550,,,,"millimole per liter","ucum:mmol/L",8753,"Measurement","Visit6/12months",4081746,"follow-up 1 year","snomed:183627004"
"f6_NIFED","Nifedipine at 1 year follow up","INT",,"2=No | 3=Yes",1,6124,851,2,3,,"LOINC:LA32-8| LOINC:LA33-6","No| Yes","45878245| 45877994","rxnorm:7417","Nifedipine",1318853,,,,,,,"Drug_Exposure","Visit6/12months",4081746,"follow-up 1 year","snomed:183627004"
"f6_NITRATI","Nitrates at 1 year follow up","INT",,"2=No | 3=Yes",1,6123,852,2,3,,"LOINC:LA32-8| LOINC:LA33-6","No| Yes","45878245| 45877994","atc:C01DA","Organic nitrates",21600316,,,,,,,"Drug_Exposure","Visit6/12months",4081746,"follow-up 1 year","snomed:183627004"
"f6_NYHA","NYHA Class at 1 year follow up","INT",,"2 = NYHA class I | 3 = NYHA class II | 4 = NYHA class III | 5 = NYHA class IV",1,6059,916,2,5,,"snomed:420300004| snomed:421704003| snomed:420913000| snomed:422293003","New York Heart Association Classification - Class I| New York Heart Association Classification - Class II| New York Heart Association Classification - Class III| New York Heart Association Classification - Class IV","4220607| 4226789| 4227345| 4228881","snomed:420816009","new york heart association classification",4223299,,,,,,,"Measurement","Visit6/12months",4081746,"follow-up 1 year","snomed:183627004"
"f6_OLIVA","Olive oil at 1 year follow up","INT",,"2 = never | 3 = sometimes | 4 = frequently | 5 = on a regular basis",1,6054,921,2,5,,"LOINC:LA6270-8| LOINC:LA10082-8| LOINC:LA6482-9| SNOMED:307430002","Never| sometimes| frequently| regular frequency","45876662| 45882528| 45883983| 4146463","snomed:41834005","Olive oil",4216445,,,,,,,"Observation","Visit6/12months",4081746,"follow-up 1 year","snomed:183627004"
"f6_ONDEQ","Pathological Q waves at 1 year follow up","INT",,"0 = No | 1 = Yes",,5831,948,0,1,,"LOINC:LA32-8| LOINC:LA33-6","No| Yes","45878245| 45877994","snomed:164918000","Pathological Q wave",4065387,,,,,,,"Measurement","Visit6/12months",4081746,"follow-up 1 year","snomed:183627004"
"f6_OPENSTAT","Statins open labeled at 1 year follow up","INT",,"2=No | 3=Yes",1,6124,851,2,3,,"LOINC:LA32-8| LOINC:LA33-6","No| Yes","45878245| 45877994","atc:C10AA","hmg-coa reductase inhibitor",21601855,,,,,,,"Drug_Exposure","Visit6/12months",4081746,"follow-up 1 year","snomed:183627004"
"f6_PAD","Diastolic blood pressure (mmHg) at 1 year follow up","FLOAT","mmHg",,,5946,1029,40,120,,,,,"loinc:8462-4","Diastolic blood pressure",3012888,,,,"millimeter mercury column","ucum:mm[Hg]",8876,"Measurement","Visit6/12months",4081746,"follow-up 1 year","snomed:183627004"
"f6_PAS","Systolic blood pressure (mmHg) at 1 year follow up","FLOAT","mmHg",,,5947,1028,70,240,,,,,"loinc:8480-6","Systolic blood pressure",3004249,,,,"millimeter mercury column","ucum:mm[Hg]",8876,"Measurement","Visit6/12months",4081746,"follow-up 1 year","snomed:183627004"
"f6_PESCE","Fish at 1 year follow up","INT",,"2 = never | 3 = once a week | 4 = 2 times a week | 5 = 3+ times a week",1,6054,921,2,5,,"LOINC:LA6270-8| LOINC:LA26461-6| SNOMED:229800002| LOINC:LA6396-1","Never| once a week| twice weekly| Three or more times per week","45876662|42531017| 4047143| 45877752","snomed:735971005","Fish",42539493,,,,,,,"Observation","Visit6/12months",4081746,"follow-up 1 year","snomed:183627004"
"f6_PESOATT","Weight (kg) at 1 year follow up","FLOAT","Kilogram",,,5967,1008,35,172,,,,,"loinc:29463-7","Body weight",3025315,,,,"kilogram","ucum:kg",9529,"Measurement","Visit6/12months",4081746,"follow-up 1 year","snomed:183627004"
"f6_POTASSIO","Serum potassium (mmol/L) at 1 year follow up","FLOAT","mmol/L",,,5708,1267,2.6,8.05,,,,,"loinc:2823-3","Potassium [Moles/volume] in Serum or Plasma",3023103,,,,"millimole per liter","ucum:mmol/L",8753,"Measurement","Visit6/12months",4081746,"follow-up 1 year","snomed:183627004"
"f6_RAMIP","Ramipril at 1 year follow up","INT",,"2=No | 3=Yes",1,6124,851,2,3,,"LOINC:LA32-8| LOINC:LA33-6","No| Yes","45878245| 45877994","rxnorm:35296","Ramipril",1334456,,,,,,,"Drug_Exposure","Visit6/12months",4081746,"follow-up 1 year","snomed:183627004"
"f6_RITMOPM","Rhythm from pacemaker at 1 year follow up","INT",,"0 = No | 1 = Yes",,5831,948,0,1,,"LOINC:LA32-8| LOINC:LA33-6","No| Yes","45878245| 45877994","snomed:10370003","Rhythm from artificial pacing",4304202,,,,,,,"Measurement","Visit6/12months",4081746,"follow-up 1 year","snomed:183627004"
"f6_SARTANI","Sartans at 1 year follow up","INT",,"2=No | 3=Yes",1,6124,851,2,3,,"LOINC:LA32-8| LOINC:LA33-6","No| Yes","45878245| 45877994","atc:C09CA","""Angiotensin II receptor blockers (ARBs), plain""",21601823,,,,,,,"Drug_Exposure","Visit6/12months",4081746,"follow-up 1 year","snomed:183627004"
"f6_SEMI","Seed oil at 1 year follow up","INT",,"2 = never | 3 = sometimes | 4 = frequently | 5 = on a regular basis",1,6054,921,2,5,,"LOINC:LA6270-8| LOINC:LA10082-8| LOINC:LA6482-9| SNOMED:307430002","Never| sometimes| frequently| regular frequency","45876662| 45882528| 45883983| 4146463","snomed:21847005","Oil",4071021,,,,,,,"Observation","Visit6/12months",4081746,"follow-up 1 year","snomed:183627004"
"f6_SILDENAF","Sildenafil at 1 year follow up","INT",,"2=No | 3=Yes",1,6124,851,2,3,,"LOINC:LA32-8| LOINC:LA33-6","No| Yes","45878245| 45877994","Rxnorm:136411","Sildenafil",1316262,,,,,,,"Drug_Exposure","Visit6/12months",4081746,"follow-up 1 year","snomed:183627004"
"f6_SPECNO","If alcohol NO type of non-consumption at 1 year follow up","INT",,"2 = NO | 3 = PAST | 4 = NEVER",1,1923,5052,2,4,,"LOINC:LA32-8|LOINC:LA28393-9|LOINC:LA6270-8","No|Former user| never","45878245|36307819|45876662","snomed:105542008","non - drinker",4022664,,,,,,,"Observation","Visit6/12months",4081746,"follow-up 1 year","snomed:183627004"
"f6_SPIRONO","Spironolactone at 1 year follow up","INT",,"2=No | 3=Yes",1,6124,851,2,3,,"LOINC:LA32-8| LOINC:LA33-6","No| Yes","45878245| 45877994","rxnorm:9997","Spironolactone",970250,,,,,,,"Drug_Exposure","Visit6/12months",4081746,"follow-up 1 year","snomed:183627004"
"f6_SUPERAL","Spirits (if alcohol YES) at 1 year follow up","INT",,"2 = NO | 3 = sometimes | 4 = 1-2 glasses a day | 5 = 3-4 glasses a day | 6 = 5+ glasses a day",1,4131,2844,2,6,,"LOINC:LA32-8| LOINC:LA10082-8| LOINC:LA26462-4| SNOMED:396112008| loinc:LA13858-8","No| sometimes| 1 or 2 times per day|  Three to four times a day| 5 or more times per day","45878245| 45882528| 42530681| 4244842| 45882530","snomed:6524003","Distilled spirits",4275752,,,,,,,"Observation","Visit6/12months",4081746,"follow-up 1 year","snomed:183627004"
"f6_TERAORMO","Hormone Replacement Therapy at 1 year follow up","INT",,"2=No | 3=Yes",1,6125,850,2,3,,"LOINC:LA32-8| LOINC:LA33-6","No| Yes","45878245| 45877994","snomed:266717002","Hormone Replacement Therapy",4141760,,,,,,,"Drug_Exposure","Visit6/12months",4081746,"follow-up 1 year","snomed:183627004"
"f6_TIAZIDI","Thiazides at 1 year follow up","INT",,"2=No | 3=Yes",1,6124,851,2,3,,"LOINC:LA32-8| LOINC:LA33-6","No| Yes","45878245| 45877994","snomed:860766002","Thiazides",3655254,,,,,,,"Drug_Exposure","Visit6/12months",4081746,"follow-up 1 year","snomed:183627004"
"f6_TRAND","Trandolapril at 1 year follow up","INT",,"2=No | 3=Yes",1,6124,851,2,3,,"LOINC:LA32-8| LOINC:LA33-6","No| Yes","45878245| 45877994","rxnorm:38454","Trandolapril",1342439,,,,,,,"Drug_Exposure","Visit6/12months",4081746,"follow-up 1 year","snomed:183627004"
"f6_TRIGLI","Triglycerides (mg/dl) at 1 year follow up","FLOAT","mg/dl",,,5707,1268,21,1635,,,,,"loinc:14927-8","Triglyceride [Moles/volume] in Serum or Plasma",3025839,,,,"milligram per deciliter","ucum:mg/dL",8840,"Measurement","Visit6/12months",4081746,"follow-up 1 year","snomed:183627004"
"f6_UALT","Upper limit ALT (U/L) at 1 year follow up","FLOAT","U/L",,,5801,1174,22,72,,,,,"loinc:76625-3","Alanine aminotransferase [Enzymatic activity/volume] in Blood",46235106,"Upper limit of reference range","snomed:371933006",4162853,"unit per liter","ucum:[U]/L",8645,"Measurement","Visit6/12months",4081746,"follow-up 1 year","snomed:183627004"
"f6_UAST","Upper limit AST (U/L) at 1 year follow up","FLOAT","U/L",,,5801,1174,19,66,,,,,"loinc:1920-8","Aspartate aminotransferase [Enzymatic activity/volume] in Serum or Plasma",3013721,"Upper limit of reference range","snomed:371933006",4162853,"unit per liter","ucum:[U]/L",8645,"Measurement","Visit6/12months",4081746,"follow-up 1 year","snomed:183627004"
"f6_UCKTOT","Upper limit CK total (U/L) at 1 year follow up","FLOAT","U/L",,,5801,1174,70,397,,,,,"loinc:2157-6","creatine kinase [enzymatic activity/volume] in serum or plasma",3007220,"Upper limit of reference range","snomed:371933006",4162853,"unit per liter","ucum:[U]/L",8645,"Measurement","Visit6/12months",4081746,"follow-up 1 year","snomed:183627004"
"f6_URICE","Uricemia (mg/dl) at 1 year follow up","FLOAT","mg/dl",,,5583,1392,0.5,21,,,,,"loinc:3084-1","urate [mass/volume] in serum or plasma",3037556,,,,"milligram per deciliter","ucum:mg/dL",8840,"Measurement","Visit6/12months",4081746,"follow-up 1 year","snomed:183627004"
"f6_VALUECG","ECG evaluation at 1 year follow up","INT",,"2 = normal | 3 = abnormal",1,5831,948,2,3,,"snomed:17621005|snomed:263654008","Normal | Abnormal","4069590|4135493","loinc:LP149975-7","ECG",1011679,"evaluation","snomed:723051000000101",44803879,,,,"Measurement","Visit6/12months",4081746,"follow-up 1 year","snomed:183627004"
"f6_VERAP","Verapamil at 1 year follow up","INT",,"2=No | 3=Yes",1,6124,851,2,3,,"LOINC:LA32-8| LOINC:LA33-6","No| Yes","45878245| 45877994","rxnorm:11170","Verapamil",1307863,,,,,,,"Drug_Exposure","Visit6/12months",4081746,"follow-up 1 year","snomed:183627004"
"f6_VERCOTTA","Cooked vegetables at 1 year follow up","INT",,"2 = never | 3 =2-3 times a week | 4 = once a day | 5= >1 times a day",1,6054,921,2,5,,"SNOMED:444841000124107| LOINC:LA26463-2| LOINC:LA13897-6| SNOMED:1411000175107","Never| 2 or 3 times per week| once a day| more than once a day","763692| 42531019| 45876378| 761069","snomed:444011000124102","Cooked vegetables",763625,,,,,,,"Observation","Visit6/12months",4081746,"follow-up 1 year","snomed:183627004"
"f6_VERCRUDA","Raw vegetables at 1 year follow up","INT",,"2 = never | 3 =2-3 times a week | 4 = once a day | 5= >1 times a day",1,6054,921,2,5,,"SNOMED:444841000124107| LOINC:LA26463-2| LOINC:LA13897-6| SNOMED:1411000175107","Never| 2 or 3 times per week| once a day| more than once a day","763692| 42531019| 45876378| 761069","snomed:314115004","Raw vegetables",4193035,,,,,,,"Observation","Visit6/12months",4081746,"follow-up 1 year","snomed:183627004"
"f6_VINO","Wine (if alcohol YES) at 1 year follow up","INT",,"2 = NO | 3 = sometimes | 4 = 1-2 glasses a day | 5 = 3-4 glasses a day | 6 = 5+ glasses a day",1,4131,2844,2,6,,"LOINC:LA32-8| LOINC:LA10082-8| LOINC:LA26462-4| SNOMED:396112008| loinc:LA13858-8","No| sometimes| 1 or 2 times per day|  Three to four times a day| 5 or more times per day","45878245| 45882528| 42530681| 4244842| 45882530","snomed:35748005","Wine",4262278,,,,,,,"Observation","Visit6/12months",4081746,"follow-up 1 year","snomed:183627004"
"f7_ALCOOL","Alcohol at 18 month follow up","INT",,"2 = NO | 3 = YES",1,5717,1258,2,3,,"LOINC:LA32-8| LOINC:LA33-6","No| yes","45878245| 45877994","snomed:219006","Current drinker",4074035,,,,,,,"Observation","Visit7/18months",44789050,"follow-up 18 months","snomed:199591000000102"
"f7_ALLOPURI","Allopurinol at 18 month follow up","INT",,"2=No | 3=Yes",1,5786,1189,2,3,,"LOINC:LA32-8| LOINC:LA33-6","No| Yes","45878245| 45877994","rxnorm:519","Allopurinol",1167322,,,,,,,"Drug_Exposure","Visit7/18months",44789050,"follow-up 18 months","snomed:199591000000102"
"f7_ALT","ALT (U/L) at 18 month follow up","FLOAT","U/L",,,7,6968,15,74,,,,,"loinc:76625-3","Alanine aminotransferase [Enzymatic activity/volume] in Blood",46235106,,,,"unit per liter","ucum:[U]/L",8645,"Measurement","Visit7/18months",44789050,"follow-up 18 months","snomed:199591000000102"
"f7_ALTACE","other ACE-inhibitor at 18 month follow up","INT",,"2=No | 3=Yes",1,5787,1188,2,3,,"LOINC:LA32-8| LOINC:LA33-6","No| Yes","45878245| 45877994","atc:C09AA","""ACE inhibitors, plain""",21601784,"Other","snomed:74964007",9177,,,,"Drug_Exposure","Visit7/18months",44789050,"follow-up 18 months","snomed:199591000000102"
"f7_ALTANO","Other ECG abnormality at 18 month follow up","INT",,"0 = No | 1 = Yes",,5424,1355,0,1,,"LOINC:LA32-8| LOINC:LA33-6","No| Yes","45878245| 45877994","loinc:LA24621-7","Abnormal ECG",36311174,,,,,,,"Measurement","Visit7/18months",44789050,"follow-up 18 months","snomed:199591000000102"
"f7_ALTDIU","Other diuretics at 18 month follow up","INT",,"2=No | 3=Yes",1,5787,1188,2,3,,"LOINC:LA32-8| LOINC:LA33-6","No| Yes","45878245| 45877994","atc:C03","DIURETICS",21601461,"Other","snomed:74964007",9177,,,,"Drug_Exposure","Visit7/18months",44789050,"follow-up 18 months","snomed:199591000000102"
"f7_ALTROARI","Other antiarrhythmic agent at 18 month follow up","INT",,"2=No | 3=Yes",1,5787,1188,2,3,,"LOINC:LA32-8| LOINC:LA33-6","No| Yes","45878245| 45877994","atc:C01B","ANTIARRHYTHMICS, CLASS I AND III",21600248,"Other","snomed:74964007",9177,,,,"Drug_Exposure","Visit7/18months",44789050,"follow-up 18 months","snomed:199591000000102"
"f7_ALTROBB","Other beta blocker at 18 month follow up","INT",,"2=No | 3=Yes",1,5787,1188,2,3,,"LOINC:LA32-8| LOINC:LA33-6","No| Yes","45878245| 45877994","atc:C07A","BETA BLOCKING AGENTS",21601665,"Other","snomed:74964007",9177,,,,"Drug_Exposure","Visit7/18months",44789050,"follow-up 18 months","snomed:199591000000102"
"f7_ALTROCA","Other calcium antagonist at 18 month follow up","INT",,"2=No | 3=Yes",1,5787,1188,2,3,,"LOINC:LA32-8| LOINC:LA33-6","No| Yes","45878245| 45877994","atc:C08C","SELECTIVE CALCIUM CHANNEL BLOCKERS WITH MAINLY VASCULAR EFFECTS",21601745,"Other","snomed:74964007",9177,,,,"Drug_Exposure","Visit7/18months",44789050,"follow-up 18 months","snomed:199591000000102"
"f7_ALTRODIL","Other vasodilator at 18 month follow up","INT",,"2=No | 3=Yes",1,5787,1188,2,3,,"LOINC:LA32-8| LOINC:LA33-6","No| Yes","45878245| 45877994","snomed:372787008","Vasodilator",4158258,"Other","snomed:74964007",9177,,,,"Drug_Exposure","Visit7/18months",44789050,"follow-up 18 months","snomed:199591000000102"
"f7_AMIODAR","Amiodarone at 18 month follow up","INT",,"2=No | 3=Yes",1,5787,1188,2,3,,"LOINC:LA32-8| LOINC:LA33-6","No| Yes","45878245| 45877994","rxnorm:703","Amiodarone",1309944,,,,,,,"Drug_Exposure","Visit7/18months",44789050,"follow-up 18 months","snomed:199591000000102"
"f7_AMLOD","Amlodipine at 18 month follow up","INT",,"2=No | 3=Yes",1,5787,1188,2,3,,"LOINC:LA32-8| LOINC:LA33-6","No| Yes","45878245| 45877994","rxnorm:17767","Amlodipine",1332418,,,,,,,"Drug_Exposure","Visit7/18months",44789050,"follow-up 18 months","snomed:199591000000102"
"f7_ANTIAGGR","Other antiaggregants at 18 month follow up","INT",,"2=No | 3=Yes",1,5787,1188,2,3,,"LOINC:LA32-8| LOINC:LA33-6","No| Yes","45878245| 45877994","snomed:840595002","Platelet aggregation inhibitor therapy",3655005,"Other","snomed:74964007",9177,,,,"Drug_Exposure","Visit7/18months",44789050,"follow-up 18 months","snomed:199591000000102"
"f7_ANTICOAG","Oral anticoagulants at 18 month follow up","INT",,"2=No | 3=Yes",1,5787,1188,2,3,,"LOINC:LA32-8| LOINC:LA33-6","No| Yes","45878245| 45877994","atc:B01A","ANTITHROMBOTIC AGENTS",21600961,,,,,,,"Drug_Exposure","Visit7/18months",44789050,"follow-up 18 months","snomed:199591000000102"
"f7_ANTIDEPR","Antidepressants at 18 month follow up","INT",,"2=No | 3=Yes",1,5786,1189,2,3,,"LOINC:LA32-8| LOINC:LA33-6","No| Yes","45878245| 45877994","atc:N06A","antidepressants",21604686,,,,,,,"Drug_Exposure","Visit7/18months",44789050,"follow-up 18 months","snomed:199591000000102"
"f7_ASA","Acetylsalicylic acid at 18 month follow up","INT",,"2=No | 3=Yes",1,5787,1188,2,3,,"LOINC:LA32-8| LOINC:LA33-6","No| Yes","45878245| 45877994","rxnorm:1191","Aspirin",1112807,,,,,,,"Drug_Exposure","Visit7/18months",44789050,"follow-up 18 months","snomed:199591000000102"
"f7_AST","AST (U/L) at 18 month follow up","FLOAT","U/L",,,7,6968,14,180,,,,,"loinc:1920-8","Aspartate aminotransferase [Enzymatic activity/volume] in Serum or Plasma",3013721,,,,"unit per liter","ucum:[U]/L",8645,"Measurement","Visit7/18months",44789050,"follow-up 18 months","snomed:199591000000102"
"f7_ATENO","Atenolol at 18 month follow up","INT",,"2=No | 3=Yes",1,5787,1188,2,3,,"LOINC:LA32-8| LOINC:LA33-6","No| Yes","45878245| 45877994","rxnorm:1202","Atenolol",1314002,,,,,,,"Drug_Exposure","Visit7/18months",44789050,"follow-up 18 months","snomed:199591000000102"
"f7_BBRANCA","Bundle branch block at 18 month follow up","INT",,"0 = No | 1 = Yes",,5424,1355,0,1,,"LOINC:LA32-8| LOINC:LA33-6","No| Yes","45878245| 45877994","snomed:6374002","Bundle branch block",313791,,,,,,,"Measurement","Visit7/18months",44789050,"follow-up 18 months","snomed:199591000000102"
"f7_BENZOD","Benzodiazepine at 18 month follow-up","INT",,"2=No | 3=Yes",1,5786,1189,2,3,,"LOINC:LA32-8| LOINC:LA33-6","No| Yes","45878245| 45877994","atc:N05BA","Benzodiazepine derivatives",21604565,,,,,,,"Drug_Exposure","Visit7/18months",44789050,"follow-up 18 months","snomed:199591000000102"
"f7_BILIRUB","Bilirubine (mg/dl) at 18 month follow up","FLOAT","mg/dl",,,7,6968,0.31,3.37,,,,,"loinc:1975-2","bilirubin.total [mass/volume] in serum or plasma",3024128,,,,"milligram per deciliter","ucum:mg/dL",8840,"Measurement","Visit7/18months",44789050,"follow-up 18 months","snomed:199591000000102"
"f7_BIRRA","Beer (if alcohol YES) at 18 month follow up","INT",,"2 = NO | 3 = sometimes | 4 = 1-2 glasses a day | 5 = 3-4 glasses a day | 6 = 5+ glasses a day",1,3897,3078,2,6,,"LOINC:LA32-8| LOINC:LA10082-8| LOINC:LA26462-4| SNOMED:396112008| loinc:LA13858-8","No| sometimes| 1 or 2 times per day|  Three to four times a day| 5 or more times per day","45878245| 45882528| 42530681| 4244842| 45882530","snomed:53410008","Beer",4201587,,,,,,,"Observation","Visit7/18months",44789050,"follow-up 18 months","snomed:199591000000102"
"f7_BISOPRO","Bisoprolol at 18 month follow up","INT",,"2=No | 3=Yes",1,5787,1188,2,3,,"LOINC:LA32-8| LOINC:LA33-6","No| Yes","45878245| 45877994","rxnorm:19484","Bisoprolol",1338005,,,,,,,"Drug_Exposure","Visit7/18months",44789050,"follow-up 18 months","snomed:199591000000102"
"f7_BURRO","Butter at 18 month follow up","INT",,"2 = never | 3 = sometimes | 4 = frequently | 5 = on a regular basis",1,5717,1258,2,5,,"LOINC:LA6270-8| LOINC:LA10082-8| LOINC:LA6482-9| SNOMED:307430002","Never| sometimes| frequently| regular frequency","45876662| 45882528| 45883983| 4146463","snomed:226888007","Butter",4024776,,,,,,,"Observation","Visit7/18months",44789050,"follow-up 18 months","snomed:199591000000102"
"f7_CAFFE","Coffee at 18 month follow up","INT",,"2 = never | 3 = 1-2 cups a day | 4 = 3-4 cups a day | 5 = 5+ cups a day",1,5717,1258,2,5,,"SNOMED:444841000124107| SNOMED:396107007| SNOMED:396112008| loinc:LA13858-8","Never| One to two times a day| Three to four times a day| 5 or more times per day","763692| 4245244| 4244842| 45882530","snomed:29263009","Coffee",4162308,,,,,,,"Observation","Visit7/18months",44789050,"follow-up 18 months","snomed:199591000000102"
"f7_CAPTO","Captopril at 18 month follow up","INT",,"2=No | 3=Yes",1,5787,1188,2,3,,"LOINC:LA32-8| LOINC:LA33-6","No| Yes","45878245| 45877994","rxnorm:1998","Captopril",1340128,,,,,,,"Drug_Exposure","Visit7/18months",44789050,"follow-up 18 months","snomed:199591000000102"
"f7_CARVE","Carvedilol at 18 month follow up","INT",,"2=No | 3=Yes",1,5787,1188,2,3,,"LOINC:LA32-8| LOINC:LA33-6","No| Yes","45878245| 45877994","rxnorm:20352","Carvedilol",1346823,,,,,,,"Drug_Exposure","Visit7/18months",44789050,"follow-up 18 months","snomed:199591000000102"
"f7_CHEESE","Cheese at 18 month follow up","INT",,"2 = never | 3 =2-3 times a week | 4 = once a day | 5= >1 times a day",1,5717,1258,2,5,,"SNOMED:444841000124107| LOINC:LA26463-2| LOINC:LA13897-6| SNOMED:1411000175107","Never| 2 or 3 times per week| once a day| more than once a day","763692| 42531019| 45876378| 761069","snomed:102264005","Cheese",4008485,,,,,,,"Observation","Visit7/18months",44789050,"follow-up 18 months","snomed:199591000000102"
"f7_CKTOT","CK total (U/L) at 18 month follow up","FLOAT","U/L",,,7,6968,37,164,,,,,"loinc:2157-6","creatine kinase [enzymatic activity/volume] in serum or plasma",3007220,,,,"unit per liter","ucum:[U]/L",8645,"Measurement","Visit7/18months",44789050,"follow-up 18 months","snomed:199591000000102"
"f7_COLEHDL","Cholesterol HDL (mg/dl) at 18 month follow up","FLOAT","mg/dl",,,7,6968,17,49,,,,,"loinc:2085-9","Cholesterol in HDL [Mass/volume] in Serum or Plasma",3007070,,,,"milligram per deciliter","ucum:mg/dL",8840,"Measurement","Visit7/18months",44789050,"follow-up 18 months","snomed:199591000000102"
"f7_COLELDL","Cholesterol LDL (mg/dl) at 18 month follow up","FLOAT","mg/dl",,,6,6969,71,179,,,,,"loinc:2089-1","Cholesterol in LDL [Mass/volume] in Serum or Plasma",3028437,,,,"milligram per deciliter","ucum:mg/dL",8840,"Measurement","Visit7/18months",44789050,"follow-up 18 months","snomed:199591000000102"
"f7_COLETOT","Total Cholesterol (mg/dl) at 18 month follow up","FLOAT","mg/dl",,,7,6968,109,253,,,,,"loinc:2093-3","Cholesterol [Mass/volume] in Serum or Plasma",3027114,,,,"milligram per deciliter","ucum:mg/dL",8840,"Measurement","Visit7/18months",44789050,"follow-up 18 months","snomed:199591000000102"
"f7_CREATIN","Serum creatinine (mg/dl) at 18 month follow up","FLOAT","mg/dl",,,7,6968,0.93,1.26,,,,,"loinc:2160-0","creatinine [mass/volume] in serum or plasma",3016723,,,,"milligram per deciliter","ucum:mg/dL",8840,"Measurement","Visit7/18months",44789050,"follow-up 18 months","snomed:199591000000102"
"f7_DALTACE","Dose other ACE-inhibitor (mg) at 18 month follow up","FLOAT","mg",,,506,6469,1,60,,,,,"atc:C09AA","""ACE inhibitors, plain""",21601784,"Dosage|Other","snomed:260911001|snomed:74964007","4118853|9177","milligram","ucum:mg",8576,"Drug_Exposure","Visit7/18months",44789050,"follow-up 18 months","snomed:199591000000102"
"f7_DATAECG","ECG date at 18 month follow up","DATETIME","dd-mm-yyyy",,,5424,1355,02/03/04,10/26/06,,,,,"loinc:LP149975-7","ECG",1011679,"Date of procedure","snomed:439272007",4232096,,,,"Observation_period","Visit7/18months",44789050,"follow-up 18 months","snomed:199591000000102"
"f7_DATALAB","Date of laboratory exam at 18 month follow up","DATETIME","dd-mm-yyyy",,,7,6968,03/10/04,04/02/04,,,,,"snomed:281271004","Date sample received in laboratory",4084758,,,,,,,"Observation_period","Visit7/18months",44789050,"follow-up 18 months","snomed:199591000000102"
"f7_DATENO","Dose Atenolol (mg) at 18 month follow up","FLOAT","mg",,,78,6897,12.5,125,,,,,"rxnorm:1202","Atenolol",1314002,"Dosage","snomed:260911001",4118853,"milligram","ucum:mg",8576,"Drug_Exposure","Visit7/18months",44789050,"follow-up 18 months","snomed:199591000000102"
"f7_DBISOPRO","Dose Bisoprolol (mg) at 18 month follow up","FLOAT","mg",,,718,6257,0.625,12.5,,,,,"rxnorm:19484","Bisoprolol",1338005,"Dosage","snomed:260911001",4118853,"milligram","ucum:mg",8576,"Drug_Exposure","Visit7/18months",44789050,"follow-up 18 months","snomed:199591000000102"
"f7_DCAPTO","Dose Captopril (mg) at 18 month follow up","FLOAT","mg",,,149,6826,10,250,,,,,"rxnorm:1998","Captopril",1340128,"Dosage","snomed:260911001",4118853,"milligram","ucum:mg",8576,"Drug_Exposure","Visit7/18months",44789050,"follow-up 18 months","snomed:199591000000102"
"f7_DCARVE","Dose Carvedilol (mg) at 18 month follow up","FLOAT","mg",,,3194,3781,1.25,100,,,,,"rxnorm:20352","Carvedilol",1346823,"Dosage","snomed:260911001",4118853,"milligram","ucum:mg",8576,"Drug_Exposure","Visit7/18months",44789050,"follow-up 18 months","snomed:199591000000102"
"f7_DEBMUSCO","Muscle weakness  at 18 month follow up","INT",,"2 = never | 3 = sometimes | 4 = often | 5 = always",1,5613,1362,2,5,,"LOINC:LA6270-8| LOINC:LA10082-8| LOINC:LA10044-8| LOINC:LA9933-8","Never| sometimes| often| always","45876662| 45882528| 45884455| 45882536","snomed:26544005","Muscle weakness",79908,,,,,,,"Measurement","Visit7/18months",44789050,"follow-up 18 months","snomed:199591000000102"
"f7_DENALA","Dose Enalapril (mg) at 18 month follow up","FLOAT","mg",,,1471,5504,1,40,,,,,"rxnorm:3827","Enalapril",1341927,"Dosage","snomed:260911001",4118853,"milligram","ucum:mg",8576,"Drug_Exposure","Visit7/18months",44789050,"follow-up 18 months","snomed:199591000000102"
"f7_DESALTAC","Description other ACE-inhibitor at 18 month follow up","STR",,,,506,6469,,,,,,,"atc:C09AA","""ACE inhibitors, plain""",21601784,"Description|Other","loinc:LP6800-9|snomed:74964007","1029623|9177",,,,"Drug_Exposure","Visit7/18months",44789050,"follow-up 18 months","snomed:199591000000102"
"f7_DESALTAR","Description other antiarrhythmic agent at 18 month follow up","STR",,,,46,6929,,,,,,,"atc:C01B","ANTIARRHYTHMICS, CLASS I AND III",21600248,"Description|Other","loinc:LP6800-9|snomed:74964007","1029623|9177",,,,"Drug_Exposure","Visit7/18months",44789050,"follow-up 18 months","snomed:199591000000102"
"f7_DESALTBB","Description Other beta blocker at 18 month follow up","STR",,,,72,6903,,,,,,,"atc:C07A","BETA BLOCKING AGENTS",21601665,"Description|Other","loinc:LP6800-9|snomed:74964007","1029623|9177",,,,"Drug_Exposure","Visit7/18months",44789050,"follow-up 18 months","snomed:199591000000102"
"f7_DESALTCA","Description other calcium antagonist at 18 month follow up","STR",,,,93,6882,,,,,,,"atc:C08C","SELECTIVE CALCIUM CHANNEL BLOCKERS WITH MAINLY VASCULAR EFFECTS",21601745,"Description|Other","loinc:LP6800-9|snomed:74964007","1029623|9177",,,,"Drug_Exposure","Visit7/18months",44789050,"follow-up 18 months","snomed:199591000000102"
"f7_DESALTRD","Description other vasodilator at 18 month follow up","STR",,,,111,6864,,,,,,,"snomed:372787008","Vasodilator",4158258,"Description|Other","loinc:LP6800-9|snomed:74964007","1029623|9177",,,,"Drug_Exposure","Visit7/18months",44789050,"follow-up 18 months","snomed:199591000000102"
"f7_DESCANO","Description of other ECG abnormality  at 18 month follow up","STR",,,,1533,5442,,,,,,,"loinc:LA24621-7","Abnormal ECG",36311174,"Description","loinc:LP6800-9",1029623,,,,"Observation","Visit7/18months",44789050,"follow-up 18 months","snomed:199591000000102"
"f7_DESCOPEN","Open labeled statins: description at 18 month follow up","STR",,,,1472,5503,,,,,,,"atc:C10AA","hmg-coa reductase inhibitor",21601855,"Description","loinc:LP6800-9",1029623,,,,"Drug_Exposure","Visit7/18months",44789050,"follow-up 18 months","snomed:199591000000102"
"f7_DFUROSEM","Dose Furosemide (mg) at 18 month follow up","FLOAT","mg",,,4417,2558,3,1500,,,,,"rxnorm:4603","Furosemide",956874,"Dosage","snomed:260911001",4118853,"milligram","ucum:mg",8576,"Drug_Exposure","Visit7/18months",44789050,"follow-up 18 months","snomed:199591000000102"
"f7_DIGITALE","Digitalis at 18 month follow up","INT",,"2=No | 3=Yes",1,5788,1187,2,3,,"LOINC:LA32-8| LOINC:LA33-6","No| Yes","45878245| 45877994","atc:C01AA","Digitalis glycosides",21601240,,,,,,,"Drug_Exposure","Visit7/18months",44789050,"follow-up 18 months","snomed:199591000000102"
"f7_DILTI","Diltiazem at 18 month follow up","INT",,"2=No | 3=Yes",1,5787,1188,2,3,,"LOINC:LA32-8| LOINC:LA33-6","No| Yes","45878245| 45877994","rxnorm:3443","Diltiazem",1328165,,,,,,,"Drug_Exposure","Visit7/18months",44789050,"follow-up 18 months","snomed:199591000000102"
"f7_DLISINO","Dose Lisinopril (mg) at 18 month follow up","FLOAT","mg",,,6408,567,0,40,,,,,"rxnorm:29046","Lisonorpil",1308216,"Dosage","snomed:260911001",4118853,"milligram","ucum:mg",8576,"Drug_Exposure","Visit7/18months",44789050,"follow-up 18 months","snomed:199591000000102"
"f7_DMETO","Dose Metoprolol (mg) at 18 month follow up","FLOAT","mg",,,152,6823,12.5,200,,,,,"rxnorm:6918","Metoprolol",1307046,"Dosage","snomed:260911001",4118853,"milligram","ucum:mg",8576,"Drug_Exposure","Visit7/18months",44789050,"follow-up 18 months","snomed:199591000000102"
"f7_DOSALTBB","Dose Other beta blocker (mg) at 18 month follow up","FLOAT","mg",,,72,6903,1.25,200,,,,,"atc:C07A","BETA BLOCKING AGENTS",21601665,"Dosage|Other","snomed:260911001|snomed:74964007","4118853|9177","milligram","ucum:mg",8576,"Drug_Exposure","Visit7/18months",44789050,"follow-up 18 months","snomed:199591000000102"
"f7_DRAMIP","Dose Ramipril (mg) at 18 month follow up","FLOAT","mg",,,1567,5408,0.6,20,,,,,"rxnorm:35296","Ramipril",1334456,"Dosage","snomed:260911001",4118853,"milligram","ucum:mg",8576,"Drug_Exposure","Visit7/18months",44789050,"follow-up 18 months","snomed:199591000000102"
"f7_DSPIRONO","Dose Spironolactone (mg) at 18 month follow up","FLOAT","mg",,,2290,4685,5,200,,,,,"rxnorm:9997","Spironolactone",970250,"Dosage","snomed:260911001",4118853,"milligram","ucum:mg",8576,"Drug_Exposure","Visit7/18months",44789050,"follow-up 18 months","snomed:199591000000102"
"f7_DTRAND","Dose Trandolapril (mg) at 18 month follow up","FLOAT","mg",,,11,6964,0.5,6,,,,,"rxnorm:38454","Trandolapril",1342439,"Dosage","snomed:260911001",4118853,"milligram","ucum:mg",8576,"Drug_Exposure","Visit7/18months",44789050,"follow-up 18 months","snomed:199591000000102"
"f7_DURQRS","QRS length (msec) at 18 month follow up","INT","msec",,,5420,1359,30,300,,,,,"snomed:39632005","QRS interval",4218048,,,,"millisecond","ucum:ms",9593,"Measurement","Visit7/18months",44789050,"follow-up 18 months","snomed:199591000000102"
"f7_EDEMPERI","Peripheral edema severity at 18 month follow up","INT",,"2 = no | 3 = only ankles | 4 = until knee | 5 = above",1,5639,1336,2,5,,"LOINC:LA32-8| snomed:26237000| snomed:102575008|snomed:102573001","No|ankle edema|Edema of knee|Edema of thigh","45878245|4094513|4010012|4010011","snomed:423484008","Grade of edema",4313204,,,,,,,"measurement","Visit7/18months",44789050,"follow-up 18 months","snomed:199591000000102"
"f7_EMATOCRI","Hematocrit (%) at 18 month follow up","FLOAT",,,,7,6968,29,49,,,,,"Loinc:20570-8","Hematocrit [Volume Fraction] of Blood",3009542,,,,,,,"Measurement","Visit7/18months",44789050,"follow-up 18 months","snomed:199591000000102"
"f7_EMOGLOB","Hemoglobin (g/dl) at 18 month follow up","FLOAT","g/dL",,,7,6968,10.2,16.4,,,,,"loinc:718-7","Hemoglobin [Mass/volume] in Blood",3000963,,,,"gram per deciliter","ucum:g/dL",8713,"Measurement","Visit7/18months",44789050,"follow-up 18 months","snomed:199591000000102"
"f7_ENALA","Enalapril at 18 month follow up","INT",,"2=No | 3=Yes",1,5787,1188,2,3,,"LOINC:LA32-8| LOINC:LA33-6","No| Yes","45878245| 45877994","rxnorm:3827","Enalapril",1341927,,,,,,,"Drug_Exposure","Visit7/18months",44789050,"follow-up 18 months","snomed:199591000000102"
"f7_FANS","Non-steroidal anti-inflammatory agent (FANS) at 18 month follow up","INT",,"2=No | 3=Yes",1,5786,1189,2,3,,"LOINC:LA32-8| LOINC:LA33-6","No| Yes","45878245| 45877994","atc:M01A","ANTIINFLAMMATORY AND ANTIRHEUMATIC PRODUCTS, NON-STEROIDS",21603933,,,,,,,"Drug_Exposure","Visit7/18months",44789050,"follow-up 18 months","snomed:199591000000102"
"f7_FC","Heart rate (bpm) at 18 month follow up","FLOAT","beats/min",,,5516,1459,40,136,,,,,"loinc:8867-4","Heart rate",3027018,,,,"Counts per minute","ucum:{counts}/min",8483,"Measurement","Visit7/18months",44789050,"follow-up 18 months","snomed:199591000000102"
"f7_FCECG","Heart rate (ECG) (bpm) at 18 month follow up","FLOAT","beats/min",,,5420,1359,40,150,,,,,"loinc:8867-4","Heart rate",3027018,"ECG finding","snomed:271921002",4156045,"Counts per minute","ucum:{counts}/min",8483,"Measurement","Visit7/18months",44789050,"follow-up 18 months","snomed:199591000000102"
"f7_FELOD","Felodipine at 18 month follow up","INT",,"2=No | 3=Yes",1,5787,1188,2,3,,"LOINC:LA32-8| LOINC:LA33-6","No| Yes","45878245| 45877994","rxnorm:4316","Felodipine",1353776,,,,,,,"Drug_Exposure","Visit7/18months",44789050,"follow-up 18 months","snomed:199591000000102"
"f7_FIBRINO","Fibrinogenemia (mg/dl) at 18 month follow up","FLOAT","mg/dl",,,6,6969,230,568,,,,,"snomed:1108621000000108","fibrinogen mass concentration in plasma",37208754,,,,"milligram per deciliter","ucum:mg/dL",8840,"Measurement","Visit7/18months",44789050,"follow-up 18 months","snomed:199591000000102"
"f7_FLUTTER","Atrial fibrillation / Flutter at 18 month follow up","INT",,"0 = No | 1 = Yes",,5424,1355,0,1,,"LOINC:LA32-8| LOINC:LA33-6","No| Yes","45878245| 45877994","snomed:49436004","Atrial fibrillation",313217,,,,,,,"Measurement","Visit7/18months",44789050,"follow-up 18 months","snomed:199591000000102"
"f7_FRUTTA","Fruit  at 18 month follow up","INT",,"2 = never | 3 =2-3 times a week | 4 = once a day | 5= >1 times a day",1,5717,1258,2,5,,"SNOMED:444841000124107| LOINC:LA26463-2| LOINC:LA13897-6| SNOMED:1411000175107","Never| 2 or 3 times per week| once a day| more than once a day","763692| 42531019| 45876378| 761069","snomed:72511004","Fruit",4217045,,,,,,,"Observation","Visit7/18months",44789050,"follow-up 18 months","snomed:199591000000102"
"f7_FUROSEMI","Furosemide at 18 month follow up","INT",,"2=No | 3=Yes",1,5787,1188,2,3,,"LOINC:LA32-8| LOINC:LA33-6","No| Yes","45878245| 45877994","rxnorm:4603","Furosemide",956874,,,,,,,"Drug_Exposure","Visit7/18months",44789050,"follow-up 18 months","snomed:199591000000102"
"f7_GBIANCHI","White blood cells (mm3) at 18 month follow up","FLOAT","mm3",,,7,6968,4200,9800,,,,,"snomed:1110441000000100","White blood cell count in blood",37208925,,,,"cubic millimeter","ucum:mm3",8686,"Measurement","Visit7/18months",44789050,"follow-up 18 months","snomed:199591000000102"
"f7_GLICEMIA","Glycemia (mg/dl) at 18 month follow up","FLOAT","mg/dl",,,7,6968,93,171,,,,,"Snomed:33747003","“Glucose measurement, blood”",4144235,,,,"milligram per deciliter","ucum:mg/dL",8840,"Measurement","Visit7/18months",44789050,"follow-up 18 months","snomed:199591000000102"
"f7_IDRALAZ","Hydralazine at 18 month follow up","INT",,"2=No | 3=Yes",1,5787,1188,2,3,,"LOINC:LA32-8| LOINC:LA33-6","No| Yes","45878245| 45877994","rxnorm:5470","Hydralazine",1373928,,,,,,,"Drug_Exposure","Visit7/18months",44789050,"follow-up 18 months","snomed:199591000000102"
"f7_INTENZIO","Intentional weight loss (If weight loss >= 2 kg) at 18 month follow up","INT",,"1 = no weight loss | 2 = no | 3 = yes",,6408,567,1,3,,"snomed:83421005| LOINC:LA32-8| LOINC:LA33-6","failure to lose weight|no|yes","4308415 | 45878245| 45877994","snomed:416528001","intentional weight loss",4214302,,,,,,,"Measurement","Visit7/18months",44789050,"follow-up 18 months","snomed:199591000000102"
"f7_IPERVENT","Left ventricular hypertrophy at 18 month follow up","INT",,"0 = No | 1 = Yes",,5424,1355,0,1,,"LOINC:LA32-8| LOINC:LA33-6","No| Yes","45878245| 45877994","snomed:55827005","Left ventricular hypertrophy",4184746,,,,,,,"Measurement","Visit7/18months",44789050,"follow-up 18 months","snomed:199591000000102"
"f7_LALT","Lower limit ALT (U/L) at 18 month follow up","FLOAT","U/L",,,5,6970,1,5,,,,,"loinc:76625-3","Alanine aminotransferase [Enzymatic activity/volume] in Blood",46235106,"Lower limit of reference range","snomed:385524004",4294191,"unit per liter","ucum:[U]/L",8645,"Measurement","Visit7/18months",44789050,"follow-up 18 months","snomed:199591000000102"
"f7_LAST","Lower limit AST (U/L) at 18 month follow up","FLOAT","U/L",,,5,6970,1,5,,,,,"loinc:1920-8","Aspartate aminotransferase [Enzymatic activity/volume] in Serum or Plasma",3013721,"Lower limit of reference range","snomed:385524004",4294191,"unit per liter","ucum:[U]/L",8645,"Measurement","Visit7/18months",44789050,"follow-up 18 months","snomed:199591000000102"
"f7_LATOBB","Bundle branch block side at 18 month follow up","INT",,"2 = left | 3=right",1,1737,5042,2,3,,"snomed:7771000|snomed:24028007","Left|Right","4300877|4080761","snomed:6374002","Bundle branch block",313791,"side","snomed:182353008",4112563,,,,"Measurement","Visit7/18months",44789050,"follow-up 18 months","snomed:199591000000102"
"f7_LCKTOT","Lower limit CK total (U/L) at 18 month follow up","FLOAT","U/L",,,5,6970,24,25,,,,,"loinc:2157-6","creatine kinase [enzymatic activity/volume] in serum or plasma",3007220,"Lower limit of reference range","snomed:385524004",4294191,"unit per liter","ucum:[U]/L",8645,"Measurement","Visit7/18months",44789050,"follow-up 18 months","snomed:199591000000102"
"f7_LISINO","Lisinopril at 18 month follow up","INT",,"2=No | 3=Yes",1,5787,1188,2,3,,"LOINC:LA32-8| LOINC:LA33-6","No| Yes","45878245| 45877994","rxnorm:29046","Lisonorpil",1308216,,,,,,,"Drug_Exposure","Visit7/18months",44789050,"follow-up 18 months","snomed:199591000000102"
"f7_METO","Metoprolol at 18 month follow up","INT",,"2=No | 3=Yes",1,5787,1188,2,3,,"LOINC:LA32-8| LOINC:LA33-6","No| Yes","45878245| 45877994","rxnorm:6918","Metoprolol",1307046,,,,,,,"Drug_Exposure","Visit7/18months",44789050,"follow-up 18 months","snomed:199591000000102"
"f7_N3PUFA","N3-PUFA open labeled at 18 month follow up","INT",,"2=No | 3=Yes",1,5787,1188,2,3,,"LOINC:LA32-8| LOINC:LA33-6","No| Yes","45878245| 45877994","atc:N03AG","Fatty acid derivatives",21604421,,,,,,,"Drug_Exposure","Visit7/18months",44789050,"follow-up 18 months","snomed:199591000000102"
"f7_NA","Serum Sodium (mmol/L) at 18 month follow up","FLOAT","mmol/L",,,7,6968,131,143,,,,,"loinc:2951-2","Sodium [Moles/volume] in Serum or Plasma",3019550,,,,"millimole per liter","ucum:mmol/L",8753,"Measurement","Visit7/18months",44789050,"follow-up 18 months","snomed:199591000000102"
"f7_NIFED","Nifedipine at 18 month follow up","INT",,"2=No | 3=Yes",1,5787,1188,2,3,,"LOINC:LA32-8| LOINC:LA33-6","No| Yes","45878245| 45877994","rxnorm:7417","Nifedipine",1318853,,,,,,,"Drug_Exposure","Visit7/18months",44789050,"follow-up 18 months","snomed:199591000000102"
"f7_NITRATI","Nitrates at 18 month follow up","INT",,"2=No | 3=Yes",1,5787,1188,2,3,,"LOINC:LA32-8| LOINC:LA33-6","No| Yes","45878245| 45877994","atc:C01DA","Organic nitrates",21600316,,,,,,,"Drug_Exposure","Visit7/18months",44789050,"follow-up 18 months","snomed:199591000000102"
"f7_NYHA","NYHA Class at 18 month follow up","INT",,"2 = NYHA class I | 3 = NYHA class II | 4 = NYHA class III | 5 = NYHA class IV",1,5688,1287,2,5,,"snomed:420300004| snomed:421704003| snomed:420913000| snomed:422293003","New York Heart Association Classification - Class I| New York Heart Association Classification - Class II| New York Heart Association Classification - Class III| New York Heart Association Classification - Class IV","4220607| 4226789| 4227345| 4228881","snomed:420816009","new york heart association classification",4223299,,,,,,,"Measurement","Visit7/18months",44789050,"follow-up 18 months","snomed:199591000000102"
"f7_OLIVA","Olive oil at 18 month follow up","INT",,"2 = never | 3 = sometimes | 4 = frequently | 5 = on a regular basis",1,5717,1258,2,5,,"LOINC:LA6270-8| LOINC:LA10082-8| LOINC:LA6482-9| SNOMED:307430002","Never| sometimes| frequently| regular frequency","45876662| 45882528| 45883983| 4146463","snomed:41834005","Olive oil",4216445,,,,,,,"Observation","Visit7/18months",44789050,"follow-up 18 months","snomed:199591000000102"
"f7_ONDEQ","Pathological Q waves at 18 month follow up","INT",,"0 = No | 1 = Yes",,5424,1355,0,1,,"LOINC:LA32-8| LOINC:LA33-6","No| Yes","45878245| 45877994","snomed:164918000","Pathological Q wave",4065387,,,,,,,"Measurement","Visit7/18months",44789050,"follow-up 18 months","snomed:199591000000102"
"f7_OPENSTAT","Statins open labeled at 18 month follow up","INT",,"2=No | 3=Yes",1,5787,1188,2,3,,"LOINC:LA32-8| LOINC:LA33-6","No| Yes","45878245| 45877994","atc:C10AA","hmg-coa reductase inhibitor",21601855,,,,,,,"Drug_Exposure","Visit7/18months",44789050,"follow-up 18 months","snomed:199591000000102"
"f7_PAD","Diastolic blood pressure (mmHg) at 18 month follow up","FLOAT","mmHg",,,5552,1423,45,130,,,,,"loinc:8462-4","Diastolic blood pressure",3012888,,,,"millimeter mercury column","ucum:mm[Hg]",8876,"Measurement","Visit7/18months",44789050,"follow-up 18 months","snomed:199591000000102"
"f7_PAS","Systolic blood pressure (mmHg) at 18 month follow up","FLOAT","mmHg",,,5554,1421,75,220,,,,,"loinc:8480-6","Systolic blood pressure",3004249,,,,"millimeter mercury column","ucum:mm[Hg]",8876,"Measurement","Visit7/18months",44789050,"follow-up 18 months","snomed:199591000000102"
"f7_PESCE","Fish at 18 month follow up","INT",,"2 = never | 3 = once a week | 4 = 2 times a week | 5 = 3+ times a week",1,5717,1258,2,5,,"LOINC:LA6270-8| LOINC:LA26461-6| SNOMED:229800002| LOINC:LA6396-1","Never| once a week| twice weekly| Three or more times per week","45876662|42531017| 4047143| 45877752","snomed:735971005","Fish",42539493,,,,,,,"Observation","Visit7/18months",44789050,"follow-up 18 months","snomed:199591000000102"
"f7_PESOATT","Weight (kg) at 18 month follow up","FLOAT","Kilogram",,,5590,1385,36,175,,,,,"loinc:29463-7","Body weight",3025315,,,,"kilogram","ucum:kg",9529,"Measurement","Visit7/18months",44789050,"follow-up 18 months","snomed:199591000000102"
"f7_POTASSIO","Serum potassium (mmol/L) at 18 month follow up","FLOAT","mmol/L",,,7,6968,4.1,4.8,,,,,"loinc:2823-3","Potassium [Moles/volume] in Serum or Plasma",3023103,,,,"millimole per liter","ucum:mmol/L",8753,"Measurement","Visit7/18months",44789050,"follow-up 18 months","snomed:199591000000102"
"f7_RAMIP","Ramipril at 18 month follow up","INT",,"2=No | 3=Yes",1,5787,1188,2,3,,"LOINC:LA32-8| LOINC:LA33-6","No| Yes","45878245| 45877994","rxnorm:35296","Ramipril",1334456,,,,,,,"Drug_Exposure","Visit7/18months",44789050,"follow-up 18 months","snomed:199591000000102"
"f7_RITMOPM","Rhythm from pacemaker at 18 month follow up","INT",,"0 = No | 1 = Yes",,5424,1355,0,1,,"LOINC:LA32-8| LOINC:LA33-6","No| Yes","45878245| 45877994","snomed:10370003","Rhythm from artificial pacing",4304202,,,,,,,"Measurement","Visit7/18months",44789050,"follow-up 18 months","snomed:199591000000102"
"f7_SARTANI","Sartans at 18 month follow up","INT",,"2=No | 3=Yes",1,5787,1188,2,3,,"LOINC:LA32-8| LOINC:LA33-6","No| Yes","45878245| 45877994","atc:C09CA","""Angiotensin II receptor blockers (ARBs), plain""",21601823,,,,,,,"Drug_Exposure","Visit7/18months",44789050,"follow-up 18 months","snomed:199591000000102"
"f7_SEMI","Seed oil at 18 month follow up","INT",,"2 = never | 3 = sometimes | 4 = frequently | 5 = on a regular basis",1,5717,1258,2,5,,"LOINC:LA6270-8| LOINC:LA10082-8| LOINC:LA6482-9| SNOMED:307430002","Never| sometimes| frequently| regular frequency","45876662| 45882528| 45883983| 4146463","snomed:21847005","Oil",4071021,,,,,,,"Observation","Visit7/18months",44789050,"follow-up 18 months","snomed:199591000000102"
"f7_SILDENAF","Sildenafil at 18 month follow up","INT",,"2=No | 3=Yes",1,5786,1189,2,3,,"LOINC:LA32-8| LOINC:LA33-6","No| Yes","45878245| 45877994","Rxnorm:136411","Sildenafil",1316262,,,,,,,"Drug_Exposure","Visit7/18months",44789050,"follow-up 18 months","snomed:199591000000102"
"f7_SPECNO","If alcohol NO type of non-consumption at 18 month follow up","INT",,"2 = NO | 3 = PAST | 4 = NEVER",1,1820,5155,2,4,,"LOINC:LA32-8|LOINC:LA28393-9|LOINC:LA6270-8","No|Former user| never","45878245|36307819|45876662","snomed:105542008","non - drinker",4022664,,,,,,,"Observation","Visit7/18months",44789050,"follow-up 18 months","snomed:199591000000102"
"f7_SPIRONO","Spironolactone at 18 month follow up","INT",,"2=No | 3=Yes",1,5787,1188,2,3,,"LOINC:LA32-8| LOINC:LA33-6","No| Yes","45878245| 45877994","rxnorm:9997","Spironolactone",970250,,,,,,,"Drug_Exposure","Visit7/18months",44789050,"follow-up 18 months","snomed:199591000000102"
"f7_SUPERAL","Spirits (if alcohol YES) at 18 month follow up","INT",,"2 = NO | 3 = sometimes | 4 = 1-2 glasses a day | 5 = 3-4 glasses a day | 6 = 5+ glasses a day",1,3897,3078,2,6,,"LOINC:LA32-8| LOINC:LA10082-8| LOINC:LA26462-4| SNOMED:396112008| loinc:LA13858-8","No| sometimes| 1 or 2 times per day|  Three to four times a day| 5 or more times per day","45878245| 45882528| 42530681| 4244842| 45882530","snomed:6524003","Distilled spirits",4275752,,,,,,,"Observation","Visit7/18months",44789050,"follow-up 18 months","snomed:199591000000102"
"f7_TERAORMO","Hormone Replacement Therapy at 18 month follow up","INT",,"2=No | 3=Yes",1,5790,1185,2,3,,"LOINC:LA32-8| LOINC:LA33-6","No| Yes","45878245| 45877994","snomed:266717002","Hormone Replacement Therapy",4141760,,,,,,,"Drug_Exposure","Visit7/18months",44789050,"follow-up 18 months","snomed:199591000000102"
"f7_TIAZIDI","Thiazides at 18 month follow up","INT",,"2=No | 3=Yes",1,5787,1188,2,3,,"LOINC:LA32-8| LOINC:LA33-6","No| Yes","45878245| 45877994","snomed:860766002","Thiazides",3655254,,,,,,,"Drug_Exposure","Visit7/18months",44789050,"follow-up 18 months","snomed:199591000000102"
"f7_TRAND","Trandolapril at 18 month follow up","INT",,"2=No | 3=Yes",1,5787,1188,2,3,,"LOINC:LA32-8| LOINC:LA33-6","No| Yes","45878245| 45877994","rxnorm:38454","Trandolapril",1342439,,,,,,,"Drug_Exposure","Visit7/18months",44789050,"follow-up 18 months","snomed:199591000000102"
"f7_TRIGLI","Triglycerides (mg/dl) at 18 month follow up","FLOAT","mg/dl",,,7,6968,100,451,,,,,"loinc:14927-8","Triglyceride [Moles/volume] in Serum or Plasma",3025839,,,,"milligram per deciliter","ucum:mg/dL",8840,"Measurement","Visit7/18months",44789050,"follow-up 18 months","snomed:199591000000102"
"f7_UALT","Upper limit ALT (U/L) at 18 month follow up","FLOAT","U/L",,,7,6968,35,41,,,,,"loinc:76625-3","Alanine aminotransferase [Enzymatic activity/volume] in Blood",46235106,"Upper limit of reference range","snomed:371933006",4162853,"unit per liter","ucum:[U]/L",8645,"Measurement","Visit7/18months",44789050,"follow-up 18 months","snomed:199591000000102"
"f7_UAST","Upper limit AST (U/L) at 18 month follow up","FLOAT","U/L",,,7,6968,38,45,,,,,"loinc:1920-8","Aspartate aminotransferase [Enzymatic activity/volume] in Serum or Plasma",3013721,"Upper limit of reference range","snomed:371933006",4162853,"unit per liter","ucum:[U]/L",8645,"Measurement","Visit7/18months",44789050,"follow-up 18 months","snomed:199591000000102"
"f7_UCKTOT","Upper limit CK total (U/L) at 18 month follow up","FLOAT","U/L",,,7,6968,170,195,,,,,"loinc:2157-6","creatine kinase [enzymatic activity/volume] in serum or plasma",3007220,"Upper limit of reference range","snomed:371933006",4162853,"unit per liter","ucum:[U]/L",8645,"Measurement","Visit7/18months",44789050,"follow-up 18 months","snomed:199591000000102"
"f7_URICE","Uricemia (mg/dl) at 18 month follow up","FLOAT","mg/dl",,,7,6968,4,8,,,,,"loinc:3084-1","urate [mass/volume] in serum or plasma",3037556,,,,"milligram per deciliter","ucum:mg/dL",8840,"Measurement","Visit7/18months",44789050,"follow-up 18 months","snomed:199591000000102"
"f7_VALUECG","ECG evaluation at 18 month follow up","INT",,"2 = normal | 3 = abnormal",1,5424,1355,2,3,,"snomed:17621005|snomed:263654008","Normal | Abnormal","4069590|4135493","loinc:LP149975-7","ECG",1011679,"evaluation","snomed:723051000000101",44803879,,,,"Measurement","Visit7/18months",44789050,"follow-up 18 months","snomed:199591000000102"
"f7_VERAP","Verapamil at 18 month follow up","INT",,"2=No | 3=Yes",1,5787,1188,2,3,,"LOINC:LA32-8| LOINC:LA33-6","No| Yes","45878245| 45877994","rxnorm:11170","Verapamil",1307863,,,,,,,"Drug_Exposure","Visit7/18months",44789050,"follow-up 18 months","snomed:199591000000102"
"f7_VERCOTTA","Cooked vegetables at 18 month follow up","INT",,"2 = never | 3 =2-3 times a week | 4 = once a day | 5= >1 times a day",1,5717,1258,2,5,,"SNOMED:444841000124107| LOINC:LA26463-2| LOINC:LA13897-6| SNOMED:1411000175107","Never| 2 or 3 times per week| once a day| more than once a day","763692| 42531019| 45876378| 761069","snomed:444011000124102","Cooked vegetables",763625,,,,,,,"Observation","Visit7/18months",44789050,"follow-up 18 months","snomed:199591000000102"
"f7_VERCRUDA","Raw vegetables at 18 month follow up","INT",,"2 = never | 3 =2-3 times a week | 4 = once a day | 5= >1 times a day",1,5717,1258,2,5,,"SNOMED:444841000124107| LOINC:LA26463-2| LOINC:LA13897-6| SNOMED:1411000175107","Never| 2 or 3 times per week| once a day| more than once a day","763692| 42531019| 45876378| 761069","snomed:314115004","Raw vegetables",4193035,,,,,,,"Observation","Visit7/18months",44789050,"follow-up 18 months","snomed:199591000000102"
"f7_VINO","Wine (if alcohol YES) at 18 month follow up","INT",,"2 = NO | 3 = sometimes | 4 = 1-2 glasses a day | 5 = 3-4 glasses a day | 6 = 5+ glasses a day",1,3897,3078,2,6,,"LOINC:LA32-8| LOINC:LA10082-8| LOINC:LA26462-4| SNOMED:396112008| loinc:LA13858-8","No| sometimes| 1 or 2 times per day|  Three to four times a day| 5 or more times per day","45878245| 45882528| 42530681| 4244842| 45882530","snomed:35748005","Wine",4262278,,,,,,,"Observation","Visit7/18months",44789050,"follow-up 18 months","snomed:199591000000102"
"f8_ALCOOL","Alcohol at 2 year follow up","INT",,"2 = NO | 3 = YES",1,5419,1556,2,3,,"LOINC:LA32-8| LOINC:LA33-6","No| yes","45878245| 45877994","snomed:219006","Current drinker",4074035,,,,,,,"Observation","Visit8/24months",44789049,"follow-up 2 years","snomed:199581000000104"
"f8_ALLOPURI","Allopurinol at 2 year follow up","INT",,"2=No | 3=Yes",1,5521,1454,2,3,,"LOINC:LA32-8| LOINC:LA33-6","No| Yes","45878245| 45877994","rxnorm:519","Allopurinol",1167322,,,,,,,"Drug_Exposure","Visit8/24months",44789049,"follow-up 2 years","snomed:199581000000104"
"f8_ALT","ALT (U/L) at 2 year follow up","FLOAT","U/L",,,4923,2052,3,549,,,,,"loinc:76625-3","Alanine aminotransferase [Enzymatic activity/volume] in Blood",46235106,,,,"unit per liter","ucum:[U]/L",8645,"Measurement","Visit8/24months",44789049,"follow-up 2 years","snomed:199581000000104"
"f8_ALTACE","other ACE-inhibitor at 2 year follow up","INT",,"2=No | 3=Yes",1,5521,1454,2,3,,"LOINC:LA32-8| LOINC:LA33-6","No| Yes","45878245| 45877994","atc:C09AA","""ACE inhibitors, plain""",21601784,"Other","snomed:74964007",9177,,,,"Drug_Exposure","Visit8/24months",44789049,"follow-up 2 years","snomed:199581000000104"
"f8_ALTANO","Other ECG abnormality at 2 year follow up","INT",,"0 = No | 1 = Yes",,5121,1658,0,1,,"LOINC:LA32-8| LOINC:LA33-6","No| Yes","45878245| 45877994","loinc:LA24621-7","Abnormal ECG",36311174,,,,,,,"Measurement","Visit8/24months",44789049,"follow-up 2 years","snomed:199581000000104"
"f8_ALTDIU","Other diuretics at 2 year follow up","INT",,"2=No | 3=Yes",1,5521,1454,2,3,,"LOINC:LA32-8| LOINC:LA33-6","No| Yes","45878245| 45877994","atc:C03","DIURETICS",21601461,"Other","snomed:74964007",9177,,,,"Drug_Exposure","Visit8/24months",44789049,"follow-up 2 years","snomed:199581000000104"
"f8_ALTROARI","Other antiarrhythmic agent at 2 year follow up","INT",,"2=No | 3=Yes",1,5520,1455,2,3,,"LOINC:LA32-8| LOINC:LA33-6","No| Yes","45878245| 45877994","atc:C01B","ANTIARRHYTHMICS, CLASS I AND III",21600248,"Other","snomed:74964007",9177,,,,"Drug_Exposure","Visit8/24months",44789049,"follow-up 2 years","snomed:199581000000104"
"f8_ALTROBB","Other beta blocker at 2 year follow up","INT",,"2=No | 3=Yes",1,5521,1454,2,3,,"LOINC:LA32-8| LOINC:LA33-6","No| Yes","45878245| 45877994","atc:C07A","BETA BLOCKING AGENTS",21601665,"Other","snomed:74964007",9177,,,,"Drug_Exposure","Visit8/24months",44789049,"follow-up 2 years","snomed:199581000000104"
"f8_ALTROCA","Other calcium antagonist at 2 year follow up","INT",,"2=No | 3=Yes",1,5521,1454,2,3,,"LOINC:LA32-8| LOINC:LA33-6","No| Yes","45878245| 45877994","atc:C08C","SELECTIVE CALCIUM CHANNEL BLOCKERS WITH MAINLY VASCULAR EFFECTS",21601745,"Other","snomed:74964007",9177,,,,"Drug_Exposure","Visit8/24months",44789049,"follow-up 2 years","snomed:199581000000104"
"f8_ALTRODIL","Other vasodilator at 2 year follow up","INT",,"2=No | 3=Yes",1,5521,1454,2,3,,"LOINC:LA32-8| LOINC:LA33-6","No| Yes","45878245| 45877994","snomed:372787008","Vasodilator",4158258,"Other","snomed:74964007",9177,,,,"Drug_Exposure","Visit8/24months",44789049,"follow-up 2 years","snomed:199581000000104"
"f8_AMIODAR","Amiodarone at 2 year follow up","INT",,"2=No | 3=Yes",1,5520,1455,2,3,,"LOINC:LA32-8| LOINC:LA33-6","No| Yes","45878245| 45877994","rxnorm:703","Amiodarone",1309944,,,,,,,"Drug_Exposure","Visit8/24months",44789049,"follow-up 2 years","snomed:199581000000104"
"f8_AMLOD","Amlodipine at 2 year follow up","INT",,"2=No | 3=Yes",1,5521,1454,2,3,,"LOINC:LA32-8| LOINC:LA33-6","No| Yes","45878245| 45877994","rxnorm:17767","Amlodipine",1332418,,,,,,,"Drug_Exposure","Visit8/24months",44789049,"follow-up 2 years","snomed:199581000000104"
"f8_ANTIAGGR","Other antiaggregants at 2 year follow up","INT",,"2=No | 3=Yes",1,5522,1453,2,3,,"LOINC:LA32-8| LOINC:LA33-6","No| Yes","45878245| 45877994","snomed:840595002","Platelet aggregation inhibitor therapy",3655005,"Other","snomed:74964007",9177,,,,"Drug_Exposure","Visit8/24months",44789049,"follow-up 2 years","snomed:199581000000104"
"f8_ANTICOAG","Oral anticoagulants at 2 year follow up","INT",,"2=No | 3=Yes",1,5521,1454,2,3,,"LOINC:LA32-8| LOINC:LA33-6","No| Yes","45878245| 45877994","atc:B01A","ANTITHROMBOTIC AGENTS",21600961,,,,,,,"Drug_Exposure","Visit8/24months",44789049,"follow-up 2 years","snomed:199581000000104"
"f8_ANTIDEPR","Antidepressants at 2 year follow up","INT",,"2=No | 3=Yes",1,5521,1454,2,3,,"LOINC:LA32-8| LOINC:LA33-6","No| Yes","45878245| 45877994","atc:N06A","antidepressants",21604686,,,,,,,"Drug_Exposure","Visit8/24months",44789049,"follow-up 2 years","snomed:199581000000104"
"f8_ASA","Acetylsalicylic acid at 2 year follow up","INT",,"2=No | 3=Yes",1,5521,1454,2,3,,"LOINC:LA32-8| LOINC:LA33-6","No| Yes","45878245| 45877994","rxnorm:1191","Aspirin",1112807,,,,,,,"Drug_Exposure","Visit8/24months",44789049,"follow-up 2 years","snomed:199581000000104"
"f8_AST","AST (U/L) at 2 year follow up","FLOAT","U/L",,,4921,2054,1,291,,,,,"loinc:1920-8","Aspartate aminotransferase [Enzymatic activity/volume] in Serum or Plasma",3013721,,,,"unit per liter","ucum:[U]/L",8645,"Measurement","Visit8/24months",44789049,"follow-up 2 years","snomed:199581000000104"
"f8_ATENO","Atenolol at 2 year follow up","INT",,"2=No | 3=Yes",1,5521,1454,2,3,,"LOINC:LA32-8| LOINC:LA33-6","No| Yes","45878245| 45877994","rxnorm:1202","Atenolol",1314002,,,,,,,"Drug_Exposure","Visit8/24months",44789049,"follow-up 2 years","snomed:199581000000104"
"f8_BBRANCA","Bundle branch block at 2 year follow up","INT",,"0 = No | 1 = Yes",,5121,1658,0,1,,"LOINC:LA32-8| LOINC:LA33-6","No| Yes","45878245| 45877994","snomed:6374002","Bundle branch block",313791,,,,,,,"Measurement","Visit8/24months",44789049,"follow-up 2 years","snomed:199581000000104"
"f8_BENZOD","Benzodiazepine at 2 year follow-up","INT",,"2=No | 3=Yes",1,5521,1454,2,3,,"LOINC:LA32-8| LOINC:LA33-6","No| Yes","45878245| 45877994","atc:N05BA","Benzodiazepine derivatives",21604565,,,,,,,"Drug_Exposure","Visit8/24months",44789049,"follow-up 2 years","snomed:199581000000104"
"f8_BILIRUB","Bilirubine (mg/dl) at 2 year follow up","FLOAT","mg/dl",,,4757,2218,0.07,8,,,,,"loinc:1975-2","bilirubin.total [mass/volume] in serum or plasma",3024128,,,,"milligram per deciliter","ucum:mg/dL",8840,"Measurement","Visit8/24months",44789049,"follow-up 2 years","snomed:199581000000104"
"f8_BIRRA","Beer (if alcohol YES) at 2 year follow up","INT",,"2 = NO | 3 = sometimes | 4 = 1-2 glasses a day | 5 = 3-4 glasses a day | 6 = 5+ glasses a day",1,3712,3263,2,6,,"LOINC:LA32-8| LOINC:LA10082-8| LOINC:LA26462-4| SNOMED:396112008| loinc:LA13858-8","No| sometimes| 1 or 2 times per day|  Three to four times a day| 5 or more times per day","45878245| 45882528| 42530681| 4244842| 45882530","snomed:53410008","Beer",4201587,,,,,,,"Observation","Visit8/24months",44789049,"follow-up 2 years","snomed:199581000000104"
"f8_BISOPRO","Bisoprolol at 2 year follow up","INT",,"2=No | 3=Yes",1,5521,1454,2,3,,"LOINC:LA32-8| LOINC:LA33-6","No| Yes","45878245| 45877994","rxnorm:19484","Bisoprolol",1338005,,,,,,,"Drug_Exposure","Visit8/24months",44789049,"follow-up 2 years","snomed:199581000000104"
"f8_BURRO","Butter at 2 year follow up","INT",,"2 = never | 3 = sometimes | 4 = frequently | 5 = on a regular basis",1,5418,1557,2,5,,"LOINC:LA6270-8| LOINC:LA10082-8| LOINC:LA6482-9| SNOMED:307430002","Never| sometimes| frequently| regular frequency","45876662| 45882528| 45883983| 4146463","snomed:226888007","Butter",4024776,,,,,,,"Observation","Visit8/24months",44789049,"follow-up 2 years","snomed:199581000000104"
"f8_CAFFE","Coffee at 2 year follow up","INT",,"2 = never | 3 = 1-2 cups a day | 4 = 3-4 cups a day | 5 = 5+ cups a day",1,5418,1557,2,5,,"SNOMED:444841000124107| SNOMED:396107007| SNOMED:396112008| loinc:LA13858-8","Never| One to two times a day| Three to four times a day| 5 or more times per day","763692| 4245244| 4244842| 45882530","snomed:29263009","Coffee",4162308,,,,,,,"Observation","Visit8/24months",44789049,"follow-up 2 years","snomed:199581000000104"
"f8_CAPTO","Captopril at 2 year follow up","INT",,"2=No | 3=Yes",1,5521,1454,2,3,,"LOINC:LA32-8| LOINC:LA33-6","No| Yes","45878245| 45877994","rxnorm:1998","Captopril",1340128,,,,,,,"Drug_Exposure","Visit8/24months",44789049,"follow-up 2 years","snomed:199581000000104"
"f8_CARVE","Carvedilol at 2 year follow up","INT",,"2=No | 3=Yes",1,5521,1454,2,3,,"LOINC:LA32-8| LOINC:LA33-6","No| Yes","45878245| 45877994","rxnorm:20352","Carvedilol",1346823,,,,,,,"Drug_Exposure","Visit8/24months",44789049,"follow-up 2 years","snomed:199581000000104"
"f8_CHEESE","Cheese at 2 year follow up","INT",,"2 = never | 3 =2-3 times a week | 4 = once a day | 5= >1 times a day",1,5419,1556,2,5,,"SNOMED:444841000124107| LOINC:LA26463-2| LOINC:LA13897-6| SNOMED:1411000175107","Never| 2 or 3 times per week| once a day| more than once a day","763692| 42531019| 45876378| 761069","snomed:102264005","Cheese",4008485,,,,,,,"Observation","Visit8/24months",44789049,"follow-up 2 years","snomed:199581000000104"
"f8_CKTOT","CK total (U/L) at 2 year follow up","FLOAT","U/L",,,4721,2254,2,1496,,,,,"loinc:2157-6","creatine kinase [enzymatic activity/volume] in serum or plasma",3007220,,,,"unit per liter","ucum:[U]/L",8645,"Measurement","Visit8/24months",44789049,"follow-up 2 years","snomed:199581000000104"
"f8_COLEHDL","Cholesterol HDL (mg/dl) at 2 year follow up","FLOAT","mg/dl",,,4872,2103,11,136,,,,,"loinc:2085-9","Cholesterol in HDL [Mass/volume] in Serum or Plasma",3007070,,,,"milligram per deciliter","ucum:mg/dL",8840,"Measurement","Visit8/24months",44789049,"follow-up 2 years","snomed:199581000000104"
"f8_COLELDL","Cholesterol LDL (mg/dl) at 2 year follow up","FLOAT","mg/dl",,,4501,2474,5,468,,,,,"loinc:2089-1","Cholesterol in LDL [Mass/volume] in Serum or Plasma",3028437,,,,"milligram per deciliter","ucum:mg/dL",8840,"Measurement","Visit8/24months",44789049,"follow-up 2 years","snomed:199581000000104"
"f8_COLETOT","Total Cholesterol (mg/dl) at 2 year follow up","FLOAT","mg/dl",,,4959,2016,56,435,,,,,"loinc:2093-3","Cholesterol [Mass/volume] in Serum or Plasma",3027114,,,,"milligram per deciliter","ucum:mg/dL",8840,"Measurement","Visit8/24months",44789049,"follow-up 2 years","snomed:199581000000104"
"f8_CREATIN","Serum creatinine (mg/dl) at 2 year follow up","FLOAT","mg/dl",,,4956,2019,0.36,10.6,,,,,"loinc:2160-0","creatinine [mass/volume] in serum or plasma",3016723,,,,"milligram per deciliter","ucum:mg/dL",8840,"Measurement","Visit8/24months",44789049,"follow-up 2 years","snomed:199581000000104"
"f8_DALTACE","Dose other ACE-inhibitor (mg) at 2 year follow up","FLOAT","mg",,,477,6498,2,60,,,,,"atc:C09AA","""ACE inhibitors, plain""",21601784,"Dosage|Other","snomed:260911001|snomed:74964007","4118853|9177","milligram","ucum:mg",8576,"Drug_Exposure","Visit8/24months",44789049,"follow-up 2 years","snomed:199581000000104"
"f8_DATAECG","ECG date at 2 year follow up","DATETIME","dd-mm-yyyy",,,5121,1658,07/23/04,05/25/07,,,,,"loinc:LP149975-7","ECG",1011679,"Date of procedure","snomed:439272007",4232096,,,,"Observation_period","Visit8/24months",44789049,"follow-up 2 years","snomed:199581000000104"
"f8_DATALAB","Date of laboratory exam at 2 year follow up","DATETIME","dd-mm-yyyy",,,5038,1937,04/07/04,05/17/07,,,,,"snomed:281271004","Date sample received in laboratory",4084758,,,,,,,"Observation_period","Visit8/24months",44789049,"follow-up 2 years","snomed:199581000000104"
"f8_DATENO","Dose Atenolol (mg) at 2 year follow up","FLOAT","mg",,,78,6897,12.5,200,,,,,"rxnorm:1202","Atenolol",1314002,"Dosage","snomed:260911001",4118853,"milligram","ucum:mg",8576,"Drug_Exposure","Visit8/24months",44789049,"follow-up 2 years","snomed:199581000000104"
"f8_DBISOPRO","Dose Bisoprolol (mg) at 2 year follow up","FLOAT","mg",,,758,6217,0.625,10,,,,,"rxnorm:19484","Bisoprolol",1338005,"Dosage","snomed:260911001",4118853,"milligram","ucum:mg",8576,"Drug_Exposure","Visit8/24months",44789049,"follow-up 2 years","snomed:199581000000104"
"f8_DCAPTO","Dose Captopril (mg) at 2 year follow up","FLOAT","mg",,,130,6845,6.2,200,,,,,"rxnorm:1998","Captopril",1340128,"Dosage","snomed:260911001",4118853,"milligram","ucum:mg",8576,"Drug_Exposure","Visit8/24months",44789049,"follow-up 2 years","snomed:199581000000104"
"f8_DCARVE","Dose Carvedilol (mg) at 2 year follow up","FLOAT","mg",,,3032,3943,1562,100,,,,,"rxnorm:20352","Carvedilol",1346823,"Dosage","snomed:260911001",4118853,"milligram","ucum:mg",8576,"Drug_Exposure","Visit8/24months",44789049,"follow-up 2 years","snomed:199581000000104"
"f8_DEBMUSCO","Muscle weakness at 2 year follow up","INT",,"2 = never | 3 = sometimes | 4 = often | 5 = always",1,5319,1656,2,5,,"LOINC:LA6270-8| LOINC:LA10082-8| LOINC:LA10044-8| LOINC:LA9933-8","Never| sometimes| often| always","45876662| 45882528| 45884455| 45882536","snomed:26544005","Muscle weakness",79908,,,,,,,"Measurement","Visit8/24months",44789049,"follow-up 2 years","snomed:199581000000104"
"f8_DENALA","Dose Enalapril (mg) at 2 year follow up","FLOAT","mg",,,1352,5623,1,40,,,,,"rxnorm:3827","Enalapril",1341927,"Dosage","snomed:260911001",4118853,"milligram","ucum:mg",8576,"Drug_Exposure","Visit8/24months",44789049,"follow-up 2 years","snomed:199581000000104"
"f8_DESALTAC","Description other ACE-inhibitor at 2 year follow up","STR",,,,477,6498,,,,,,,"atc:C09AA","""ACE inhibitors, plain""",21601784,"Description|Other","loinc:LP6800-9|snomed:74964007","1029623|9177",,,,"Drug_Exposure","Visit8/24months",44789049,"follow-up 2 years","snomed:199581000000104"
"f8_DESALTAR","Description other antiarrhythmic agent at 2 year follow up","STR",,,,51,6924,,,,,,,"atc:C01B","ANTIARRHYTHMICS, CLASS I AND III",21600248,"Description|Other","loinc:LP6800-9|snomed:74964007","1029623|9177",,,,"Drug_Exposure","Visit8/24months",44789049,"follow-up 2 years","snomed:199581000000104"
"f8_DESALTBB","Description Other beta blocker at 2 year follow up","STR",,,,63,6912,,,,,,,"atc:C07A","BETA BLOCKING AGENTS",21601665,"Description|Other","loinc:LP6800-9|snomed:74964007","1029623|9177",,,,"Drug_Exposure","Visit8/24months",44789049,"follow-up 2 years","snomed:199581000000104"
"f8_DESALTCA","Description other calcium antagonist at 2 year follow up","STR",,,,88,6887,,,,,,,"atc:C08C","SELECTIVE CALCIUM CHANNEL BLOCKERS WITH MAINLY VASCULAR EFFECTS",21601745,"Description|Other","loinc:LP6800-9|snomed:74964007","1029623|9177",,,,"Drug_Exposure","Visit8/24months",44789049,"follow-up 2 years","snomed:199581000000104"
"f8_DESALTRD","Description other vasodilator at 2 year follow up","STR",,,,115,6860,,,,,,,"snomed:372787008","Vasodilator",4158258,"Description|Other","loinc:LP6800-9|snomed:74964007","1029623|9177",,,,"Drug_Exposure","Visit8/24months",44789049,"follow-up 2 years","snomed:199581000000104"
"f8_DESCANO","Description of other ECG abnormality","STR",,,,1452,5523,,,,,,,"loinc:LA24621-7","Abnormal ECG",36311174,"Description","loinc:LP6800-9",1029623,,,,"Observation","Visit8/24months",44789049,"follow-up 2 years","snomed:199581000000104"
"f8_DESCOPEN","Open labeled statins: description at 2 year follow up","STR",,,,1448,5527,,,,,,,"atc:C10AA","hmg-coa reductase inhibitor",21601855,"Description","loinc:LP6800-9",1029623,,,,"Drug_Exposure","Visit8/24months",44789049,"follow-up 2 years","snomed:199581000000104"
"f8_DFUROSEM","Dose Furosemide (mg) at 2 year follow up","FLOAT","mg",,,4217,2758,3,1000,,,,,"rxnorm:4603","Furosemide",956874,"Dosage","snomed:260911001",4118853,"milligram","ucum:mg",8576,"Drug_Exposure","Visit8/24months",44789049,"follow-up 2 years","snomed:199581000000104"
"f8_DIGITALE","Digitalis at 2 year follow up","INT",,"2=No | 3=Yes",1,5521,1454,2,3,,"LOINC:LA32-8| LOINC:LA33-6","No| Yes","45878245| 45877994","atc:C01AA","Digitalis glycosides",21601240,,,,,,,"Drug_Exposure","Visit8/24months",44789049,"follow-up 2 years","snomed:199581000000104"
"f8_DILTI","Diltiazem at 2 year follow up","INT",,"2=No | 3=Yes",1,5521,1454,2,3,,"LOINC:LA32-8| LOINC:LA33-6","No| Yes","45878245| 45877994","rxnorm:3443","Diltiazem",1328165,,,,,,,"Drug_Exposure","Visit8/24months",44789049,"follow-up 2 years","snomed:199581000000104"
"f8_DLISINO","Dose Lisinopril (mg) at 2 year follow up","FLOAT","mg",,,6142,833,0,40,,,,,"rxnorm:29046","Lisonorpil",1308216,"Dosage","snomed:260911001",4118853,"milligram","ucum:mg",8576,"Drug_Exposure","Visit8/24months",44789049,"follow-up 2 years","snomed:199581000000104"
"f8_DMETO","Dose Metoprolol (mg) at 2 year follow up","FLOAT","mg",,,139,6836,12.5,200,,,,,"rxnorm:6918","Metoprolol",1307046,"Dosage","snomed:260911001",4118853,"milligram","ucum:mg",8576,"Drug_Exposure","Visit8/24months",44789049,"follow-up 2 years","snomed:199581000000104"
"f8_DOSALTBB","Dose Other beta blocker (mg) at 2 year follow up","FLOAT","mg",,,63,6912,1.25,240,,,,,"atc:C07A","BETA BLOCKING AGENTS",21601665,"Dosage|Other","snomed:260911001|snomed:74964007","4118853|9177","milligram","ucum:mg",8576,"Drug_Exposure","Visit8/24months",44789049,"follow-up 2 years","snomed:199581000000104"
"f8_DRAMIP","Dose Ramipril (mg) at 2 year follow up","FLOAT","mg",,,1523,5452,0.6,25,,,,,"rxnorm:35296","Ramipril",1334456,"Dosage","snomed:260911001",4118853,"milligram","ucum:mg",8576,"Drug_Exposure","Visit8/24months",44789049,"follow-up 2 years","snomed:199581000000104"
"f8_DSPIRONO","Dose Spironolactone (mg) at 2 year follow up","FLOAT","mg",,,2187,4788,5,200,,,,,"rxnorm:9997","Spironolactone",970250,"Dosage","snomed:260911001",4118853,"milligram","ucum:mg",8576,"Drug_Exposure","Visit8/24months",44789049,"follow-up 2 years","snomed:199581000000104"
"f8_DTRAND","Dose Trandolapril (mg) at 2 year follow up","FLOAT","mg",,,8,6967,2,6,,,,,"rxnorm:38454","Trandolapril",1342439,"Dosage","snomed:260911001",4118853,"milligram","ucum:mg",8576,"Drug_Exposure","Visit8/24months",44789049,"follow-up 2 years","snomed:199581000000104"
"f8_DURQRS","QRS length (msec) at 2 year follow up","INT","msec",,,5114,1665,30,300,,,,,"snomed:39632005","QRS interval",4218048,,,,"millisecond","ucum:ms",9593,"Measurement","Visit8/24months",44789049,"follow-up 2 years","snomed:199581000000104"
"f8_EDEMPERI","Peripheral edema severity at 2 year follow up","INT",,"2 = no | 3 = only ankles | 4 = until knee | 5 = above",1,5361,1614,2,5,,"LOINC:LA32-8| snomed:26237000| snomed:102575008|snomed:102573001","No|ankle edema|Edema of knee|Edema of thigh","45878245|4094513|4010012|4010011","snomed:423484008","Grade of edema",4313204,,,,,,,"measurement","Visit8/24months",44789049,"follow-up 2 years","snomed:199581000000104"
"f8_EMATOCRI","Hematocrit (%) at 2 year follow up","FLOAT",,,,4978,1997,15,59,,,,,"Loinc:20570-8","Hematocrit [Volume Fraction] of Blood",3009542,,,,,,,"Measurement","Visit8/24months",44789049,"follow-up 2 years","snomed:199581000000104"
"f8_EMOGLOB","Hemoglobin (g/dl) at 2 year follow up","FLOAT","g/dL",,,4986,1989,5.2,19.8,,,,,"loinc:718-7","Hemoglobin [Mass/volume] in Blood",3000963,,,,"gram per deciliter","ucum:g/dL",8713,"Measurement","Visit8/24months",44789049,"follow-up 2 years","snomed:199581000000104"
"f8_ENALA","Enalapril at 2 year follow up","INT",,"2=No | 3=Yes",1,5521,1454,2,3,,"LOINC:LA32-8| LOINC:LA33-6","No| Yes","45878245| 45877994","rxnorm:3827","Enalapril",1341927,,,,,,,"Drug_Exposure","Visit8/24months",44789049,"follow-up 2 years","snomed:199581000000104"
"f8_FANS","Non-steroidal anti-inflammatory agent (FANS) at 2 year follow up","INT",,"2=No | 3=Yes",1,5521,1454,2,3,,"LOINC:LA32-8| LOINC:LA33-6","No| Yes","45878245| 45877994","atc:M01A","ANTIINFLAMMATORY AND ANTIRHEUMATIC PRODUCTS, NON-STEROIDS",21603933,,,,,,,"Drug_Exposure","Visit8/24months",44789049,"follow-up 2 years","snomed:199581000000104"
"f8_FC","Heart rate (bpm) at 2 year follow up","FLOAT","beats/min",,,5209,1766,40,180,,,,,"loinc:8867-4","Heart rate",3027018,,,,"Counts per minute","ucum:{counts}/min",8483,"Measurement","Visit8/24months",44789049,"follow-up 2 years","snomed:199581000000104"
"f8_FCECG","Heart rate (ECG) (bpm) at 2 year follow up","FLOAT","beats/min",,,5118,1661,40,180,,,,,"loinc:8867-4","Heart rate",3027018,"ECG finding","snomed:271921002",4156045,"Counts per minute","ucum:{counts}/min",8483,"Measurement","Visit8/24months",44789049,"follow-up 2 years","snomed:199581000000104"
"f8_FELOD","Felodipine at 2 year follow up","INT",,"2=No | 3=Yes",1,5521,1454,2,3,,"LOINC:LA32-8| LOINC:LA33-6","No| Yes","45878245| 45877994","rxnorm:4316","Felodipine",1353776,,,,,,,"Drug_Exposure","Visit8/24months",44789049,"follow-up 2 years","snomed:199581000000104"
"f8_FIBRINO","Fibrinogenemia (mg/dl) at 2 year follow up","FLOAT","mg/dl",,,4590,2385,42,1166,,,,,"snomed:1108621000000108","fibrinogen mass concentration in plasma",37208754,,,,"milligram per deciliter","ucum:mg/dL",8840,"Measurement","Visit8/24months",44789049,"follow-up 2 years","snomed:199581000000104"
"f8_FLUTTER","Atrial fibrillation / Flutter at 2 year follow up","INT",,"0 = No | 1 = Yes",,5121,1658,0,1,,"LOINC:LA32-8| LOINC:LA33-6","No| Yes","45878245| 45877994","snomed:49436004","Atrial fibrillation",313217,,,,,,,"Measurement","Visit8/24months",44789049,"follow-up 2 years","snomed:199581000000104"
"f8_FRUTTA","Fruit at 2 year follow up","INT",,"2 = never | 3 =2-3 times a week | 4 = once a day | 5= >1 times a day",1,5419,1556,2,5,,"SNOMED:444841000124107| LOINC:LA26463-2| LOINC:LA13897-6| SNOMED:1411000175107","Never| 2 or 3 times per week| once a day| more than once a day","763692| 42531019| 45876378| 761069","snomed:72511004","Fruit",4217045,,,,,,,"Observation","Visit8/24months",44789049,"follow-up 2 years","snomed:199581000000104"
"f8_FUROSEMI","Furosemide at 2 year follow up","INT",,"2=No | 3=Yes",1,5521,1454,2,3,,"LOINC:LA32-8| LOINC:LA33-6","No| Yes","45878245| 45877994","rxnorm:4603","Furosemide",956874,,,,,,,"Drug_Exposure","Visit8/24months",44789049,"follow-up 2 years","snomed:199581000000104"
"f8_GBIANCHI","White blood cells (mm3) at 2 year follow up","FLOAT","mm3",,,4981,1994,1000,80900,,,,,"snomed:1110441000000100","White blood cell count in blood",37208925,,,,"cubic millimeter","ucum:mm3",8686,"Measurement","Visit8/24months",44789049,"follow-up 2 years","snomed:199581000000104"
"f8_GLICEMIA","Glycemia (mg/dl) at 2 year follow up","FLOAT","mg/dl",,,4967,2008,20,568,,,,,"Snomed:33747003","“Glucose measurement, blood”",4144235,,,,"milligram per deciliter","ucum:mg/dL",8840,"Measurement","Visit8/24months",44789049,"follow-up 2 years","snomed:199581000000104"
"f8_HBGLICO","Glycated hemoglobin (%) at 2 year follow up","FLOAT",,,,4284,2691,1.5,16.9,,,,,"loinc:4548-4","Hemoglobin A1c/Hemoglobin.total in Blood",3004410,,,,,,,"Measurement","Visit8/24months",44789049,"follow-up 2 years","snomed:199581000000104"
"f8_IDRALAZ","Hydralazine at 2 year follow up","INT",,"2=No | 3=Yes",1,5521,1454,2,3,,"LOINC:LA32-8| LOINC:LA33-6","No| Yes","45878245| 45877994","rxnorm:5470","Hydralazine",1373928,,,,,,,"Drug_Exposure","Visit8/24months",44789049,"follow-up 2 years","snomed:199581000000104"
"f8_INTENZIO","Intentional weight loss (If weight loss >= 2 kg) at 2 year follow up","INT",,"1 = no weight loss | 2 = no | 3 = yes",,6142,833,1,3,,"snomed:83421005| LOINC:LA32-8| LOINC:LA33-6","failure to lose weight|no|yes","4308415 | 45878245| 45877994","snomed:416528001","intentional weight loss",4214302,,,,,,,"Measurement","Visit8/24months",44789049,"follow-up 2 years","snomed:199581000000104"
"f8_IPERVENT","Left ventricular hypertrophy at 2 year follow up","INT",,"0 = No | 1 = Yes",,5121,1658,0,1,,"LOINC:LA32-8| LOINC:LA33-6","No| Yes","45878245| 45877994","snomed:55827005","Left ventricular hypertrophy",4184746,,,,,,,"Measurement","Visit8/24months",44789049,"follow-up 2 years","snomed:199581000000104"
"f8_LALT","Lower limit ALT (U/L) at 2 year follow up","FLOAT","U/L",,,2887,4088,1,30,,,,,"loinc:76625-3","Alanine aminotransferase [Enzymatic activity/volume] in Blood",46235106,"Lower limit of reference range","snomed:385524004",4294191,"unit per liter","ucum:[U]/L",8645,"Measurement","Visit8/24months",44789049,"follow-up 2 years","snomed:199581000000104"
"f8_LAST","Lower limit AST (U/L) at 2 year follow up","FLOAT","U/L",,,2855,4120,1,15,,,,,"loinc:1920-8","Aspartate aminotransferase [Enzymatic activity/volume] in Serum or Plasma",3013721,"Lower limit of reference range","snomed:385524004",4294191,"unit per liter","ucum:[U]/L",8645,"Measurement","Visit8/24months",44789049,"follow-up 2 years","snomed:199581000000104"
"f8_LATOBB","Bundle branch block side at 2 year follow up","INT",,"2 = left | 3=right",1,1595,5184,2,3,,"snomed:7771000|snomed:24028007","Left|Right","4300877|4080761","snomed:6374002","Bundle branch block",313791,"side","snomed:182353008",4112563,,,,"Measurement","Visit8/24months",44789049,"follow-up 2 years","snomed:199581000000104"
"f8_LCKTOT","Lower limit CK total (U/L) at 2 year follow up","FLOAT","U/L",,,3287,3688,1,149,,,,,"loinc:2157-6","creatine kinase [enzymatic activity/volume] in serum or plasma",3007220,"Lower limit of reference range","snomed:385524004",4294191,"unit per liter","ucum:[U]/L",8645,"Measurement","Visit8/24months",44789049,"follow-up 2 years","snomed:199581000000104"
"f8_LISINO","Lisinopril at 2 year follow up","INT",,"2=No | 3=Yes",1,5521,1454,2,3,,"LOINC:LA32-8| LOINC:LA33-6","No| Yes","45878245| 45877994","rxnorm:29046","Lisonorpil",1308216,,,,,,,"Drug_Exposure","Visit8/24months",44789049,"follow-up 2 years","snomed:199581000000104"
"f8_METO","Metoprolol at 2 year follow up","INT",,"2=No | 3=Yes",1,5521,1454,2,3,,"LOINC:LA32-8| LOINC:LA33-6","No| Yes","45878245| 45877994","rxnorm:6918","Metoprolol",1307046,,,,,,,"Drug_Exposure","Visit8/24months",44789049,"follow-up 2 years","snomed:199581000000104"
"f8_N3PUFA","N3-PUFA open labeled at 2 year follow up","INT",,"2=No | 3=Yes",1,5522,1453,2,3,,"LOINC:LA32-8| LOINC:LA33-6","No| Yes","45878245| 45877994","atc:N03AG","Fatty acid derivatives",21604421,,,,,,,"Drug_Exposure","Visit8/24months",44789049,"follow-up 2 years","snomed:199581000000104"
"f8_NA","Serum Sodium (mmol/L) at 2 year follow up","FLOAT","mmol/L",,,4939,2036,105,154,,,,,"loinc:2951-2","Sodium [Moles/volume] in Serum or Plasma",3019550,,,,"millimole per liter","ucum:mmol/L",8753,"Measurement","Visit8/24months",44789049,"follow-up 2 years","snomed:199581000000104"
"f8_NIFED","Nifedipine at 2 year follow up","INT",,"2=No | 3=Yes",1,5521,1454,2,3,,"LOINC:LA32-8| LOINC:LA33-6","No| Yes","45878245| 45877994","rxnorm:7417","Nifedipine",1318853,,,,,,,"Drug_Exposure","Visit8/24months",44789049,"follow-up 2 years","snomed:199581000000104"
"f8_NITRATI","Nitrates at 2 year follow up","INT",,"2=No | 3=Yes",1,5521,1454,2,3,,"LOINC:LA32-8| LOINC:LA33-6","No| Yes","45878245| 45877994","atc:C01DA","Organic nitrates",21600316,,,,,,,"Drug_Exposure","Visit8/24months",44789049,"follow-up 2 years","snomed:199581000000104"
"f8_NYHA","NYHA Class at 2 year follow up","INT",,"2 = NYHA class I | 3 = NYHA class II | 4 = NYHA class III | 5 = NYHA class IV",1,5402,1573,2,5,,"snomed:420300004|snomed:421704003|snomed:420913000|snomed:422293003","New York Heart Association Classification - Class I| New York Heart Association Classification - Class II| New York Heart Association Classification - Class III| New York Heart Association Classification - Class IV","4220607|4226789|4227345|4228881","snomed:420816009","new york heart association classification",4223299,,,,,,,"Measurement","Visit8/24months",44789049,"follow-up 2 years","snomed:199581000000104"
"f8_OLIVA","Olive oil at 2 year follow up","INT",,"2 = never | 3 = sometimes | 4 = frequently | 5 = on a regular basis",1,5419,1556,2,5,,"LOINC:LA6270-8| LOINC:LA10082-8| LOINC:LA6482-9| SNOMED:307430002","Never| sometimes| frequently| regular frequency","45876662| 45882528| 45883983| 4146463","snomed:41834005","Olive oil",4216445,,,,,,,"Observation","Visit8/24months",44789049,"follow-up 2 years","snomed:199581000000104"
"f8_ONDEQ","Pathological Q waves at 2 year follow up","INT",,"0 = No | 1 = Yes",,5121,1658,0,1,,"LOINC:LA32-8| LOINC:LA33-6","No| Yes","45878245| 45877994","snomed:164918000","Pathological Q wave",4065387,,,,,,,"Measurement","Visit8/24months",44789049,"follow-up 2 years","snomed:199581000000104"
"f8_OPENSTAT","Statins open labeled at 2 year follow up","INT",,"2=No | 3=Yes",1,5522,1453,2,3,,"LOINC:LA32-8| LOINC:LA33-6","No| Yes","45878245| 45877994","atc:C10AA","hmg-coa reductase inhibitor",21601855,,,,,,,"Drug_Exposure","Visit8/24months",44789049,"follow-up 2 years","snomed:199581000000104"
"f8_PAD","Diastolic blood pressure (mmHg) at 2 year follow up","FLOAT","mmHg",,,5260,1715,40,130,,,,,"loinc:8462-4","Diastolic blood pressure",3012888,,,,"millimeter mercury column","ucum:mm[Hg]",8876,"Measurement","Visit8/24months",44789049,"follow-up 2 years","snomed:199581000000104"
"f8_PAS","Systolic blood pressure (mmHg) at 2 year follow up","FLOAT","mmHg",,,5261,1714,70,210,,,,,"loinc:8480-6","Systolic blood pressure",3004249,,,,"millimeter mercury column","ucum:mm[Hg]",8876,"Measurement","Visit8/24months",44789049,"follow-up 2 years","snomed:199581000000104"
"f8_PESCE","Fish at 2 year follow up","INT",,"2 = never | 3 = once a week | 4 = 2 times a week | 5 = 3+ times a week",1,5418,1557,2,5,,"LOINC:LA6270-8| LOINC:LA26461-6| SNOMED:229800002| LOINC:LA6396-1","Never| once a week| twice weekly| Three or more times per week","45876662|42531017| 4047143| 45877752","snomed:735971005","Fish",42539493,,,,,,,"Observation","Visit8/24months",44789049,"follow-up 2 years","snomed:199581000000104"
"f8_PESOATT","Weight (kg) at 2 year follow up","FLOAT","Kilogram",,,5295,1680,36,172,,,,,"loinc:29463-7","Body weight",3025315,,,,"kilogram","ucum:kg",9529,"Measurement","Visit8/24months",44789049,"follow-up 2 years","snomed:199581000000104"
"f8_POTASSIO","Serum potassium (mmol/L) at 2 year follow up","FLOAT","mmol/L",,,4940,2035,2.5,7.2,,,,,"loinc:2823-3","Potassium [Moles/volume] in Serum or Plasma",3023103,,,,"millimole per liter","ucum:mmol/L",8753,"Measurement","Visit8/24months",44789049,"follow-up 2 years","snomed:199581000000104"
"f8_RAMIP","Ramipril at 2 year follow up","INT",,"2=No | 3=Yes",1,5521,1454,2,3,,"LOINC:LA32-8| LOINC:LA33-6","No| Yes","45878245| 45877994","rxnorm:35296","Ramipril",1334456,,,,,,,"Drug_Exposure","Visit8/24months",44789049,"follow-up 2 years","snomed:199581000000104"
"f8_RITMOPM","Rhythm from pacemaker at 2 year follow up","INT",,"0 = No | 1 = Yes",,5121,1658,0,1,,"LOINC:LA32-8| LOINC:LA33-6","No| Yes","45878245| 45877994","snomed:10370003","Rhythm from artificial pacing",4304202,,,,,,,"Measurement","Visit8/24months",44789049,"follow-up 2 years","snomed:199581000000104"
"f8_SARTANI","Sartans at 2 year follow up","INT",,"2=No | 3=Yes",1,5521,1454,2,3,,"LOINC:LA32-8| LOINC:LA33-6","No| Yes","45878245| 45877994","atc:C09CA","""Angiotensin II receptor blockers (ARBs), plain""",21601823,,,,,,,"Drug_Exposure","Visit8/24months",44789049,"follow-up 2 years","snomed:199581000000104"
"f8_SEMI","Seed oil at 2 year follow up","INT",,"2 = never | 3 = sometimes | 4 = frequently | 5 = on a regular basis",1,5418,1557,2,5,,"LOINC:LA6270-8| LOINC:LA10082-8| LOINC:LA6482-9| SNOMED:307430002","Never| sometimes| frequently| regular frequency","45876662| 45882528| 45883983| 4146463","snomed:21847005","Oil",4071021,,,,,,,"Observation","Visit8/24months",44789049,"follow-up 2 years","snomed:199581000000104"
"f8_SILDENAF","Sildenafil at 2 year follow up","INT",,"2=No | 3=Yes",1,5521,1454,2,3,,"LOINC:LA32-8| LOINC:LA33-6","No| Yes","45878245| 45877994","Rxnorm:136411","Sildenafil",1316262,,,,,,,"Drug_Exposure","Visit8/24months",44789049,"follow-up 2 years","snomed:199581000000104"
"f8_SPECNO","If alcohol NO type of non-consumption at 2 year follow up","INT",,"2 = NO | 3 = PAST | 4 = NEVER",1,1706,5269,3,4,,"LOINC:LA32-8|LOINC:LA28393-9|LOINC:LA6270-8","No|Former user| never","45878245|36307819|45876662","snomed:105542008","non - drinker",4022664,,,,,,,"Observation","Visit8/24months",44789049,"follow-up 2 years","snomed:199581000000104"
"f8_SPIRONO","Spironolactone at 2 year follow up","INT",,"2=No | 3=Yes",1,5521,1454,2,3,,"LOINC:LA32-8| LOINC:LA33-6","No| Yes","45878245| 45877994","rxnorm:9997","Spironolactone",970250,,,,,,,"Drug_Exposure","Visit8/24months",44789049,"follow-up 2 years","snomed:199581000000104"
"f8_SUPERAL","Spirits (if alcohol YES) at 2 year follow up","INT",,"2 = NO | 3 = sometimes | 4 = 1-2 glasses a day | 5 = 3-4 glasses a day | 6 = 5+ glasses a day",1,3712,3263,2,6,,"LOINC:LA32-8| LOINC:LA10082-8| LOINC:LA26462-4| SNOMED:396112008| loinc:LA13858-8","No| sometimes| 1 or 2 times per day|  Three to four times a day| 5 or more times per day","45878245| 45882528| 42530681| 4244842| 45882530","snomed:6524003","Distilled spirits",4275752,,,,,,,"Observation","Visit8/24months",44789049,"follow-up 2 years","snomed:199581000000104"
"f8_TERAORMO","Hormone Replacement Therapy at 2 year follow up","INT",,"2=No | 3=Yes",1,5525,1450,2,3,,"LOINC:LA32-8| LOINC:LA33-6","No| Yes","45878245| 45877994","snomed:266717002","Hormone Replacement Therapy",4141760,,,,,,,"Drug_Exposure","Visit8/24months",44789049,"follow-up 2 years","snomed:199581000000104"
"f8_TIAZIDI","Thiazides at 2 year follow up","INT",,"2=No | 3=Yes",1,5521,1454,2,3,,"LOINC:LA32-8| LOINC:LA33-6","No| Yes","45878245| 45877994","snomed:860766002","Thiazides",3655254,,,,,,,"Drug_Exposure","Visit8/24months",44789049,"follow-up 2 years","snomed:199581000000104"
"f8_TRAND","Trandolapril at 2 year follow up","INT",,"2=No | 3=Yes",1,5521,1454,2,3,,"LOINC:LA32-8| LOINC:LA33-6","No| Yes","45878245| 45877994","rxnorm:38454","Trandolapril",1342439,,,,,,,"Drug_Exposure","Visit8/24months",44789049,"follow-up 2 years","snomed:199581000000104"
"f8_TRIGLI","Triglycerides (mg/dl) at 2 year follow up","FLOAT","mg/dl",,,4947,2028,21,2698,,,,,"loinc:14927-8","Triglyceride [Moles/volume] in Serum or Plasma",3025839,,,,"milligram per deciliter","ucum:mg/dL",8840,"Measurement","Visit8/24months",44789049,"follow-up 2 years","snomed:199581000000104"
"f8_UALT","Upper limit ALT (U/L) at 2 year follow up","FLOAT","U/L",,,5039,1936,22,72,,,,,"loinc:76625-3","Alanine aminotransferase [Enzymatic activity/volume] in Blood",46235106,"Upper limit of reference range","snomed:371933006",4162853,"unit per liter","ucum:[U]/L",8645,"Measurement","Visit8/24months",44789049,"follow-up 2 years","snomed:199581000000104"
"f8_UAST","Upper limit AST (U/L) at 2 year follow up","FLOAT","U/L",,,5039,1936,19,66,,,,,"loinc:1920-8","Aspartate aminotransferase [Enzymatic activity/volume] in Serum or Plasma",3013721,"Upper limit of reference range","snomed:371933006",4162853,"unit per liter","ucum:[U]/L",8645,"Measurement","Visit8/24months",44789049,"follow-up 2 years","snomed:199581000000104"
"f8_UCKTOT","Upper limit CK total (U/L) at 2 year follow up","FLOAT","U/L",,,5039,1936,70,397,,,,,"loinc:2157-6","creatine kinase [enzymatic activity/volume] in serum or plasma",3007220,"Upper limit of reference range","snomed:371933006",4162853,"unit per liter","ucum:[U]/L",8645,"Measurement","Visit8/24months",44789049,"follow-up 2 years","snomed:199581000000104"
"f8_URICE","Uricemia (mg/dl) at 2 year follow up","FLOAT","mg/dl",,,4790,2185,0.9,17,,,,,"loinc:3084-1","urate [mass/volume] in serum or plasma",3037556,,,,"milligram per deciliter","ucum:mg/dL",8840,"Measurement","Visit8/24months",44789049,"follow-up 2 years","snomed:199581000000104"
"f8_VALUECG","ECG evaluation at 2 year follow up","INT",,"2 = normal | 3 = abnormal",1,5121,1658,2,3,,"snomed:17621005|snomed:263654008","Normal | Abnormal","4069590|4135493","loinc:LP149975-7","ECG",1011679,"evaluation","snomed:723051000000101",44803879,,,,"Measurement","Visit8/24months",44789049,"follow-up 2 years","snomed:199581000000104"
"f8_VERAP","Verapamil at 2 year follow up","INT",,"2=No | 3=Yes",1,5521,1454,2,3,,"LOINC:LA32-8| LOINC:LA33-6","No| Yes","45878245| 45877994","rxnorm:11170","Verapamil",1307863,,,,,,,"Drug_Exposure","Visit8/24months",44789049,"follow-up 2 years","snomed:199581000000104"
"f8_VERCOTTA","Cooked vegetables at 2 year follow up","INT",,"2 = never | 3 =2-3 times a week | 4 = once a day | 5= >1 times a day",1,5419,1556,2,5,,"SNOMED:444841000124107| LOINC:LA26463-2| LOINC:LA13897-6| SNOMED:1411000175107","Never| 2 or 3 times per week| once a day| more than once a day","763692| 42531019| 45876378| 761069","snomed:444011000124102","Cooked vegetables",763625,,,,,,,"Observation","Visit8/24months",44789049,"follow-up 2 years","snomed:199581000000104"
"f8_VERCRUDA","Raw vegetables at 2 year follow up","INT",,"2 = never | 3 =2-3 times a week | 4 = once a day | 5= >1 times a day",1,5419,1556,2,5,,"SNOMED:444841000124107| LOINC:LA26463-2| LOINC:LA13897-6| SNOMED:1411000175107","Never| 2 or 3 times per week| once a day| more than once a day","763692| 42531019| 45876378| 761069","snomed:314115004","Raw vegetables",4193035,,,,,,,"Observation","Visit8/24months",44789049,"follow-up 2 years","snomed:199581000000104"
"f8_VINO","Wine (if alcohol YES) at 2 year follow up","INT",,"2 = NO | 3 = sometimes | 4 = 1-2 glasses a day | 5 = 3-4 glasses a day | 6 = 5+ glasses a day",1,3713,3262,2,6,,"LOINC:LA32-8| LOINC:LA10082-8| LOINC:LA26462-4| SNOMED:396112008| loinc:LA13858-8","No| sometimes| 1 or 2 times per day|  Three to four times a day| 5 or more times per day","45878245| 45882528| 42530681| 4244842| 45882530","snomed:35748005","Wine",4262278,,,,,,,"Observation","Visit8/24months",44789049,"follow-up 2 years","snomed:199581000000104"
"f9_ALCOOL","Alcohol at 30 month follow-up","INT",,"2 = NO | 3 = YES",1,5195,1780,2,3,,"LOINC:LA32-8| LOINC:LA33-6","No| yes","45878245| 45877994","snomed:219006","Current drinker",4074035,,,,,,,"Observation","Visit9/30months",2000000001,"follow-up 30 months","icare:icv2000000001"
"f9_ALLOPURI","Allopurinol at 30 month follow-up","INT",,"2=No | 3=Yes",1,5288,1687,2,3,,"LOINC:LA32-8| LOINC:LA33-6","No| Yes","45878245| 45877994","rxnorm:519","Allopurinol",1167322,,,,,,,"Drug_Exposure","Visit9/30months",2000000001,"follow-up 30 months","icare:icv2000000001"
"f9_ALTACE","other ACE-inhibitor at 30 month follow-up","INT",,"2=No | 3=Yes",1,5288,1687,2,3,,"LOINC:LA32-8| LOINC:LA33-6","No| Yes","45878245| 45877994","atc:C09AA","""ACE inhibitors, plain""",21601784,"Other","snomed:74964007",9177,,,,"Drug_Exposure","Visit9/30months",2000000001,"follow-up 30 months","icare:icv2000000001"
"f9_ALTANO","Other ECG abnormality at 30 month follow-up","INT",,"0 = No | 1 = Yes",,4835,1944,0,1,,"LOINC:LA32-8| LOINC:LA33-6","No| Yes","45878245| 45877994","loinc:LA24621-7","Abnormal ECG",36311174,,,,,,,"Measurement","Visit9/30months",2000000001,"follow-up 30 months","icare:icv2000000001"
"f9_ALTDIU","Other diuretics at 30 month follow-up","INT",,"2=No | 3=Yes",1,5288,1687,2,3,,"LOINC:LA32-8| LOINC:LA33-6","No| Yes","45878245| 45877994","atc:C03","DIURETICS",21601461,"Other","snomed:74964007",9177,,,,"Drug_Exposure","Visit9/30months",2000000001,"follow-up 30 months","icare:icv2000000001"
"f9_ALTROARI","Other antiarrhythmic agent at 30 month follow-up","INT",,"2=No | 3=Yes",1,5288,1687,2,3,,"LOINC:LA32-8| LOINC:LA33-6","No| Yes","45878245| 45877994","atc:C01B","ANTIARRHYTHMICS, CLASS I AND III",21600248,"Other","snomed:74964007",9177,,,,"Drug_Exposure","Visit9/30months",2000000001,"follow-up 30 months","icare:icv2000000001"
"f9_ALTROBB","Other beta blocker at 30 month follow-up","INT",,"2=No | 3=Yes",1,5288,1687,2,3,,"LOINC:LA32-8| LOINC:LA33-6","No| Yes","45878245| 45877994","atc:C07A","BETA BLOCKING AGENTS",21601665,"Other","snomed:74964007",9177,,,,"Drug_Exposure","Visit9/30months",2000000001,"follow-up 30 months","icare:icv2000000001"
"f9_ALTROCA","Other calcium antagonist at 30 month follow-up","INT",,"2=No | 3=Yes",1,5288,1687,2,3,,"LOINC:LA32-8| LOINC:LA33-6","No| Yes","45878245| 45877994","atc:C08C","SELECTIVE CALCIUM CHANNEL BLOCKERS WITH MAINLY VASCULAR EFFECTS",21601745,"Other","snomed:74964007",9177,,,,"Drug_Exposure","Visit9/30months",2000000001,"follow-up 30 months","icare:icv2000000001"
"f9_ALTRODIL","Other vasodilator at 30 month follow-up","INT",,"2=No | 3=Yes",1,5288,1687,2,3,,"LOINC:LA32-8| LOINC:LA33-6","No| Yes","45878245| 45877994","snomed:372787008","Vasodilator",4158258,"Other","snomed:74964007",9177,,,,"Drug_Exposure","Visit9/30months",2000000001,"follow-up 30 months","icare:icv2000000001"
"f9_AMIODAR","Amiodarone at 30 month follow-up","INT",,"2=No | 3=Yes",1,5289,1686,2,3,,"LOINC:LA32-8| LOINC:LA33-6","No| Yes","45878245| 45877994","rxnorm:703","Amiodarone",1309944,,,,,,,"Drug_Exposure","Visit9/30months",2000000001,"follow-up 30 months","icare:icv2000000001"
"f9_AMLOD","Amlodipine at 30 month follow-up","INT",,"2=No | 3=Yes",1,5288,1687,2,3,,"LOINC:LA32-8| LOINC:LA33-6","No| Yes","45878245| 45877994","rxnorm:17767","Amlodipine",1332418,,,,,,,"Drug_Exposure","Visit9/30months",2000000001,"follow-up 30 months","icare:icv2000000001"
"f9_ANTIAGGR","Other antiaggregants at 30 month follow-up","INT",,"2=No | 3=Yes",1,5288,1687,2,3,,"LOINC:LA32-8| LOINC:LA33-6","No| Yes","45878245| 45877994","snomed:840595002","Platelet aggregation inhibitor therapy",3655005,"Other","snomed:74964007",9177,,,,"Drug_Exposure","Visit9/30months",2000000001,"follow-up 30 months","icare:icv2000000001"
"f9_ANTICOAG","Oral anticoagulants at 30 month follow-up","INT",,"2=No | 3=Yes",1,5288,1687,2,3,,"LOINC:LA32-8| LOINC:LA33-6","No| Yes","45878245| 45877994","atc:B01A","ANTITHROMBOTIC AGENTS",21600961,,,,,,,"Drug_Exposure","Visit9/30months",2000000001,"follow-up 30 months","icare:icv2000000001"
"f9_ANTIDEPR","Antidepressants at 30 month follow-up","INT",,"2=No | 3=Yes",1,5288,1687,2,3,,"LOINC:LA32-8| LOINC:LA33-6","No| Yes","45878245| 45877994","atc:N06A","antidepressants",21604686,,,,,,,"Drug_Exposure","Visit9/30months",2000000001,"follow-up 30 months","icare:icv2000000001"
"f9_ASA","Acetylsalicylic acid at 30 month follow-up","INT",,"2=No | 3=Yes",1,5289,1686,2,3,,"LOINC:LA32-8| LOINC:LA33-6","No| Yes","45878245| 45877994","rxnorm:1191","Aspirin",1112807,,,,,,,"Drug_Exposure","Visit9/30months",2000000001,"follow-up 30 months","icare:icv2000000001"
"f9_ATENO","Atenolol at 30 month follow-up","INT",,"2=No | 3=Yes",1,5288,1687,2,3,,"LOINC:LA32-8| LOINC:LA33-6","No| Yes","45878245| 45877994","rxnorm:1202","Atenolol",1314002,,,,,,,"Drug_Exposure","Visit9/30months",2000000001,"follow-up 30 months","icare:icv2000000001"
"f9_BBRANCA","Bundle branch block at 30 month follow-up","INT",,"0 = No | 1 = Yes",,4835,1944,0,1,,"LOINC:LA32-8| LOINC:LA33-6","No| Yes","45878245| 45877994","snomed:6374002","Bundle branch block",313791,,,,,,,"Measurement","Visit9/30months",2000000001,"follow-up 30 months","icare:icv2000000001"
"f9_BENZOD","Benzodiazepine at 30 month follow-up","INT",,"2=No | 3=Yes",1,5288,1687,2,3,,"LOINC:LA32-8| LOINC:LA33-6","No| Yes","45878245| 45877994","atc:N05BA","Benzodiazepine derivatives",21604565,,,,,,,"Drug_Exposure","Visit9/30months",2000000001,"follow-up 30 months","icare:icv2000000001"
"f9_BIRRA","Beer (if alcohol YES) at 30 month follow-up","INT",,"2 = NO | 3 = sometimes | 4 = 1-2 glasses a day | 5 = 3-4 glasses a day | 6 = 5+ glasses a day",1,3573,3402,2,6,,"LOINC:LA32-8| LOINC:LA10082-8| LOINC:LA26462-4| SNOMED:396112008| loinc:LA13858-8","No| sometimes| 1 or 2 times per day|  Three to four times a day| 5 or more times per day","45878245| 45882528| 42530681| 4244842| 45882530","snomed:53410008","Beer",4201587,,,,,,,"Observation","Visit9/30months",2000000001,"follow-up 30 months","icare:icv2000000001"
"f9_BISOPRO","Bisoprolol at 30 month follow-up","INT",,"2=No | 3=Yes",1,5288,1687,2,3,,"LOINC:LA32-8| LOINC:LA33-6","No| Yes","45878245| 45877994","rxnorm:19484","Bisoprolol",1338005,,,,,,,"Drug_Exposure","Visit9/30months",2000000001,"follow-up 30 months","icare:icv2000000001"
"f9_BURRO","Butter at 30 month follow-up","INT",,"2 = never | 3 = sometimes | 4 = frequently | 5 = on a regular basis",1,5195,1780,2,5,,"LOINC:LA6270-8| LOINC:LA10082-8| LOINC:LA6482-9| SNOMED:307430002","Never| sometimes| frequently| regular frequency","45876662| 45882528| 45883983| 4146463","snomed:226888007","Butter",4024776,,,,,,,"Observation","Visit9/30months",2000000001,"follow-up 30 months","icare:icv2000000001"
"f9_CAFFE","Coffee at 30 month follow-up","INT",,"2 = never | 3 = 1-2 cups a day | 4 = 3-4 cups a day | 5 = 5+ cups a day",1,5195,1780,2,5,,"SNOMED:444841000124107| SNOMED:396107007| SNOMED:396112008| loinc:LA13858-8","Never| One to two times a day| Three to four times a day| 5 or more times per day","763692| 4245244| 4244842| 45882530","snomed:29263009","Coffee",4162308,,,,,,,"Observation","Visit9/30months",2000000001,"follow-up 30 months","icare:icv2000000001"
"f9_CAPTO","Captopril at 30 month follow-up","INT",,"2=No | 3=Yes",1,5288,1687,2,3,,"LOINC:LA32-8| LOINC:LA33-6","No| Yes","45878245| 45877994","rxnorm:1998","Captopril",1340128,,,,,,,"Drug_Exposure","Visit9/30months",2000000001,"follow-up 30 months","icare:icv2000000001"
"f9_CARVE","Carvedilol at 30 month follow-up","INT",,"2=No | 3=Yes",1,5288,1687,2,3,,"LOINC:LA32-8| LOINC:LA33-6","No| Yes","45878245| 45877994","rxnorm:20352","Carvedilol",1346823,,,,,,,"Drug_Exposure","Visit9/30months",2000000001,"follow-up 30 months","icare:icv2000000001"
"f9_CHEESE","Cheese at 30 month follow-up","INT",,"2 = never | 3 =2-3 times a week | 4 = once a day | 5= >1 times a day",1,5195,1780,2,5,,"SNOMED:444841000124107| LOINC:LA26463-2| LOINC:LA13897-6| SNOMED:1411000175107","Never| 2 or 3 times per week| once a day| more than once a day","763692| 42531019| 45876378| 761069","snomed:102264005","Cheese",4008485,,,,,,,"Observation","Visit9/30months",2000000001,"follow-up 30 months","icare:icv2000000001"
"f9_DALTACE","Dose other ACE-inhibitor (mg) at 30 month follow-up","FLOAT","mg",,,433,6542,1,60,,,,,"atc:C09AA","""ACE inhibitors, plain""",21601784,"Dosage|Other","snomed:260911001|snomed:74964007","4118853|9177","milligram","ucum:mg",8576,"Drug_Exposure","Visit9/30months",2000000001,"follow-up 30 months","icare:icv2000000001"
"f9_DATAECG","ECG date at 30 month follow-up","DATETIME","dd-mm-yyyy",,,4835,1944,01/30/05,12/31/07,,,,,"loinc:LP149975-7","ECG",1011679,"Date of procedure","snomed:439272007",4232096,,,,"Observation_period","Visit9/30months",2000000001,"follow-up 30 months","icare:icv2000000001"
"f9_DATENO","Dose Atenolol (mg) at 30 month follow-up","FLOAT","mg",,,76,6899,12.5,200,,,,,"rxnorm:1202","Atenolol",1314002,"Dosage","snomed:260911001",4118853,"milligram","ucum:mg",8576,"Drug_Exposure","Visit9/30months",2000000001,"follow-up 30 months","icare:icv2000000001"
"f9_DBISOPRO","Dose Bisoprolol (mg) at 30 month follow-up","FLOAT","mg",,,789,6186,0.612,18.75,,,,,"rxnorm:19484","Bisoprolol",1338005,"Dosage","snomed:260911001",4118853,"milligram","ucum:mg",8576,"Drug_Exposure","Visit9/30months",2000000001,"follow-up 30 months","icare:icv2000000001"
"f9_DCAPTO","Dose Captopril (mg) at 30 month follow-up","FLOAT","mg",,,123,6852,6.2,200,,,,,"rxnorm:1998","Captopril",1340128,"Dosage","snomed:260911001",4118853,"milligram","ucum:mg",8576,"Drug_Exposure","Visit9/30months",2000000001,"follow-up 30 months","icare:icv2000000001"
"f9_DCARVE","Dose Carvedilol (mg) at 30 month follow-up","FLOAT","mg",,,2887,4088,1.25,100,,,,,"rxnorm:20352","Carvedilol",1346823,"Dosage","snomed:260911001",4118853,"milligram","ucum:mg",8576,"Drug_Exposure","Visit9/30months",2000000001,"follow-up 30 months","icare:icv2000000001"
"f9_DEBMUSCO","Muscle weakness at 30 month follow-up","INT",,"2 = never | 3 = sometimes | 4 = often | 5 = always",1,5075,1900,2,5,,"LOINC:LA6270-8| LOINC:LA10082-8| LOINC:LA10044-8| LOINC:LA9933-8","Never| sometimes| often| always","45876662| 45882528| 45884455| 45882536","snomed:26544005","Muscle weakness",79908,,,,,,,"Measurement","Visit9/30months",2000000001,"follow-up 30 months","icare:icv2000000001"
"f9_DENALA","Dose Enalapril (mg) at 30 month follow-up","FLOAT","mg",,,1289,5686,2,40,,,,,"rxnorm:3827","Enalapril",1341927,"Dosage","snomed:260911001",4118853,"milligram","ucum:mg",8576,"Drug_Exposure","Visit9/30months",2000000001,"follow-up 30 months","icare:icv2000000001"
"f9_DESALTAC","Description other ACE-inhibitor at 30 month follow-up","STR",,,,433,6542,,,,,,,"atc:C09AA","""ACE inhibitors, plain""",21601784,"Description|Other","loinc:LP6800-9|snomed:74964007","1029623|9177",,,,"Drug_Exposure","Visit9/30months",2000000001,"follow-up 30 months","icare:icv2000000001"
"f9_DESALTAR","Description other antiarrhythmic agent at 30 month follow-up","STR",,,,41,6934,,,,,,,"atc:C01B","ANTIARRHYTHMICS, CLASS I AND III",21600248,"Description|Other","loinc:LP6800-9|snomed:74964007","1029623|9177",,,,"Drug_Exposure","Visit9/30months",2000000001,"follow-up 30 months","icare:icv2000000001"
"f9_DESALTBB","Description Other beta blocker at 30 month follow-up","STR",,,,69,6906,,,,,,,"atc:C07A","BETA BLOCKING AGENTS",21601665,"Description|Other","loinc:LP6800-9|snomed:74964007","1029623|9177",,,,"Drug_Exposure","Visit9/30months",2000000001,"follow-up 30 months","icare:icv2000000001"
"f9_DESALTCA","Description other calcium antagonist at 30 month follow-up","STR",,,,94,6881,,,,,,,"atc:C08C","SELECTIVE CALCIUM CHANNEL BLOCKERS WITH MAINLY VASCULAR EFFECTS",21601745,"Description|Other","loinc:LP6800-9|snomed:74964007","1029623|9177",,,,"Drug_Exposure","Visit9/30months",2000000001,"follow-up 30 months","icare:icv2000000001"
"f9_DESALTRD","Description other vasodilator at 30 month follow-up","STR",,,,113,6862,,,,,,,"snomed:372787008","Vasodilator",4158258,"Description|Other","loinc:LP6800-9|snomed:74964007","1029623|9177",,,,"Drug_Exposure","Visit9/30months",2000000001,"follow-up 30 months","icare:icv2000000001"
"f9_DESCANO","Description of other ECG abnormality","STR",,,,1373,5602,,,,,,,"loinc:LA24621-7","Abnormal ECG",36311174,"Description","loinc:LP6800-9",1029623,,,,"Observation","Visit9/30months",2000000001,"follow-up 30 months","icare:icv2000000001"
"f9_DESCOPEN","Open labeled statins: description at 30 month follow-up","STR",,,,1420,5555,,,,,,,"atc:C10AA","hmg-coa reductase inhibitor",21601855,"Description","loinc:LP6800-9",1029623,,,,"Drug_Exposure","Visit9/30months",2000000001,"follow-up 30 months","icare:icv2000000001"
"f9_DFUROSEM","Dose Furosemide (mg) at 30 month follow-up","FLOAT","mg",,,4014,2961,3,1250,,,,,"rxnorm:4603","Furosemide",956874,"Dosage","snomed:260911001",4118853,"milligram","ucum:mg",8576,"Drug_Exposure","Visit9/30months",2000000001,"follow-up 30 months","icare:icv2000000001"
"f9_DIGITALE","Digitalis at 30 month follow-up","INT",,"2=No | 3=Yes",1,5290,1685,2,3,,"LOINC:LA32-8| LOINC:LA33-6","No| Yes","45878245| 45877994","atc:C01AA","Digitalis glycosides",21601240,,,,,,,"Drug_Exposure","Visit9/30months",2000000001,"follow-up 30 months","icare:icv2000000001"
"f9_DILTI","Diltiazem at 30 month follow-up","INT",,"2=No | 3=Yes",1,5288,1687,2,3,,"LOINC:LA32-8| LOINC:LA33-6","No| Yes","45878245| 45877994","rxnorm:3443","Diltiazem",1328165,,,,,,,"Drug_Exposure","Visit9/30months",2000000001,"follow-up 30 months","icare:icv2000000001"
"f9_DLISINO","Dose Lisinopril (mg) at 30 month follow-up","FLOAT","mg",,,5866,1109,0,40,,,,,"rxnorm:29046","Lisonorpil",1308216,"Dosage","snomed:260911001",4118853,"milligram","ucum:mg",8576,"Drug_Exposure","Visit9/30months",2000000001,"follow-up 30 months","icare:icv2000000001"
"f9_DMETO","Dose Metoprolol (mg) at 30 month follow-up","FLOAT","mg",,,133,6842,12.5,200,,,,,"rxnorm:6918","Metoprolol",1307046,"Dosage","snomed:260911001",4118853,"milligram","ucum:mg",8576,"Drug_Exposure","Visit9/30months",2000000001,"follow-up 30 months","icare:icv2000000001"
"f9_DOSALTBB","Dose Other beta blocker (mg) at 30 month follow-up","FLOAT","mg",,,69,6906,1.25,320,,,,,"atc:C07A","BETA BLOCKING AGENTS",21601665,"Dosage|Other","snomed:260911001|snomed:74964007","4118853|9177","milligram","ucum:mg",8576,"Drug_Exposure","Visit9/30months",2000000001,"follow-up 30 months","icare:icv2000000001"
"f9_DRAMIP","Dose Ramipril (mg) at 30 month follow-up","FLOAT","mg",,,1471,5504,0.1,25,,,,,"rxnorm:35296","Ramipril",1334456,"Dosage","snomed:260911001",4118853,"milligram","ucum:mg",8576,"Drug_Exposure","Visit9/30months",2000000001,"follow-up 30 months","icare:icv2000000001"
"f9_DSPIRONO","Dose Spironolactone (mg) at 30 month follow-up","FLOAT","mg",,,2103,4872,5,200,,,,,"rxnorm:9997","Spironolactone",970250,"Dosage","snomed:260911001",4118853,"milligram","ucum:mg",8576,"Drug_Exposure","Visit9/30months",2000000001,"follow-up 30 months","icare:icv2000000001"
"f9_DTRAND","Dose Trandolapril (mg) at 30 month follow-up","FLOAT","mg",,,9,6966,2,6,,,,,"rxnorm:38454","Trandolapril",1342439,"Dosage","snomed:260911001",4118853,"milligram","ucum:mg",8576,"Drug_Exposure","Visit9/30months",2000000001,"follow-up 30 months","icare:icv2000000001"
"f9_DURQRS","QRS length (msec) at 30 month follow-up","INT","msec",,,4825,1954,30,340,,,,,"snomed:39632005","QRS interval",4218048,,,,"millisecond","ucum:ms",9593,"Measurement","Visit9/30months",2000000001,"follow-up 30 months","icare:icv2000000001"
"f9_EDEMPERI","Peripheral edema severity at 30 month follow-up","INT",,"2 = no | 3 = only ankles | 4 = until knee | 5 = above",1,5099,1876,2,5,,"LOINC:LA32-8| snomed:26237000| snomed:102575008|snomed:102573001","No|ankle edema|Edema of knee|Edema of thigh","45878245|4094513|4010012|4010011","snomed:423484008","Grade of edema",4313204,,,,,,,"measurement","Visit9/30months",2000000001,"follow-up 30 months","icare:icv2000000001"
"f9_ENALA","Enalapril at 30 month follow-up","INT",,"2=No | 3=Yes",1,5288,1687,2,3,,"LOINC:LA32-8| LOINC:LA33-6","No| Yes","45878245| 45877994","rxnorm:3827","Enalapril",1341927,,,,,,,"Drug_Exposure","Visit9/30months",2000000001,"follow-up 30 months","icare:icv2000000001"
"f9_FANS","Non-steroidal anti-inflammatory agent (FANS) at 30 month follow-up","INT",,"2=No | 3=Yes",1,5288,1687,2,3,,"LOINC:LA32-8| LOINC:LA33-6","No| Yes","45878245| 45877994","atc:M01A","ANTIINFLAMMATORY AND ANTIRHEUMATIC PRODUCTS, NON-STEROIDS",21603933,,,,,,,"Drug_Exposure","Visit9/30months",2000000001,"follow-up 30 months","icare:icv2000000001"
"f9_FC","Heart rate (bpm) at 30 month follow-up","FLOAT","beats/min",,,4939,2036,39,160,,,,,"loinc:8867-4","Heart rate",3027018,,,,"Counts per minute","ucum:{counts}/min",8483,"Measurement","Visit9/30months",2000000001,"follow-up 30 months","icare:icv2000000001"
"f9_FCECG","Heart rate (ECG) (bpm) at 30 month follow-up","FLOAT","beats/min",,,4833,1946,39,162,,,,,"loinc:8867-4","Heart rate",3027018,"ECG finding","snomed:271921002",4156045,"Counts per minute","ucum:{counts}/min",8483,"Measurement","Visit9/30months",2000000001,"follow-up 30 months","icare:icv2000000001"
"f9_FELOD","Felodipine at 30 month follow-up","INT",,"2=No | 3=Yes",1,5288,1687,2,3,,"LOINC:LA32-8| LOINC:LA33-6","No| Yes","45878245| 45877994","rxnorm:4316","Felodipine",1353776,,,,,,,"Drug_Exposure","Visit9/30months",2000000001,"follow-up 30 months","icare:icv2000000001"
"f9_FLUTTER","Atrial fibrillation / Flutter at 30 month follow-up","INT",,"0 = No | 1 = Yes",,4835,1944,0,1,,"LOINC:LA32-8| LOINC:LA33-6","No| Yes","45878245| 45877994","snomed:49436004","Atrial fibrillation",313217,,,,,,,"Measurement","Visit9/30months",2000000001,"follow-up 30 months","icare:icv2000000001"
"f9_FRUTTA","Fruit at 30 month follow-up","INT",,"2 = never | 3 =2-3 times a week | 4 = once a day | 5= >1 times a day",1,5195,1780,2,5,,"SNOMED:444841000124107| LOINC:LA26463-2| LOINC:LA13897-6| SNOMED:1411000175107","Never| 2 or 3 times per week| once a day| more than once a day","763692| 42531019| 45876378| 761069","snomed:72511004","Fruit",4217045,,,,,,,"Observation","Visit9/30months",2000000001,"follow-up 30 months","icare:icv2000000001"
"f9_FUROSEMI","Furosemide at 30 month follow-up","INT",,"2=No | 3=Yes",1,5288,1687,2,3,,"LOINC:LA32-8| LOINC:LA33-6","No| Yes","45878245| 45877994","rxnorm:4603","Furosemide",956874,,,,,,,"Drug_Exposure","Visit9/30months",2000000001,"follow-up 30 months","icare:icv2000000001"
"f9_IDRALAZ","Hydralazine at 30 month follow-up","INT",,"2=No | 3=Yes",1,5288,1687,2,3,,"LOINC:LA32-8| LOINC:LA33-6","No| Yes","45878245| 45877994","rxnorm:5470","Hydralazine",1373928,,,,,,,"Drug_Exposure","Visit9/30months",2000000001,"follow-up 30 months","icare:icv2000000001"
"f9_INTENZIO","Intentional weight loss (If weight loss >= 2 kg) at 30 month follow-up","INT",,"1 = no weight loss | 2 = no | 3 = yes",,5866,1109,1,3,,"snomed:83421005| LOINC:LA32-8| LOINC:LA33-6","failure to lose weight|no|yes","4308415 | 45878245| 45877994","snomed:416528001","intentional weight loss",4214302,,,,,,,"Measurement","Visit9/30months",2000000001,"follow-up 30 months","icare:icv2000000001"
"f9_IPERVENT","Left ventricular hypertrophy at 30 month follow-up","INT",,"0 = No | 1 = Yes",,4835,1944,0,1,,"LOINC:LA32-8| LOINC:LA33-6","No| Yes","45878245| 45877994","snomed:55827005","Left ventricular hypertrophy",4184746,,,,,,,"Measurement","Visit9/30months",2000000001,"follow-up 30 months","icare:icv2000000001"
"f9_LATOBB","Bundle branch block side at 30 month follow-up","INT",,"2 = left | 3=right",1,1455,5324,2,3,,"snomed:7771000|snomed:24028007","Left|Right","4300877|4080761","snomed:6374002","Bundle branch block",313791,"side","snomed:182353008",4112563,,,,"Measurement","Visit9/30months",2000000001,"follow-up 30 months","icare:icv2000000001"
"f9_LISINO","Lisinopril at 30 month follow-up","INT",,"2=No | 3=Yes",1,5288,1687,2,3,,"LOINC:LA32-8| LOINC:LA33-6","No| Yes","45878245| 45877994","rxnorm:29046","Lisonorpil",1308216,,,,,,,"Drug_Exposure","Visit9/30months",2000000001,"follow-up 30 months","icare:icv2000000001"
"f9_METO","Metoprolol at 30 month follow-up","INT",,"2=No | 3=Yes",1,5288,1687,2,3,,"LOINC:LA32-8| LOINC:LA33-6","No| Yes","45878245| 45877994","rxnorm:6918","Metoprolol",1307046,,,,,,,"Drug_Exposure","Visit9/30months",2000000001,"follow-up 30 months","icare:icv2000000001"
"f9_N3PUFA","N3-PUFA open labeled at 30 month follow-up","INT",,"2=No | 3=Yes",1,5288,1687,2,3,,"LOINC:LA32-8| LOINC:LA33-6","No| Yes","45878245| 45877994","atc:N03AG","Fatty acid derivatives",21604421,,,,,,,"Drug_Exposure","Visit9/30months",2000000001,"follow-up 30 months","icare:icv2000000001"
"f9_NIFED","Nifedipine at 30 month follow-up","INT",,"2=No | 3=Yes",1,5288,1687,2,3,,"LOINC:LA32-8| LOINC:LA33-6","No| Yes","45878245| 45877994","rxnorm:7417","Nifedipine",1318853,,,,,,,"Drug_Exposure","Visit9/30months",2000000001,"follow-up 30 months","icare:icv2000000001"
"f9_NITRATI","Nitrates at 30 month follow-up","INT",,"2=No | 3=Yes",1,5289,1686,2,3,,"LOINC:LA32-8| LOINC:LA33-6","No| Yes","45878245| 45877994","atc:C01DA","Organic nitrates",21600316,,,,,,,"Drug_Exposure","Visit9/30months",2000000001,"follow-up 30 months","icare:icv2000000001"
"f9_NYHA","NYHA Class at 30 month follow-up","INT",,"2 = NYHA class I | 3 = NYHA class II | 4 = NYHA class III | 5 = NYHA class IV",1,5162,1813,2,5,,"snomed:420300004| snomed:421704003| snomed:420913000| snomed:422293003","New York Heart Association Classification - Class I| New York Heart Association Classification - Class II| New York Heart Association Classification - Class III| New York Heart Association Classification - Class IV","4220607| 4226789| 4227345| 4228881","snomed:420816009","new york heart association classification",4223299,,,,,,,"Measurement","Visit9/30months",2000000001,"follow-up 30 months","icare:icv2000000001"
"f9_OLIVA","Olive oil at 30 month follow-up","INT",,"2 = never | 3 = sometimes | 4 = frequently | 5 = on a regular basis",1,5195,1780,2,5,,"LOINC:LA6270-8| LOINC:LA10082-8| LOINC:LA6482-9| SNOMED:307430002","Never| sometimes| frequently| regular frequency","45876662| 45882528| 45883983| 4146463","snomed:41834005","Olive oil",4216445,,,,,,,"Observation","Visit9/30months",2000000001,"follow-up 30 months","icare:icv2000000001"
"f9_ONDEQ","Pathological Q waves at 30 month follow-up","INT",,"0 = No | 1 = Yes",,4835,1944,0,1,,"LOINC:LA32-8| LOINC:LA33-6","No| Yes","45878245| 45877994","snomed:164918000","Pathological Q wave",4065387,,,,,,,"Measurement","Visit9/30months",2000000001,"follow-up 30 months","icare:icv2000000001"
"f9_OPENSTAT","Statins open labeled at 30 month follow-up","INT",,"2=No | 3=Yes",1,5288,1687,2,3,,"LOINC:LA32-8| LOINC:LA33-6","No| Yes","45878245| 45877994","atc:C10AA","hmg-coa reductase inhibitor",21601855,,,,,,,"Drug_Exposure","Visit9/30months",2000000001,"follow-up 30 months","icare:icv2000000001"
"f9_PAD","Diastolic blood pressure (mmHg) at 30 month follow-up","FLOAT","mmHg",,,5009,1966,40,120,,,,,"loinc:8462-4","Diastolic blood pressure",3012888,,,,"millimeter mercury column","ucum:mm[Hg]",8876,"Measurement","Visit9/30months",2000000001,"follow-up 30 months","icare:icv2000000001"
"f9_PAS","Systolic blood pressure (mmHg) at 30 month follow-up","FLOAT","mmHg",,,5010,1965,70,213,,,,,"loinc:8480-6","Systolic blood pressure",3004249,,,,"millimeter mercury column","ucum:mm[Hg]",8876,"Measurement","Visit9/30months",2000000001,"follow-up 30 months","icare:icv2000000001"
"f9_PESCE","Fish at 30 month follow-up","INT",,"2 = never | 3 = once a week | 4 = 2 times a week | 5 = 3+ times a week",1,5193,1782,2,5,,"LOINC:LA6270-8| LOINC:LA26461-6| SNOMED:229800002| LOINC:LA6396-1","Never| once a week| twice weekly| Three or more times per week","45876662|42531017| 4047143| 45877752","snomed:735971005","Fish",42539493,,,,,,,"Observation","Visit9/30months",2000000001,"follow-up 30 months","icare:icv2000000001"
"f9_PESOATT","Weight (kg) at 30 month follow-up","FLOAT","Kilogram",,,5052,1923,36,167,,,,,"loinc:29463-7","Body weight",3025315,,,,"kilogram","ucum:kg",9529,"Measurement","Visit9/30months",2000000001,"follow-up 30 months","icare:icv2000000001"
"f9_RAMIP","Ramipril at 30 month follow-up","INT",,"2=No | 3=Yes",1,5288,1687,2,3,,"LOINC:LA32-8| LOINC:LA33-6","No| Yes","45878245| 45877994","rxnorm:35296","Ramipril",1334456,,,,,,,"Drug_Exposure","Visit9/30months",2000000001,"follow-up 30 months","icare:icv2000000001"
"f9_RITMOPM","Rhythm from pacemaker at 30 month follow-up","INT",,"0 = No | 1 = Yes",,4835,1944,0,1,,"LOINC:LA32-8| LOINC:LA33-6","No| Yes","45878245| 45877994","snomed:10370003","Rhythm from artificial pacing",4304202,,,,,,,"Measurement","Visit9/30months",2000000001,"follow-up 30 months","icare:icv2000000001"
"f9_SARTANI","Sartans at 30 month follow-up","INT",,"2=No | 3=Yes",1,5288,1687,2,3,,"LOINC:LA32-8| LOINC:LA33-6","No| Yes","45878245| 45877994","atc:C09CA","""Angiotensin II receptor blockers (ARBs), plain""",21601823,,,,,,,"Drug_Exposure","Visit9/30months",2000000001,"follow-up 30 months","icare:icv2000000001"
"f9_SEMI","Seed oil at 30 month follow-up","INT",,"2 = never | 3 = sometimes | 4 = frequently | 5 = on a regular basis",1,5195,1780,2,5,,"LOINC:LA6270-8| LOINC:LA10082-8| LOINC:LA6482-9| SNOMED:307430002","Never| sometimes| frequently| regular frequency","45876662| 45882528| 45883983| 4146463","snomed:21847005","Oil",4071021,,,,,,,"Observation","Visit9/30months",2000000001,"follow-up 30 months","icare:icv2000000001"
"f9_SILDENAF","Sildenafil at 30 month follow-up","INT",,"2=No | 3=Yes",1,5288,1687,2,3,,"LOINC:LA32-8| LOINC:LA33-6","No| Yes","45878245| 45877994","Rxnorm:136411","Sildenafil",1316262,,,,,,,"Drug_Exposure","Visit9/30months",2000000001,"follow-up 30 months","icare:icv2000000001"
"f9_SPECNO","If alcohol NO type of non-consumption at 30 month follow-up","INT",,"2 = NO | 3 = PAST | 4 = NEVER",1,1622,5353,2,4,,"LOINC:LA32-8|LOINC:LA28393-9|LOINC:LA6270-8","No|Former user| never","45878245|36307819|45876662","snomed:105542008","non - drinker",4022664,,,,,,,"Observation","Visit9/30months",2000000001,"follow-up 30 months","icare:icv2000000001"
"f9_SPIRONO","Spironolactone at 30 month follow-up","INT",,"2=No | 3=Yes",1,5288,1687,2,3,,"LOINC:LA32-8| LOINC:LA33-6","No| Yes","45878245| 45877994","rxnorm:9997","Spironolactone",970250,,,,,,,"Drug_Exposure","Visit9/30months",2000000001,"follow-up 30 months","icare:icv2000000001"
"f9_SUPERAL","Spirits (if alcohol YES) at 30 month follow-up","INT",,"2 = NO | 3 = sometimes | 4 = 1-2 glasses a day | 5 = 3-4 glasses a day | 6 = 5+ glasses a day",1,3573,3402,2,5,,"LOINC:LA32-8| LOINC:LA10082-8| LOINC:LA26462-4| SNOMED:396112008| loinc:LA13858-8","No| sometimes| 1 or 2 times per day|  Three to four times a day| 5 or more times per day","45878245| 45882528| 42530681| 4244842| 45882530","snomed:6524003","Distilled spirits",4275752,,,,,,,"Observation","Visit9/30months",2000000001,"follow-up 30 months","icare:icv2000000001"
"f9_TERAORMO","Hormone Replacement Therapy at 30 month follow-up","INT",,"2=No | 3=Yes",1,5289,1686,2,3,,"LOINC:LA32-8| LOINC:LA33-6","No| Yes","45878245| 45877994","snomed:266717002","Hormone Replacement Therapy",4141760,,,,,,,"Drug_Exposure","Visit9/30months",2000000001,"follow-up 30 months","icare:icv2000000001"
"f9_TIAZIDI","Thiazides at 30 month follow-up","INT",,"2=No | 3=Yes",1,5288,1687,2,3,,"LOINC:LA32-8| LOINC:LA33-6","No| Yes","45878245| 45877994","snomed:860766002","Thiazides",3655254,,,,,,,"Drug_Exposure","Visit9/30months",2000000001,"follow-up 30 months","icare:icv2000000001"
"f9_TRAND","Trandolapril at 30 month follow-up","INT",,"2=No | 3=Yes",1,5288,1687,2,3,,"LOINC:LA32-8| LOINC:LA33-6","No| Yes","45878245| 45877994","rxnorm:38454","Trandolapril",1342439,,,,,,,"Drug_Exposure","Visit9/30months",2000000001,"follow-up 30 months","icare:icv2000000001"
"f9_VALUECG","ECG evaluation at 30 month follow-up","INT",,"2 = normal | 3 = abnormal",1,4835,1944,2,3,,"snomed:17621005|snomed:263654008","Normal | Abnormal","4069590|4135493","loinc:LP149975-7","ECG",1011679,"evaluation","snomed:723051000000101",44803879,,,,"Measurement","Visit9/30months",2000000001,"follow-up 30 months","icare:icv2000000001"
"f9_VERAP","Verapamil at 30 month follow-up","INT",,"2=No | 3=Yes",1,5288,1687,2,3,,"LOINC:LA32-8| LOINC:LA33-6","No| Yes","45878245| 45877994","rxnorm:11170","Verapamil",1307863,,,,,,,"Drug_Exposure","Visit9/30months",2000000001,"follow-up 30 months","icare:icv2000000001"
"f9_VERCOTTA","Cooked vegetables at 30 month follow-up","INT",,"2 = never | 3 =2-3 times a week | 4 = once a day | 5= >1 times a day",1,5195,1780,2,5,,"SNOMED:444841000124107| LOINC:LA26463-2| LOINC:LA13897-6| SNOMED:1411000175107","Never| 2 or 3 times per week| once a day| more than once a day","763692| 42531019| 45876378| 761069","snomed:444011000124102","Cooked vegetables",763625,,,,,,,"Observation","Visit9/30months",2000000001,"follow-up 30 months","icare:icv2000000001"
"f9_VERCRUDA","Raw vegetables at 30 month follow-up","INT",,"2 = never | 3 =2-3 times a week | 4 = once a day | 5= >1 times a day",1,5195,1780,2,5,,"SNOMED:444841000124107| LOINC:LA26463-2| LOINC:LA13897-6| SNOMED:1411000175107","Never| 2 or 3 times per week| once a day| more than once a day","763692| 42531019| 45876378| 761069","snomed:314115004","Raw vegetables",4193035,,,,,,,"Observation","Visit9/30months",2000000001,"follow-up 30 months","icare:icv2000000001"
"f9_VINO","Wine (if alcohol YES) at 30 month follow-up","INT",,"2 = NO | 3 = sometimes | 4 = 1-2 glasses a day | 5 = 3-4 glasses a day | 6 = 5+ glasses a day",1,3573,3402,2,6,,"LOINC:LA32-8| LOINC:LA10082-8| LOINC:LA26462-4| SNOMED:396112008| loinc:LA13858-8","No| sometimes| 1 or 2 times per day|  Three to four times a day| 5 or more times per day","45878245| 45882528| 42530681| 4244842| 45882530","snomed:35748005","Wine",4262278,,,,,,,"Observation","Visit9/30months",2000000001,"follow-up 30 months","icare:icv2000000001"
"f99_ALLOPURI","Allopurinol at end of study","INT",,"2=No | 3=Yes",1,4755,2220,2,3,,"LOINC:LA32-8| LOINC:LA33-6","No| Yes","45878245| 45877994","rxnorm:519","Allopurinol",1167322,,,,,,,"Drug_Exposure","Visit99/endofstudy",2000000025,"end of study visit","icare:icv2000000025"
"f99_ALTACE","other ACE-inhibitor at end of study","INT",,"2=No | 3=Yes",1,4755,2220,2,3,,"LOINC:LA32-8| LOINC:LA33-6","No| Yes","45878245| 45877994","atc:C09AA","""ACE inhibitors, plain""",21601784,"Other","snomed:74964007",9177,,,,"Drug_Exposure","Visit99/endofstudy",2000000025,"end of study visit","icare:icv2000000025"
"f99_ALTDIU","Other diuretics at end of study","INT",,"2=No | 3=Yes",1,4754,2221,2,3,,"LOINC:LA32-8| LOINC:LA33-6","No| Yes","45878245| 45877994","atc:C03","DIURETICS",21601461,"Other","snomed:74964007",9177,,,,"Drug_Exposure","Visit99/endofstudy",2000000025,"end of study visit","icare:icv2000000025"
"f99_ALTROARI","Other antiarrhythmic agent at end of study","INT",,"2=No | 3=Yes",1,4752,2223,2,3,,"LOINC:LA32-8| LOINC:LA33-6","No| Yes","45878245| 45877994","atc:C01B","ANTIARRHYTHMICS, CLASS I AND III",21600248,"Other","snomed:74964007",9177,,,,"Drug_Exposure","Visit99/endofstudy",2000000025,"end of study visit","icare:icv2000000025"
"f99_ALTROBB","Other beta blocker at end of study","INT",,"2=No | 3=Yes",1,4755,2220,2,3,,"LOINC:LA32-8| LOINC:LA33-6","No| Yes","45878245| 45877994","atc:C07A","BETA BLOCKING AGENTS",21601665,"Other","snomed:74964007",9177,,,,"Drug_Exposure","Visit99/endofstudy",2000000025,"end of study visit","icare:icv2000000025"
"f99_ALTROCA","Other calcium antagonist at end of study","INT",,"2=No | 3=Yes",1,4754,2221,2,3,,"LOINC:LA32-8| LOINC:LA33-6","No| Yes","45878245| 45877994","atc:C08C","SELECTIVE CALCIUM CHANNEL BLOCKERS WITH MAINLY VASCULAR EFFECTS",21601745,"Other","snomed:74964007",9177,,,,"Drug_Exposure","Visit99/endofstudy",2000000025,"end of study visit","icare:icv2000000025"
"f99_ALTRODIL","Other vasodilator at end of study","INT",,"2=No | 3=Yes",1,4754,2221,2,3,,"LOINC:LA32-8| LOINC:LA33-6","No| Yes","45878245| 45877994","snomed:372787008","Vasodilator",4158258,"Other","snomed:74964007",9177,,,,"Drug_Exposure","Visit99/endofstudy",2000000025,"end of study visit","icare:icv2000000025"
"f99_AMIODAR","Amiodarone at end of study","INT",,"2=No | 3=Yes",1,4752,2223,2,3,,"LOINC:LA32-8| LOINC:LA33-6","No| Yes","45878245| 45877994","rxnorm:703","Amiodarone",1309944,,,,,,,"Drug_Exposure","Visit99/endofstudy",2000000025,"end of study visit","icare:icv2000000025"
"f99_AMLOD","Amlodipine at end of study","INT",,"2=No | 3=Yes",1,4754,2221,2,3,,"LOINC:LA32-8| LOINC:LA33-6","No| Yes","45878245| 45877994","rxnorm:17767","Amlodipine",1332418,,,,,,,"Drug_Exposure","Visit99/endofstudy",2000000025,"end of study visit","icare:icv2000000025"
"f99_ANTIAGGR","Other antiaggregants at end of study","INT",,"2=No | 3=Yes",1,4755,2220,2,3,,"LOINC:LA32-8| LOINC:LA33-6","No| Yes","45878245| 45877994","snomed:840595002","Platelet aggregation inhibitor therapy",3655005,"Other","snomed:74964007",9177,,,,"Drug_Exposure","Visit99/endofstudy",2000000025,"end of study visit","icare:icv2000000025"
"f99_ANTICOAG","Oral anticoagulants at end of study","INT",,"2=No | 3=Yes",1,4755,2220,2,3,,"LOINC:LA32-8| LOINC:LA33-6","No| Yes","45878245| 45877994","atc:B01A","ANTITHROMBOTIC AGENTS",21600961,,,,,,,"Drug_Exposure","Visit99/endofstudy",2000000025,"end of study visit","icare:icv2000000025"
"f99_ANTIDEPR","Antidepressants at end of study","INT",,"2=No | 3=Yes",1,4755,2220,2,3,,"LOINC:LA32-8| LOINC:LA33-6","No| Yes","45878245| 45877994","atc:N06A","antidepressants",21604686,,,,,,,"Drug_Exposure","Visit99/endofstudy",2000000025,"end of study visit","icare:icv2000000025"
"f99_ASA","Acetylsalicylic acid at end of study","INT",,"2=No | 3=Yes",1,4755,2220,2,3,,"LOINC:LA32-8| LOINC:LA33-6","No| Yes","45878245| 45877994","rxnorm:1191","Aspirin",1112807,,,,,,,"Drug_Exposure","Visit99/endofstudy",2000000025,"end of study visit","icare:icv2000000025"
"f99_ATENO","Atenolol at end of study","INT",,"2=No | 3=Yes",1,4755,2220,2,3,,"LOINC:LA32-8| LOINC:LA33-6","No| Yes","45878245| 45877994","rxnorm:1202","Atenolol",1314002,,,,,,,"Drug_Exposure","Visit99/endofstudy",2000000025,"end of study visit","icare:icv2000000025"
"f99_BENZOD","Benzodiazepine at end of study","INT",,"2=No | 3=Yes",1,4755,2220,2,3,,"LOINC:LA32-8| LOINC:LA33-6","No| Yes","45878245| 45877994","atc:N05BA","Benzodiazepine derivatives",21604565,,,,,,,"Drug_Exposure","Visit99/endofstudy",2000000025,"end of study visit","icare:icv2000000025"
"f99_BISOPRO","Bisoprolol at end of study","INT",,"2=No | 3=Yes",1,4755,2220,2,3,,"LOINC:LA32-8| LOINC:LA33-6","No| Yes","45878245| 45877994","rxnorm:19484","Bisoprolol",1338005,,,,,,,"Drug_Exposure","Visit99/endofstudy",2000000025,"end of study visit","icare:icv2000000025"
"f99_CAPTO","Captopril at end of study","INT",,"2=No | 3=Yes",1,4755,2220,2,3,,"LOINC:LA32-8| LOINC:LA33-6","No| Yes","45878245| 45877994","rxnorm:1998","Captopril",1340128,,,,,,,"Drug_Exposure","Visit99/endofstudy",2000000025,"end of study visit","icare:icv2000000025"
"f99_CARVE","Carvedilol at end of study","INT",,"2=No | 3=Yes",1,4755,2220,2,3,,"LOINC:LA32-8| LOINC:LA33-6","No| Yes","45878245| 45877994","rxnorm:20352","Carvedilol",1346823,,,,,,,"Drug_Exposure","Visit99/endofstudy",2000000025,"end of study visit","icare:icv2000000025"
"f99_DALTACE","Dose other ACE-inhibitor (mg) at end of study","FLOAT","mg",,,350,6625,0.2,60,,,,,"atc:C09AA","""ACE inhibitors, plain""",21601784,"Dosage|Other","snomed:260911001|snomed:74964007","4118853|9177","milligram","ucum:mg",8576,"Drug_Exposure","Visit99/endofstudy",2000000025,"end of study visit","icare:icv2000000025"
"f99_DATENO","Dose Atenolol (mg) at end of study","FLOAT","mg",,,61,6914,12.5,125,,,,,"rxnorm:1202","Atenolol",1314002,"Dosage","snomed:260911001",4118853,"milligram","ucum:mg",8576,"Drug_Exposure","Visit99/endofstudy",2000000025,"end of study visit","icare:icv2000000025"
"f99_DBISOPRO","Dose Bisoprolol (mg) at end of study","FLOAT","mg",,,896,6079,1.25,12.5,,,,,"rxnorm:19484","Bisoprolol",1338005,"Dosage","snomed:260911001",4118853,"milligram","ucum:mg",8576,"Drug_Exposure","Visit99/endofstudy",2000000025,"end of study visit","icare:icv2000000025"
"f99_DCAPTO","Dose Captopril (mg) at end of study","FLOAT","mg",,,88,6887,10,150,,,,,"rxnorm:1998","Captopril",1340128,"Dosage","snomed:260911001",4118853,"milligram","ucum:mg",8576,"Drug_Exposure","Visit99/endofstudy",2000000025,"end of study visit","icare:icv2000000025"
"f99_DCARVE","Dose Carvedilol (mg) at end of study","FLOAT","mg",,,2511,4464,1.25,100,,,,,"rxnorm:20352","Carvedilol",1346823,"Dosage","snomed:260911001",4118853,"milligram","ucum:mg",8576,"Drug_Exposure","Visit99/endofstudy",2000000025,"end of study visit","icare:icv2000000025"
"f99_DENALA","Dose Enalapril (mg) at end of study","FLOAT","mg",,,1043,5932,1,40,,,,,"rxnorm:3827","Enalapril",1341927,"Dosage","snomed:260911001",4118853,"milligram","ucum:mg",8576,"Drug_Exposure","Visit99/endofstudy",2000000025,"end of study visit","icare:icv2000000025"
"f99_DESALTAC","Description other ACE-inhibitor at end of study","STR",,,,350,6625,,,,,,,"atc:C09AA","""ACE inhibitors, plain""",21601784,"Description|Other","loinc:LP6800-9|snomed:74964007","1029623|9177",,,,"Drug_Exposure","Visit99/endofstudy",2000000025,"end of study visit","icare:icv2000000025"
"f99_DESALTAR","Description other antiarrhythmic agent at end of study","STR",,,,37,6938,,,,,,,"atc:C01B","ANTIARRHYTHMICS, CLASS I AND III",21600248,"Description|Other","loinc:LP6800-9|snomed:74964007","1029623|9177",,,,"Drug_Exposure","Visit99/endofstudy",2000000025,"end of study visit","icare:icv2000000025"
"f99_DESALTBB","Description Other beta blocker at end of study","STR",,,,81,6894,,,,,,,"atc:C07A","BETA BLOCKING AGENTS",21601665,"Description|Other","loinc:LP6800-9|snomed:74964007","1029623|9177",,,,"Drug_Exposure","Visit99/endofstudy",2000000025,"end of study visit","icare:icv2000000025"
"f99_DESALTCA","Description other calcium antagonist at end of study","STR",,,,88,6887,,,,,,,"atc:C08C","SELECTIVE CALCIUM CHANNEL BLOCKERS WITH MAINLY VASCULAR EFFECTS",21601745,"Description|Other","loinc:LP6800-9|snomed:74964007","1029623|9177",,,,"Drug_Exposure","Visit99/endofstudy",2000000025,"end of study visit","icare:icv2000000025"
"f99_DESALTRD","Description other vasodilator at end of study","STR",,,,108,6867,,,,,,,"snomed:372787008","Vasodilator",4158258,"Description|Other","loinc:LP6800-9|snomed:74964007","1029623|9177",,,,"Drug_Exposure","Visit99/endofstudy",2000000025,"end of study visit","icare:icv2000000025"
"f99_DESCOPEN","Open labeled statins: description at end of study","STR",,,,1448,5527,,,,,,,"atc:C10AA","hmg-coa reductase inhibitor",21601855,"Description","loinc:LP6800-9",1029623,,,,"Drug_Exposure","Visit99/endofstudy",2000000025,"end of study visit","icare:icv2000000025"
"f99_DFUROSEM","Dose Furosemide (mg) at end of study","FLOAT","mg",,,3583,3392,3,1000,,,,,"rxnorm:4603","Furosemide",956874,"Dosage","snomed:260911001",4118853,"milligram","ucum:mg",8576,"Drug_Exposure","Visit99/endofstudy",2000000025,"end of study visit","icare:icv2000000025"
"f99_DIGITALE","Digitalis at end of study","INT",,"2=No | 3=Yes",1,4755,2220,2,3,,"LOINC:LA32-8| LOINC:LA33-6","No| Yes","45878245| 45877994","atc:C01AA","Digitalis glycosides",21601240,,,,,,,"Drug_Exposure","Visit99/endofstudy",2000000025,"end of study visit","icare:icv2000000025"
"f99_DILTI","Diltiazem at end of study","INT",,"2=No | 3=Yes",1,4754,2221,2,3,,"LOINC:LA32-8| LOINC:LA33-6","No| Yes","45878245| 45877994","rxnorm:3443","Diltiazem",1328165,,,,,,,"Drug_Exposure","Visit99/endofstudy",2000000025,"end of study visit","icare:icv2000000025"
"f99_DLISINO","Dose Lisinopril (mg) at end of study","FLOAT","mg",,,5103,1872,0,40,,,,,"rxnorm:29046","Lisonorpil",1308216,"Dosage","snomed:260911001",4118853,"milligram","ucum:mg",8576,"Drug_Exposure","Visit99/endofstudy",2000000025,"end of study visit","icare:icv2000000025"
"f99_DMETO","Dose Metoprolol (mg) at end of study","FLOAT","mg",,,118,6857,12.5,200,,,,,"rxnorm:6918","Metoprolol",1307046,"Dosage","snomed:260911001",4118853,"milligram","ucum:mg",8576,"Drug_Exposure","Visit99/endofstudy",2000000025,"end of study visit","icare:icv2000000025"
"f99_DOSALTBB","Dose Other beta blocker (mg) at end of study","FLOAT","mg",,,81,6894,1.25,320,,,,,"atc:C07A","BETA BLOCKING AGENTS",21601665,"Dosage|Other","snomed:260911001|snomed:74964007","4118853|9177","milligram","ucum:mg",8576,"Drug_Exposure","Visit99/endofstudy",2000000025,"end of study visit","icare:icv2000000025"
"f99_DRAMIP","Dose Ramipril (mg) at end of study","FLOAT","mg",,,1382,5593,1,20,,,,,"rxnorm:35296","Ramipril",1334456,"Dosage","snomed:260911001",4118853,"milligram","ucum:mg",8576,"Drug_Exposure","Visit99/endofstudy",2000000025,"end of study visit","icare:icv2000000025"
"f99_DSPIRONO","Dose Spironolactone (mg) at end of study","FLOAT","mg",,,1665,5310,7,200,,,,,"rxnorm:9997","Spironolactone",970250,"Dosage","snomed:260911001",4118853,"milligram","ucum:mg",8576,"Drug_Exposure","Visit99/endofstudy",2000000025,"end of study visit","icare:icv2000000025"
"f99_DTRAND","Dose Trandolapril (mg) at end of study","FLOAT","mg",,,5,6970,2,6,,,,,"rxnorm:38454","Trandolapril",1342439,"Dosage","snomed:260911001",4118853,"milligram","ucum:mg",8576,"Drug_Exposure","Visit99/endofstudy",2000000025,"end of study visit","icare:icv2000000025"
"f99_EDEMPERI","Peripheral edema severity at end of study","INT",,"2 = no | 3 = only ankles | 4 = until knee | 5 = above",1,4528,2447,2,5,,"LOINC:LA32-8| snomed:26237000| snomed:102575008|snomed:102573001","No|ankle edema|Edema of knee|Edema of thigh","45878245|4094513|4010012|4010011","snomed:423484008","Grade of edema",4313204,,,,,,,"measurement","Visit99/endofstudy",2000000025,"end of study visit","icare:icv2000000025"
"f99_ENALA","Enalapril at end of study","INT",,"2=No | 3=Yes",1,4755,2220,2,3,,"LOINC:LA32-8| LOINC:LA33-6","No| Yes","45878245| 45877994","rxnorm:3827","Enalapril",1341927,,,,,,,"Drug_Exposure","Visit99/endofstudy",2000000025,"end of study visit","icare:icv2000000025"
"f99_FANS","Non-steroidal anti-inflammatory agent (FANS) at end of study","INT",,"2=No | 3=Yes",1,4754,2221,2,3,,"LOINC:LA32-8| LOINC:LA33-6","No| Yes","45878245| 45877994","atc:M01A","ANTIINFLAMMATORY AND ANTIRHEUMATIC PRODUCTS, NON-STEROIDS",21603933,,,,,,,"Drug_Exposure","Visit99/endofstudy",2000000025,"end of study visit","icare:icv2000000025"
"f99_FC","Heart rate (bpm) at end of study","FLOAT","beats/min",,,4326,2649,36,134,,,,,"loinc:8867-4","Heart rate",3027018,,,,"Counts per minute","ucum:{counts}/min",8483,"Measurement","Visit99/endofstudy",2000000025,"end of study visit","icare:icv2000000025"
"f99_FELOD","Felodipine at end of study","INT",,"2=No | 3=Yes",1,4754,2221,2,3,,"LOINC:LA32-8| LOINC:LA33-6","No| Yes","45878245| 45877994","rxnorm:4316","Felodipine",1353776,,,,,,,"Drug_Exposure","Visit99/endofstudy",2000000025,"end of study visit","icare:icv2000000025"
"f99_FUROSEMI","Furosemide at end of study","INT",,"2=No | 3=Yes",1,4755,2220,2,3,,"LOINC:LA32-8| LOINC:LA33-6","No| Yes","45878245| 45877994","rxnorm:4603","Furosemide",956874,,,,,,,"Drug_Exposure","Visit99/endofstudy",2000000025,"end of study visit","icare:icv2000000025"
"f99_IDRALAZ","Hydralazine at end of study","INT",,"2=No | 3=Yes",1,4754,2221,2,3,,"LOINC:LA32-8| LOINC:LA33-6","No| Yes","45878245| 45877994","rxnorm:5470","Hydralazine",1373928,,,,,,,"Drug_Exposure","Visit99/endofstudy",2000000025,"end of study visit","icare:icv2000000025"
"f99_INTENZIO","Intentional weight loss (If weight loss >= 2 kg) at end of study","INT",,"1 = no weight loss | 2 = no | 3 = yes",,5103,1872,1,1,,"snomed:83421005| LOINC:LA32-8| LOINC:LA33-6","failure to lose weight|no|yes","4308415 | 45878245| 45877994","snomed:416528001","intentional weight loss",4214302,,,,,,,"Measurement","Visit99/endofstudy",2000000025,"end of study visit","icare:icv2000000025"
"f99_LISINO","Lisinopril at end of study","INT",,"2=No | 3=Yes",1,4755,2220,2,3,,"LOINC:LA32-8| LOINC:LA33-6","No| Yes","45878245| 45877994","rxnorm:29046","Lisonorpil",1308216,,,,,,,"Drug_Exposure","Visit99/endofstudy",2000000025,"end of study visit","icare:icv2000000025"
"f99_METO","Metoprolol at end of study","INT",,"2=No | 3=Yes",1,4755,2220,2,3,,"LOINC:LA32-8| LOINC:LA33-6","No| Yes","45878245| 45877994","rxnorm:6918","Metoprolol",1307046,,,,,,,"Drug_Exposure","Visit99/endofstudy",2000000025,"end of study visit","icare:icv2000000025"
"f99_N3PUFA","N3-PUFA open labeled at end of study","INT",,"2=No | 3=Yes",1,4755,2220,2,3,,"LOINC:LA32-8| LOINC:LA33-6","No| Yes","45878245| 45877994","atc:N03AG","Fatty acid derivatives",21604421,,,,,,,"Drug_Exposure","Visit99/endofstudy",2000000025,"end of study visit","icare:icv2000000025"
"f99_NIFED","Nifedipine at end of study","INT",,"2=No | 3=Yes",1,4754,2221,2,3,,"LOINC:LA32-8| LOINC:LA33-6","No| Yes","45878245| 45877994","rxnorm:7417","Nifedipine",1318853,,,,,,,"Drug_Exposure","Visit99/endofstudy",2000000025,"end of study visit","icare:icv2000000025"
"f99_NITRATI","Nitrates at end of study","INT",,"2=No | 3=Yes",1,4754,2221,2,3,,"LOINC:LA32-8| LOINC:LA33-6","No| Yes","45878245| 45877994","atc:C01DA","Organic nitrates",21600316,,,,,,,"Drug_Exposure","Visit99/endofstudy",2000000025,"end of study visit","icare:icv2000000025"
"f99_NYHA","NYHA Class at end of study","INT",,"2 = NYHA class I | 3 = NYHA class II | 4 = NYHA class III | 5 = NYHA class IV",1,4587,2388,2,5,,"snomed:420300004| snomed:421704003| snomed:420913000| snomed:422293003","New York Heart Association Classification - Class I| New York Heart Association Classification - Class II| New York Heart Association Classification - Class III| New York Heart Association Classification - Class IV","4220607| 4226789| 4227345| 4228881","snomed:420816009","new york heart association classification",4223299,,,,,,,"Measurement","Visit99/endofstudy",2000000025,"end of study visit","icare:icv2000000025"
"f99_OPENSTAT","Statins open labeled at end of study","INT",,"2=No | 3=Yes",1,4755,2220,2,3,,"LOINC:LA32-8| LOINC:LA33-6","No| Yes","45878245| 45877994","atc:C10AA","hmg-coa reductase inhibitor",21601855,,,,,,,"Drug_Exposure","Visit99/endofstudy",2000000025,"end of study visit","icare:icv2000000025"
"f99_PAD","Diastolic blood pressure (mmHg) at end of study","FLOAT","mmHg",,,4415,2560,47,130,,,,,"loinc:8462-4","Diastolic blood pressure",3012888,,,,"millimeter mercury column","ucum:mm[Hg]",8876,"Measurement","Visit99/endofstudy",2000000025,"end of study visit","icare:icv2000000025"
"f99_PAS","Systolic blood pressure (mmHg) at end of study","FLOAT","mmHg",,,4415,2560,80,230,,,,,"loinc:8480-6","Systolic blood pressure",3004249,,,,"millimeter mercury column","ucum:mm[Hg]",8876,"Measurement","Visit99/endofstudy",2000000025,"end of study visit","icare:icv2000000025"
"f99_PESOATT","Weight (kg) at end of study","FLOAT","Kilogram",,,4527,2448,39,207,,,,,"loinc:29463-7","Body weight",3025315,,,,"kilogram","ucum:kg",9529,"Measurement","Visit99/endofstudy",2000000025,"end of study visit","icare:icv2000000025"
"f99_RAMIP","Ramipril at end of study","INT",,"2=No | 3=Yes",1,4755,2220,2,3,,"LOINC:LA32-8| LOINC:LA33-6","No| Yes","45878245| 45877994","rxnorm:35296","Ramipril",1334456,,,,,,,"Drug_Exposure","Visit99/endofstudy",2000000025,"end of study visit","icare:icv2000000025"
"f99_SARTANI","Sartans at end of study","INT",,"2=No | 3=Yes",1,4755,2220,2,3,,"LOINC:LA32-8| LOINC:LA33-6","No| Yes","45878245| 45877994","atc:C09CA","""Angiotensin II receptor blockers (ARBs), plain""",21601823,,,,,,,"Drug_Exposure","Visit99/endofstudy",2000000025,"end of study visit","icare:icv2000000025"
"f99_SILDENAF","Sildenafil at end of study","INT",,"2=No | 3=Yes",1,4754,2221,2,3,,"LOINC:LA32-8| LOINC:LA33-6","No| Yes","45878245| 45877994","Rxnorm:136411","Sildenafil",1316262,,,,,,,"Drug_Exposure","Visit99/endofstudy",2000000025,"end of study visit","icare:icv2000000025"
"f99_SPIRONO","Spironolactone at end of study","INT",,"2=No | 3=Yes",1,4755,2220,2,3,,"LOINC:LA32-8| LOINC:LA33-6","No| Yes","45878245| 45877994","rxnorm:9997","Spironolactone",970250,,,,,,,"Drug_Exposure","Visit99/endofstudy",2000000025,"end of study visit","icare:icv2000000025"
"f99_TERAORMO","Hormone Replacement Therapy at end of study","INT",,"2=No | 3=Yes",1,4810,2165,2,3,,"LOINC:LA32-8| LOINC:LA33-6","No| Yes","45878245| 45877994","snomed:266717002","Hormone Replacement Therapy",4141760,,,,,,,"Drug_Exposure","Visit99/endofstudy",2000000025,"end of study visit","icare:icv2000000025"
"f99_TIAZIDI","Thiazides at end of study","INT",,"2=No | 3=Yes",1,4755,2220,2,3,,"LOINC:LA32-8| LOINC:LA33-6","No| Yes","45878245| 45877994","snomed:860766002","Thiazides",3655254,,,,,,,"Drug_Exposure","Visit99/endofstudy",2000000025,"end of study visit","icare:icv2000000025"
"f99_TRAND","Trandolapril at end of study","INT",,"2=No | 3=Yes",1,4755,2220,2,3,,"LOINC:LA32-8| LOINC:LA33-6","No| Yes","45878245| 45877994","rxnorm:38454","Trandolapril",1342439,,,,,,,"Drug_Exposure","Visit99/endofstudy",2000000025,"end of study visit","icare:icv2000000025"
"f99_VERAP","Verapamil at end of study","INT",,"2=No | 3=Yes",1,4754,2221,2,3,,"LOINC:LA32-8| LOINC:LA33-6","No| Yes","45878245| 45877994","rxnorm:11170","Verapamil",1307863,,,,,,,"Drug_Exposure","Visit99/endofstudy",2000000025,"end of study visit","icare:icv2000000025"
"FANS","Non-steroidal anti-inflammatory agent (FANS) at baseline","INT",,"2=No | 3=Yes",1,6975,0,2,3,,"LOINC:LA32-8| LOINC:LA33-6","No| Yes","45878245| 45877994","atc:M01A","ANTIINFLAMMATORY AND ANTIRHEUMATIC PRODUCTS, NON-STEROIDS",21603933,,,,,,,"Drug_Exposure","Visit1/baseline",40766819,"Baseline time","loinc:64103-5"
"FC","Heart rate (bpm) (bpm) at baseline","FLOAT","beats/min",,,6971,4,37,140,,,,,"loinc:8867-4","Heart rate",3027018,,,,"Counts per minute","ucum:{counts}/min",8483,"Measurement","Visit1/baseline",40766819,"Baseline time","loinc:64103-5"
"FCECG","Heart rate (ECG) (bpm) at baseline","FLOAT","beats/min",,,6972,3,37,149,,,,,"loinc:8867-4","Heart rate",3027018,"ECG finding","snomed:271921002",4156045,"Counts per minute","ucum:{counts}/min",8483,"Measurement","Visit1/baseline",40766819,"Baseline time","loinc:64103-5"
"FELOD","Felodipine at baseline","INT",,"2=No | 3=Yes",1,6975,0,2,3,,"LOINC:LA32-8| LOINC:LA33-6","No| Yes","45878245| 45877994","rxnorm:4316","Felodipine",1353776,,,,,,,"Drug_Exposure","Visit1/baseline",40766819,"Baseline time","loinc:64103-5"
"FIBRINO","Fibrinogenemia (mg/dl) at baseline","FLOAT","mg/dl",,,6312,663,42,1281,,,,,"snomed:1108621000000108","fibrinogen mass concentration in plasma",37208754,,,,"milligram per deciliter","ucum:mg/dL",8840,"Measurement","Visit1/baseline",40766819,"Baseline time","loinc:64103-5"
"FLUTTER","Atrial fibrillation / Flutter at baseline","STR",,"F = No | T = Yes",,6975,0,,,,"LOINC:LA32-8| LOINC:LA33-6","No| Yes","45878245| 45877994","snomed:49436004","Atrial fibrillation",313217,,,,,,,"Measurement","Visit1/baseline",40766819,"Baseline time","loinc:64103-5"
"FRUTTA","Fruit at baseline","INT",,"2 = never | 3 =2-3 times a week | 4 = once a day | 5= >1 times a day",1,6973,2,2,5,,"SNOMED:444841000124107| LOINC:LA26463-2| LOINC:LA13897-6| SNOMED:1411000175107","Never| 2 or 3 times per week| once a day| more than once a day","763692| 42531019| 45876378| 761069","snomed:72511004","Fruit",4217045,,,,,,,"Observation","Visit1/baseline",40766819,"Baseline time","loinc:64103-5"
"FUROSEMI","Furosemide at baseline","INT",,"2=No | 3=Yes",1,6975,0,2,3,,"LOINC:LA32-8| LOINC:LA33-6","No| Yes","45878245| 45877994","rxnorm:4603","Furosemide",956874,,,,,,,"Drug_Exposure","Visit1/baseline",40766819,"Baseline time","loinc:64103-5"
"GBIANCHI","White blood cells (mm3) at baseline","FLOAT","mm3",,,6922,53,1019,25500,,,,,"snomed:1110441000000100","White blood cell count in blood",37208925,,,,"cubic millimeter","ucum:mm3",8686,"Measurement","Visit1/baseline",40766819,"Baseline time","loinc:64103-5"
"GLICEMIA","Glycemia (mg/dl) at baseline","FLOAT","mg/dl",,,6897,78,37,520,,,,,"Snomed:33747003","“Glucose measurement, blood”",4144235,,,,"milligram per deciliter","ucum:mg/dL",8840,"Measurement","Visit1/baseline",40766819,"Baseline time","loinc:64103-5"
"HBGLICO","Glycated hemoglobin (%) at baseline","FLOAT",,,,5698,1277,1.8,20,,,,,"loinc:4548-4","Hemoglobin A1c/Hemoglobin.total in Blood",3004410,,,,,,,"Measurement","Visit1/baseline",40766819,"Baseline time","loinc:64103-5"
"IDRALAZ","Hydralazine at baseline","INT",,"2=No | 3=Yes",1,6975,0,2,3,,"LOINC:LA32-8| LOINC:LA33-6","No| Yes","45878245| 45877994","rxnorm:5470","Hydralazine",1373928,,,,,,,"Drug_Exposure","Visit1/baseline",40766819,"Baseline time","loinc:64103-5"
"INSMITRA","Mitral Insufficiency at baseline","INT",," 2 = no | 3 = yes",1,6975,0,2,3,,"LOINC:LA32-8| LOINC:LA33-6","No| yes","45878245| 45877994","snomed:48724000","Mitral valve regurgitation",443962,,,,,,,"Measurement","Visit1/baseline",40766819,"Baseline time","loinc:64103-5"
"INTENZIO","Intentional weight loss (If weight loss >= 2 kg) at baseline","INT",,"1 = no weight loss | 2 = no | 3 = yes",,6975,0,1,3,,"snomed:83421005| LOINC:LA32-8| LOINC:LA33-6","failure to lose weight|no|yes","4308415 | 45878245| 45877994","snomed:416528001","intentional weight loss",4214302,,,,,,,"Measurement","Visit1/baseline",40766819,"Baseline time","loinc:64103-5"
"IPERVENT","Left ventricular hypertrophy at baseline","STR",,"F = No | T = Yes",,6975,0,,,,"LOINC:LA32-8| LOINC:LA33-6","No| Yes","45878245| 45877994","snomed:55827005","Left ventricular hypertrophy",4184746,,,,,,,"Measurement","Visit1/baseline",40766819,"Baseline time","loinc:64103-5"
"LALT","Lower limit of reference range  ALT (U/L) at baseline","FLOAT","U/L",,,4204,2771,1,30,,,,,"loinc:76625-3","Alanine aminotransferase [Enzymatic activity/volume] in Blood",46235106,"Lower limit of reference range","snomed:385524004",4294191,"unit per liter","ucum:[U]/L",8645,"Measurement","Visit1/baseline",40766819,"Baseline time","loinc:64103-5"
"LAST","Lower of reference range  limit AST (U/L) at baseline","FLOAT","U/L",,,4128,2847,1,21,,,,,"loinc:1920-8","Aspartate aminotransferase [Enzymatic activity/volume] in Serum or Plasma",3013721,"Lower limit of reference range","snomed:385524004",4294191,"unit per liter","ucum:[U]/L",8645,"Measurement","Visit1/baseline",40766819,"Baseline time","loinc:64103-5"
"LATOBB","Bundle branch block side at baseline","INT",,"2 = left | 3=right",1,2347,4628,2,3,,"snomed:7771000|snomed:24028007","Left|Right","4300877|4080761","snomed:6374002","Bundle branch block",313791,"side","snomed:182353008",4112563,,,,"Measurement","Visit1/baseline",40766819,"Baseline time","loinc:64103-5"
"LCKTOT","Lower limit of reference range CK total (U/L) at baseline","FLOAT","U/L",,,4677,2298,1,149,,,,,"loinc:2157-6","creatine kinase [enzymatic activity/volume] in serum or plasma",3007220,"Lower limit of reference range","snomed:385524004",4294191,"unit per liter","ucum:[U]/L",8645,"Measurement","Visit1/baseline",40766819,"Baseline time","loinc:64103-5"
"LISINO","Lisinopril at baseline","INT",,"2=No | 3=Yes",1,6975,0,2,3,,"LOINC:LA32-8| LOINC:LA33-6","No| Yes","45878245| 45877994","rxnorm:29046","Lisonorpil",1308216,,,,,,,"Drug_Exposure","Visit1/baseline",40766819,"Baseline time","loinc:64103-5"
"MESEDIA","Month first diagnosis of HF","INT",,,,6637,338,1,12,,,,,"snomed:84114007","heart failure",316139,"date of diagnosis|month","loinc:63931-0|snomed:258706009","40766651|4122392",,,,"Condition_era","Visit1/baseline",40766819,"Baseline time","loinc:64103-5"
"METO","Metoprolol at baseline","INT",,"2=No | 3=Yes",1,6975,0,2,3,,"LOINC:LA32-8| LOINC:LA33-6","No| Yes","45878245| 45877994","rxnorm:6918","Metoprolol",1307046,,,,,,,"Drug_Exposure","Visit1/baseline",40766819,"Baseline time","loinc:64103-5"
"METOFE","Method of measurement Left Ventricular Ejection Fraction (LVEF)","INT",,"2 = Echocardiography | 3 = Scintigraphy | 4 = Ventriculography",1,6975,0,2,4,,"LOINC:LA7215-2| cdisc:C62667| SNOMED:252426003","Echocardiography| SCINTIGRAPHY| Ventriculography","45876598| 37531525|4098040","snomed:250908004","Left ventricular ejection fraction",4108582,"Measurement method","snomed:370129005",4152892,,,,"Condition_occurrence","Visit1/baseline",40766819,"Baseline time","loinc:64103-5"
"MPREANGI","Month Coronary angioplasty (only if Coronary angioplasty=Yes) at baseline","INT",,,,825,6150,1,12,,,,,"snomed:41339005","Coronary angioplasty",4184832,"Month","snomed:258706009",4122392,,,,"Condition_occurrence","Visit1/baseline",40766819,"Baseline time","loinc:64103-5"
"MPREBYP","Month CABG (only if Coronary Artery Bypass Graft=Yes) at baseline","INT",,,,1163,5812,1,12,,,,,"Snomed:232717009","Coronary Artery Bypass Graft",4336464,"Year","snomed:258707000",4119673,,,,"Condition_occurrence","Visit1/baseline",40766819,"Baseline time","loinc:64103-5"
"MPREIMA","Month Acute Myocardial Infarction (if Acute Myocardial Infarction=Yes) at baseline","INT",,,,2544,4431,1,12,,,,,"snomed:57054005","Acute Myocardial Infarction",312327,"Month","snomed:258706009",4122392,,,,"Condition_occurrence","Visit1/baseline",40766819,"Baseline time","loinc:64103-5"
"MPREOSPE","Month last hospitalizations for HF during last year (only if Hospitalization for HF=Yes) at baseline","INT",,,,3375,3600,1,12,,,,,"snomed:416683003","Emergency hospital admission for heart failure",4215511,"Month|within past year","snomed:258706009|snomed:2511000175103","4122392|765460",,,,"Condition_occurrence","Visit1/baseline",40766819,"Baseline time","loinc:64103-5"
"MPRETRAP","Month registration in waiting list for cardiac transplantation (only if waiting list for cardiac transplantation=Yes) at baseline","INT",,,,36,6939,1,12,,,,,"snomed:471300007","on waiting list for organ transplant",43020581,"Month|patient registration|Transplantation of heart","snomed:258706009|snomed:184047000|snomed:32413006","4122392|4086442|4137127",,,,"Condition_occurrence","Visit1/baseline",40766819,"Baseline time","loinc:64103-5"
"NA_baseline","Serum Sodium (mmol/L) at baseline","FLOAT","mmol/L",,,6915,60,100,160,,,,,"loinc:2951-2","Sodium [Moles/volume] in Serum or Plasma",3019550,,,,"millimole per liter","ucum:mmol/L",8753,"Measurement","Visit1/baseline",40766819,"Baseline time","loinc:64103-5"
"NIFED","Nifedipine at baseline","INT",,"2=No | 3=Yes",1,6975,0,2,3,,"LOINC:LA32-8| LOINC:LA33-6","No| Yes","45878245| 45877994","rxnorm:7417","Nifedipine",1318853,,,,,,,"Drug_Exposure","Visit1/baseline",40766819,"Baseline time","loinc:64103-5"
"NITRATI","Nitrates at baseline","INT",,"2=No | 3=Yes",1,6975,0,2,3,,"LOINC:LA32-8| LOINC:LA33-6","No| Yes","45878245| 45877994","atc:C01DA","Organic nitrates",21600316,,,,,,,"Drug_Exposure","Visit1/baseline",40766819,"Baseline time","loinc:64103-5"
"NPREOSPE","Number of hospitalizations for HF during last year (only if Hospitalization for HF=Yes) at baseline","INT",,,,3383,3592,1,10,,,,,"snomed:416683003","Emergency hospital admission for heart failure",4215511,"Number of admissions|within past year","snomed:298060002|snomed:2511000175103","4177621|765460",,,,"Condition_occurrence","Visit1/baseline",40766819,"Baseline time","loinc:64103-5"
"NYHA","NYHA Class at baseline","INT",,"2 = I | 3 = II | 4 = III | 5 = IV",1,6975,0,3,5,,"snomed:420300004| snomed:421704003| snomed:420913000| snomed:422293003","New York Heart Association Classification - Class I| New York Heart Association Classification - Class II| New York Heart Association Classification - Class III| New York Heart Association Classification - Class IV","4220607| 4226789| 4227345| 4228881","snomed:420816009","new york heart association classification",4223299,,,,,,,"Measurement","Visit1/baseline",40766819,"Baseline time","loinc:64103-5"
"OLIVA","Olive oil at baseline","INT",,"2 = never | 3 = sometimes | 4 = frequently | 5 = on a regular basis",1,6972,3,2,5,,"LOINC:LA6270-8| LOINC:LA10082-8| LOINC:LA6482-9| SNOMED:307430002","Never| sometimes| frequently| regular frequency","45876662| 45882528| 45883983| 4146463","snomed:41834005","Olive oil",4216445,,,,,,,"Observation","Visit1/baseline",40766819,"Baseline time","loinc:64103-5"
"ONDEQ","Pathological Q waves at baseline","STR",,"F = No | T = Yes",,6975,0,,,,"LOINC:LA32-8| LOINC:LA33-6","No| Yes","45878245| 45877994","snomed:164918000","Pathological Q wave",4065387,,,,,,,"Measurement","Visit1/baseline",40766819,"Baseline time","loinc:64103-5"
"OPENSTAT","Statins open labeled at baseline","INT",,"2=No | 3=Yes",1,6975,0,2,3,,"LOINC:LA32-8| LOINC:LA33-6","No| Yes","45878245| 45877994","atc:C10AA","hmg-coa reductase inhibitor",21601855,,,,,,,"Drug_Exposure","Visit1/baseline",40766819,"Baseline time","loinc:64103-5"
"PAD","Diastolic blood pressure (mmHg) at baseline","FLOAT","mmHg",,,6971,4,45,126,,,,,"loinc:8462-4","Diastolic blood pressure",3012888,,,,"millimeter mercury column","ucum:mm[Hg]",8876,"Measurement","Visit1/baseline",40766819,"Baseline time","loinc:64103-5"
"PAS","Systolic blood pressure (mmHg) at baseline","FLOAT","mmHg",,,6971,4,70,220,,,,,"loinc:8480-6","Systolic blood pressure",3004249,,,,"millimeter mercury column","ucum:mm[Hg]",8876,"Measurement","Visit1/baseline",40766819,"Baseline time","loinc:64103-5"
"PESCE","Fish at baseline","INT",,"2 = never | 3 = once a week | 4 = 2 times a week | 5 = 3+ times a week",1,6973,2,2,5,,"LOINC:LA6270-8| LOINC:LA26461-6| SNOMED:229800002| LOINC:LA6396-1","Never| once a week| twice weekly| Three or more times per week","45876662|42531017| 4047143| 45877752","snomed:735971005","Fish",42539493,,,,,,,"Observation","Visit1/baseline",40766819,"Baseline time","loinc:64103-5"
"PESO6M","Weight (kg) 6 months before baseline visit","FLOAT","Kilogram",,,6944,31,37,180,,,,,"loinc:29463-7","Body weight",3025315,,,,"kilogram","ucum:kg",9529,"Measurement","prior to baseline visit",2000000022,"6 months prior to baseline","icare:icv2000000022"
"PESOATT","Weight (kg) at baseline","FLOAT","Kilogram",,,6974,1,35,170,,,,,"loinc:29463-7","Body weight",3025315,,,,"kilogram","ucum:kg",9529,"Measurement","Visit1/baseline",40766819,"Baseline time","loinc:64103-5"
"POTASSIO","Serum potassium (mmol/L) at baseline","FLOAT","mmol/L",,,6911,64,2.39,7.4,,,,,"loinc:2823-3","Potassium [Moles/volume] in Serum or Plasma",3023103,,,,"millimole per liter","ucum:mmol/L",8753,"Measurement","Visit1/baseline",40766819,"Baseline time","loinc:64103-5"
"PREANG","Angina pectoris at baseline","INT",,"2 = no | 3 = yes",1,6975,0,2,3,,"LOINC:LA32-8| LOINC:LA33-6","No| yes","45878245| 45877994","snomed:194828000","Angina pectoris",321318,,,,,,,"Condition_occurrence","Visit1/baseline",40766819,"Baseline time","loinc:64103-5"
"PREANGIO","Coronary angioplasty at baseline","INT",,"2 = no | 3 = yes",1,6975,0,2,3,,"LOINC:LA32-8| LOINC:LA33-6","No| yes","45878245| 45877994","snomed:41339005","Coronary angioplasty",4184832,,,,,,,"Condition_occurrence","Visit1/baseline",40766819,"Baseline time","loinc:64103-5"
"PREARTER","Transient Ischemic Attack at baseline","INT",,"2 = no | 3 = yes",1,6975,0,2,3,,"LOINC:LA32-8| LOINC:LA33-6","No| yes","45878245| 45877994","loinc:LA14278-8","Transient Ischemic Attack",45876543,,,,,,,"Condition_occurrence","Visit1/baseline",40766819,"Baseline time","loinc:64103-5"
"PREBPCO","Chronic Obstructive Pulmonary Disease at baseline","INT",,"2 = no | 3 = yes",1,6975,0,2,3,,"LOINC:LA32-8| LOINC:LA33-6","No| yes","45878245| 45877994","snomed:13645005","Chronic obstructive pulmonary disease",255573,,,,,,,"Condition_occurrence","Visit1/baseline",40766819,"Baseline time","loinc:64103-5"
"PREBYP","Coronary Artery Bypass Graft at baseline","INT",,"2 = no | 3 = yes",1,6975,0,2,3,,"LOINC:LA32-8| LOINC:LA33-6","No| yes","45878245| 45877994","Snomed:232717009","Coronary Artery Bypass Graft",4336464,"Month","snomed:258706009",4122392,,,,"Condition_occurrence","Visit1/baseline",40766819,"Baseline time","loinc:64103-5"
"PREDEFIB","Implantable defibrillator at baseline","INT",,"2 = no | 3 = yes",1,6975,0,2,3,,"LOINC:LA32-8| LOINC:LA33-6","No| yes","45878245| 45877994","snomed:72506001","Implantable defibrillator",4217646,,,,,,,"Condition_occurrence","Visit1/baseline",40766819,"Baseline time","loinc:64103-5"
"PREDESNE","Description neoplasia (only if Neoplasia=Yes) at baseline","STR",,,,256,6719,,,,,,,"snomed:275904003","History of neoplasm",4078300,"Description","loinc:LP6800-9",1029623,,,,"Condition_occurrence","Visit1/baseline",40766819,"Baseline time","loinc:64103-5"
"PREDIAB","Diabetes mellitus at baseline","INT",,"2 = no | 3 = yes",1,6975,0,2,3,,"LOINC:LA32-8| LOINC:LA33-6","No| yes","45878245| 45877994","snomed:73211009","Diabetes mellitus",201820,,,,,,,"Condition_occurrence","Visit1/baseline",40766819,"Baseline time","loinc:64103-5"
"PREDIETA","Diet for therapy of diabetes mellitus (only if Diabetes=Yes) at baseline","STR",,"F = no | T = yes",,6975,0,,,,"LOINC:LA32-8| LOINC:LA33-6","No| yes","45878245| 45877994","snomed:226077000","therapeutic diet",4027003,"diabetes mellitus","Snomed:73211009",201820,,,,"Condition_occurrence","Visit1/baseline",40766819,"Baseline time","loinc:64103-5"
"PREFA","Paroxysmal atrial fibrillation at baseline","INT",,"2 = no | 3 = yes",1,6975,0,2,3,,"LOINC:LA32-8| LOINC:LA33-6","No| yes","45878245| 45877994","snomed:282825002","Paroxysmal atrial fibrillation",4154290,,,,,,,"Condition_occurrence","Visit1/baseline",40766819,"Baseline time","loinc:64103-5"
"PREFUMO","Cigarette smoking at baseline","INT",,"2 = never smoked | 3 = current smoker | 4 = ex-smoker",1,6975,0,2,4,,"loinc:LA18978-9|loinc:LA20356-4|loinc:LA15920-4","Never smoker|Current smoker|Former smoker","45879404|36309332|45883458","snomed:1311000175101","Smoking assessment",761009,,,,,,,"Condition_occurrence","Visit1/baseline",40766819,"Baseline time","loinc:64103-5"
"PREGLIC","Oral glucose lowering therapy for DM (only if Diabetes=Yes) at baseline","STR",,"F = no | T = yes",,6975,0,,,,"LOINC:LA32-8| LOINC:LA33-6","No| yes","45878245| 45877994","atc:A10B","BLOOD GLUCOSE LOWERING DRUGS EXCL.INSULINS",21600744,"diabetes mellitus","Snomed:73211009",201820,,,,"Condition_occurrence","Visit1/baseline",40766819,"Baseline time","loinc:64103-5"
"PREICTUS","Stroke at baseline","INT",,"2 = no | 3 = yes",1,6975,0,2,3,,"LOINC:LA32-8| LOINC:LA33-6","No| yes","45878245| 45877994","loinc:LA22099-8","Stroke",36210384,,,,,,,"Condition_occurrence","Visit1/baseline",40766819,"Baseline time","loinc:64103-5"
"PREIMA","Acute Myocardial Infarction at baseline","INT",,"2 = no | 3 = yes",1,6975,0,2,3,,"LOINC:LA32-8| LOINC:LA33-6","No| yes","45878245| 45877994","snomed:57054005","Acute Myocardial Infarction",312327,,,,,,,"Condition_occurrence","Visit1/baseline",40766819,"Baseline time","loinc:64103-5"
"PREINSU","Insulin for therapy of Diabetes (only if Diabetes=Yes) at baseline","STR",,"F = no | T = yes",,6975,0,,,,"LOINC:LA32-8| LOINC:LA33-6","No| yes","45878245| 45877994","atc:A10A","INSULINS AND ANALOGUES",21600713,"diabetes mellitus","Snomed:73211009",201820,,,,"Condition_occurrence","Visit1/baseline",40766819,"Baseline time","loinc:64103-5"
"PREIPER","Story of hypertension at baseline","INT",,"2 = no | 3 = yes",1,6975,0,2,3,,"LOINC:LA32-8| LOINC:LA33-6","No| yes","45878245|45877994","snomed:38341003","Hypertensive disorder",316866,,,,,,,"Condition_occurrence","Visit1/baseline",40766819,"Baseline time","loinc:64103-5"
"PRENEO","Neoplasia at baseline","INT",,"2 = no | 3 = yes",1,6975,0,2,3,,"LOINC:LA32-8| LOINC:LA33-6","No|yes","45878245| 45877994","snomed:275904003","History of neoplasm",4078300,,,,,,,"Condition_occurrence","Visit1/baseline",40766819,"Baseline time","loinc:64103-5"
"PREOSPE","Hospitalization for worsening HF during last year at baseline","INT",,"2 = no | 3 = yes",1,6975,0,2,3,,"LOINC:LA32-8| LOINC:LA33-6","No| yes","45878245|45877994","snomed:416683003","Emergency hospital admission for heart failure",4215511,"Reason for hospitalization|within past year","loinc:86947-9|snomed:2511000175103","36305514|765460",,,,"Condition_occurrence","Visit1/baseline",40766819,"Baseline time","loinc:64103-5"
"PREPACE","Definitive pace maker at baseline","INT",,"2 = no | 3 = yes",1,6975,0,2,3,,"LOINC:LA32-8| LOINC:LA33-6","No| yes","45878245| 45877994","snomed:14106009","Cardiac pacemaker",4030875,,,,,,,"Condition_occurrence","Visit1/baseline",40766819,"Baseline time","loinc:64103-5"
"PRETRAP","Patient in waiting list for cardiac transplantation at baseline","INT",,"2 = no | 3 = yes",1,6975,0,2,3,,"LOINC:LA32-8| LOINC:LA33-6","No| yes","45878245| 45877994","snomed:471300007","on waiting list for organ transplant",43020581,"Transplantation of heart","snomed:32413006",4137127,,,,"Condition_occurrence","Visit1/baseline",40766819,"Baseline time","loinc:64103-5"
"PVC","Central Venous Pressure > 6 cm H20 at baseline","INT",," 2 = no | 3 = yes",1,6975,0,1,3,,"LOINC:LA32-8| LOINC:LA33-6","No| yes","45878245| 45877994","icare:icv2000000057","Mildly elevated right-atrial pressure",2000000057,"Central venous pressure","snomed:71420008",4323687,,,,"Condition_occurrence","Visit1/baseline",40766819,"Baseline time","loinc:64103-5"
"RAMIP","Ramipril at baseline","INT",,"2=No | 3=Yes",1,6975,0,2,3,,"LOINC:LA32-8| LOINC:LA33-6","No| Yes","45878245| 45877994","rxnorm:35296","Ramipril",1334456,,,,,,,"Drug_Exposure","Visit1/baseline",40766819,"Baseline time","loinc:64103-5"
"RANTOBAS","Basal Pulmonary Rales at baseline","INT",," 2 = no | 3 = yes",1,6975,0,2,3,,"LOINC:LA32-8| LOINC:LA33-6","No| yes","45878245| 45877994","snomed:48409008","Respiratory crackles",4167669,"Basal","Snomed:57195005",4238021,,,,"Measurement","Visit1/baseline",40766819,"Baseline time","loinc:64103-5"
"RANTOMED","Mid-apical pulmonary rales at baseline","INT",," 2 = no | 3 = yes",1,6975,0,2,3,,"LOINC:LA32-8| LOINC:LA33-6","No| yes","45878245| 45877994","snomed:48409008","Respiratory crackles",4167669,"apical|mid","snomed:43674008|snomed:255562008","4184475|4116872",,,,"Measurement","Visit1/baseline",40766819,"Baseline time","loinc:64103-5"
"RITMOPM","Rhythm from pacemaker at baseline","STR",,"F = No | T = Yes",,6975,0,,,,"LOINC:LA32-8| LOINC:LA33-6","No| Yes","45878245| 45877994","snomed:10370003","Rhythm from artificial pacing",4304202,,,,,,,"Measurement","Visit1/baseline",40766819,"Baseline time","loinc:64103-5"
"RXDISPO","Chest X ray available at baseline","INT",,"2 = no | 3 = X-ray present",1,6975,0,2,3,,"LOINC:LA32-8| LOINC:LA16043-4","No| Chest x-ray","45878245| 45876814","loinc:LA16043-4","Chest X-ray",45876814,,,,,,,"Measurement","Visit1/baseline",40766819,"Baseline time","loinc:64103-5"
"SARTANI","Sartans at baseline","INT",,"2=No | 3=Yes",1,6975,0,2,3,,"LOINC:LA32-8| LOINC:LA33-6","No| Yes","45878245| 45877994","atc:C09CA","""Angiotensin II receptor blockers (ARBs), plain""",21601823,,,,,,,"Drug_Exposure","Visit1/baseline",40766819,"Baseline time","loinc:64103-5"
"SEMI","Seed oil at baseline","INT",,"2 = never | 3 = sometimes | 4 = frequently | 5 = on a regular basis",1,6973,2,2,5,,"LOINC:LA6270-8| LOINC:LA10082-8| LOINC:LA6482-9| SNOMED:307430002","Never| sometimes| frequently| regular frequency","45876662| 45882528| 45883983| 4146463","snomed:21847005","Oil",4071021,,,,,,,"Observation","Visit1/baseline",40766819,"Baseline time","loinc:64103-5"
"SESSO","Gender","INT",,"1 = Male | 2= Female",,6975,0,1,2,,"LOINC:LA2-8| LOINC:LA3-6","Male| Female","45880669| 45878463","loinc:76689-9","Sex assigned at birth",46235213,,,,,,,"Person","Visit1/baseline",40766819,"Baseline time","loinc:64103-5"
"SIBIPOL","Pulmonary rales at baseline","INT",," 2 = no | 3 = yes",1,6975,0,2,3,,"LOINC:LA32-8| LOINC:LA33-6","No| yes","45878245| 45877994","snomed:48409008","Respiratory crackles",4167669,,,,,,,"Measurement","Visit1/baseline",40766819,"Baseline time","loinc:64103-5"
"SILDENAF","Sildenafil at baseline","INT",,"2=No | 3=Yes",1,6975,0,2,3,,"LOINC:LA32-8| LOINC:LA33-6","No| Yes","45878245| 45877994","Rxnorm:136411","Sildenafil",1316262,,,,,,,"Drug_Exposure","Visit1/baseline",40766819,"Baseline time","loinc:64103-5"
"SIV","Diastolic thickness SIV","INT","mm",,,2978,3997,3,24,,,,,"loinc:LP73510-7","Thickness diastolic",1031196,,,,"millimeter","ucum:mm",8588,"Measurement","Visit1/baseline",40766819,"Baseline time","loinc:64103-5"
"SPECNO","If alcohol NO type of non-consumption at baseline","INT",," 3 = PAST | 4 = NEVER",,2358,4617,3,4,,"LOINC:LA28393-9|LOINC:LA6270-8","Former user|never","36307819|45876662","snomed:105542008","non - drinker",4022664,,,,,,,"Observation","Visit1/baseline",40766819,"Baseline time","loinc:64103-5"
"SPIRONO","Spironolactone at baseline","INT",,"2=No | 3=Yes",1,6975,0,2,3,,"LOINC:LA32-8| LOINC:LA33-6","No| Yes","45878245| 45877994","rxnorm:9997","Spironolactone",970250,,,,,,,"Drug_Exposure","Visit1/baseline",40766819,"Baseline time","loinc:64103-5"
"STENAO","Aortic stenosis at baseline","INT",," 2 = no | 3 = yes",1,6975,0,2,3,,"LOINC:LA32-8|LOINC:LA33-6","No|yes","45878245| 45877994","snomed:60573004","Aortic valve stenosis",4189343,,,,,,,"Measurement","Visit1/baseline",40766819,"Baseline time","loinc:64103-5"
"SUPERAL","Spirits (if alcohol YES) at baseline","INT",,"2 = NO | 3 = sometimes | 4 = 1-2 glasses a day | 5 = 3-4 glasses a day | 6 = 5+ glasses a day",1,4614,2361,2,5,,"LOINC:LA32-8| LOINC:LA10082-8| LOINC:LA26462-4| SNOMED:396112008| loinc:LA13858-8","No| sometimes| 1 or 2 times per day|  Three to four times a day| 5 or more times per day","45878245| 45882528| 42530681| 4244842| 45882530","snomed:6524003","Distilled spirits",4275752,,,,,,,"Observation","Visit1/baseline",40766819,"Baseline time","loinc:64103-5"
"TERAORMO","Hormone Replacement Therapy at baseline","INT",,"2=No | 3=Yes",1,6975,0,2,3,,"LOINC:LA32-8| LOINC:LA33-6","No| Yes","45878245| 45877994","snomed:266717002","Hormone Replacement Therapy",4141760,,,,,,,"Drug_Exposure","Visit1/baseline",40766819,"Baseline time","loinc:64103-5"
"TERTONO","Third sound at baseline","INT",," 2 = no | 3 = yes",1,6975,0,2,3,,"LOINC:LA32-8| LOINC:LA33-6","No| yes","45878245| 45877994","snomed:277455002","Third heart sound",4173821,,,,,,,"Measurement","Visit1/baseline",40766819,"Baseline time","loinc:64103-5"
"TIAZIDI","Thiazides at baseline","INT",,"2=No | 3=Yes",1,6975,0,2,3,,"LOINC:LA32-8| LOINC:LA33-6","No| Yes","45878245| 45877994","snomed:860766002","Thiazides",3655254,,,,,,,"Drug_Exposure","Visit1/baseline",40766819,"Baseline time","loinc:64103-5"
"TRAND","Trandolapril at baseline","INT",,"2=No | 3=Yes",1,6975,0,2,3,,"LOINC:LA32-8| LOINC:LA33-6","No| Yes","45878245| 45877994","rxnorm:38454","Trandolapril",1342439,,,,,,,"Drug_Exposure","Visit1/baseline",40766819,"Baseline time","loinc:64103-5"
"TRATTR1","Treatment R1","STR",,"A = placebo | B = n-3 PUFA",,6975,0,,,,"SNOMED:725001000000101| SNOMED:871563004","Placebo| essential fatty acids","44804245| 3656054","loinc:LA13405-8","Treatment given",45884445,"first","snomed:255216001",4112230,,,,"Drug_Exposure","Notvisitrelated",,,
"TRATTR2","Treatment R2","STR",,"C = placebo | D = rosuvastatin",,4574,2401,,,,"SNOMED:725001000000101| rxnorm:301542","Placebo| Rosuvastatin","44804245|1510813","loinc:LA13405-8","Treatment given ",45884445,"second","snomed:81170007",4217781,,,,"Drug_Exposure","Notvisitrelated",,,
"TRIGLI","Triglycerides (mg/dl) at baseline","FLOAT","mg/dl",,,6892,83,19,1616,,,,,"loinc:14927-8","Triglyceride [Moles/volume] in Serum or Plasma",3025839,,,,"milligram per deciliter","ucum:mg/dL",8840,"Measurement","Visit1/baseline",40766819,"Baseline time","loinc:64103-5"
"UALT","Upper limit of reference range  ALT (U/L) at baseline","FLOAT","U/L",,,6962,13,22,72,,,,,"loinc:76625-3","Alanine aminotransferase [Enzymatic activity/volume] in Blood",46235106,"Upper limit of reference range","snomed:371933006",4162853,"unit per liter","ucum:[U]/L",8645,"Measurement","Visit1/baseline",40766819,"Baseline time","loinc:64103-5"
"UAST","Upper limit of reference range  AST (U/L) at baseline","FLOAT","U/L",,,6962,13,19,66,,,,,"loinc:1920-8","Aspartate aminotransferase [Enzymatic activity/volume] in Serum or Plasma",3013721,"Upper limit of reference range","snomed:371933006",4162853,"unit per liter","ucum:[U]/L",8645,"Measurement","Visit1/baseline",40766819,"Baseline time","loinc:64103-5"
"UCKTOT","Upper limit of reference range CK total (U/L) at baseline","FLOAT","U/L",,,6962,13,70,397,,,,,"loinc:2157-6","creatine kinase [enzymatic activity/volume] in serum or plasma",3007220,"Upper limit of reference range","snomed:371933006",4162853,"unit per liter","ucum:[U]/L",8645,"Measurement","Visit1/baseline",40766819,"Baseline time","loinc:64103-5"
"URICE","Uricemia (mg/dl) at baseline","FLOAT","mg/dl",,,6683,292,0.6,23,,,,,"loinc:3084-1","urate [mass/volume] in serum or plasma",3037556,,,,"milligram per deciliter","ucum:mg/dL",8840,"Measurement","Visit1/baseline",40766819,"Baseline time","loinc:64103-5"
"V1_hsCRP","C-reactive protein high sensitivity at baseline","FLOAT","mg/l",,999.99,984,260,0.09,999.99,,,,,"loinc:30522-7","c reactive protein [mass/volume] in serum or plasma by high sensitivity method",3010156,,,,"milligram per liter","ucum:mg/L",8751,"Measurement","Visit1/baseline",40766819,"Baseline time","loinc:64103-5"
"V1_hsTnT","cardiac troponin T high sensitivity at baseline","FLOAT","pg/ml",,,1231,13,0.854,635.2,,,,,"loinc:89576-3","troponin t.cardiac panel - serum or plasma by high sensitivity method",36303871,,,,"picogram per milliliter","ucum:pg/mL",8845,"Measurement","Visit1/baseline",40766819,"Baseline time","loinc:64103-5"
"V1_NT_proBNP","pro-brain natriuretic peptide at baseline","FLOAT","pg/ml",,,1231,13,5,29572,,,,,"loinc:33762-6","Natriuretic peptide.B prohormone N-Terminal [Mass/volume] in Serum or Plasma",3029187,,,,"picogram per milliliter","ucum:pg/mL",8845,"Measurement","Visit1/baseline",40766819,"Baseline time","loinc:64103-5"
"V1_PTX3","PTX3 protein  at baseline","FLOAT","ng/ml",,,694,550,0.1,23.04,,,,,"OMOPGenomic:9692","PTX3 (pentraxin 3) gene variant measurement",35949131,,,,"nanogram per milliliter","ucum:ng/mL",8842,"Measurement","Visit1/baseline",40766819,"Baseline time","loinc:64103-5"
"V2_hsCRP","C-reactive protein high sensitivity lead v2 at 3 month follow-up","FLOAT","mg/l",,,752,492,0.1,148.54,,,,,"loinc:30522-7","c reactive protein [mass/volume] in serum or plasma by high sensitivity method",3010156,,,,"milligram per liter","ucum:mg/L",8751,"Measurement","Visit4/3months",44789369,"follow-up 3 months","snomed:200521000000107"
"V2_hsTnT","cardiac troponin T high sensitivity at 3 month follow-up","FLOAT","pg/ml",,,1070,174,0.545,2507,,,,,"loinc:89576-3","troponin t.cardiac panel - serum or plasma by high sensitivity method",36303871,,,,"picogram per milliliter","ucum:pg/mL",8845,"Measurement","Visit4/3months",44789369,"follow-up 3 months","snomed:200521000000107"
"V2_NT_proBNP","pro-brain natriuretic peptide at 3 month follow-up","FLOAT","pg/ml",,,1069,175,11.2,34070,,,,,"loinc:33762-6","Natriuretic peptide.B prohormone N-Terminal [Mass/volume] in Serum or Plasma",3029187,,,,"picogram per milliliter","ucum:pg/mL",8845,"Measurement","Visit4/3months",44789369,"follow-up 3 months","snomed:200521000000107"
"V2_PTX3","PTX3 protein  at 3 month follow-up","FLOAT","ng/ml",,,693,551,0.1,45.2,,,,,"OMOPGenomic:9692","PTX3 (pentraxin 3) gene variant measurement",35949131,,,,"nanogram per milliliter","ucum:ng/mL",8842,"Measurement","Visit4/3months",44789369,"follow-up 3 months","snomed:200521000000107"
"VALFE","Value of Left Ventricular Ejection Fraction (LVEF)(%)","INT",,,,6975,0,10,87,,,,,"snomed:250908004","Left ventricular ejection fraction",4108582,,,,,,,"Measurement","Visit1/baseline",40766819,"Baseline time","loinc:64103-5"
"VALUECG","ECG evaluation at baseline","INT",,"2 = normal | 3 = abnormal",1,6973,2,2,3,,"snomed:17621005|snomed:263654008","Normal | Abnormal","4069590|4135493","loinc:LP149975-7","ECG",1011679,"evaluation","snomed:723051000000101",44803879,,,,"Measurement","Visit1/baseline",40766819,"Baseline time","loinc:64103-5"
"VERAP","Verapamil at baseline","INT",,"2=No | 3=Yes",1,6975,0,2,3,,"LOINC:LA32-8| LOINC:LA33-6","No| Yes","45878245| 45877994","rxnorm:11170","Verapamil",1307863,,,,,,,"Drug_Exposure","Visit1/baseline",40766819,"Baseline time","loinc:64103-5"
"VERCOTTA","Cooked vegetables at baseline","INT",,"2 = never | 3 =2-3 times a week | 4 = once a day | 5= >1 times a day",1,6973,2,2,5,,"SNOMED:444841000124107| LOINC:LA26463-2| LOINC:LA13897-6| SNOMED:1411000175107","Never| 2 or 3 times per week| once a day| more than once a day","763692| 42531019| 45876378| 761069","snomed:444011000124102","Cooked vegetables",763625,,,,,,,"Observation","Visit1/baseline",40766819,"Baseline time","loinc:64103-5"
"VERCRUDA","Raw vegetables at baseline","INT",,"2 = never | 3 =2-3 times a week | 4 = once a day | 5= >1 times a day",1,6973,2,2,5,,"SNOMED:444841000124107| LOINC:LA26463-2| LOINC:LA13897-6| SNOMED:1411000175107","Never| 2 or 3 times per week| once a day| more than once a day","763692| 42531019| 45876378| 761069","snomed:314115004","Raw vegetables",4193035,,,,,,,"Observation","Visit1/baseline",40766819,"Baseline time","loinc:64103-5"
"VERPLEU","Bilateral pleural effusions at baseline","INT",," 2 = no | 3 = yes",1,2217,4758,2,3,,"LOINC:LA32-8| LOINC:LA33-6","No| yes","45878245| 45877994","snomed:425802001","Bilateral pleural effusions",4140910,,,,,,,"Measurement","Visit1/baseline",40766819,"Baseline time","loinc:64103-5"
"VINO","Wine (if alcohol YES) at baseline","INT",,"2 = NO | 3 = sometimes | 4 = 1-2 glasses a day | 5 = 3-4 glasses a day | 6 = 5+ glasses a day",1,4614,2361,2,6,,"LOINC:LA32-8| LOINC:LA10082-8| LOINC:LA26462-4| SNOMED:396112008| loinc:LA13858-8","No| sometimes| 1 or 2 times per day|  Three to four times a day| 5 or more times per day","45878245| 45882528| 42530681| 4244842| 45882530","snomed:35748005","Wine",4262278,,,,,,,"Observation","Visit1/baseline",40766819,"Baseline time","loinc:64103-5"
"VOLDIA","End diastolic Volume","INT","mL",,,3117,3858,40,998,,,,,"loinc:75988-6","Left ventricular End diastolic volume",21490770,,,,"milliliter","ucum:mL",8587,"Measurement","Visit1/baseline",40766819,"Baseline time","loinc:64103-5"
"VOLSIS","End systolic Volume","INT","mL",,,2892,4083,16,777,,,,,"loinc:75989-4","Left ventricular End systolic volume",21490771,,,,"milliliter","ucum:mL",8587,"Measurement","Visit1/baseline",40766819,"Baseline time","loinc:64103-5"
"V3_VISEFF","Type of contact","INT",,"2=Clinical visit | 3=Not visited",,6975,0,,,,"LOINC:LA33-6|LOINC:LA32-8","Yes| No","45877994| 45878245","SNOMED:185389009","Follow-up visit",4089050,,,,,,,"Visit_occurrence","Visit3/1month",4081745,"follow-up 1 month","snomed:183623000"
"V3_DATAVIS","Visit date","DATETIME",,,,6975,0,09/05/02,01/20/06,,,,,"SNOMED:406543005","Date of visit",4231970,,,,,,,"Visit_occurrence","Visit3/1month",4081745,"follow-up 1 month","snomed:183623000"
"V3_CAUNOEFF","Reason visit not done","INT",,"1=Not applicable | 2=Deceased | 3=Hospitalized | 4=Follow-up by phone call | 5=Unreachable | 6=Withdrawn consent",,6975,0,,,,"SNOMED:385432009 | LOINC:LA10939-9 | LOINC:LA15417-1 | LOINC:39271-2 | LOINC:LA33307-2 | SNOMED:871401000000109 ","Not applicable | Deceased | Hospitalized | Follow-up (referred to) provider /specialist, phone CPHS | Unreachable | Withdrawn consent","4294169 | 45885033 | 45884746 | 3042600 | 1990340 | 44810920","LOINC:29298-7","Reason for visit",3025141,"Not performed","SNOMED:262008008 ",4118638,,,,"Visit_occurrence","Visit3/1month",4081745,"follow-up 1 month","snomed:183623000"
"V4_VISEFF","Type of contact","INT",,"2=Clinical visit | 3=Not visited",,6914,61,,,,"LOINC:LA33-6|LOINC:LA32-8","Yes| No","45877994| 45878245","SNOMED:185389009","Follow-up visit",4089050,,,,,,,"Visit_occurrence","Visit4/3months",44789369,"follow-up 3 months","snomed:200521000000107"
"V4_DATAVIS","Visit date","DATETIME",,,,6914,61,11/06/02,09/07/06,,,,,"SNOMED:406543005","Date of visit",4231970,,,,,,,"Visit_occurrence","Visit4/3months",44789369,"follow-up 3 months","snomed:200521000000107"
"V4_CAUNOEFF","Reason visit not done","INT",,"1=Not applicable | 2=Deceased | 3=Hospitalized | 4=Follow-up by phone call | 5=Unreachable | 6=Withdrawn consent",,6914,61,,,,"SNOMED:385432009 | LOINC:LA10939-9 | LOINC:LA15417-1 | LOINC:39271-2 | LOINC:LA33307-2 | SNOMED:871401000000109 ","Not applicable | Deceased | Hospitalized | Follow-up (referred to) provider /specialist, phone CPHS | Unreachable | Withdrawn consent","4294169 | 45885033 | 45884746 | 3042600 | 1990340 | 44810920","LOINC:29298-7","Reason for visit",3025141,"Not performed","SNOMED:262008008 ",4118638,,,,"Visit_occurrence","Visit4/3months",44789369,"follow-up 3 months","snomed:200521000000107"
"V5_VISEFF","Type of contact","INT",,"2=Clinical visit | 3=Not visited",,6811,164,,,,"LOINC:LA33-6|LOINC:LA32-8","Yes| No","45877994| 45878245","SNOMED:185389009","Follow-up visit",4089050,,,,,,,"Visit_occurrence","Visit5/6months",4103967,"follow-up 6 months","snomed:300042001"
"V5_DATAVIS","Visit date","DATETIME",,,,6811,164,01/03/03,07/19/06,,,,,"SNOMED:406543005","Date of visit",4231970,,,,,,,"Visit_occurrence","Visit5/6months",4103967,"follow-up 6 months","snomed:300042001"
"V5_CAUNOEFF","Reason visit not done","INT",,"1=Not applicable | 2=Deceased | 3=Hospitalized | 4=Follow-up by phone call | 5=Unreachable | 6=Withdrawn consent",,6811,164,,,,"SNOMED:385432009 | LOINC:LA10939-9 | LOINC:LA15417-1 | LOINC:39271-2 | LOINC:LA33307-2 | SNOMED:871401000000109 ","Not applicable | Deceased | Hospitalized | Follow-up (referred to) provider /specialist, phone CPHS | Unreachable | Withdrawn consent","4294169 | 45885033 | 45884746 | 3042600 | 1990340 | 44810920","LOINC:29298-7","Reason for visit",3025141,"Not performed","SNOMED:262008008 ",4118638,,,,"Visit_occurrence","Visit5/6months",4103967,"follow-up 6 months","snomed:300042001"
"V6_VISEFF","Type of contact","INT",,"2=Clinical visit | 3=Not visited",,6671,304,,,,"LOINC:LA33-6|LOINC:LA32-8","Yes| No","45877994| 45878245","SNOMED:185389009","Follow-up visit",4089050,,,,,,,"Visit_occurrence","Visit6/12months",4081746,"follow-up 1 year","snomed:183627004"
"V6_DATAVIS","Visit date","DATETIME",,,,6671,304,03/10/03,10/16/06,,,,,"SNOMED:406543005","Date of visit",4231970,,,,,,,"Visit_occurrence","Visit6/12months",4081746,"follow-up 1 year","snomed:183627004"
"V6_CAUNOEFF","Reason visit not done","INT",,"1=Not applicable | 2=Deceased | 3=Hospitalized | 4=Follow-up by phone call | 5=Unreachable | 6=Withdrawn consent",,6671,304,,,,"SNOMED:385432009 | LOINC:LA10939-9 | LOINC:LA15417-1 | LOINC:39271-2 | LOINC:LA33307-2 | SNOMED:871401000000109 ","Not applicable | Deceased | Hospitalized | Follow-up (referred to) provider /specialist, phone CPHS | Unreachable | Withdrawn consent","4294169 | 45885033 | 45884746 | 3042600 | 1990340 | 44810920","LOINC:29298-7","Reason for visit",3025141,"Not performed","SNOMED:262008008 ",4118638,,,,"Visit_occurrence","Visit6/12months",4081746,"follow-up 1 year","snomed:183627004"
"V7_VISEFF","Type of contact","INT",,"2=Clinical visit | 3=Not visited",,6408,567,,,,"LOINC:LA33-6|LOINC:LA32-8","Yes| No","45877994| 45878245","SNOMED:185389009","Follow-up visit",4089050,,,,,,,"Visit_occurrence","Visit7/18months",44789050,"follow-up 18 months","snomed:199591000000102"
"V7_DATAVIS","Visit date","DATETIME",,,,6407,568,11/18/03,01/23/08,,,,,"SNOMED:406543005","Date of visit",4231970,,,,,,,"Visit_occurrence","Visit7/18months",44789050,"follow-up 18 months","snomed:199591000000102"
"V7_CAUNOEFF","Reason visit not done","INT",,"1=Not applicable | 2=Deceased | 3=Hospitalized | 4=Follow-up by phone call | 5=Unreachable | 6=Withdrawn consent",,6408,567,,,,"SNOMED:385432009 | LOINC:LA10939-9 | LOINC:LA15417-1 | LOINC:39271-2 | LOINC:LA33307-2 | SNOMED:871401000000109 ","Not applicable | Deceased | Hospitalized | Follow-up (referred to) provider /specialist, phone CPHS | Unreachable | Withdrawn consent","4294169 | 45885033 | 45884746 | 3042600 | 1990340 | 44810920","LOINC:29298-7","Reason for visit",3025141,"Not performed","SNOMED:262008008 ",4118638,,,,"Visit_occurrence","Visit7/18months",44789050,"follow-up 18 months","snomed:199591000000102"
"V8_VISEFF","Type of contact","INT",,"2=Clinical visit | 3=Not visited",,6142,833,,,,"LOINC:LA33-6|LOINC:LA32-8","Yes| No","45877994| 45878245","SNOMED:185389009","Follow-up visit",4089050,,,,,,,"Visit_occurrence","Visit8/24months",44789049,"follow-up 2 years","snomed:199581000000104"
"V8_DATAVIS","Visit date","DATETIME",,,,6141,834,05/21/04,05/15/08,,,,,"SNOMED:406543005","Date of visit",4231970,,,,,,,"Visit_occurrence","Visit8/24months",44789049,"follow-up 2 years","snomed:199581000000104"
"V8_CAUNOEFF","Reason visit not done","INT",,"1=Not applicable | 2=Deceased | 3=Hospitalized | 4=Follow-up by phone call | 5=Unreachable | 6=Withdrawn consent",,6142,833,,,,"SNOMED:385432009 | LOINC:LA10939-9 | LOINC:LA15417-1 | LOINC:39271-2 | LOINC:LA33307-2 | SNOMED:871401000000109 ","Not applicable | Deceased | Hospitalized | Follow-up (referred to) provider /specialist, phone CPHS | Unreachable | Withdrawn consent","4294169 | 45885033 | 45884746 | 3042600 | 1990340 | 44810920","LOINC:29298-7","Reason for visit",3025141,"Not performed","SNOMED:262008008 ",4118638,,,,"Visit_occurrence","Visit8/24months",44789049,"follow-up 2 years","snomed:199581000000104"
"V9_VISEFF","Type of contact","INT",,"2=Clinical visit | 3=Not visited",,5866,1109,,,,"LOINC:LA33-6|LOINC:LA32-8","Yes| No","45877994| 45878245","SNOMED:185389009","Follow-up visit",4089050,,,,,,,"Visit_occurrence","Visit9/30months",2000000001,"follow-up 30 months","icare:icv2000000001"
"V9_DATAVIS","Visit date","DATETIME",,,,5866,1109,11/04/04,03/20/08,,,,,"SNOMED:406543005","Date of visit",4231970,,,,,,,"Visit_occurrence","Visit9/30months",2000000001,"follow-up 30 months","icare:icv2000000001"
"V9_CAUNOEFF","Reason visit not done","INT",,"1=Not applicable | 2=Deceased | 3=Hospitalized | 4=Follow-up by phone call | 5=Unreachable | 6=Withdrawn consent",,5866,1109,,,,"SNOMED:385432009 | LOINC:LA10939-9 | LOINC:LA15417-1 | LOINC:39271-2 | LOINC:LA33307-2 | SNOMED:871401000000109 ","Not applicable | Deceased | Hospitalized | Follow-up (referred to) provider /specialist, phone CPHS | Unreachable | Withdrawn consent","4294169 | 45885033 | 45884746 | 3042600 | 1990340 | 44810920","LOINC:29298-7","Reason for visit",3025141,"Not performed","SNOMED:262008008 ",4118638,,,,"Visit_occurrence","Visit9/30months",2000000001,"follow-up 30 months","icare:icv2000000001"
"V10_VISEFF","Type of contact","INT",,"2=Clinical visit | 3=Not visited",,5341,1634,,,,"LOINC:LA33-6|LOINC:LA32-8","Yes| No","45877994| 45878245","SNOMED:185389009","Follow-up visit",4089050,,,,,,,"Visit_occurrence","Visit10/36months",2000000004,"follow-up 3 years","icare:icv2000000004"
"V10_DATAVIS","Visit date","DATETIME",,,,5341,1634,05/30/05,02/27/08,,,,,"SNOMED:406543005","Date of visit",4231970,,,,,,,"Visit_occurrence","Visit10/36months",2000000004,"follow-up 3 years","icare:icv2000000004"
"V10_CAUNOEFF","Reason visit not done","INT",,"1=Not applicable | 2=Deceased | 3=Hospitalized | 4=Follow-up by phone call | 5=Unreachable | 6=Withdrawn consent",,5341,1634,,,,"SNOMED:385432009 | LOINC:LA10939-9 | LOINC:LA15417-1 | LOINC:39271-2 | LOINC:LA33307-2 | SNOMED:871401000000109 ","Not applicable | Deceased | Hospitalized | Follow-up (referred to) provider /specialist, phone CPHS | Unreachable | Withdrawn consent","4294169 | 45885033 | 45884746 | 3042600 | 1990340 | 44810920","LOINC:29298-7","Reason for visit",3025141,"Not performed","SNOMED:262008008 ",4118638,,,,"Visit_occurrence","Visit10/36months",2000000004,"follow-up 3 years","icare:icv2000000004"
"V11_VISEFF","Type of contact","INT",,"2=Clinical visit | 3=Not visited",,4223,2752,,,,"LOINC:LA33-6|LOINC:LA32-8","Yes| No","45877994| 45878245","SNOMED:185389009","Follow-up visit",4089050,,,,,,,"Visit_occurrence","Visit11/42months",2000000002,"follow-up 42 months","icare:icv2000000002"
"V11_DATAVIS","Visit date","DATETIME",,,,4223,2752,10/25/05,04/10/08,,,,,"SNOMED:406543005","Date of visit",4231970,,,,,,,"Visit_occurrence","Visit11/42months",2000000002,"follow-up 42 months","icare:icv2000000002"
"V11_CAUNOEFF","Reason visit not done","INT",,"1=Not applicable | 2=Deceased | 3=Hospitalized | 4=Follow-up by phone call | 5=Unreachable | 6=Withdrawn consent",,4223,2752,,,,"SNOMED:385432009 | LOINC:LA10939-9 | LOINC:LA15417-1 | LOINC:39271-2 | LOINC:LA33307-2 | SNOMED:871401000000109 ","Not applicable | Deceased | Hospitalized | Follow-up (referred to) provider /specialist, phone CPHS | Unreachable | Withdrawn consent","4294169 | 45885033 | 45884746 | 3042600 | 1990340 | 44810920","LOINC:29298-7","Reason for visit",3025141,"Not performed","SNOMED:262008008 ",4118638,,,,"Visit_occurrence","Visit11/42months",2000000002,"follow-up 42 months","icare:icv2000000002"
"V12_VISEFF","Type of contact","INT",,"2=Clinical visit | 3=Not visited",,2940,4035,,,,"LOINC:LA33-6|LOINC:LA32-8","Yes| No","45877994| 45878245","SNOMED:185389009","Follow-up visit",4089050,,,,,,,"Visit_occurrence","Visit12/48months",2000000003,"follow-up 48 months","icare:icv2000000003"
"V12_DATAVIS","Visit date","DATETIME",,,,2940,4035,06/07/06,04/07/08,,,,,"SNOMED:406543005","Date of visit",4231970,,,,,,,"Visit_occurrence","Visit12/48months",2000000003,"follow-up 48 months","icare:icv2000000003"
"V12_CAUNOEFF","Reason visit not done","INT",,"1=Not applicable | 2=Deceased | 3=Hospitalized | 4=Follow-up by phone call | 5=Unreachable | 6=Withdrawn consent",,2940,4035,,,,"SNOMED:385432009 | LOINC:LA10939-9 | LOINC:LA15417-1 | LOINC:39271-2 | LOINC:LA33307-2 | SNOMED:871401000000109 ","Not applicable | Deceased | Hospitalized | Follow-up (referred to) provider /specialist, phone CPHS | Unreachable | Withdrawn consent","4294169 | 45885033 | 45884746 | 3042600 | 1990340 | 44810920","LOINC:29298-7","Reason for visit",3025141,"Not performed","SNOMED:262008008 ",4118638,,,,"Visit_occurrence","Visit12/48months",2000000003,"follow-up 48 months","icare:icv2000000003"
"V13_VISEFF","Type of contact","INT",,"2=Clinical visit | 3=Not visited",,1449,5526,,,,"LOINC:LA33-6|LOINC:LA32-8","Yes| No","45877994| 45878245","SNOMED:185389009","Follow-up visit",4089050,,,,,,,"Visit_occurrence","Visit13/54months",2000000005,"follow-up 54 months","icare:icv2000000005"
"V13_DATAVIS","Visit date","DATETIME",,,,1449,5526,11/29/06,03/31/08,,,,,"SNOMED:406543005","Date of visit",4231970,,,,,,,"Visit_occurrence","Visit13/54months",2000000005,"follow-up 54 months","icare:icv2000000005"
"V13_CAUNOEFF","Reason visit not done","INT",,"1=Not applicable | 2=Deceased | 3=Hospitalized | 4=Follow-up by phone call | 5=Unreachable | 6=Withdrawn consent",,1449,5526,,,,"SNOMED:385432009 | LOINC:LA10939-9 | LOINC:LA15417-1 | LOINC:39271-2 | LOINC:LA33307-2 | SNOMED:871401000000109 ","Not applicable | Deceased | Hospitalized | Follow-up (referred to) provider /specialist, phone CPHS | Unreachable | Withdrawn consent","4294169 | 45885033 | 45884746 | 3042600 | 1990340 | 44810920","LOINC:29298-7","Reason for visit",3025141,"Not performed","SNOMED:262008008 ",4118638,,,,"Visit_occurrence","Visit13/54months",2000000005,"follow-up 54 months","icare:icv2000000005"
"V14_VISEFF","Type of contact","INT",,"2=Clinical visit | 3=Not visited",,265,6710,,,,"LOINC:LA33-6|LOINC:LA32-8","Yes| No","45877994| 45878245","SNOMED:185389009","Follow-up visit",4089050,,,,,,,"Visit_occurrence","Visit14/60months",2000000006,"follow-up 60 months","icare:icv2000000006"
"V14_DATAVIS","Visit date","DATETIME",,,,265,6710,07/09/07,01/11/08,,,,,"SNOMED:406543005","Date of visit",4231970,,,,,,,"Visit_occurrence","Visit14/60months",2000000006,"follow-up 60 months","icare:icv2000000006"
"V14_CAUNOEFF","Reason visit not done","INT",,"1=Not applicable | 2=Deceased | 3=Hospitalized | 4=Follow-up by phone call | 5=Unreachable | 6=Withdrawn consent",,265,6710,,,,"SNOMED:385432009 | LOINC:LA10939-9 | LOINC:LA15417-1 | LOINC:39271-2 | LOINC:LA33307-2 | SNOMED:871401000000109 ","Not applicable | Deceased | Hospitalized | Follow-up (referred to) provider /specialist, phone CPHS | Unreachable | Withdrawn consent","4294169 | 45885033 | 45884746 | 3042600 | 1990340 | 44810920","LOINC:29298-7","Reason for visit",3025141,"Not performed","SNOMED:262008008 ",4118638,,,,"Visit_occurrence","Visit14/60months",2000000006,"follow-up 60 months","icare:icv2000000006"
"V99_VISEFF","Type of contact","INT",,"2=Clinical visit | 3=Not visited",,5107,1868,,,,"LOINC:LA33-6|LOINC:LA32-8","Yes| No","45877994| 45878245","SNOMED:185389009","Follow-up visit",4089050,,,,,,,"Visit_occurrence","Visit99/endofstudy",2000000025,"end of study visit","icare:icv2000000025"
"V99_DATAVIS","Visit date","DATETIME",,,,5107,1868,02/15/03,05/15/08,,,,,"SNOMED:406543005","Date of visit",4231970,,,,,,,"Visit_occurrence","Visit99/endofstudy",2000000025,"end of study visit","icare:icv2000000025"
"V99_CAUNOEFF","Reason visit not done","INT",,"1=Not applicable | 2=Deceased | 3=Hospitalized | 4=Follow-up by phone call | 5=Unreachable | 6=Withdrawn consent",,5107,1868,,,,"SNOMED:385432009 | LOINC:LA10939-9 | LOINC:LA15417-1 | LOINC:39271-2 | LOINC:LA33307-2 | SNOMED:871401000000109 ","Not applicable | Deceased | Hospitalized | Follow-up (referred to) provider /specialist, phone CPHS | Unreachable | Withdrawn consent","4294169 | 45885033 | 45884746 | 3042600 | 1990340 | 44810920","LOINC:29298-7","Reason for visit",3025141,"Not performed","SNOMED:262008008 ",4118638,,,,"Visit_occurrence","Visit99/endofstudy",2000000025,"end of study visit","icare:icv2000000025"
