"VARIABLENAME","VARIABLELABEL","VARTYPE","UNITS","CATEGORICAL","MISSING","COUNT","NA","MIN","MAX","Formula","Categorical Value Concept Code","Categorical Value Concept Name","Categorical Value OMOP ID","Variable Concept Code","Variable Concept Name","Variable OMOP ID","Additional Context Concept Name","Additional Context Concept Code","Additional Context OMOP ID","Unit Concept Name","Unit Concept Code","Unit OMOP ID","Domain","Visits","Visit OMOP ID","Visit Concept Name","Visit Concept Code"
"BASISPATIID","patient identification number","STR",,,,,,,,,,,,"snomed:184107009","Patient hospital number",4086934,,,,,,,"Person","visit date",46235916,"Visit date","loinc:76427-4"
"BASISDATUM","data of baseline visit","DATETIME","YYYY/MM/DD",,,,,,,,,,,"Loinc:76423-3","Date of first visit",46235913,,,,,,,"Observation","Baseline",40766819,"Baseline time","loinc:64103-5"
"GEBURTSDATUM","date of birth","DATETIME","YYYY/MM/DD",,,,,,,,,,,"snomed:184099003","Date of birth",4083587,,,,,,,"Person","visit date",46235916,"Visit date","loinc:76427-4"
"PATIENTENALTER","age at baseline","INT","years",,,,,,,,,,,"loinc:30525-0","Age",3022304,,,,,,,"Person","Baseline",40766819,"Baseline time","loinc:64103-5"
"GESCHLECHT","gender","INT",,"1=male|0=female",,,,,,,"loinc:LA2-8| loinc:LA3-6","Male|Female","45880669|45878463","loinc:76689-9","Sex assigned at birth",46235213,,,,,,,"Person","visit date",46235916,"Visit date","loinc:76427-4"
"Herzinsuffizienz","presence of heart failure","INT",,"1=yes|0=no",,,,,,,"loinc:LA33-6|loinc:LA32-8","Yes|No","45877994|45878245","snomed:84114007","Heart failure",316139,,,,,,,"condition_occurrence","visit date",46235916,"Visit date","loinc:76427-4"
"DatumHerzinsuffizienz","date of diagnosis of heart failure","DATETIME","YYYY/MM/DD",,,,,,,,,,,"snomed:84114007","Heart failure",316139,"Date of diagnosis","loinc: 63931-0",40766651,,,,"condition_occurrence","visit date",46235916,"Visit date","loinc:76427-4"
"LVEFArtHerzinsuffizienz","type of heart failure","STR",,"HFrEF=heart failure with reduced ejection fraction|HFmrEF=heart failure with mildly reduced ejection fraction|HFpEF=heart failure with preserved ejection fraction",,,,,,,"snomed:703272007|snomed:446221000|snomed:788950000","Heart failure with reduced ejection fraction|Heart failure with normal ejection fraction|Heart failure with mid range ejection fraction","45766164|40486933|37311948","snomed:84114007","heart failure",316139,"Type","snomed:410656007",4259643,,,,"condition_occurrence","visit date",46235916,"Visit date","loinc:76427-4"
"KoronareHerzkrankheit","presence of coronary arterial disease","INT",,"1=yes|0=no",,,,,,,"loinc:LA33-6|loinc:LA32-8","Yes|No","45877994|45878245","snomed:53741008","Coronary arteriosclerosis",317576,,,,,,,"condition_occurrence","visit date",46235916,"Visit date","loinc:76427-4"
"DatumKoronareHerzkrankheit","date of coronary arterial disease","DATETIME",,,,,,,,,,,,"snomed:53741008","Coronary arteriosclerosis",317576,"Date of diagnosis","loinc: 63931-0",40766651,,,,"condition_occurrence","visit date",46235916,"Visit date","loinc:76427-4"
"Myokardinfarkt","presence of past myocardial infarction","INT",,"1=yes|0=no",,,,,,,"loinc:LA33-6|loinc:LA32-8","Yes|No","45877994|45878245","Snomed:399211009","History of myocardial infarction",4163874,,,,,,,"condition_occurrence","visit date",46235916,"Visit date","loinc:76427-4"
"DatumMyokardinfarkt","date of past myocardial infarction","DATETIME",,,,,,,,,,,,"snomed:22298006","Myocardial infarction",4329847,"Date of diagnosis","loinc: 63931-0",40766651,,,,"condition_occurrence","visit date",46235916,"Visit date","loinc:76427-4"
"ElektiveKoronarstents","presence of elective coronary stents","INT",,"1=yes|0=no",,,,,,,"loinc:LA33-6|loinc:LA32-8","Yes|No","45877994|45878245","snomed:429381005","Endovascular insertion of stent",4181955,,,,,,,"condition_occurrence","visit date",46235916,"Visit date","loinc:76427-4"
"DatumGeplanteKoronarstents","date of the implantation of electivecoronary stents","DATETIME",,,,,,,,,,,,"snomed:429381005","Endovascular insertion of stent",4181955,"date of procedure","Snomed:439272007",4232096,,,,"condition_occurrence","visit date",46235916,"Visit date","loinc:76427-4"
"StenosenundWUs","presence of coronary arterial disease without significant stenosis","INT",,"1=yes|0=no",,,,,,,"loinc:LA33-6|loinc:LA32-8","Yes|No","45877994|45878245","snomed:719678003","Non-obstructive atherosclerosis of coronary artery",36714444,,,,,,,"condition_occurrence","visit date",46235916,"Visit date","loinc:76427-4"
"DatumStenosenundWUs","date of the diagnosis of coronary arterial disease without significant stenosis","DATETIME",,,,,,,,,,,,"snomed:719678003","Non-obstructive atherosclerosis of coronary artery",36714444,"Date of diagnosis","loinc: 63931-0",40766651,,,,"condition_occurrence","visit date",46235916,"Visit date","loinc:76427-4"
"ACBP","CABG - coronary artery bypass graft","INT",,"1=yes|0=no",,,,,,,"loinc:LA33-6|loinc:LA32-8","Yes|No","45877994|45878245","snomed:232717009","Coronary Artery Bypass Graft",4336464,,,,,,,"condition_occurrence","visit date",46235916,"Visit date","loinc:76427-4"
"DatumACBP","date of CABG","DATETIME",,,,,,,,,,,,"snomed:232717009","Coronary Artery Bypass Graft",4336464,"date of procedure","Snomed:439272007",4232096,,,,"condition_occurrence","visit date",46235916,"Visit date","loinc:76427-4"
"DatumLetzterHerzkatheter","date of last coronary angiography","DATETIME",,,,,,,,,,,,"snomed:41976001","Cardiac catheterization",4223020,"date of procedure","Snomed:439272007",4232096,,,,"condition_occurrence","visit date",46235916,"Visit date","loinc:76427-4"
"Klappenvitien","presence of significant valvular disease","INT",,"1=yes|0=no",,,,,,,"loinc:LA33-6|loinc:LA32-8","Yes|No","45877994|45878245","snomed:368009","Heart valve disorder",4281749,,,,,,,"condition_occurrence","visit date",46235916,"Visit date","loinc:76427-4"
"ArtAortenklappe","dropdown: Aortic valve regurgitation / stenosis / bicuspid / combined / prothesis degeneration","FLOAT",,,,,,,,,,,,"snomed:8722008","Aortic valve disorder",314054,,,,,,,"condition_occurrence","visit date",46235916,"Visit date","loinc:76427-4"
"ArtMitralklappe","dropdown: Mitral valve regurgitation / stenosis / primary vs secondary / combined / prothesis degeneration","FLOAT",,,,,,,,,,,,"snomed:11851006","Mitral valve disorder",319843,,,,,,,"condition_occurrence","visit date",46235916,"Visit date","loinc:76427-4"
"ArtTrikuspidalklappe","dropdown: tricuspid valve regurgitation / stenosis / primary vs secondary / combined / prothesis degeneration","FLOAT",,,,,,,,,,,,"snomed:20721001","Tricuspid valve disorder",316993,,,,,,,"condition_occurrence","visit date",46235916,"Visit date","loinc:76427-4"
"ArtPulmonalklappe","dropdown: pulmonary valve regurgitation / stenosis / prothesis degeneration","FLOAT",,,,,,,,,,,,"snomed:76267008","Pulmonary valve disorder",319845,,,,,,,"condition_occurrence","visit date",46235916,"Visit date","loinc:76427-4"
"Arhythmien","Arrhythmia present yes/no","INT",,"1=yes|0=no",,,,,,,"loinc:LA33-6|loinc:LA32-8","Yes|No","45877994|45878245","snomed:301112006","Finding of heart rhythm",4114162,,,,,,,"condition_occurrence","visit date",46235916,"Visit date","loinc:76427-4"
"DatumArhythmien","first date of diagosis of arrhythmia","DATETIME","YYYY/MM/DD",,,,,,,,,,,"snomed:301112006","Finding of heart rhythm",4114162,"Date of diagnosis","loinc: 63931-0",40766651,,,,"condition_occurrence","visit date",46235916,"Visit date","loinc:76427-4"
"VHF","atrial fibrillation yes/no","INT",,"1=yes|0=no",,,,,,,"loinc:LA33-6|loinc:LA32-8","Yes|No","45877994|45878245","snomed:49436004","Atrial fibrillation",313217,,,,,,,"condition_occurrence","visit date",46235916,"Visit date","loinc:76427-4"
"DatumVHF","date of first presentation with atrial fibrillation","DATETIME","YYYY/MM/DD",,,,,,,,,,,"snomed:49436004","Atrial fibrillation",313217,"Date of diagnosis","loinc: 63931-0",40766651,,,,"condition_occurrence","visit date",46235916,"Visit date","loinc:76427-4"
"VHFspezifiziert","Atrial fibrillation (paroxysmal| persistend| permanent)","STR",,"paroxysmal=paroxysmal|persistend=persistent|permanent=permanent",,,,,,,"snomed:282825002|snomed:440059007|snomed:440028005","Paroxysmal atrial fibrillation|Persistent atrial fibrillation|Permanent atrial fibrillation","4154290|4232697|4232691","snomed:49436004","Atrial fibrillation",313217,"Type","snomed:410656007",4259643,,,,"condition_occurrence","visit date",46235916,"Visit date","loinc:76427-4"
"Arhythmienandere","other not specifid arrhythmia. Yes/no","INT",,"1=yes|0=no",,,,,,,"loinc:LA33-6|loinc:LA32-8","Yes|No","45877994|45878245","snomed:301112006","Finding of heart rhythm",4114162,"Other","snomed:74964007",9177,,,,"condition_occurrence","visit date",46235916,"Visit date","loinc:76427-4"
"DatumArhythmienandere","date of not specifid arrhythmia","DATETIME","YYYY/MM/DD",,,,,,,,,,,"snomed:301112006","Finding of heart rhythm",4114162,"Other|Date of diagnosis","snomed:74964007|loinc: 63931-0","9177|40766651",,,,"condition_occurrence","visit date",46235916,"Visit date","loinc:76427-4"
"Diabetesmellitus","Diabetes yes/no","INT",,"1=yes|0=no",,,,,,,"loinc:LA33-6|loinc:LA32-8","Yes|No","45877994|45878245","snomed:73211009","Diabetes mellitus",201820,,,,,,,"condition_occurrence","visit date",46235916,"Visit date","loinc:76427-4"
"DatumDiabetesmellitus","first presentation of diabetes","DATETIME","YYYY/MM/DD",,,,,,,,,,,"snomed:73211009","Diabetes mellitus",201820,"date of diagnosis","Loinc:63931-0",40766651,,,,"condition_occurrence","visit date",46235916,"Visit date","loinc:76427-4"
"TypDiabetesmellitus","type of diabetes","FLOAT",,"Type I =type 1 diabetes|Type II=type 2 diabetes|gestational diabetes=gestational diabetes|MODY=mody diabetes|LADA=latent",,,,,,,"loinc:LA10551-2|loinc:LA10552-0|snomed:11687002|snomed:609561005|snomed:426875007","Diabetes Type 1| Diabetes Type 2|Gestational diabetes mellitus|Maturity-onset diabetes of the young|Latent autoimmune diabetes mellitus in adult","45883360|45877606|4024659|43531640|4145827","snomed:73211009","Diabetes mellitus",201820,"Type","snomed:410656007",4259643,,,,"condition_occurrence","visit date",46235916,"Visit date","loinc:76427-4"
"Hypertonie","Hypertension Yes/no","INT",,"1=yes|0=no",,,,,,,"loinc:LA33-6|loinc:LA32-8","Yes|No","45877994|45878245","snomed:38341003","Hypertensive disorder",316866,,,,,,,"condition_occurrence","visit date",46235916,"Visit date","loinc:76427-4"
"DatumHypertonie","first presentation of hypertension","DATETIME","YYYY/MM/DD",,,,,,,,,,,"snomed:38341003","Hypertensive disorder",316866,"date of diagnosis","Loinc:63931-0",40766651,,,,"condition_occurrence","visit date",46235916,"Visit date","loinc:76427-4"
"Dyslipidämie","Dyslipidemia yes/no","INT",,"1=yes|0=no",,,,,,,"loinc:LA33-6|loinc:LA32-8","Yes|No","45877994|45878245","snomed:370992007","Dyslipidemia",4159131,,,,,,,"condition_occurrence","visit date",46235916,"Visit date","loinc:76427-4"
"DatumDyslipidämie","first presentation of Dyslipidemia","DATETIME","YYYY/MM/DD",,,,,,,,,,,"snomed:370992007","Dyslipidemia",4159131,"date of diagnosis","Loinc:63931-0",40766651,,,,"condition_occurrence","visit date",46235916,"Visit date","loinc:76427-4"
"Niereninsuffizienz","chronic kidney disease (yes/no)","INT",,"1=yes|0=no",,,,,,,"loinc:LA33-6|loinc:LA32-8","Yes|No","45877994|45878245","snomed:709044004","Chronic kidney disease",46271022,,,,,,,"condition_occurrence","visit date",46235916,"Visit date","loinc:76427-4"
"DatumNiereninsuffizienz","first diagnosis of chronic kideny dfisease","DATETIME","YYYY/MM/DD",,,,,,,,,,,"snomed:709044004","Chronic kidney disease",46271022,"date of diagnosis","Loinc:63931-0",40766651,,,,"condition_occurrence","visit date",46235916,"Visit date","loinc:76427-4"
"CKDStadium","CKD stage I-V","INT",,"CKD stage I",,,,,,,,,,"snomed:709044004","Chronic kidney disease",46271022,"Disease stage","loinc:67213-9",40769844,,,,"condition_occurrence","visit date",46235916,"Visit date","loinc:76427-4"
"Dialyse","Dialysis yes/no","INT",,"1=yes|0=no",,,,,,,"loinc:LA33-6|loinc:LA32-8","Yes|No","45877994|45878245","snomed:265764009","Renal dialysis",4146536,,,,,,,"condition_occurrence","visit date",46235916,"Visit date","loinc:76427-4"
"COPD","COPD ( chronic obstructive pulmonary disease)","INT",,"1=yes|0=no",,,,,,,"loinc:LA33-6|loinc:LA32-8","Yes|No","45877994|45878245","snomed:13645005","Chronic obstructive lung disease",255573,,,,,,,"condition_occurrence","visit date",46235916,"Visit date","loinc:76427-4"
"DatumCOPD","first presentation of COPD","DATETIME","YYYY/MM/DD",,,,,,,,,,,"snomed:13645005","Chronic obstructive lung disease",255573,"date of diagnosis","Loinc:63931-0",40766651,,,,"condition_occurrence","visit date",46235916,"Visit date","loinc:76427-4"
"GoldStadium","COPD GOLD Stage I-IV","INT",,"II=moderate|III=severe",,,,,,,"snomed:313297008|snomed:313299006","Moderate chronic obstructive pulmonary disease|Severe chronic obstructive pulmonary disease","4193588|4209097","snomed:13645005","Chronic obstructive lung disease",255573,"GOLD (Global Initiative for Chronic Obstructive Lung Disease) 2017 group","snomed:1097861000000108",36685450,,,,"condition_occurrence","visit date",46235916,"Visit date","loinc:76427-4"
"LTOT","LTOT (long term oxygen therapy) (yes/no)","INT",,"1=yes|0=no",,,,,,,"loinc:LA33-6|loinc:LA32-8","Yes|No","45877994|45878245","snomed:243137006","Long-term oxygen therapy",4072513,,,,,,,"condition_occurrence","visit date",46235916,"Visit date","loinc:76427-4"
"DatumLTOT","initiation of LTOT","DATETIME","YYYY/MM/DD",,,,,,,,,,,"snomed:243137006","Long-term oxygen therapy",4072513,"date of procedure","Snomed:439272007",4232096,,,,"condition_occurrence","visit date",46235916,"Visit date","loinc:76427-4"
"pAVK","peripheral artery occlusive disease ( PAOD)","INT",,"1=yes|0=no",,,,,,,"loinc:LA33-6|loinc:LA32-8","Yes|No","45877994|45878245","snomed:840580004","Peripheral arterial disease",3654996,,,,,,,"condition_occurrence","visit date",46235916,"Visit date","loinc:76427-4"
"DatumpAVK","fisrt presentation with PAOD","DATETIME","YYYY/MM/DD",,,,,,,,,,,"snomed:840580004","Peripheral arterial disease",3654996,"date of diagnosis","Loinc:63931-0",40766651,,,,"condition_occurrence","visit date",46235916,"Visit date","loinc:76427-4"
"StadiumpAVK","Staging of PAOD  I-IV","INT",,,,,,,,,,,,"snomed:840580004","Peripheral arterial disease",3654996,"Disease stage","loinc:67213-9",40769844,,,,"condition_occurrence","visit date",46235916,"Visit date","loinc:76427-4"
"InterventionpAVK","internvention of PAOD performed (yes/no)","FLOAT",,,,,,,,,,,,"snomed:840580004","Peripheral arterial disease",3654996,,,,,,,"condition_occurrence","visit date",46235916,"Visit date","loinc:76427-4"
"DatumInterventionpAVK","date of intervention","DATETIME","YYYY/MM/DD",,,,,,,,,,,"snomed:840580004","Peripheral arterial disease",3654996,"date of diagnosis","Loinc:63931-0",40766651,,,,"condition_occurrence","visit date",46235916,"Visit date","loinc:76427-4"
"cAVK","cerebral artery occlusive disease (CAOD)","INT",,"1=yes|0=no",,,,,,,"loinc:LA33-6|loinc:LA32-8","Yes|No","45877994|45878245","snomed:20059004","Cerebral artery occlusion",372924,,,,,,,"condition_occurrence","visit date",46235916,"Visit date","loinc:76427-4"
"DatumcAVK","first presentation of  CAOD","DATETIME","YYYY/MM/DD",,,,,,,,,,,"snomed:20059004","Cerebral artery occlusion",372924,"date of diagnosis","Loinc:63931-0",40766651,,,,"condition_occurrence","visit date",46235916,"Visit date","loinc:76427-4"
"StadiumcAVK","CAOD stage","INT",,,,,,,,,,,,"snomed:20059004","Cerebral artery occlusion",372924,"Disease stage","loinc:67213-9",40769844,,,,"condition_occurrence","visit date",46235916,"Visit date","loinc:76427-4"
"InterventioncAVK","intervention for CAOD","FLOAT",,,,,,,,,,,,"snomed:20059004","Cerebral artery occlusion",372924,,,,,,,"condition_occurrence","visit date",46235916,"Visit date","loinc:76427-4"
"DatumInterventioncAVK","date of intervention of CAOD","DATETIME","YYYY/MM/DD",,,,,,,,,,,"snomed:20059004","Cerebral artery occlusion",372924,"date of procedure","Snomed:439272007",4232096,,,,"condition_occurrence","visit date",46235916,"Visit date","loinc:76427-4"
"CerebralerInsult","stroke yes/no","INT",,"1=yes|0=no",,,,,,,"loinc:LA33-6|loinc:LA32-8","Yes|No","45877994|45878245","snomed:230690007","Cerebrovascular accident",381316,,,,,,,"condition_occurrence","visit date",46235916,"Visit date","loinc:76427-4"
"DatumCerebralerInsult","date of stroke","DATETIME","YYYY/MM/DD",,,,,,,,,,,"snomed:230690007","Cerebrovascular accident",381316,"date of diagnosis","Loinc:63931-0",40766651,,,,"condition_occurrence","visit date",46235916,"Visit date","loinc:76427-4"
"ArtCerebralerInsult","type of stroke Ischemic /hemorrhagic","STR",,"Ischemic=Ischemic|hemorrhagic=hemorrhagic",,,,,,,"snomed:422504002|snomed:5571000124103","Ischemic stroke|Cerebrovascular accident with intracranial hemorrhage","4310996|764721","snomed:230690007","Cerebrovascular accident",381316,"Type","snomed:410656007",4259643,,,,"condition_occurrence","visit date",46235916,"Visit date","loinc:76427-4"
"MaligneErkrankung","malignant disease (yes/no)","INT",,"1=yes|0=no",,,,,,,"loinc:LA33-6|loinc:LA32-8","Yes|No","45877994|45878245","snomed:275904003","History of neoplasm",4078300,,,,,,,"condition_occurrence","visit date",46235916,"Visit date","loinc:76427-4"
"DatumMaligneErkrankung","first diagnosis of cancer","DATETIME","YYYY/MM/DD",,,,,,,,,,,"snomed:275904003","History of neoplasm",4078300,"date of diagnosis","Loinc:63931-0",40766651,,,,"condition_occurrence","visit date",46235916,"Visit date","loinc:76427-4"
"Nikotin","Smoking status (active/former/never)","STR",,"Akitv=current smoker|früher=ex-smoker|Nie=never",,,,,,,"loinc:LA20356-4|loinc:LA15920-4|loinc:LA18978-9","Current smoker|Former smoker|Never smoker","36309332|45883458|45879404","Loinc:72166-2","Tobacco smoking status",43054909,,,,,,,"condition_occurrence","visit date",46235916,"Visit date","loinc:76427-4"
"Packyears","number of pack years","FLOAT","year",,,,,,,,,,,"snomed:315609007","Pack years",4151768,,,,"year","ucum:a",9448,"condition_occurrence","visit date",46235916,"Visit date","loinc:76427-4"
"Familienanamnese","family history with risk (no/yes)","FLOAT",,"1=conspicuous|0=inconspicuous",,,,,,,"loinc:LA33-6|loinc:LA32-8","Yes|No","45877994|45878245","snomed:266894000","FH: Cardiovascular disease",4148407,,,,,,,"condition_occurrence","visit date",46235916,"Visit date","loinc:76427-4"
"DevicesPM","Pacemaker  (PM)  Yes/no","INT",,"1=yes|0=no",,,,,,,"loinc:LA33-6|loinc:LA32-8","Yes|No","45877994|45878245","snomed:14106009","Cardiac pacemaker",4030875,,,,,,,"condition_occurrence","visit date",46235916,"Visit date","loinc:76427-4"
"DatumDevicesPM","implantation date of PM","DATETIME","YYYY/MM/DD",,,,,,,,,,,"snomed:14106009","Cardiac pacemaker",4030875,"date of procedure","Snomed:439272007",4232096,,,,"condition_occurrence","visit date",46235916,"Visit date","loinc:76427-4"
"DevicesICD","Implanted cardiac defibrillator (ICD) yes/no","INT",,"1=yes|0=no",,,,,,,"loinc:LA33-6|loinc:LA32-8","Yes|No","45877994|45878245","snomed:72506001","Implantable defibrillator",4217646,,,,,,,"condition_occurrence","visit date",46235916,"Visit date","loinc:76427-4"
"DatumDevicesICD","implantation date of ICD","DATETIME","YYYY/MM/DD",,,,,,,,,,,"snomed:72506001","Implantable defibrillator",4217646,"date of procedure","Snomed:439272007",4232096,,,,"condition_occurrence","visit date",46235916,"Visit date","loinc:76427-4"
"DevicesCRT","cardiac resynchronization therapy (CRT). Yes/no","INT",,"1=yes|0=no",,,,,,,"loinc:LA33-6|loinc:LA32-8","Yes|No","45877994|45878245","snomed:870255009","Cardiac resynchronization therapy",3655806,,,,,,,"condition_occurrence","visit date",46235916,"Visit date","loinc:76427-4"
"DatumDevicesCRT","implantation date of ICD","DATETIME","YYYY/MM/DD",,,,,,,,,,,"snomed:870255009","Cardiac resynchronization therapy",3655806,"date of procedure","Snomed:439272007",4232096,,,,"condition_occurrence","visit date",46235916,"Visit date","loinc:76427-4"
"DevicesBemerkungen","comment on cardiac devices","STR",,,,,,,,,,,,"icare:icv2000000045","implantable cardiac devices",2000000045,,,,,,,"condition_occurrence","visit date",46235916,"Visit date","loinc:76427-4"
"LifeVest","Life Vest","INT",,"1=yes|0=no",,,,,,,"loinc:LA33-6|loinc:LA32-8","Yes|No","45877994|45878245","snomed:467017000","Wearable defibrillation system defibrillator",45761059,,,,,,,"condition_occurrence","visit date",46235916,"Visit date","loinc:76427-4"
"DatumLifeVest","Date of Life Vest","DATETIME","YYYY/MM/DD",,,,,,,,,,,"snomed:467017000","Wearable defibrillation system defibrillator",45761059,"date of procedure","Snomed:439272007",4232096,,,,"condition_occurrence","visit date",46235916,"Visit date","loinc:76427-4"
"dilatativeCMP","phenotype of CMP (DCM / HCM / other)","STR",,"DCM=dilated cardiomyopathy|HCM=hypertrophic cardiomyopathy|other=other",,,,,,,"snomed:399020009|snomed:233873004|snomed:74964007","Dilated cardiomyopathy|Hypertrophic cardiomyopathy|Other","4163710|4124693|9177","snomed:85898001","Cardiomyopathy",321319,,,,,,,"condition_occurrence","visit date",46235916,"Visit date","loinc:76427-4"
"hypertropheCMP","Dilated cardiomyopathy differential / possible causes (genetic=genetics|infktös=Infectious|Immunologisch=Immunologic / autoimmune|toxisch=toxic|drugs=Drug-induced| endokrinologisch=Endocrinologic/metabolic|peripartum=pregnancy/postpartum-related","FLOAT",,,,,,,,,,,,"snomed:399020009","Dilated cardiomyopathy",4163710,,,,,,,"condition_occurrence","visit date",46235916,"Visit date","loinc:76427-4"
"DatumderErstdiagnoseCMPPhänotyp","hypertrophic CMP (yes/no)","INT",,"1=yes|0=no",,,,,,,"loinc:LA33-6|loinc:LA32-8","Yes|No","45877994|45878245","snomed:233873004","Hypertrophic cardiomyopathy",4124693,,,,,,,"condition_occurrence","visit date",46235916,"Visit date","loinc:76427-4"
"FamilienanamneseCMP","first diagnosis of Heart failure","DATETIME","YYYY/MM/DD",,,,,,,,,,,"snomed:85898001","Cardiomyopathy",321319,"date of diagnosis","Loinc:63931-0",40766651,,,,"condition_occurrence","visit date",46235916,"Visit date","loinc:76427-4"
"StammbaumCMP","family history  unauffällig=no.  Auffällig=yes","STR",,"Auffällig=yes|unauffällig=no",,,,,,,"loinc:LA33-6|loinc:LA32-8","Yes|No","45877994|45878245","snomed:390915000","FH: Cardiomyopathy",4307028,,,,,,,"condition_occurrence","visit date",46235916,"Visit date","loinc:76427-4"
"GenetischeAnalysederCMPdurchgeführt","Genetic testing performed yes/no","INT",,"1=yes|0=no",,,,,,,"loinc:LA33-6|loinc:LA32-8","Yes|No","45877994|45878245","loinc:LP248469-1","Whole exome sequence analysis",37037231,"Cardiomyopathy","snomed:85898001",321319,,,,"Measurement","visit date",46235916,"Visit date","loinc:76427-4"
"DatumSequencing","date of sequencing","DATETIME","YYYY/MM/DD",,,,,,,,,,,"loinc:LP248469-1","Whole exome sequence analysis",37037231,"date","Snomed:410672004",4260905,,,,"Measurement","visit date",46235916,"Visit date","loinc:76427-4"
"IdentifizierteMutation","identified mutation","STR",,"Auffällig=yes|unauffällig=no",,,,,,,"loinc:LA33-6|loinc:LA32-8","Yes|No","45877994|45878245","loinc:69548-6","Genetic variant assessment",40772043,,,,,,,"Measurement","visit date",46235916,"Visit date","loinc:76427-4"
"PGE1","therapy with alprostadil (peripheral vasodilation) yes/no","INT",,"1=yes|0=no",,,,,,,"loinc:LA33-6|loinc:LA32-8","Yes|No","45877994|45878245","rxnorm:598","alprostadil",1381504,,,,,,,"Drug_Exposure","visit date",46235916,"Visit date","loinc:76427-4"
"DatumPGE1","therapy initiation with PGE1","DATETIME","YYYY/MM/DD",,,,,,,,,,,"rxnorm:598","alprostadil",1381504,"date","Snomed:410672004",4260905,,,,"Drug_Exposure","visit date",46235916,"Visit date","loinc:76427-4"
"CCM","Cardiac Contractility Modulation (CCM) yes/no","INT",,"1=yes|0=no",,,,,,,"loinc:LA33-6|loinc:LA32-8","Yes|No","45877994|45878245","snomed:467207002","Cardiac contractility modulation system",45761191,,,,,,,"condition_occurrence","visit date",46235916,"Visit date","loinc:76427-4"
"DatumCCM","implantation of CCM","DATETIME","YYYY/MM/DD",,,,,,,,,,,"snomed:467207002","Cardiac contractility modulation system",45761191,"date of procedure","Snomed:439272007",4232096,,,,"condition_occurrence","visit date",46235916,"Visit date","loinc:76427-4"
"Barostim","Barostim yes/no","INT",,"1=yes|0=no",,,,,,,"loinc:LA33-6|loinc:LA32-8","Yes|No","45877994|45878245","icare:icv2000000041","baroreflex activation device",2000000041,,,,,,,"condition_occurrence","visit date",46235916,"Visit date","loinc:76427-4"
"DatumBarostim","implantation of Barostim","DATETIME","YYYY/MM/DD",,,,,,,,,,,"icare:icv2000000041","baroreflex activation device",2000000041,"date of procedure","Snomed:439272007",4232096,,,,"condition_occurrence","visit date",46235916,"Visit date","loinc:76427-4"
"CardioMems","CardioMEms yes/no","INT",,"1=yes|0=no",,,,,,,"loinc:LA33-6|loinc:LA32-8","Yes|No","45877994|45878245","icare:icv2000000040","CardioMEMs heart failure system",2000000040,,,,,,,"condition_occurrence","visit date",46235916,"Visit date","loinc:76427-4"
"DatumCardioMems","implantation of CardioMems","DATETIME","YYYY/MM/DD",,,,,,,,,,,"icare:icv2000000040","CardioMEMs heart failure system",2000000040,"date of procedure","Snomed:439272007",4232096,,,,"condition_occurrence","visit date",46235916,"Visit date","loinc:76427-4"
"PerkutaneAV-KlappenIntervention","percutaneous valve intervention. Yes/no","INT",,"1=yes|0=no",,,,,,,"loinc:LA33-6|loinc:LA32-8","Yes|No","45877994|45878245","snomed:773996000","Transcatheter aortic valve implantation",36676805,,,,,,,"condition_occurrence","visit date",46235916,"Visit date","loinc:76427-4"
"Mitralklappe","Mitral valve intervention Yes/no","INT",,"1=yes|0=no",,,,,,,"loinc:LA33-6|loinc:LA32-8","Yes|No","45877994|45878245","snomed:53059001","Replacement of mitral valve",4203153,,,,,,,"condition_occurrence","visit date",46235916,"Visit date","loinc:76427-4"
"DeviceMitralklappe","drop down type of devices","STR",,,,,,,,,,,,"snomed:53059001","Replacement of mitral valve",4203153,"Device descriptor","snomed:420336001",4223926,,,,"condition_occurrence","visit date",46235916,"Visit date","loinc:76427-4"
"AnzahlMitralklappenclips","number of Clips","FLOAT",,,,,,,,,,,,"snomed:464887003","Mitral valve clip",45759568,,,,,,,"condition_occurrence","visit date",46235916,"Visit date","loinc:76427-4"
"DatumMitralklappeIntervention","date of intervention","DATETIME","YYYY/MM/DD",,,,,,,,,,,"snomed:53059001","Replacement of mitral valve",4203153,"date of procedure","Snomed:439272007",4232096,,,,"condition_occurrence","visit date",46235916,"Visit date","loinc:76427-4"
"Trikuspidalklappe","tricuspid valve intervention yes/no","INT",,"1=yes|0=no",,,,,,,"loinc:LA33-6|loinc:LA32-8","Yes|No","45877994|45878245","snomed:232778005","Tricuspid valve operation",4338315,,,,,,,"condition_occurrence","visit date",46235916,"Visit date","loinc:76427-4"
"DeviceTrikuspidalklappe","type of device drop down","STR",,,,,,,,,,,,"snomed:232778005","Tricuspid valve operation",4338315,,,,,,,"condition_occurrence","visit date",46235916,"Visit date","loinc:76427-4"
"AnzahlTrikuspidalclips","number of clips preformed","FLOAT",,,,,,,,,,,,"snomed:232778005","Tricuspid valve operation",4338315,,,,,,,"condition_occurrence","visit date",46235916,"Visit date","loinc:76427-4"
"DatumTrikuspidalklappeIntervention","Date of tricuspid inervention","DATETIME","YYYY/MM/DD",,,,,,,,,,,"icare:icv2000000046","Tricuspid clips",2000000046,"date of procedure","Snomed:439272007",4232096,,,,"condition_occurrence","visit date",46235916,"Visit date","loinc:76427-4"
"Allergies","any allergies","STR",,,,,,,,,,,,"snomed:161614004","H/O: multiple allergies",4060077,,,,,,,"condition_occurrence","visit date",46235916,"Visit date","loinc:76427-4"
"iv-Eisen","Intravenous iron yes/no","INT",,"1=yes|0=no",,,,,,,"loinc:LA33-6|loinc:LA32-8","Yes|No","45877994|45878245","rxnorm:OMOP911619","Iron Injectable Solution",43655267,,,,,,,"condition_occurrence","visit date",46235916,"Visit date","loinc:76427-4"
"Tod_JN","death based on national death registry yes/no (actual information once yearly)","INT",,"1=yes|0=no",,,,,,,"loinc:LA33-6|loinc:LA32-8","Yes|No","45877994|45878245","snomed:419620001","Death",4306655,,,,,,,"condition_occurrence","visit date",46235916,"Visit date","loinc:76427-4"
"Tod_Datum","date of death","DATETIME","YYYY/MM/DD",,,,,,,,,,,"snomed:419620001","Death",4306655,,,,,,,"condition_occurrence","visit date",46235916,"Visit date","loinc:76427-4"
"TodesursacheICD10STAT","ICD code of type of death","STR",,,,,,,,,,,,"snomed:419620001","Death",4306655,"Diagnosis ICD code [Identifier]","loinc:52797-8",3042537,,,,"condition_occurrence","visit date",46235916,"Visit date","loinc:76427-4"
"EndOfObservation_Date","date of end of observation within the university hospital (last visit at the HF outpatient unit or other departments at the hospital)","DATETIME","YYYY/MM/DD",,,,,,,,,,,"icare:icv2000000044","last known outpatient or inpatient visit",2000000044,,,,,,,"condition_occurrence","visit date",46235916,"Visit date","loinc:76427-4"
"HTX_JN","Heart transplantation (HTx) yes/no","INT",,"1=yes|0=no",,,,,,,"loinc:LA33-6|loinc:LA32-8","Yes|No","45877994|45878245","snomed:32413006","Transplantation of heart",4137127,,,,,,,"condition_occurrence","visit date",46235916,"Visit date","loinc:76427-4"
"HTX_Datum","Date of Heart transplantation (HTx)","DATETIME","YYYY/MM/DD",,,,,,,,,,,"snomed:32413006","Transplantation of heart",4137127,"date of procedure","Snomed:439272007",4232096,,,,"condition_occurrence","visit date",46235916,"Visit date","loinc:76427-4"
"avg.hospduration","average length of hospitalisation stay","INT",,,,,,,,,,,,"loinc:11337-3","History of Hospitalization",3019044,"Hospital stay duration|Average","loinc:LP193947-1|loinc:LA14989-0	","1014202|45880776",,,,"Observation","visit date",46235916,"Visit date","loinc:76427-4"
"totalhospduration","total hospitalisation duration","INT",,,,,,,,,,,,"loinc:11337-3","History of Hospitalization",3019044,,,,,,,"Observation","visit date",46235916,"Visit date","loinc:76427-4"
"Hospcount","number of hospitalisations","INT",,,,,,,,,,,,"loinc:11337-3","History of Hospitalization",3019044,,,,,,,"Observation","visit date",46235916,"Visit date","loinc:76427-4"
"1.HOSP_Beginn","first hospitalisation start date","DATETIME",,,,,,,,,,,,"loinc:11337-3","History of Hospitalization",3019044,"Event start date|first","loinc:95895-9|snomed:255216001","36031476|4112230",,,,"Observation","visit date",46235916,"Visit date","loinc:76427-4"
"1.HOSP_Ende","first hospitalisation end date","DATETIME",,,,,,,,,,,,"loinc:11337-3","History of Hospitalization",3019044,"End date|first","snomed:454551000124105|snomed:255216001","764408|4112230",,,,"Observation","visit date",46235916,"Visit date","loinc:76427-4"
"1.HOSP_Dauer","first hospitalisation length of stay","INT",,,,,,,,,,,,"loinc:11337-3","History of Hospitalization",3019044,"Hospital stay duration|first","loinc:78033-8|snomed:255216001","46236995|4112230",,,,"Observation","visit date",46235916,"Visit date","loinc:76427-4"
"1.HOSP_ambulant","outpatient stay at first hospitalisation","INT",,"1=yes",,,,,,,"loinc:LA33-6","Yes",45877994,"loinc:11337-3","History of Hospitalization",3019044,"Ambulatory Visit|first","loinc:LA21424-9|snomed:255216001","46237886|4112230",,,,"Observation","visit date",46235916,"Visit date","loinc:76427-4"
"1.HOSP_stationär","inpatient stay at first hospitalisation","INT",,"1=yes",,,,,,,"loinc:LA33-6","Yes",45877994,"loinc:11337-3","History of Hospitalization",3019044,"Inpatient stay|first","snomed:308540004|snomed:255216001","4205408|4112230",,,,"Observation","visit date",46235916,"Visit date","loinc:76427-4"
"1.HOSP_GrundHospitalisierung","reason for first hospitalisation - free text field","STR",,,,,,,,,,,,"loinc:11337-3","History of Hospitalization",3019044,"Reason for hospitalization|first","loinc:86947-9|snomed:255216001","36305514|4112230",,,,"Observation","visit date",46235916,"Visit date","loinc:76427-4"
"2.HOSP_Beginn","second hospitalisation start date","DATETIME",,,,,,,,,,,,"loinc:11337-3","History of Hospitalization",3019044,"Event start date|second","loinc:95895-9|snomed:81170007","36031476|4217781",,,,"Observation","visit date",46235916,"Visit date","loinc:76427-4"
"2.HOSP_Ende","second hospitalisation end date","DATETIME",,,,,,,,,,,,"loinc:11337-3","History of Hospitalization",3019044,"End date|second","snomed:454551000124105|snomed:81170007","764408|4217781",,,,"Observation","visit date",46235916,"Visit date","loinc:76427-4"
"2.HOSP_Dauer","second hospitalisation length of stay","INT",,,,,,,,,,,,"loinc:11337-3","History of Hospitalization",3019044,"Hospital stay duration|second","loinc:78033-8|snomed:81170007","46236995|4217781",,,,"Observation","visit date",46235916,"Visit date","loinc:76427-4"
"2.HOSP_ambulant","second hospitalisation outpatient stay","INT",,"1=yes",,,,,,,"loinc:LA33-6","Yes",45877994,"loinc:11337-3","History of Hospitalization",3019044,"Ambulatory Visit|second","loinc:LA21424-9|snomed:81170007","46237886|4217781",,,,"Observation","visit date",46235916,"Visit date","loinc:76427-4"
"2.HOSP_stationär","second hospiatilation inpatient stay","INT",,"1=yes",,,,,,,"loinc:LA33-6","Yes",45877994,"loinc:11337-3","History of Hospitalization",3019044,"Inpatient stay|second","snomed:308540004|snomed:81170007","4205408|4217781",,,,"Observation","visit date",46235916,"Visit date","loinc:76427-4"
"2.HOSP_GrundHospitalisierung","reason for second hospitalisation","STR",,,,,,,,,,,,"loinc:11337-3","History of Hospitalization",3019044,"Reason for hospitalization|second","loinc:86947-9|snomed:81170007","36305514|4217781",,,,"Observation","visit date",46235916,"Visit date","loinc:76427-4"
"3.HOSP_Beginn","third hospitalisation start date","DATETIME",,,,,,,,,,,,"loinc:11337-3","History of Hospitalization",3019044,"Event start date|third","loinc:95895-9|snomed:70905002","36031476|4324384",,,,"Observation","visit date",46235916,"Visit date","loinc:76427-4"
"3.HOSP_Ende","third hospitalisation end date","DATETIME",,,,,,,,,,,,"loinc:11337-3","History of Hospitalization",3019044,"End date|third","snomed:454551000124105|snomed:70905002","764408|4324384",,,,"Observation","visit date",46235916,"Visit date","loinc:76427-4"
"3.HOSP_Dauer","third hospitalisation length of stay","INT",,,,,,,,,,,,"loinc:11337-3","History of Hospitalization",3019044,"Hospital stay duration|third","loinc:78033-8|snomed:70905002","46236995|4324384",,,,"Observation","visit date",46235916,"Visit date","loinc:76427-4"
"3.HOSP_ambulant","outpatient stay at third hospitalisation","INT",,"1=yes",,,,,,,"loinc:LA33-6","Yes",45877994,"loinc:11337-3","History of Hospitalization",3019044,"Ambulatory Visit|third","loinc:LA21424-9|snomed:70905002","46237886|4324384",,,,"Observation","visit date",46235916,"Visit date","loinc:76427-4"
"3.HOSP_stationär","inpatient stay at third hospitalisation","INT",,"1=yes",,,,,,,"loinc:LA33-6","Yes",45877994,"loinc:11337-3","History of Hospitalization",3019044,"Inpatient stay|third","snomed:308540004|snomed:70905002","4205408|4324384",,,,"Observation","visit date",46235916,"Visit date","loinc:76427-4"
"3.HOSP_GrundHospitalisierung","reason for third hospitalisation - free text field","STR",,,,,,,,,,,,"loinc:11337-3","History of Hospitalization",3019044,"Reason for hospitalization|third","loinc:86947-9|snomed:70905002","36305514|4324384",,,,"Observation","visit date",46235916,"Visit date","loinc:76427-4"
"4.HOSP_Beginn","fourth hospitalisation start date","DATETIME",,,,,,,,,,,,"loinc:11337-3","History of Hospitalization",3019044,"Event start date|fourth","loinc:95895-9|snomed:29970001","36031476|4107051",,,,"Observation","visit date",46235916,"Visit date","loinc:76427-4"
"4.HOSP_Ende","fourth hospitalisation end date","DATETIME",,,,,,,,,,,,"loinc:11337-3","History of Hospitalization",3019044,"End date|fourth","snomed:454551000124105|snomed:29970001","764408|4107051",,,,"Observation","visit date",46235916,"Visit date","loinc:76427-4"
"4.HOSP_Dauer","fourth hospitalisation length of stay","INT",,,,,,,,,,,,"loinc:11337-3","History of Hospitalization",3019044,"Hospital stay duration|fourth","loinc:78033-8|snomed:29970001","46236995|4107051",,,,"Observation","visit date",46235916,"Visit date","loinc:76427-4"
"4.HOSP_ambulant","outpatient stay at fourth hospitalisation","INT",,"1=yes",,,,,,,"loinc:LA33-6","Yes",45877994,"loinc:11337-3","History of Hospitalization",3019044,"Ambulatory Visit|fourth","loinc:LA21424-9|snomed:29970001","46237886|4107051",,,,"Observation","visit date",46235916,"Visit date","loinc:76427-4"
"4.HOSP_stationär","inpatient stay at fourth hospitalisation","INT",,"1=yes",,,,,,,"loinc:LA33-6","Yes",45877994,"loinc:11337-3","History of Hospitalization",3019044,"Inpatient stay|fourth","snomed:308540004|snomed:29970001","4205408|4107051",,,,"Observation","visit date",46235916,"Visit date","loinc:76427-4"
"4.HOSP_GrundHospitalisierung","reason for fourth hospitalisation - free text field","STR",,,,,,,,,,,,"loinc:11337-3","History of Hospitalization",3019044,"Reason for hospitalization|fourth","loinc:86947-9|snomed:29970001","36305514|4107051",,,,"Observation","visit date",46235916,"Visit date","loinc:76427-4"
"5.HOSP_Beginn","fifth hospitalisation start date","DATETIME",,,,,,,,,,,,"loinc:11337-3","History of Hospitalization",3019044,"Event start date|fifth","loinc:95895-9|snomed:32088001","36031476|4136808",,,,"Observation","visit date",46235916,"Visit date","loinc:76427-4"
"5.HOSP_Ende","fifth hospitalisation end date","DATETIME",,,,,,,,,,,,"loinc:11337-3","History of Hospitalization",3019044,"End date|fifth","snomed:454551000124105|snomed:32088001","764408|4136808",,,,"Observation","visit date",46235916,"Visit date","loinc:76427-4"
"5.HOSP_Dauer","fifth hospitalisation length of stay","INT",,,,,,,,,,,,"loinc:11337-3","History of Hospitalization",3019044,"Hospital stay duration|fifth","loinc:78033-8|snomed:32088001","46236995|4136808",,,,"Observation","visit date",46235916,"Visit date","loinc:76427-4"
"5.HOSP_ambulant","outpatient stay at fifth hospitalisation","INT",,"1=yes",,,,,,,"loinc:LA33-6","Yes",45877994,"loinc:11337-3","History of Hospitalization",3019044,"Ambulatory Visit|fifth","loinc:LA21424-9|snomed:32088001","46237886|4136808",,,,"Observation","visit date",46235916,"Visit date","loinc:76427-4"
"5.HOSP_stationär","inpatient stay at fifth hospitalisation","INT",,"1=yes",,,,,,,"loinc:LA33-6","Yes",45877994,"loinc:11337-3","History of Hospitalization",3019044,"Inpatient stay|fifth","snomed:308540004|snomed:32088001","4205408|4136808",,,,"Observation","visit date",46235916,"Visit date","loinc:76427-4"
"5.HOSP_GrundHospitalisierung","reason for fifth hospitalisation - free text field","STR",,,,,,,,,,,,"loinc:11337-3","History of Hospitalization",3019044,"Reason for hospitalization|fifth","loinc:86947-9|snomed:32088001","36305514|4136808",,,,"Observation","visit date",46235916,"Visit date","loinc:76427-4"
"6.HOSP_Beginn","sixth hospitalisation start date","DATETIME",,,,,,,,,,,,"loinc:11337-3","History of Hospitalization",3019044,"Event start date|sixth","loinc:95895-9|snomed:53046009","36031476|4203150",,,,"Observation","visit date",46235916,"Visit date","loinc:76427-4"
"6.HOSP_Ende","sixth hospitalisation end date","DATETIME",,,,,,,,,,,,"loinc:11337-3","History of Hospitalization",3019044,"End date|sixth","snomed:454551000124105|snomed:53046009","764408|4203150",,,,"Observation","visit date",46235916,"Visit date","loinc:76427-4"
"6.HOSP_Dauer","sixth hospitalisation length of stay","INT",,,,,,,,,,,,"loinc:11337-3","History of Hospitalization",3019044,"Hospital stay duration|sixth","loinc:78033-8|snomed:53046009","46236995|4203150",,,,"Observation","visit date",46235916,"Visit date","loinc:76427-4"
"6.HOSP_ambulant","Six outpatient stay","INT",,"1=yes",,,,,,,"loinc:LA33-6","Yes",45877994,"loinc:11337-3","History of Hospitalization",3019044,"Ambulatory Visit|sixth","loinc:LA21424-9|snomed:53046009","46237886|4203150",,,,"Observation","visit date",46235916,"Visit date","loinc:76427-4"
"6.HOSP_stationär","Six inpatient stay","INT",,"1=yes",,,,,,,"loinc:LA33-6","Yes",45877994,"loinc:11337-3","History of Hospitalization",3019044,"Inpatient stay|sixth","snomed:308540004|snomed:53046009","4205408|4203150",,,,"Observation","visit date",46235916,"Visit date","loinc:76427-4"
"6.HOSP_GrundHospitalisierung","reason for sixth hospitalisation - free text field","STR",,,,,,,,,,,,"loinc:11337-3","History of Hospitalization",3019044,"Reason for hospitalization|sixth","loinc:86947-9|snomed:53046009","36305514|4203150",,,,"Observation","visit date",46235916,"Visit date","loinc:76427-4"
"7.HOSP_Beginn"," 7th hospitalisation start date","DATETIME",,,,,,,,,,,,"loinc:11337-3","History of Hospitalization",3019044,"Event start date|seventh","loinc:95895-9|snomed:86777004","36031476|4336538",,,,"Observation","visit date",46235916,"Visit date","loinc:76427-4"
"7.HOSP_Ende","7th hospitalisation end date","DATETIME",,,,,,,,,,,,"loinc:11337-3","History of Hospitalization",3019044,"End date|seventh","snomed:454551000124105|snomed:86777004","764408|4336538",,,,"Observation","visit date",46235916,"Visit date","loinc:76427-4"
"7.HOSP_Dauer","7th hospitalisation length of stay","INT",,,,,,,,,,,,"loinc:11337-3","History of Hospitalization",3019044,"Hospital stay duration|seventh","loinc:78033-8|snomed:86777004","46236995|4336538",,,,"Observation","visit date",46235916,"Visit date","loinc:76427-4"
"7.HOSP_ambulant","Seven outpatient stay","INT",,"1=yes",,,,,,,"loinc:LA33-6","Yes",45877994,"loinc:11337-3","History of Hospitalization",3019044,"Ambulatory Visit|seventh","loinc:LA21424-9|snomed:86777004","46237886|4336538",,,,"Observation","visit date",46235916,"Visit date","loinc:76427-4"
"7.HOSP_stationär","Seven inpatient stay","INT",,"1=yes",,,,,,,"loinc:LA33-6","Yes",45877994,"loinc:11337-3","History of Hospitalization",3019044,"Inpatient stay|seventh","snomed:308540004|snomed:86777004","4205408|4336538",,,,"Observation","visit date",46235916,"Visit date","loinc:76427-4"
"7.HOSP_GrundHospitalisierung","reason for seventh hospitalisation - free text field","STR",,,,,,,,,,,,"loinc:11337-3","History of Hospitalization",3019044,"Reason for hospitalization|seventh","loinc:86947-9|snomed:86777004","36305514|4336538",,,,"Observation","visit date",46235916,"Visit date","loinc:76427-4"
"8.HOSP_Beginn","8th hospitalisation start date","DATETIME",,,,,,,,,,,,"loinc:11337-3","History of Hospitalization",3019044,"Event start date|Eighth","loinc:95895-9|snomed:51601003","36031476|4197569",,,,"Observation","visit date",46235916,"Visit date","loinc:76427-4"
"8.HOSP_Ende","8th hospitalisation end date","DATETIME",,,,,,,,,,,,"loinc:11337-3","History of Hospitalization",3019044,"End date|Eighth","snomed:454551000124105|snomed:51601003","764408|4197569",,,,"Observation","visit date",46235916,"Visit date","loinc:76427-4"
"8.HOSP_Dauer","8th hospitalisation length of stay","INT",,,,,,,,,,,,"loinc:11337-3","History of Hospitalization",3019044,"Hospital stay duration|Eighth","loinc:78033-8|snomed:51601003","46236995|4197569",,,,"Observation","visit date",46235916,"Visit date","loinc:76427-4"
"8.HOSP_ambulant","Eight outpatient stay","INT",,"1=yes",,,,,,,"loinc:LA33-6","Yes",45877994,"loinc:11337-3","History of Hospitalization",3019044,"Ambulatory Visit|Eighth","loinc:LA21424-9|snomed:51601003","46237886|4197569",,,,"Observation","visit date",46235916,"Visit date","loinc:76427-4"
"8.HOSP_stationär","Eight inpatient stay","INT",,"1=yes",,,,,,,"loinc:LA33-6","Yes",45877994,"loinc:11337-3","History of Hospitalization",3019044,"Inpatient stay|Eighth","snomed:308540004|snomed:51601003","4205408|4197569",,,,"Observation","visit date",46235916,"Visit date","loinc:76427-4"
"8.HOSP_GrundHospitalisierung","reason for eighth hospitalisation - free text field","STR",,,,,,,,,,,,"loinc:11337-3","History of Hospitalization",3019044,"Reason for hospitalization|Eighth","loinc:86947-9|snomed:51601003","36305514|4197569",,,,"Observation","visit date",46235916,"Visit date","loinc:76427-4"
"9.HOSP_Beginn","9th hospitalisation start date","DATETIME",,,,,,,,,,,,"loinc:11337-3","History of Hospitalization",3019044,"Event start date|ninth","loinc:95895-9|snomed:58584009","36031476|4242415",,,,"Observation","visit date",46235916,"Visit date","loinc:76427-4"
"9.HOSP_Ende","9th hospitalisation end date","DATETIME",,,,,,,,,,,,"loinc:11337-3","History of Hospitalization",3019044,"End date|ninth","snomed:454551000124105|snomed:58584009","764408|4242415",,,,"Observation","visit date",46235916,"Visit date","loinc:76427-4"
"9.HOSP_Dauer","9th hospitalisation length of stay","INT",,,,,,,,,,,,"loinc:11337-3","History of Hospitalization",3019044,"Hospital stay duration|ninth","loinc:78033-8|snomed:58584009","46236995|4242415",,,,"Observation","visit date",46235916,"Visit date","loinc:76427-4"
"9.HOSP_ambulant","Nine outpatient stay","INT",,"1=yes",,,,,,,"loinc:LA33-6","Yes",45877994,"loinc:11337-3","History of Hospitalization",3019044,"Ambulatory Visit|ninth","loinc:LA21424-9|snomed:58584009","46237886|4242415",,,,"Observation","visit date",46235916,"Visit date","loinc:76427-4"
"9.HOSP_stationär","Nine inpatient stay","INT",,"1=yes",,,,,,,"loinc:LA33-6","Yes",45877994,"loinc:11337-3","History of Hospitalization",3019044,"Inpatient stay|ninth","snomed:308540004|snomed:58584009","4205408|4242415",,,,"Observation","visit date",46235916,"Visit date","loinc:76427-4"
"9.HOSP_GrundHospitalisierung","reason for ninth hospitalisation - free text field","STR",,,,,,,,,,,,"loinc:11337-3","History of Hospitalization",3019044,"Reason for hospitalization|ninth","loinc:86947-9|snomed:58584009","36305514|4242415",,,,"Observation","visit date",46235916,"Visit date","loinc:76427-4"
"10.HOSP_Beginn","10th hospitalisation start date","DATETIME",,,,,,,,,,,,"loinc:11337-3","History of Hospitalization",3019044,"Event start date|tenth","loinc:95895-9|snomed:28226006","36031476|4151372",,,,"Observation","visit date",46235916,"Visit date","loinc:76427-4"
"10.HOSP_Ende","10th hospitalisation end date","DATETIME",,,,,,,,,,,,"loinc:11337-3","History of Hospitalization",3019044,"End date|tenth","snomed:454551000124105|snomed:28226006","764408|4151372",,,,"Observation","visit date",46235916,"Visit date","loinc:76427-4"
"10.HOSP_Dauer","10th hospitalisation length of stay","INT",,,,,,,,,,,,"loinc:11337-3","History of Hospitalization",3019044,"Hospital stay duration|tenth","loinc:78033-8|snomed:28226006","46236995|4151372",,,,"Observation","visit date",46235916,"Visit date","loinc:76427-4"
"10.HOSP_ambulant","10th outpatient stay","INT",,"1=yes",,,,,,,"loinc:LA33-6","Yes",45877994,"loinc:11337-3","History of Hospitalization",3019044,"Ambulatory Visit|tenth","loinc:LA21424-9|snomed:28226006","46237886|4151372",,,,"Observation","visit date",46235916,"Visit date","loinc:76427-4"
"10.HOSP_stationär","10th inpatient stay","INT",,"1=yes",,,,,,,"loinc:LA33-6","Yes",45877994,"loinc:11337-3","History of Hospitalization",3019044,"Inpatient stay|tenth","snomed:308540004|snomed:28226006","4205408|4151372",,,,"Observation","visit date",46235916,"Visit date","loinc:76427-4"
"10.HOSP_GrundHospitalisierung","reason for ten hospitalisation - free text field","STR",,,,,,,,,,,,"loinc:11337-3","History of Hospitalization",3019044,"Reason for hospitalization|tenth","loinc:86947-9|snomed:28226006","36305514|4151372",,,,"Observation","visit date",46235916,"Visit date","loinc:76427-4"
"11.HOSP_Beginn","11th hospitalisation start date","DATETIME",,,,,,,,,,,,"loinc:11337-3","History of Hospitalization",3019044,"Event start date|Eleventh","loinc:95895-9|snomed:40397004","36031476|4226538",,,,"Observation","visit date",46235916,"Visit date","loinc:76427-4"
"11.HOSP_Ende","11th hospitalisation end date","DATETIME",,,,,,,,,,,,"loinc:11337-3","History of Hospitalization",3019044,"End date|Eleventh","snomed:454551000124105|snomed:40397004","764408|4226538",,,,"Observation","visit date",46235916,"Visit date","loinc:76427-4"
"11.HOSP_Dauer","11th hospitalisation length of stay","INT",,,,,,,,,,,,"loinc:11337-3","History of Hospitalization",3019044,"Hospital stay duration|Eleventh","loinc:78033-8|snomed:40397004","46236995|4226538",,,,"Observation","visit date",46235916,"Visit date","loinc:76427-4"
"11.HOSP_ambulant","Eleven outpatient stay","INT",,"1=yes",,,,,,,"loinc:LA33-6","Yes",45877994,"loinc:11337-3","History of Hospitalization",3019044,"Ambulatory Visit|Eleventh","loinc:LA21424-9|snomed:40397004","46237886|4226538",,,,"Observation","visit date",46235916,"Visit date","loinc:76427-4"
"11.HOSP_stationär","Eleven inpatient stay","INT",,"1=yes",,,,,,,"loinc:LA33-6","Yes",45877994,"loinc:11337-3","History of Hospitalization",3019044,"Inpatient stay|Eleventh","snomed:308540004|snomed:40397004","4205408|4226538",,,,"Observation","visit date",46235916,"Visit date","loinc:76427-4"
"11.HOSP_GrundHospitalisierung","reason for eleven hospitalisation - free text field","STR",,,,,,,,,,,,"loinc:11337-3","History of Hospitalization",3019044,"Reason for hospitalization|Eleventh","loinc:86947-9|snomed:40397004","36305514|4226538",,,,"Observation","visit date",46235916,"Visit date","loinc:76427-4"
"12.HOSP_Beginn","12th hospitalisation start date","DATETIME",,,,,,,,,,,,"loinc:11337-3","History of Hospitalization",3019044,"Event start date|twelfth","loinc:95895-9|snomed:46213005","36031476|4262528",,,,"Observation","visit date",46235916,"Visit date","loinc:76427-4"
"12.HOSP_Ende","12th hospitalisation end date","DATETIME",,,,,,,,,,,,"loinc:11337-3","History of Hospitalization",3019044,"End date|twelfth","snomed:454551000124105|snomed:46213005","764408|4262528",,,,"Observation","visit date",46235916,"Visit date","loinc:76427-4"
"12.HOSP_Dauer","12th hospitalisation length of stay","INT",,,,,,,,,,,,"loinc:11337-3","History of Hospitalization",3019044,"Hospital stay duration|twelfth","loinc:78033-8|snomed:46213005","46236995|4262528",,,,"Observation","visit date",46235916,"Visit date","loinc:76427-4"
"12.HOSP_ambulant","twelve outpatient stay","INT",,"1=yes",,,,,,,"loinc:LA33-6","Yes",45877994,"loinc:11337-3","History of Hospitalization",3019044,"Ambulatory Visit|twelfth","loinc:LA21424-9|snomed:46213005","46237886|4262528",,,,"Observation","visit date",46235916,"Visit date","loinc:76427-4"
"12.HOSP_stationär","Twelve inpatient stay","INT",,"1=yes",,,,,,,"loinc:LA33-6","Yes",45877994,"loinc:11337-3","History of Hospitalization",3019044,"Inpatient stay|twelfth","snomed:308540004|snomed:46213005","4205408|4262528",,,,"Observation","visit date",46235916,"Visit date","loinc:76427-4"
"12.HOSP_GrundHospitalisierung","reason for twelve hospitalisation - free text field","STR",,,,,,,,,,,,"loinc:11337-3","History of Hospitalization",3019044,"Reason for hospitalization|twelfth","loinc:86947-9|snomed:46213005","36305514|4262528",,,,"Observation","visit date",46235916,"Visit date","loinc:76427-4"
"13.HOSP_Beginn","13th hospitalisation start date","DATETIME",,,,,,,,,,,,"loinc:11337-3","History of Hospitalization",3019044,"Event start date|thirteenth","loinc:95895-9|icare:icv200000106","36031476|2000000106",,,,"Observation","visit date",46235916,"Visit date","loinc:76427-4"
"13.HOSP_Ende","13th hospitalisation end date","DATETIME",,,,,,,,,,,,"loinc:11337-3","History of Hospitalization",3019044,"End date|thirteenth","snomed:454551000124105|icare:icv200000106","764408|2000000106",,,,"Observation","visit date",46235916,"Visit date","loinc:76427-4"
"13.HOSP_Dauer","13th hospitalisation length of stay","INT",,,,,,,,,,,,"loinc:11337-3","History of Hospitalization",3019044,"Hospital stay duration|thirteenth","loinc:78033-8|icare:icv200000106","46236995|2000000106",,,,"Observation","visit date",46235916,"Visit date","loinc:76427-4"
"13.HOSP_ambulant","Thirteen outpatient stay","INT",,"1=yes",,,,,,,"loinc:LA33-6","Yes",45877994,"loinc:11337-3","History of Hospitalization",3019044,"Ambulatory Visit|thirteenth","loinc:LA21424-9|icare:icv200000106","46237886|2000000106",,,,"Observation","visit date",46235916,"Visit date","loinc:76427-4"
"13.HOSP_stationär","Thirteen inpatient stay","INT",,"1=yes",,,,,,,"loinc:LA33-6","Yes",45877994,"loinc:11337-3","History of Hospitalization",3019044,"Inpatient stay|thirteenth","snomed:308540004|icare:icv200000106","4205408|2000000106",,,,"Observation","visit date",46235916,"Visit date","loinc:76427-4"
"13.HOSP_GrundHospitalisierung","reason for thirteen hospitalisation - free text field","STR",,,,,,,,,,,,"loinc:11337-3","History of Hospitalization",3019044,"Reason for hospitalization|thirteenth","loinc:86947-9|icare:icv200000106","36305514|2000000106",,,,"Observation","visit date",46235916,"Visit date","loinc:76427-4"
"14.HOSP_Beginn","14th hospitalisation start date","DATETIME",,,,,,,,,,,,"loinc:11337-3","History of Hospitalization",3019044,"Event start date|fourteenth","loinc:95895-9|icare:icv200000107","36031476|2000000107",,,,"Observation","visit date",46235916,"Visit date","loinc:76427-4"
"14.HOSP_Ende","14th hospitalisation end date","DATETIME",,,,,,,,,,,,"loinc:11337-3","History of Hospitalization",3019044,"End date|fourteenth","snomed:454551000124105|icare:icv200000107","764408|2000000107",,,,"Observation","visit date",46235916,"Visit date","loinc:76427-4"
"14.HOSP_Dauer","14th hospitalisation length of stay","INT",,,,,,,,,,,,"loinc:11337-3","History of Hospitalization",3019044,"Hospital stay duration|fourteenth","loinc:78033-8|icare:icv200000107","46236995|2000000107",,,,"Observation","visit date",46235916,"Visit date","loinc:76427-4"
"14.HOSP_ambulant","Fourteen outpatient stay","INT",,"1=yes",,,,,,,"loinc:LA33-6","Yes",45877994,"loinc:11337-3","History of Hospitalization",3019044,"Ambulatory Visit|fourteenth","loinc:LA21424-9|icare:icv200000107","46237886|2000000107",,,,"Observation","visit date",46235916,"Visit date","loinc:76427-4"
"14.HOSP_stationär","Fourteen inpatient stay","INT",,"1=yes",,,,,,,"loinc:LA33-6","Yes",45877994,"loinc:11337-3","History of Hospitalization",3019044,"Inpatient stay|fourteenth","snomed:308540004|icare:icv200000107","4205408|2000000107",,,,"Observation","visit date",46235916,"Visit date","loinc:76427-4"
"14.HOSP_GrundHospitalisierung","reason for fourteen hospitalisation - free text field","STR",,,,,,,,,,,,"loinc:11337-3","History of Hospitalization",3019044,"Reason for hospitalization|fourteenth","loinc:86947-9|icare:icv200000107","36305514|2000000107",,,,"Observation","visit date",46235916,"Visit date","loinc:76427-4"
"15.HOSP_Beginn","15th  hospitalisation start date","DATETIME",,,,,,,,,,,,"loinc:11337-3","History of Hospitalization",3019044,"Event start date|fifteenth","loinc:95895-9|icare:icv200000108","36031476|2000000108",,,,"Observation","visit date",46235916,"Visit date","loinc:76427-4"
"15.HOSP_Ende","15th hospitalisation end date","DATETIME",,,,,,,,,,,,"loinc:11337-3","History of Hospitalization",3019044,"End date|fifteenth","snomed:454551000124105|icare:icv200000108","764408|2000000108",,,,"Observation","visit date",46235916,"Visit date","loinc:76427-4"
"15.HOSP_Dauer","15th hospitalisation length of stay","INT",,,,,,,,,,,,"loinc:11337-3","History of Hospitalization",3019044,"Hospital stay duration|fifteenth","loinc:78033-8|icare:icv200000108","46236995|2000000108",,,,"Observation","visit date",46235916,"Visit date","loinc:76427-4"
"15.HOSP_ambulant","fifteen outpatient stay","INT",,"1=yes",,,,,,,"loinc:LA33-6","Yes",45877994,"loinc:11337-3","History of Hospitalization",3019044,"Ambulatory Visit|fifteenth","loinc:LA21424-9|icare:icv200000108","46237886|2000000108",,,,"Observation","visit date",46235916,"Visit date","loinc:76427-4"
"15.HOSP_stationär","Fifteen inpatient stay","INT",,"1=yes",,,,,,,"loinc:LA33-6","Yes",45877994,"loinc:11337-3","History of Hospitalization",3019044,"Inpatient stay|fifteenth","snomed:308540004|icare:icv200000108","4205408|2000000108",,,,"Observation","visit date",46235916,"Visit date","loinc:76427-4"
"15.HOSP_GrundHospitalisierung","reason for fifteen hospitalisation - free text field","STR",,,,,,,,,,,,"loinc:11337-3","History of Hospitalization",3019044,"Reason for hospitalization|fifteenth","loinc:86947-9|icare:icv200000108","36305514|2000000108",,,,"Observation","visit date",46235916,"Visit date","loinc:76427-4"
"16.HOSP_Beginn","16th hospitalisation start date","DATETIME",,,,,,,,,,,,"loinc:11337-3","History of Hospitalization",3019044,"Event start date|sixteenth","loinc:95895-9|icare:icv200000109","36031476|2000000109",,,,"Observation","visit date",46235916,"Visit date","loinc:76427-4"
"16.HOSP_Ende","16th hospitalisation end date","DATETIME",,,,,,,,,,,,"loinc:11337-3","History of Hospitalization",3019044,"End date|sixteenth","snomed:454551000124105|icare:icv200000109","764408|2000000109",,,,"Observation","visit date",46235916,"Visit date","loinc:76427-4"
"16.HOSP_Dauer","16th hospitalisation length of stay","INT",,,,,,,,,,,,"loinc:11337-3","History of Hospitalization",3019044,"Hospital stay duration|sixteenth","loinc:78033-8|icare:icv200000109","46236995|2000000109",,,,"Observation","visit date",46235916,"Visit date","loinc:76427-4"
"16.HOSP_ambulant","Sixteen outpatient stay","INT",,"1=yes",,,,,,,"loinc:LA33-6","Yes",45877994,"loinc:11337-3","History of Hospitalization",3019044,"Ambulatory Visit|sixteenth","loinc:LA21424-9|icare:icv200000109","46237886|2000000109",,,,"Observation","visit date",46235916,"Visit date","loinc:76427-4"
"16.HOSP_stationär","Sixteen inpatient stay","INT",,"1=yes",,,,,,,"loinc:LA33-6","Yes",45877994,"loinc:11337-3","History of Hospitalization",3019044,"Inpatient stay|sixteenth","snomed:308540004|icare:icv200000109","4205408|2000000109",,,,"Observation","visit date",46235916,"Visit date","loinc:76427-4"
"16.HOSP_GrundHospitalisierung","reason for sixteen hospitalisation - free text field","STR",,,,,,,,,,,,"loinc:11337-3","History of Hospitalization",3019044,"Reason for hospitalization|sixteenth","loinc:86947-9|icare:icv200000109","36305514|2000000109",,,,"Observation","visit date",46235916,"Visit date","loinc:76427-4"
"17.HOSP_Beginn","17th hospitalisation start date","DATETIME",,,,,,,,,,,,"loinc:11337-3","History of Hospitalization",3019044,"Event start date|seventeenth","loinc:95895-9|icare:icv200000110","36031476|2000000110",,,,"Observation","visit date",46235916,"Visit date","loinc:76427-4"
"17.HOSP_Ende","17th hospitalisation end date","DATETIME",,,,,,,,,,,,"loinc:11337-3","History of Hospitalization",3019044,"End date|seventeenth","snomed:454551000124105|icare:icv200000110","764408|2000000110",,,,"Observation","visit date",46235916,"Visit date","loinc:76427-4"
"17.HOSP_Dauer","17th hospitalisation length of stay","INT",,,,,,,,,,,,"loinc:11337-3","History of Hospitalization",3019044,"Hospital stay duration|seventeenth","loinc:78033-8|icare:icv200000110","46236995|2000000110",,,,"Observation","visit date",46235916,"Visit date","loinc:76427-4"
"17.HOSP_ambulant","Seventeen outpatient stay","INT",,"1=yes",,,,,,,"loinc:LA33-6","Yes",45877994,"loinc:11337-3","History of Hospitalization",3019044,"Ambulatory Visit|seventeenth","loinc:LA21424-9|icare:icv200000110","46237886|2000000110",,,,"Observation","visit date",46235916,"Visit date","loinc:76427-4"
"17.HOSP_stationär","Seventeen inpatient stay","INT",,"1=yes",,,,,,,"loinc:LA33-6","Yes",45877994,"loinc:11337-3","History of Hospitalization",3019044,"Inpatient stay|seventeenth","snomed:308540004|icare:icv200000110","4205408|2000000110",,,,"Observation","visit date",46235916,"Visit date","loinc:76427-4"
"17.HOSP_GrundHospitalisierung","reason for seventeen hospitalisation - free text field","STR",,,,,,,,,,,,"loinc:11337-3","History of Hospitalization",3019044,"Reason for hospitalization|seventeenth","loinc:86947-9|icare:icv200000110","36305514|2000000110",,,,"Observation","visit date",46235916,"Visit date","loinc:76427-4"
"18.HOSP_Beginn","18th hospitalisation start date","DATETIME",,,,,,,,,,,,"loinc:11337-3","History of Hospitalization",3019044,"Event start date|eighteenth","loinc:95895-9|icare:icv200000111","36031476|2000000111",,,,"Observation","visit date",46235916,"Visit date","loinc:76427-4"
"18.HOSP_Ende","18th hospitalisation end date","DATETIME",,,,,,,,,,,,"loinc:11337-3","History of Hospitalization",3019044,"End date|eighteenth","snomed:454551000124105|icare:icv200000111","764408|2000000111",,,,"Observation","visit date",46235916,"Visit date","loinc:76427-4"
"18.HOSP_Dauer","18th hospitalisation length of stay","INT",,,,,,,,,,,,"loinc:11337-3","History of Hospitalization",3019044,"Hospital stay duration|eighteenth","loinc:78033-8|icare:icv200000111","46236995|2000000111",,,,"Observation","visit date",46235916,"Visit date","loinc:76427-4"
"18.HOSP_ambulant","Eighteen outpatient stay","INT",,"1=yes",,,,,,,"loinc:LA33-6","Yes",45877994,"loinc:11337-3","History of Hospitalization",3019044,"Ambulatory Visit|eighteenth","loinc:LA21424-9|icare:icv200000111","46237886|2000000111",,,,"Observation","visit date",46235916,"Visit date","loinc:76427-4"
"18.HOSP_stationär","Eighteen inpatient stay","INT",,"1=yes",,,,,,,"loinc:LA33-6","Yes",45877994,"loinc:11337-3","History of Hospitalization",3019044,"Inpatient stay|eighteenth","snomed:308540004|icare:icv200000111","4205408|2000000111",,,,"Observation","visit date",46235916,"Visit date","loinc:76427-4"
"18.HOSP_GrundHospitalisierung","reason for eighteen hospitalisation - free text field","STR",,,,,,,,,,,,"loinc:11337-3","History of Hospitalization",3019044,"Reason for hospitalization|eighteenth","loinc:86947-9|icare:icv200000111","36305514|2000000111",,,,"Observation","visit date",46235916,"Visit date","loinc:76427-4"
"19.HOSP_Beginn","19th hospitalisation start date","DATETIME",,,,,,,,,,,,"loinc:11337-3","History of Hospitalization",3019044,"Event start date|nineteenth","loinc:95895-9|icare:icv200000112","36031476|2000000112",,,,"Observation","visit date",46235916,"Visit date","loinc:76427-4"
"19.HOSP_Ende","19th hospitalisation end date","DATETIME",,,,,,,,,,,,"loinc:11337-3","History of Hospitalization",3019044,"End date|nineteenth","snomed:454551000124105|icare:icv200000112","764408|2000000112",,,,"Observation","visit date",46235916,"Visit date","loinc:76427-4"
"19.HOSP_Dauer","19th hospitalisation length of stay","INT",,,,,,,,,,,,"loinc:11337-3","History of Hospitalization",3019044,"Hospital stay duration|nineteenth","loinc:78033-8|icare:icv200000112","46236995|2000000112",,,,"Observation","visit date",46235916,"Visit date","loinc:76427-4"
"19.HOSP_ambulant","Nineteen outpatient stay","INT",,"1=yes",,,,,,,"loinc:LA33-6","Yes",45877994,"loinc:11337-3","History of Hospitalization",3019044,"Ambulatory Visit|nineteenth","loinc:LA21424-9|icare:icv200000112","46237886|2000000112",,,,"Observation","visit date",46235916,"Visit date","loinc:76427-4"
"19.HOSP_stationär","Nineteen inpatient stay","INT",,"1=yes",,,,,,,"loinc:LA33-6","Yes",45877994,"loinc:11337-3","History of Hospitalization",3019044,"Inpatient stay|nineteenth","snomed:308540004|icare:icv200000112","4205408|2000000112",,,,"Observation","visit date",46235916,"Visit date","loinc:76427-4"
"19.HOSP_GrundHospitalisierung","reason for nineteen hospitalisation - free text field","STR",,,,,,,,,,,,"loinc:11337-3","History of Hospitalization",3019044,"Reason for hospitalization|nineteenth","loinc:86947-9|icare:icv200000112","36305514|2000000112",,,,"Observation","visit date",46235916,"Visit date","loinc:76427-4"
"20.HOSP_Beginn","20th hospitalisation start date","DATETIME",,,,,,,,,,,,"loinc:11337-3","History of Hospitalization",3019044,"Event start date|twentieth","loinc:95895-9|icare:icv200000113","36031476|2000000113",,,,"Observation","visit date",46235916,"Visit date","loinc:76427-4"
"20.HOSP_Ende","20th hospitalisation end date","DATETIME",,,,,,,,,,,,"loinc:11337-3","History of Hospitalization",3019044,"End date|twentieth","snomed:454551000124105|icare:icv200000113","764408|2000000113",,,,"Observation","visit date",46235916,"Visit date","loinc:76427-4"
"20.HOSP_Dauer","20th hospitalisation length of stay","INT",,,,,,,,,,,,"loinc:11337-3","History of Hospitalization",3019044,"Hospital stay duration|twentieth","loinc:78033-8|icare:icv200000113","46236995|2000000113",,,,"Observation","visit date",46235916,"Visit date","loinc:76427-4"
"20.HOSP_ambulant","outpatient stay at twentith hospitalisation","INT",,"1=yes",,,,,,,"loinc:LA33-6","Yes",45877994,"loinc:11337-3","History of Hospitalization",3019044,"Ambulatory Visit|twentieth","loinc:LA21424-9|icare:icv200000113","46237886|2000000113",,,,"Observation","visit date",46235916,"Visit date","loinc:76427-4"
"20.HOSP_stationär","inpatient stay at twentith hospitalisation","INT",,"1=yes",,,,,,,"loinc:LA33-6","Yes",45877994,"loinc:11337-3","History of Hospitalization",3019044,"Inpatient stay|twentieth","snomed:308540004|icare:icv200000113","4205408|2000000113",,,,"Observation","visit date",46235916,"Visit date","loinc:76427-4"
"20.HOSP_GrundHospitalisierung","20th hospitalisation reason - free text field","STR",,,,,,,,,,,,"loinc:11337-3","History of Hospitalization",3019044,"Reason for hospitalization|twentieth","loinc:86947-9|icare:icv200000113","36305514|2000000113",,,,"Observation","visit date",46235916,"Visit date","loinc:76427-4"
"VISITDATUM","date of visit","DATETIME",,,,,,,,,,,,"Loinc:76427-4","Visit date",46235916,,,,,,,"Observation","visit date",46235916,"Visit date","loinc:76427-4"
"VON","number of visit","INT",,,,,,,,,,,,"icare:icv2000000048","days of visit",2000000048,,,,,,,"Observation","visit date",46235916,"Visit date","loinc:76427-4"
"PATIENTENALTER2","age at visit","INT","year",,,,,,,,,,,"loinc:30525-0","Age",3022304,,,,"year","ucum:a",9448,"Observation","visit date",46235916,"Visit date","loinc:76427-4"
"NYHANumber","NYHA class","INT",,"1=NYHA Class I|2=NYHA Class II|3=NYHA Class III|4=NYHA Class IV",,8819,329,,,,"snomed:420300004| snomed:421704003| snomed:420913000| snomed:422293003","New York Heart Association Classification - Class I| New York Heart Association Classification - Class II| New York Heart Association Classification - Class III| New York Heart Association Classification - Class IV","4220607| 4226789| 4227345| 4228881","snomed:420816009","new york heart association classification",4223299,,,,,,,"Observation","visit date",46235916,"Visit date","loinc:76427-4"
"CCSstadium","Angina CCS class","INT",,,,1862,7286,,,,,,,"Snomed:763262001","Canadian Cardiovascular Society grading of angina pectoris grade",35621965,,,,,,,"Measurement","visit date",46235916,"Visit date","loinc:76427-4"
"Schwindel","vertigo (yes| no| sometimes)","INT",,"1=yes|0=no",,1972,7176,,,,"loinc:LA33-6|loinc:LA32-8","Yes|No","45877994|45878245","Snomed:816651000000109","H/O dizziness",44807386,,,,,,,"Observation","visit date",46235916,"Visit date","loinc:76427-4"
"Synkope","Syncopy since last visit (yes/no)","INT",,"1=yes|0=no",,1981,7167,,,,"loinc:LA33-6|loinc:LA32-8","Yes|No","45877994|45878245","snomed:271594007","Syncope",135360,,,,,,,"Observation","visit date",46235916,"Visit date","loinc:76427-4"
"Blutdrucksystolisch","systolic BP","FLOAT","mmHg",,,8811,337,,,,,,,"Snomed:407554009","Sitting systolic blood pressure",4232915,,,,"millimeter mercury column","ucum:mm[Hg]",8876,"Measurement","visit date",46235916,"Visit date","loinc:76427-4"
"Blutdruckdiastolisch","diastolic BP","FLOAT","mmHg",,,8794,354,,,,,,,"Snomed:407555005","Sitting diastolic blood pressure",4248524,,,,"millimeter mercury column","ucum:mm[Hg]",8876,"Measurement","visit date",46235916,"Visit date","loinc:76427-4"
"Größe","height","FLOAT","cm",,,9039,109,,,,,,,"loinc:8302-2","Body height",3036277,,,,"centimeter","ucum:cm",8582,"Measurement","visit date",46235916,"Visit date","loinc:76427-4"
"Gewicht","weight","FLOAT","kg",,,9015,133,,,,,,,"loinc:29463-7","Body weight",3025315,,,,"kilogram","ucum:kg",9529,"Measurement","visit date",46235916,"Visit date","loinc:76427-4"
"BMI","body mass index","FLOAT","kg/m^2",,,8996,152,,,,,,,"loinc:39156-5","Body mass index (BMI) [Ratio]",3038553,,,,"kilogram per square meter","ucum:kg/m2",9531,"Measurement","visit date",46235916,"Visit date","loinc:76427-4"
"Herzfrequenz","resting heart rate","FLOAT","1/min",,,8778,370,,,,,,,"loinc:8867-4","Heart rate",3027018,,,,"per minute","ucum:/min",8541,"Measurement","visit date",46235916,"Visit date","loinc:76427-4"
"Grundrhythmus","basal rhythm (SR| Afib| other)","FLOAT",,,,8262,886,,,,,,,"snomed:301112006","Finding of heart rhythm",4114162,"ECG finding","snomed:271921002",4156045,,,,"Measurement","visit date",46235916,"Visit date","loinc:76427-4"
"PM","pacemaker activity in ECG (yes/no)","INT",,"1=yes|0=no",,3464,5684,,,,"loinc:LA33-6|loinc:LA32-8","Yes|No","45877994|45878245","snomed:10370003","Rhythm from artificial pacing",4304202,"ECG finding","snomed:271921002",4156045,,,,"Measurement","visit date",46235916,"Visit date","loinc:76427-4"
"PacingLokalisationatrial","atrial pacing on the ECG (yes/no)","INT",,"1=yes|0=no",,127,9021,,,,"loinc:LA33-6|loinc:LA32-8","Yes|No","45877994|45878245","snomed:251268003","Atrial pacing pattern",4089488,"ECG finding","snomed:271921002",4156045,,,,"Measurement","visit date",46235916,"Visit date","loinc:76427-4"
"PacingLokalisationventrikulär","ventricular pacing on the ECG (yes/no)","INT",,"1=yes|0=no",,321,8827,,,,"loinc:LA33-6|loinc:LA32-8","Yes|No","45877994|45878245","snomed:251266004","Ventricular pacing pattern",4092038,"ECG finding","snomed:271921002",4156045,,,,"Measurement","visit date",46235916,"Visit date","loinc:76427-4"
"Extrasystolen","presence of ectopic beats either supraventricular or ventricular","INT",,"1=yes|0=no",,1822,7326,,,,"loinc:LA33-6|loinc:LA32-8","Yes|No","45877994|45878245","snomed:29717002","Premature beats",316429,,,,,,,"Measurement","visit date",46235916,"Visit date","loinc:76427-4"
"SVES","supraventricular extrasystoly (yes/no)","INT",,"1=yes|0=no",,33,9115,,,,"loinc:LA33-6|loinc:LA32-8","Yes|No","45877994|45878245","snomed:63593006","Supraventricular premature beats",441872,,,,,,,"Measurement","visit date",46235916,"Visit date","loinc:76427-4"
"VES","ventricular extrasystoly (yes/no)","INT",,"1=yes|0=no",,148,9000,,,,"loinc:LA33-6|loinc:LA32-8","Yes|No","45877994|45878245","snomed:251175005","Ventricular premature complex",4089462,,,,,,,"Measurement","visit date",46235916,"Visit date","loinc:76427-4"
"unsicher","presence of ectopic beats but unsure whether supraventricular/ventricular (yes/no)","INT",,"1=yes|0=no",,1,9147,,,,"loinc:LA33-6|loinc:LA32-8","Yes|No","45877994|45878245","snomed:682571000000108","Ectopic beats unspecified",3521136,,,,,,,"Measurement","visit date",46235916,"Visit date","loinc:76427-4"
"PQ","PQ interval","FLOAT","ms",,,1386,7762,,,,,,,"ukbiobank:22330","PQ interval",35811577,"ECG finding","snomed:271921002",4156045,"millisecond","ucum:ms",9593,"Measurement","visit date",46235916,"Visit date","loinc:76427-4"
"QRS","QRS interval","FLOAT","ms",,,8239,909,,,,,,,"loinc:8633-0","QRS duration",3022022,"ECG finding","snomed:271921002",4156045,"millisecond","ucum:ms",9593,"Measurement","visit date",46235916,"Visit date","loinc:76427-4"
"QTc","QTc interval","FLOAT","ms",,,1958,7190,,,,,,,"loinc:8636-3","Q-T interval corrected",3026258,"ECG finding","snomed:271921002",4156045,"millisecond","ucum:ms",9593,"Measurement","visit date",46235916,"Visit date","loinc:76427-4"
"AVBlock","presence of AV block in ECG (yes/no)","INT",,"1=yes|0=no",,2289,6859,,,,"loinc:LA33-6|loinc:LA32-8","Yes|No","45877994|45878245","snomed:233917008","Atrioventricular block",316135,"ECG finding","snomed:271921002",4156045,,,,"Measurement","visit date",46235916,"Visit date","loinc:76427-4"
"AVBlockGrad","Grade of AV block in ECG (I/II/III)","FLOAT",,,,582,8566,,,,,,,"snomed:233917008","Atrioventricular block",316135,"Symptom severity","snomed:162465004",4037113,,,,"Measurement","visit date",46235916,"Visit date","loinc:76427-4"
"Schenkelblock","presence of bundle branch block (yes/no)","INT",,"1=yes|0=no",,3139,6009,,,,"loinc:LA33-6|loinc:LA32-8","Yes|No","45877994|45878245","snomed:6374002","Bundle branch block",313791,,,,,,,"Measurement","visit date",46235916,"Visit date","loinc:76427-4"
"SchenkelblockArt","type of bundle branch block (left/right/left-anterior-hemiblock/non-specific)","FLOAT",,,,1839,7309,,,,,,,"snomed:6374002","Bundle branch block",313791,"Type","snomed:410656007",4259643,,,,"Measurement","visit date",46235916,"Visit date","loinc:76427-4"
"Ascites","presence of Ascites (no/mild/severe)","FLOAT",,,,2680,6468,,,,,,,"snomed:389026000","Ascites",200528,,,,,,,"Measurement","visit date",46235916,"Visit date","loinc:76427-4"
"Pleuraerguss","presence of Pleural effusion (yes/no)","INT",,"1=yes|0=no",,2510,6638,,,,"loinc:LA33-6|loinc:LA32-8","Yes|No","45877994|45878245","snomed:60046008","Pleural effusion",254061,,,,,,,"Measurement","visit date",46235916,"Visit date","loinc:76427-4"
"Beinödemlinks","presence of leg edema left (no/mild/modearet/severe)","INT",,"keine=none|mild=mild|mäßig=moderate|stark=severe",,2851,6297,,,,"LOINC:LA32-8| snomed:26237000| snomed:102575008|snomed:102573001","No|ankle edema|Edema of knee|Edema of thigh","45878245|4094513|4010012|4010011","snomed:816182002","Edema of left lower limb",37311249,,,,,,,"Measurement","visit date",46235916,"Visit date","loinc:76427-4"
"Beinödemrechts","presence of leg edema right  (no/mild/modearet/severe)","INT",,"keine=none|mild=mild|mäßig=moderate|stark=severe",,2818,6330,,,,"LOINC:LA32-8| snomed:26237000| snomed:102575008|snomed:102573001","No|ankle edema|Edema of knee|Edema of thigh","45878245|4094513|4010012|4010011","snomed:816183007","Edema of right lower limb",37311248,,,,,,,"Measurement","visit date",46235916,"Visit date","loinc:76427-4"
"Betablocker","Betablocker","INT",,"1=yes|0=no",,9148,0,,,,"loinc:LA33-6|loinc:LA32-8","Yes|No","45877994|45878245","atc:C07","BETA BLOCKING AGENTS",21601664,,,,,,,"Drug_Exposure","visit date",46235916,"Visit date","loinc:76427-4"
"ACEi","ACE inhibitors (ACEI)","INT",,"1=yes|0=no",,9148,0,,,,"loinc:LA33-6|loinc:LA32-8","Yes|No","45877994|45878245","atc:C09A","ACE INHIBITORS, PLAIN",21601783,,,,,,,"Drug_Exposure","visit date",46235916,"Visit date","loinc:76427-4"
"ARNI","Angiotensin Receptor-Neprilysin Inhibitor (ARNi)","INT",,"1=yes|0=no",,9148,0,,,,"loinc:LA33-6|loinc:LA32-8","Yes|No","45877994|45878245","rxnorm:1656338","sacubitril / valsartan Oral Tablet",46275724,,,,,,,"Drug_Exposure","visit date",46235916,"Visit date","loinc:76427-4"
"ARB","Angiotensin II Receptor Blockers (ARBs)","INT",,"1=yes|0=no",,9148,0,,,,"loinc:LA33-6|loinc:LA32-8","Yes|No","45877994|45878245","atc:C09CA","Angiotensin II receptor blockers (ARBs) plain",21601823,,,,,,,"Drug_Exposure","visit date",46235916,"Visit date","loinc:76427-4"
"Raasi","RAS inhibitors","INT",,"1=yes|0=no",,9148,0,,,,"loinc:LA33-6|loinc:LA32-8","Yes|No","45877994|45878245","atc:C09","AGENTS ACTING ON THE RENIN-ANGIOTENSIN SYSTEM",21601782,,,,,,,"Drug_Exposure","visit date",46235916,"Visit date","loinc:76427-4"
"MRA","Mineralocorticoid receptor antagonists(MRAs)","INT",,"1=yes|0=no",,9148,0,,,,"loinc:LA33-6|loinc:LA32-8","Yes|No","45877994|45878245","atc:C03DA","Aldosterone antagonists",21601533,,,,,,,"Drug_Exposure","visit date",46235916,"Visit date","loinc:76427-4"
"SGLT2i","SGLT2i","INT",,"1=yes|0=no",,9148,0,,,,"loinc:LA33-6|loinc:LA32-8","Yes|No","45877994|45878245","atc:A10BK","Sodium-glucose co-transporter 2 (SGLT2) inhibitors",1123627,,,,,,,"Drug_Exposure","visit date",46235916,"Visit date","loinc:76427-4"
"If-Kanalblocker","use of Ivabradin","INT",,"1=yes|0=no",,9148,0,,,,"loinc:LA33-6|loinc:LA32-8","Yes|No","45877994|45878245","rxnorm:1649480","ivabradine",46234437,,,,,,,"Drug_Exposure","visit date",46235916,"Visit date","loinc:76427-4"
"OraleAntikoagulation","oral anticoagulants","INT",,"1=yes|0=no",,4680,4468,,,,"loinc:LA33-6|loinc:LA32-8","Yes|No","45877994|45878245","atc:B01A","antithrombotic agents",21600961,,,,,,,"Drug_Exposure","visit date",46235916,"Visit date","loinc:76427-4"
"Kalium-Binder","potassium binder","INT",,"1=yes|0=no",,633,8515,,,,"loinc:LA33-6|loinc:LA32-8","Yes|No","45877994|45878245","atc:V03AE","Drugs for treatment of hyperkalemia and hyperphosphatemia",21605263,,,,,,,"Drug_Exposure","visit date",46235916,"Visit date","loinc:76427-4"
"Vericiguat","use of Vericiguat","INT",,"1=yes|0=no",,687,8461,,,,"loinc:LA33-6|loinc:LA32-8","Yes|No","45877994|45878245","rxnorm:2475830","vericiguat",739665,,,,,,,"Drug_Exposure","visit date",46235916,"Visit date","loinc:76427-4"
"Schleifen-D","Loop diuretics","INT",,"1=yes|0=no",,9148,0,,,,"loinc:LA33-6|loinc:LA32-8","Yes|No","45877994|45878245","atc:C03C","high-ceiling diuretics",21601516,,,,,,,"Drug_Exposure","visit date",46235916,"Visit date","loinc:76427-4"
"IndividuellmaximaleTherapieerreicht","individual maximum dosage achieved (yes/no)","INT",,"1=yes|0=no",,681,8467,,,,"loinc:LA33-6|loinc:LA32-8","Yes|No","45877994|45878245","snomed:197191000000104","Medication goal achieved",44789042,,,,,,,"Drug_Exposure","visit date",46235916,"Visit date","loinc:76427-4"
"BetablockerWirkstoff","Betablocker substance","STR",,,,8737,411,,,,,,,"atc:C07","BETA BLOCKING AGENTS",21601664,"Substance","snomed:105590001",4022675,,,,"Drug_Exposure","visit date",46235916,"Visit date","loinc:76427-4"
"BetablockerMaxDosis","Betablocker target dose for specific substance","FLOAT",,,,8733,415,10,320,,,,,"atc:C07","BETA BLOCKING AGENTS",21601664,"Medication maximum dose [Dosage] Medication","loinc:104778-6",1091069,,,,"Drug_Exposure","visit date",46235916,"Visit date","loinc:76427-4"
"BetablockerTagesdosis","Betablocker daily dosis absolute number","FLOAT",,,,8732,416,0.62,320,,,,,"atc:C07","BETA BLOCKING AGENTS",21601664,"Dosage","snomed:260911001",4118853,,,,"Drug_Exposure","visit date",46235916,"Visit date","loinc:76427-4"
"BetablockerTD","Betablocker daily dosis in % of target dosis","FLOAT","%",,,8730,418,2.5,300,,,,,"atc:C07","BETA BLOCKING AGENTS",21601664,"percentage target dose","icare:icv2000000042",2000000042,"percent","ucum:%",8554,"Drug_Exposure","visit date",46235916,"Visit date","loinc:76427-4"
"ARNIWirkstoff","ARNi substance","STR",,,,4534,4614,0,0,,,,,"rxnorm:1656338","sacubitril / valsartan Oral Tablet",46275724,"Substance","snomed:105590001",4022675,,,,"Drug_Exposure","visit date",46235916,"Visit date","loinc:76427-4"
"ARNIMaxDosis","ARNi target dose for specific substance","FLOAT",,,,4534,4614,400,400,,,,,"rxnorm:1656338","sacubitril / valsartan Oral Tablet",46275724,"Medication maximum dose [Dosage] Medication","loinc:104778-6",1091069,,,,"Drug_Exposure","visit date",46235916,"Visit date","loinc:76427-4"
"ARNITagesdosis","ARNi daily dosis absolute number","FLOAT",,,,4534,4614,12.5,800,,,,,"rxnorm:1656338","sacubitril / valsartan Oral Tablet",46275724,"Dosage","snomed:260911001",4118853,,,,"Drug_Exposure","visit date",46235916,"Visit date","loinc:76427-4"
"ARNITD","ARNi daily dosis in % of target dosis","FLOAT","%",,,4534,4614,3.13,200,,,,,"rxnorm:1656338","sacubitril / valsartan Oral Tablet",46275724,"percentage target dose","icare:icv2000000042",2000000042,"percent","ucum:%",8554,"Drug_Exposure","visit date",46235916,"Visit date","loinc:76427-4"
"ACEiWirkstoff","ACEi substance","STR",,,,2699,6449,0,0,,,,,"atc:C09A","ACE INHIBITORS, PLAIN",21601783,"Substance","snomed:105590001",4022675,,,,"Drug_Exposure","visit date",46235916,"Visit date","loinc:76427-4"
"ACEiMaxDosis","ACEi target dose for specific substance","FLOAT",,,,2699,6449,10,150,,,,,"atc:C09A","ACE INHIBITORS, PLAIN",21601783,"Medication maximum dose [Dosage] Medication","loinc:104778-6",1091069,,,,"Drug_Exposure","visit date",46235916,"Visit date","loinc:76427-4"
"ACEiTagesdosis","ACEi daily dosis absolute number","FLOAT",,,,2699,6449,0.63,150,,,,,"atc:C09A","ACE INHIBITORS, PLAIN",21601783,"Dosage","snomed:260911001",4118853,,,,"Drug_Exposure","visit date",46235916,"Visit date","loinc:76427-4"
"ACEiTD","ACEi daily dosis in % of target dosis","FLOAT","%",,,2699,6449,3.57,200,,,,,"atc:C09A","ACE INHIBITORS, PLAIN",21601783,"percentage target dose","icare:icv2000000042",2000000042,"percent","ucum:%",8554,"Drug_Exposure","visit date",46235916,"Visit date","loinc:76427-4"
"ARBWirkstoff","ARB substance","STR",,,,1378,7770,0,0,,,,,"atc:C09CA","Angiotensin II receptor blockers (ARBs) plain",21601823,"Substance","snomed:105590001",4022675,,,,"Drug_Exposure","visit date",46235916,"Visit date","loinc:76427-4"
"ARBMaxDosis","ARB target dose for specific substance","FLOAT",,,,1378,7770,32,400,,,,,"atc:C09CA","Angiotensin II receptor blockers (ARBs) plain",21601823,"Medication maximum dose [Dosage] Medication","loinc:104778-6",1091069,,,,"Drug_Exposure","visit date",46235916,"Visit date","loinc:76427-4"
"ARBTagesdosis","ARB daily dosis absolute number","FLOAT",,,,1378,7770,2,480,,,,,"atc:C09CA","Angiotensin II receptor blockers (ARBs) plain",21601823,"Dosage","snomed:260911001",4118853,,,,"Drug_Exposure","visit date",46235916,"Visit date","loinc:76427-4"
"ARBTD","ARB daily dosis in % of target dosis","FLOAT","%",,,1378,7770,6,200,,,,,"atc:C09CA","Angiotensin II receptor blockers (ARBs) plain",21601823,"percentage target dose","icare:icv2000000042",2000000042,"percent","ucum:%",8554,"Drug_Exposure","visit date",46235916,"Visit date","loinc:76427-4"
"MRAWirkstoff","MRA substance","STR",,,,7296,1852,0,0,,,,,"atc:C03DA","Aldosterone antagonists",21601533,"Substance","snomed:105590001",4022675,,,,"Drug_Exposure","visit date",46235916,"Visit date","loinc:76427-4"
"MRAMaxDosis","MRA target dose for specific substance","FLOAT",,,,7300,1848,50,50,,,,,"atc:C03DA","Aldosterone antagonists",21601533,"Medication maximum dose [Dosage] Medication","loinc:104778-6",1091069,,,,"Drug_Exposure","visit date",46235916,"Visit date","loinc:76427-4"
"MRATagesdosis","MRA daily dosis absolute number","FLOAT",,,,7297,1851,2.5,400,,,,,"atc:C03DA","Aldosterone antagonists",21601533,"Dosage","snomed:260911001",4118853,,,,"Drug_Exposure","visit date",46235916,"Visit date","loinc:76427-4"
"MRATD","MRA daily dosis in % of target dosis","FLOAT","%",,,7297,1851,5,800,,,,,"atc:C03DA","Aldosterone antagonists",21601533,"percentage target dose","icare:icv2000000042",2000000042,"percent","ucum:%",8554,"Drug_Exposure","visit date",46235916,"Visit date","loinc:76427-4"
"SGLT2iWirkstoff","SGLT2i substance","STR",,,,3800,5348,0,0,,,,,"atc:A10BK","Sodium-glucose co-transporter 2 (SGLT2) inhibitors",1123627,"Substance","snomed:105590001",4022675,,,,"Drug_Exposure","visit date",46235916,"Visit date","loinc:76427-4"
"SGLT2iMaxDosis","SGLT2i target dose for specific substance","FLOAT",,,,3800,5348,10,10,,,,,"atc:A10BK","Sodium-glucose co-transporter 2 (SGLT2) inhibitors",1123627,"Medication maximum dose [Dosage] Medication","loinc:104778-6",1091069,,,,"Drug_Exposure","visit date",46235916,"Visit date","loinc:76427-4"
"SGLT2iTagesdosis","SGLT2i daily dosis absolute number","FLOAT",,,,3800,5348,2.9,25,,,,,"atc:A10BK","Sodium-glucose co-transporter 2 (SGLT2) inhibitors",1123627,"Dosage","snomed:260911001",4118853,,,,"Drug_Exposure","visit date",46235916,"Visit date","loinc:76427-4"
"SGLT2iTD","SGLT2i daily dosis in % of target dosis","FLOAT","%",,,3800,5348,29,250,,,,,"atc:A10BK","Sodium-glucose co-transporter 2 (SGLT2) inhibitors",1123627,"percentage target dose","icare:icv2000000042",2000000042,"percent","ucum:%",8554,"Drug_Exposure","visit date",46235916,"Visit date","loinc:76427-4"
"Schleifen-DWirkgruppe","diuretics substance group","STR",,,,3832,5316,0,0,,,,,"atc:A10BK","Sodium-glucose co-transporter 2 (SGLT2) inhibitors",1123627,"Substance","snomed:105590001",4022675,,,,"Drug_Exposure","visit date",46235916,"Visit date","loinc:76427-4"
"Schleifen-DWirkstoff","diuretics substance","STR",,,,3832,5316,0,0,,,,,"atc:C03C","high-ceiling diuretics",21601516,"Medication maximum dose [Dosage] Medication","loinc:104778-6",1091069,,,,"Drug_Exposure","visit date",46235916,"Visit date","loinc:76427-4"
"Schleifen-DMaxDosis","diuretics target dose for specific substance","FLOAT","mg",,,2,9146,10,10,,,,,"atc:C03C","high-ceiling diuretics",21601516,"Dosage","snomed:260911001",4118853,"milligram","ucum:mg",8576,"Drug_Exposure","visit date",46235916,"Visit date","loinc:76427-4"
"Schleifen-DTagesdosis","diuretics daily dosis absolute number","FLOAT",,,,3704,5444,2,1500,,,,,"atc:C03C","high-ceiling diuretics",21601516,"percentage target dose","icare:icv2000000042",2000000042,,,,"Drug_Exposure","visit date",46235916,"Visit date","loinc:76427-4"
"Schleifen-DTD","diuretics daily dosis in % of target dosis","FLOAT","%",,,2,9146,400,400,,,,,"atc:C03C","high-ceiling diuretics",21601516,"percentage target dose","icare:icv2000000042",2000000042,"percent","ucum:%",8554,"Drug_Exposure","visit date",46235916,"Visit date","loinc:76427-4"
"If-KanalblockerWirkstoff","If-channel inhibitor substance","STR",,,,814,8334,0,0,,,,,"rxnorm:1649480","ivabradine",46234437,"Substance","snomed:105590001",4022675,,,,"Drug_Exposure","visit date",46235916,"Visit date","loinc:76427-4"
"If-KanalblockerMaxDosis","If-channel inhibitor target dose for specific substance","FLOAT",,,,814,8334,15,15,,,,,"rxnorm:1649480","ivabradine",46234437,"Medication maximum dose [Dosage] Medication","loinc:104778-6",1091069,,,,"Drug_Exposure","visit date",46235916,"Visit date","loinc:76427-4"
"If-KanalblockerTagesdosis","If-channel inhibitor daily dosis absolute number","FLOAT",,,,814,8334,2.5,15,,,,,"rxnorm:1649480","ivabradine",46234437,"Dosage","snomed:260911001",4118853,,,,"Drug_Exposure","visit date",46235916,"Visit date","loinc:76427-4"
"If-KanalblockerTD","If-channel inhibitor daily dosis in % of target dosis","FLOAT","%",,,814,8334,17,100,,,,,"rxnorm:1649480","ivabradine",46234437,"percentage target dose","icare:icv2000000042",2000000042,"percent","ucum:%",8554,"Drug_Exposure","visit date",46235916,"Visit date","loinc:76427-4"
"BB_RAASi_MRA_SGLT2i_100","quadruple therapy all TD 100% (y/n)","FLOAT",,,,9148,0,0,0,,,,,"snomed:473226007","Heart failure medication review",43021506,"percentage target dose","icare:icv2000000042",2000000042,,,,"Drug_Exposure","visit date",46235916,"Visit date","loinc:76427-4"
"RaasiTD","Raasi target dose %","FLOAT","%",,,9148,0,0,214.29,,,,,"atc:C09","AGENTS ACTING ON THE RENIN-ANGIOTENSIN SYSTEM",21601782,"percentage target dose","icare:icv2000000042",2000000042,"percent","ucum:%",8554,"Drug_Exposure","visit date",46235916,"Visit date","loinc:76427-4"
"AndereMedikation","all other medications in a table","STR",,,,0,9148,0,0,,,,,"loinc:19789-7","Medications [Identifier]",3003790,"Other","snomed:74964007",9177,,,,"Drug_Exposure","visit date",46235916,"Visit date","loinc:76427-4"
"ALAT","Alanine Aminotransferase(ALAT)","FLOAT","U/l",,,8429,719,6,439,,,,,"Snomed:34608000","Alanine aminotransferase measurement",4146380,,,,"unit per liter","ucum:[U]/L",8645,"Measurement","visit date",46235916,"Visit date","loinc:76427-4"
"Albumin","Albumin","FLOAT","g/l",,,5964,3184,19.1,54.4,,,,,"loinc:1751-7","Albumin [Mass/volume] in Serum or Plasma",3024561,,,,"gram per liter","ucum:	g/L",8636,"Measurement","visit date",46235916,"Visit date","loinc:76427-4"
"Aldosteron/ReninRatio","Aldosterone/Renin ratio","FLOAT","pg/mcIU",,,6326,2822,0,10392.9,,,,,"loinc:103560-9","Aldosterone/Renin [Ratio] in Serum or Plasma",1259742,,,,,,,"Measurement","visit date",46235916,"Visit date","loinc:76427-4"
"AldosteronausPlasma","Aldosterone","FLOAT","pg/ml",,,6363,2785,10,87300,,,,,"loinc:1763-2","Aldosterone [Mass/volume] in Serum or Plasma",3011337,,,,"picogram per milliliter","ucum:pg/mL",8845,"Measurement","visit date",46235916,"Visit date","loinc:76427-4"
"AlkalischePhosphatase","alkalic posphatase","FLOAT","U/l",,,8419,729,17,911,,,,,"loinc:1783-0","Alkaline phosphatase [Enzymatic activity/volume] in Blood",3001110,,,,"unit per liter","ucum:[U]/L",8645,"Measurement","visit date",46235916,"Visit date","loinc:76427-4"
"AlphaAmylasegesamt","total alpha Amylase","FLOAT","U/l",,,1683,7465,4,378,,,,,"loinc:76630-3","Amylase [Enzymatic activity/volume] in Blood",46235169,,,,"unit per liter","ucum:[U]/L",8645,"Measurement","visit date",46235916,"Visit date","loinc:76427-4"
"AnorganischesPhosphat","anorganic phophate","FLOAT","mmol/L",,,5214,3934,0.32,3.74,,,,,"loinc:2774-8","Phosphate [Mass/volume] in Blood",3024232,,,,"millimole per liter","ucum:mmol/L",8753,"Measurement","visit date",46235916,"Visit date","loinc:76427-4"
"ApolipoproteinA1","Apolipoprotein A1","FLOAT","mg/dl",,,87,9061,67,238,,,,,"loinc:1869-7","Apolipoprotein A-I [Mass/volume] in Serum or Plasma",3008364,,,,"milligram per deciliter","ucum:mg/dL",8840,"Measurement","visit date",46235916,"Visit date","loinc:76427-4"
"ApolipoproteinB","Apolipoprotein B","FLOAT","mg/dl",,,86,9062,35,207,,,,,"loinc:1884-6","Apolipoprotein B [Mass/volume] in Serum or Plasma",3014791,,,,"milligram per deciliter","ucum:mg/dL",8840,"Measurement","visit date",46235916,"Visit date","loinc:76427-4"
"aPTT","Activated Partial Thromboplastin Time(aPTT)","FLOAT","sec",,,8119,1029,22.7,167.7,,,,,"loinc:3173-2","aPTT in Blood by Coagulation assay",3013466,,,,"second","ucum:s",8555,"Measurement","visit date",46235916,"Visit date","loinc:76427-4"
"ASAT","aspartaat aminotransferase(ASAT)","FLOAT","U/l",,,8276,872,6,889,,,,,"Snomed:45896001","Aspartate aminotransferase measurement",4263457,,,,"unit per liter","ucum:[U]/L",8645,"Measurement","visit date",46235916,"Visit date","loinc:76427-4"
"Basophileabsolut","Baosphils absolut","FLOAT","G/L",,,7147,2001,0,0.2,,,,,"loinc:704-7","Basophils [#/volume] in Blood by Automated count",3013429,,,,"billion per liter","ucum:10*9/L",9444,"Measurement","visit date",46235916,"Visit date","loinc:76427-4"
"Basophilerelativ","Basophils relative","FLOAT","%",,,7147,2001,0,2.5,,,,,"loinc:75023-2","CD63 (Activated) Basophils/100 basophils in Blood by Flow cytometry (FC)",44816914,,,,"percent","ucum:%",8554,"Measurement","visit date",46235916,"Visit date","loinc:76427-4"
"CEA","carcinoembryonal antigen","FLOAT","mcg/L",,,24,9124,1,13.3,,,,,"loinc:2039-6","Carcinoembryonic Ag [Mass/volume] in Serum or Plasma",3003785,,,,"microgram per liter","ucum:ug/L",8748,"Measurement","visit date",46235916,"Visit date","loinc:76427-4"
"Chlorid","Chloride","FLOAT","mmol/L",,,8496,652,71,123,,,,,"loinc:77138-6","Chloride [Moles/volume] in Serum, Plasma or Blood",46235783,,,,"millimole per liter","ucum:mmol/L",8753,"Measurement","visit date",46235916,"Visit date","loinc:76427-4"
"Cholesteringesamt","Cholesterine","FLOAT","mg/dl",,,8256,892,41,397,,,,,"loinc:2093-3","Cholesterol [Mass/volume] in Serum or Plasma",3027114,,,,"milligram per deciliter","ucum:mg/dL",8840,"Measurement","visit date",46235916,"Visit date","loinc:76427-4"
"Cholesterin/HDLQuotient","cholesterine/HDL","FLOAT","kilounit per liter",,,8104,1044,1.2,18.7,,,,,"loinc:9322-9","Cholesterol.total/Cholesterol in HDL [Percentile]",3001318,,,,"kilounit per liter","ucum:10*3.[U]/L",8810,"Measurement","visit date",46235916,"Visit date","loinc:76427-4"
"Cholinesterase","cholinesterase","FLOAT","kU/l",,,8427,721,1.34,17.7,,,,,"loinc:2098-2","Cholinesterase [Enzymatic activity/volume] in Serum or Plasma",3010866,,,,"kilounit per liter","ucum:10*3.[U]/L",8810,"Measurement","visit date",46235916,"Visit date","loinc:76427-4"
"CK","creatinin kinase","FLOAT","U/l",,,8388,760,10,15096,,,,,"loinc:2157-6","Creatine kinase [Enzymatic activity/volume] in Serum or Plasma",3007220,,,,"unit per liter","ucum:[U]/L",8645,"Measurement","visit date",46235916,"Visit date","loinc:76427-4"
"CKMB","CK-MB (Creatine Kinase-MB)","FLOAT","U/l",,,691,8457,8,275.9,,,,,"loinc:2154-3","Creatine kinase.MB [Enzymatic activity/volume] in Serum or Plasma by Electrophoresis",3016070,,,,"unit per liter","ucum:[U]/L",8645,"Measurement","visit date",46235916,"Visit date","loinc:76427-4"
"CKMBrelativ","CK-MB (Creatine Kinase-MB) relative","FLOAT","%",,,164,8984,0.8,62.3,,,,,"loinc:49136-5","Creatine kinase.MB/Creatine kinase.total [Ratio] in Serum or Plasma",3048863,,,,"percent","ucum:%",8554,"Measurement","visit date",46235916,"Visit date","loinc:76427-4"
"CRP","ultrasensitive C reactive protein(CRP)","FLOAT","mg/dl",,,8492,656,0.03,21.71,,,,,"loinc:1988-5","C reactive protein [Mass/volume] in Serum or Plasma",3020460,,,,"milligram per deciliter","ucum:mg/dL",8840,"Measurement","visit date",46235916,"Visit date","loinc:76427-4"
"DirektBilirubin","bilirubin","FLOAT","mg/dl",,,136,9012,0.1,3.66,,,,,"loinc:1968-7","Bilirubin.direct [Mass/volume] in Serum or Plasma",3027597,,,,"milligram per deciliter","ucum:mg/dL",8840,"Measurement","visit date",46235916,"Visit date","loinc:76427-4"
"Eisen","Serum iron","FLOAT","mcg/dl",,,8273,875,10,585,,,,,"loinc:2498-4","Iron [Mass/volume] in Serum or Plasma",3002400,,,,"microgram per liter","ucum:ug/L",8748,"Measurement","visit date",46235916,"Visit date","loinc:76427-4"
"Eiweißgesamt","total protein","FLOAT","g/l",,,8355,793,38.8,105.2,,,,,"loinc:2885-2","Protein [Mass/volume] in Serum or Plasma",3020630,,,,"gram per liter","ucum:	g/L",8636,"Measurement","visit date",46235916,"Visit date","loinc:76427-4"
"Eosinophileabsolut","eosinophils absolute","FLOAT","G/L",,,7147,2001,0,1.1,,,,,"loinc:711-2","Eosinophils [#/volume] in Blood by Automated count",3028615,,,,"billion per liter","ucum:10*9/L",9444,"Measurement","visit date",46235916,"Visit date","loinc:76427-4"
"Eosinophilerelativ","eosinophils relative","FLOAT","%",,,7147,2001,0,10,,,,,"loinc:713-8","Eosinophils/100 leukocytes in Blood by Automated count",3010457,,,,"percent","ucum:%",8554,"Measurement","visit date",46235916,"Visit date","loinc:76427-4"
"eGFR","estimated glomerular fraction rate","FLOAT","mL/min/1,73m2",,,4759,4389,3.72,123.1,,,,,"loinc:77147-7","Glomerular filtration rate/1.73 sq M.predicted [Volume Rate/Area] in Serum  Plasma or Blood by Creatinine-based formula (MDRD)",46236952,,,,"milliliter per minute per 1.73 square meter","ucum:mL/min/(173.10*-2.m2)",720870,"Measurement","visit date",46235916,"Visit date","loinc:76427-4"
"Erythrozyten","Erythocytes","FLOAT","T/L",,,8447,701,1.8,6.7,,,,,"loinc:26453-1","Erythrocytes [#/volume] in Blood",3026361,,,,"trillion per liter","ucum:10*12/L",8734,"Measurement","visit date",46235916,"Visit date","loinc:76427-4"
"ErythrozytenVerteilungsbreite","red cell distribution width","FLOAT","%",,,8446,702,11.5,28.3,,,,,"snomed:66842004","Red cell distribution width determination",4281085,,,,"percent","ucum:%",8554,"Measurement","visit date",46235916,"Visit date","loinc:76427-4"
"Ferritin","Ferritin","FLOAT","mcg/L",,,7264,1884,14.9,5669.2,,,,,"loinc: 2276-4","Ferritin [Mass/volume] in Serum or Plasma",3001122,,,,"microgram per liter","ucum:ug/L",8748,"Measurement","visit date",46235916,"Visit date","loinc:76427-4"
"FGF23","FGF(Fibroblast growth factor)-23","FLOAT","pg/ml",,,3508,5640,9.3,77540,,,,,"loinc:54390-0","Fibroblast growth factor 23.intact [Mass/volume] in Serum or Plasma",40757521,,,,"picogram per milliliter","ucum:pg/mL",8845,"Measurement","visit date",46235916,"Visit date","loinc:76427-4"
"FibrinogenClauss","Fibrinogen","FLOAT","mg/dl",,,8124,1024,89,1019,,,,,"Loinc:48664-7","Fibrinogen [Mass/volume] in Platelet poor plasma by Coagulation.derived",3052964,,,,"milligram per deciliter","ucum:mg/dL",8840,"Measurement","visit date",46235916,"Visit date","loinc:76427-4"
"FreiesHämoglobin","free hemoglobin","FLOAT",,,,496,8652,1.13,320.35,,,,,"loinc:4635-9","Free Hemoglobin [Mass/volume] in Serum",3001257,,,,,,,"Measurement","visit date",46235916,"Visit date","loinc:76427-4"
"FreiesT3","free T3 (Triiodothyronine T3)","FLOAT","pg/ml",,,405,8743,1.14,18.65,,,,,"loinc:3051-0","Triiodothyronine (T3) Free [Mass/volume] in Serum or Plasma",3026925,,,,"picogram per milliliter","ucum:pg/mL",8845,"Measurement","visit date",46235916,"Visit date","loinc:76427-4"
"FreiesT4","free T4 (Thyroxine T4)","FLOAT","ng/dl",,,1866,7282,0.04,6.54,,,,,"loinc:3024-7","Thyroxine (T4) free [Mass/volume] in Serum or Plasma",3008598,,,,"nanogram per deciliter","ucum:ng/dL",8817,"Measurement","visit date",46235916,"Visit date","loinc:76427-4"
"GammaGT","gamma glutaryl transferase","FLOAT","U/l",,,8423,725,4,3185,,,,,"loinc:2324-2","Gamma glutamyl transferase [Enzymatic activity/volume] in Serum or Plasma",3026910,,,,"unit per liter","ucum:[U]/L",8645,"Measurement","visit date",46235916,"Visit date","loinc:76427-4"
"GesamtBilirubin","Total bilirubin","FLOAT","mg/dl",,,8409,739,0.11,5.77,,,,,"loinc:1975-2","bilirubin.total [mass/volume] in serum or plasma",3024128,,,,"milligram per deciliter","ucum:mg/dL",8840,"Measurement","visit date",46235916,"Visit date","loinc:76427-4"
"Glucose1403","Glucose","FLOAT","mg/dl",,,2913,6235,37,574,,,,,"Snomed:33747003","Glucose measurement, blood",4144235,,,,"milligram per deciliter","ucum:mg/dL",8840,"Measurement","visit date",46235916,"Visit date","loinc:76427-4"
"Glucose740","Glucose","FLOAT","mg/dl",,,4679,4469,45,590,,,,,"Snomed:33747003","Glucose measurement, blood",4144235,,,,"milligram per deciliter","ucum:mg/dL",8840,"Measurement","visit date",46235916,"Visit date","loinc:76427-4"
"Hämatokrit","hematocrit","FLOAT","%",,,8447,701,18.2,61.5,,,,,"Snomed:28317006","Hematocrit determination",4151358,,,,"percent","ucum:%",8554,"Measurement","visit date",46235916,"Visit date","loinc:76427-4"
"Hämoglobin","hemoglobine","FLOAT","g/dl",,,8447,701,5.9,21.6,,,,,"loinc: 30350-3","Hemoglobin [Mass/volume] in Venous blood",3004119,,,,"gram per deciliter","ucum:g/dL",8713,"Measurement","visit date",46235916,"Visit date","loinc:76427-4"
"Harnsäure","Uric acid","FLOAT","mg/dl",,,8367,781,0.9,18.9,,,,,"loinc:3084-1","Urate [Mass/volume] in Serum or Plasma",3037556,,,,"milligram per deciliter","ucum:mg/dL",8840,"Measurement","visit date",46235916,"Visit date","loinc:76427-4"
"HarnstoffN","Urea","FLOAT","mg/dl",,,8498,650,3.9,192.5,,,,,"loinc:20977-5","Urea [Mass/volume] in Blood",3009810,,,,"milligram per deciliter","ucum:mg/dL",8840,"Measurement","visit date",46235916,"Visit date","loinc:76427-4"
"HbA1c","HBA1c","FLOAT","%",,,6551,2597,3.5,15.5,,,,,"loinc:4548-4","Hemoglobin A1c/Hemoglobin.total in Blood",3004410,,,,"percent","ucum:%",8554,"Measurement","visit date",46235916,"Visit date","loinc:76427-4"
"HDL-Cholesterin","HDL-Cholesterol","FLOAT","mg/dl",,,8105,1043,11,151,,,,,"loinc:2085-9","Cholesterol in HDL [Mass/volume] in Serum or Plasma",3007070,,,,"milligram per deciliter","ucum:mg/dL",8840,"Measurement","visit date",46235916,"Visit date","loinc:76427-4"
"IndirektBilirubin","bilirubin indirectly determined","FLOAT",,,,73,9075,0.05,1.58,,,,,"loinc:1971-1","Bilirubin.indirect [Mass/volume] in Serum or Plasma",3007359,,,,,,,"Measurement","visit date",46235916,"Visit date","loinc:76427-4"
"InternationalNormalizedRatioINR","International Normalized Ratio INR","FLOAT",,,,7939,1209,0.9,7.3,,,,,"loinc: 34714-6","INR in Blood by Coagulation assay",3032080,,,,,,,"Measurement","visit date",46235916,"Visit date","loinc:76427-4"
"KaliumLabor","Potassium","FLOAT","mmol/L",,,8234,914,2.04,8.53,,,,,"loinc:2823-3","Potassium [Moles/volume] in Serum or Plasma",3023103,,,,"millimole per liter","ucum:mmol/L",8753,"Measurement","visit date",46235916,"Visit date","loinc:76427-4"
"Kalzium","Calcium","FLOAT","mmol/L",,,8493,655,1.24,3.2,,,,,"loinc:2000-8","Calcium [Moles/volume] in Serum or Plasma",3015377,,,,"millimole per liter","ucum:mmol/L",8753,"Measurement","visit date",46235916,"Visit date","loinc:76427-4"
"KalziumPhosphatProdukt","Calcium/Phosphat product","FLOAT","mmol2/L2",,,4884,4264,0.69,7.56,,,,,"loinc:13454-4","Calcium-phosphorus product [(Moles/volume)*2] in Serum or Plasma",3026636,,,,,,,"Measurement","visit date",46235916,"Visit date","loinc:76427-4"
"KreatininLabor","Creatinine","FLOAT","mg/dl",,,8495,653,0.34,13.05,,,,,"loinc:38483-4","Creatinine [Mass/volume] in Blood",3051825,,,,"milligram per deciliter","ucum:mg/dL",8840,"Measurement","visit date",46235916,"Visit date","loinc:76427-4"
"Kupfer","copper","FLOAT","ug/dL",,,2,9146,109,157,,,,,"loinc:96257-1","Copper free [Mass/volume] in Serum or Plasma",36031387,,,,"microgram per deciliter","ucum:ug/dL",8837,"Measurement","visit date",46235916,"Visit date","loinc:76427-4"
"LDH","lactate dehydrogenase","FLOAT","U/l",,,8221,927,63,1950,,,,,"loinc:2532-0","Lactate dehydrogenase [Enzymatic activity/volume] in Serum or Plasma",3016436,,,,"unit per liter","ucum:[U]/L",8645,"Measurement","visit date",46235916,"Visit date","loinc:76427-4"
"LDLCerrechnet","LDL-Cholsterine","FLOAT","mg/dl",,,7935,1213,2.8,291,,,,,"loinc:2089-1","Cholesterol in LDL [Mass/volume] in Serum or Plasma",3028437,,,,"milligram per deciliter","ucum:mg/dL",8840,"Measurement","visit date",46235916,"Visit date","loinc:76427-4"
"Leukozyten","Leucocyte","FLOAT","G/L",,,8443,705,1.46,108.15,,,,,"loinc:26464-8","Leukocytes [#/volume] in Blood",3010813,,,,"billion per liter","ucum:10*9/L",9444,"Measurement","visit date",46235916,"Visit date","loinc:76427-4"
"Lipase","Lipase","FLOAT","U/l",,,717,8431,8,280,,,,,"loinc:3040-3","Lipase [Enzymatic activity/volume] in Serum or Plasma",3004905,,,,"unit per liter","ucum:[U]/L",8645,"Measurement","visit date",46235916,"Visit date","loinc:76427-4"
"Lpa","Lp(a) Lipoprotein a ","FLOAT","mmol/L",,,7,9141,5,149,,,,,"loinc:10835-7","Lipoprotein a [Mass/volume] in Serum or Plasma",3013861,,,,"millimole per liter","ucum:mmol/L",8753,"Measurement","visit date",46235916,"Visit date","loinc:76427-4"
"Lymphozytenabsolut","Lymphocytes absolute","FLOAT","G/L",,,7147,2001,0.2,4,,,,,"loinc:731-0","Lymphocytes [#/volume] in Blood by Automated count",3004327,,,,"billion per liter","ucum:10*9/L",9444,"Measurement","visit date",46235916,"Visit date","loinc:76427-4"
"Lymphozytenrelativ","Lymphocytes relative","FLOAT","%",,,7147,2001,2.2,56.7,,,,,"loinc:737-7","Lymphocytes/100 leukocytes in Blood by Manual count",3038058,,,,"percent","ucum:%",8554,"Measurement","visit date",46235916,"Visit date","loinc:76427-4"
"Magnesium","Magnesium","FLOAT","mmol/l",,,8402,746,0.18,2.11,,,,,"loinc:2601-3","Magnesium [Moles/volume] in Serum or Plasma",3012095,,,,"millimole per liter","ucum:mmol/L",8753,"Measurement","visit date",46235916,"Visit date","loinc:76427-4"
"MittlerekorpuskuläreHämoglobinKonzentration","mean corpuscular hemoglobim concentration","FLOAT","g/dl",,,8447,701,26.3,37.5,,,,,"loinc:786-4","MCHC [Mass/volume] by Automated count",3009744,,,,"gram per deciliter","ucum:g/dL",8713,"Measurement","visit date",46235916,"Visit date","loinc:76427-4"
"MittleresThrombozytenvolumen","thrombocyte volume","FLOAT","fL",,,8285,863,8,14.9,,,,,"loinc:32623-1","Platelet mean volume [Entitic volume] in Blood by Automated count",3043111,,,,"femtoliter","ucum:fL",8583,"Measurement","visit date",46235916,"Visit date","loinc:76427-4"
"MittleresZellhämoglobin","mean cell hemoglobin","FLOAT","pg/ml",,,8447,701,17.2,40.7,,,,,"loinc:785-6","MCH [Entitic mass] by Automated count",3012030,,,,"picogram per milliliter","ucum:pg/mL",8845,"Measurement","visit date",46235916,"Visit date","loinc:76427-4"
"MittleresZellvolumen","Mean Corpuscular Volume (MCV)","FLOAT","fl",,,8447,701,55.4,123.3,,,,,"loinc:787-2","MCV [Entitic volume] by Automated count",3023599,,,,"femtoliter","ucum:fL",8583,"Measurement","visit date",46235916,"Visit date","loinc:76427-4"
"Monozytenabsolut","monocytes absoute","FLOAT","%",,,7147,2001,0.1,1.8,,,,,"loinc:26484-6","Monocytes [#/volume] in Blood",3001604,,,,"percent","ucum:%",8554,"Measurement","visit date",46235916,"Visit date","loinc:76427-4"
"Monozytenrelativ","Monocytes relative","FLOAT","%",,,7147,2001,0.5,19.7,,,,,"loinc:71677-9","Monocytes/Leukocytes [Pure number fraction] in Blood by Automated count",43055370,,,,"percent","ucum:%",8554,"Measurement","visit date",46235916,"Visit date","loinc:76427-4"
"Natrium","Sodium","FLOAT","mmol/L",,,8496,652,112,153,,,,,"loinc:2951-2","Sodium [Moles/volume] in Serum or Plasma",3019550,,,,"millimole per liter","ucum:mmol/L",8753,"Measurement","visit date",46235916,"Visit date","loinc:76427-4"
"Neutrophileabsolut","Neutrophils absolut","FLOAT","G/L",,,7147,2001,0.6,13.6,,,,,"loinc:26499-4","Neutrophils [#/volume] in Blood",3017732,,,,"billion per liter","ucum:10*9/L",9444,"Measurement","visit date",46235916,"Visit date","loinc:76427-4"
"Neutrophilerelativ","Neutrophils relative","FLOAT","%",,,7147,2001,17.5,95,,,,,"loinc:71676-1","Neutrophils/Leukocytes [Pure number fraction] in Blood by Automated count",43055369,,,,"percent","ucum:%",8554,"Measurement","visit date",46235916,"Visit date","loinc:76427-4"
"Normotest","prothrombin time","FLOAT","%",,,347,8801,8,149,,,,,"loinc:5902-2","Prothrombin time (PT)",3034426,,,,"percent","ucum:%",8554,"Measurement","visit date",46235916,"Visit date","loinc:76427-4"
"PankreasAmylase","pancreas amylase","FLOAT","U/l",,,472,8676,4,130,,,,,"loinc:1805-1","Amylase.pancreatic [Enzymatic activity/volume] in Serum or Plasma",3016417,,,,"unit per liter","ucum:[U]/L",8645,"Measurement","visit date",46235916,"Visit date","loinc:76427-4"
"proBNPLabor","NT-proBNP","FLOAT","pg/ml",,,8415,733,5,34706,,,,,"loinc:33762-6","Natriuretic peptide.B prohormone N-Terminal [Mass/volume] in Serum or Plasma",3029187,,,,"picogram per milliliter","ucum:pg/mL",8845,"Measurement","visit date",46235916,"Visit date","loinc:76427-4"
"Renin-KonzentrationausPlasma","Renin","FLOAT","mcIU/ml",,,6367,2781,0.8,40170,,,,,"loinc:35570-1","Renin [Mass/volume] in Plasma",3037310,,,,"micro-international unit per milliliter",,9093,"Measurement","visit date",46235916,"Visit date","loinc:76427-4"
"RetikuliertePlättchen","reticulated Platelets","FLOAT","%",,,215,8933,1.2,30.3,,,,,"loinc:71693-6","Platelets reticulated/100 platelets in Blood by Automated count",42869450,,,,"percent","ucum:%",8554,"Measurement","visit date",46235916,"Visit date","loinc:76427-4"
"Retikulozytenabsolut","reticulocyte count abs","FLOAT","G/l",,,647,8501,16.1,213.6,,,,,"loinc:60474-4","Reticulocytes [#/volume] in Blood by Automated count",40763528,,,,"billion per liter","ucum:10*9/L",9444,"Measurement","visit date",46235916,"Visit date","loinc:76427-4"
"Retikulozytenrelativ","reticulocyte count rel","FLOAT","%",,,647,8501,0.34,6.19,,,,,"loinc:34420-0","Reticulocytes.mid/Reticulocytes.total in Blood",3044303,,,,"percent","ucum:%",8554,"Measurement","visit date",46235916,"Visit date","loinc:76427-4"
"T3","free Triiodothyronine (T3)","FLOAT","ng/ml",,,22,9126,0.43,1.84,,,,,"loinc:3053-6","Triiodothyronine (T3) [Mass/volume] in Serum or Plasma",3010340,,,,"nanogram per milliliter","ucum:ng/mL",8842,"Measurement","visit date",46235916,"Visit date","loinc:76427-4"
"T4","free Thyroxine (T4)","FLOAT","ng/ml",,,20,9128,40,223,,,,,"loinc:3026-2","Thyroxine (T4) [Mass/volume] in Serum or Plasma",3016991,,,,"nanogram per milliliter","ucum:ng/mL",8842,"Measurement","visit date",46235916,"Visit date","loinc:76427-4"
"Thrombinzeit","thrombin time","FLOAT","sec",,,502,8646,12.3,91.4,,,,,"loinc:3243-3","Thrombin time",3036489,,,,"second","ucum:s",8555,"Measurement","visit date",46235916,"Visit date","loinc:76427-4"
"Thrombotest","Thrombotest","FLOAT","%",,,167,8981,3,99,,,,,"loinc:68325-0","Thrombin time actual/Normal",42870499,,,,"percent","ucum:%",8554,"Measurement","visit date",46235916,"Visit date","loinc:76427-4"
"Thrombozyten","Thormobocytes","FLOAT","G/l",,,8442,706,38,1015,,,,,"loinc:49497-1","Platelets [#/volume] in Blood by Estimate",3031586,,,,"billion per liter","ucum:10*9/L",9444,"Measurement","visit date",46235916,"Visit date","loinc:76427-4"
"Transferrin","Transferrin","FLOAT","mg/dl",,,7263,1885,48,561,,,,,"loinc:3034-6","Transferrin [Mass/volume] in Serum or Plasma",3004789,,,,"milligram per deciliter","ucum:mg/dL",8840,"Measurement","visit date",46235916,"Visit date","loinc:76427-4"
"Transferrinsättigungerrechnet","transferrin saturation","FLOAT","%",,,7255,1893,2,100,,,,,"loinc:2502-3","Iron saturation [Mass Fraction] in Serum or Plasma",3000185,,,,"percent","ucum:%",8554,"Measurement","visit date",46235916,"Visit date","loinc:76427-4"
"Triglyceride","triglyceride","FLOAT","mg/dl",,,8280,868,25,3078,,,,,"loinc:3043-7","Triglyceride [Mass/volume] in Blood",3022038,,,,"milligram per deciliter","ucum:mg/dL",8840,"Measurement","visit date",46235916,"Visit date","loinc:76427-4"
"TroponinT","Troponin T","FLOAT","pg/ml",,,24,9124,0.006,0.128,,,,,"loinc:89576-3","Troponin T.cardiac panel - Serum or Plasma by High sensitivity method",36303871,,,,"picogram per milliliter","ucum:pg/mL",8845,"Measurement","visit date",46235916,"Visit date","loinc:76427-4"
"TSH","Thyreoidea stimulating hormone (TSH)","FLOAT","mclU/ml",,,7663,1485,0.01,115,,,,,"loinc:3016-3","Thyrotropin [Units/volume] in Serum or Plasma",3009201,,,,"micro-international unit per milliliter","ucum:10*-6.[iU]/mL",9093,"Measurement","visit date",46235916,"Visit date","loinc:76427-4"
