"VARIABLENAME","VARIABLELABEL","VARTYPE","UNITS","CATEGORICAL","MISSING","COUNT","NA","MIN","MAX","Formula","categorical value concept code","categorical value concept name","categorical value omop id","variable concept code","variable concept name","variable omop id","additional context concept name","additional context concept code","additional context omop id","unit concept name","unit concept code","unit omop id","domain","visits","visit omop id","visit concept name","visit concept code"
"Hb","Hemoglobin at baseline g/dl","FLOAT","g/dl",,"999 |9999 ",620,2,75,178,,,,,"loinc:718-7","Hemoglobin [Mass/volume] in Blood",3000963,,,,"gram per deciliter","ucum:g/dL",8713,"Measurement","month 0/ baseline",40766819,"Baseline time","loinc:64103-5"
"Hb12","Hemoglobin at visit12","FLOAT","g/dl",,9999,434,188,92,172,,,,,"loinc:718-7","Hemoglobin [Mass/volume] in Blood",3000963,,,,"gram per deciliter","ucum:g/dL",8713,"Measurement","month 12",4081746,"follow-up 1 year","snomed:183627004"
"Hb18","Hemoglobin at visit18","FLOAT","g/dl",,9999,397,225,80,183,,,,,"loinc:718-7","Hemoglobin [Mass/volume] in Blood",3000963,,,,"gram per deciliter","ucum:g/dL",8713,"Measurement","month 18",44789050,"follow-up 18 months","snomed:199591000000102"
"Hb6","Hemoglobin at visit6","FLOAT","g/dl",,9999,437,185,69,183,,,,,"loinc:718-7","Hemoglobin [Mass/volume] in Blood",3000963,,,,"gram per deciliter","ucum:g/dL",8713,"Measurement","month 6",4103967,"follow-up 6 months","snomed:300042001"
"MCHC_12","Mean Corpuscular Hemoglobin Concentration at v12","FLOAT","g/dl",,,434,188,28.60635631787,37.5862079780819,,,,,"snomed:1022481000000109","MCHC - Mean corpuscular haemoglobin concentration",37393850,,,,"gram per deciliter","ucum:g/dL",8713,"Measurement","month 12",4081746,"follow-up 1 year","snomed:183627004"
"MCHC_18","Mean Corpuscular Hemoglobin Concentration at v18","FLOAT","g/dl",,,397,225,30.0578046902139,37.7777762766238,,,,,"snomed:1022481000000109","MCHC - Mean corpuscular haemoglobin concentration",37393850,,,,"gram per deciliter","ucum:g/dL",8713,"Measurement","month 18",44789050,"follow-up 18 months","snomed:199591000000102"
"MCHC_6","Mean Corpuscular Hemoglobin Concentration at v6","FLOAT","g/dl",,,436,186,28.6486482794395,37.2727257916422,,,,,"snomed:1022481000000109","MCHC - Mean corpuscular haemoglobin concentration",37393850,,,,"gram per deciliter","ucum:g/dL",8713,"Measurement","month 6",4103967,"follow-up 6 months","snomed:300042001"
"MCHC_BL","Mean Corpuscular Hemoglobin Concentration at BL","FLOAT","g/dl",,,619,3,28.3333339666327,36.7567562830544,,,,,"snomed:1022481000000109","MCHC - Mean corpuscular haemoglobin concentration",37393850,,,,"gram per deciliter","ucum:g/dL",8713,"Measurement","month 0/ baseline",40766819,"Baseline time","loinc:64103-5"
"AAabddim","Aortic aneurism abdominal diameter","FLOAT","cm",,9999,31,591,3,9999,,,,,"snomed:233985008","Abdominal aortic aneurysm",198177,"Aortic diameter","snomed:302287000",4114623,"centimeter","ucum:cm",8582,"Measurement","month 0/ baseline",40766819,"Baseline time","loinc:64103-5"
"AAthoraxdim","Aortic aneurism thorax diameter in cm","FLOAT","cm",,9999,11,611,3.7,9999,,,,,"snomed:433068007","Aneurysm of thoracic aorta",443622,"Aortic diameter","snomed:302287000",4114623,"centimeter","ucum:cm",8582,"Measurement","month 0/ baseline",40766819,"Baseline time","loinc:64103-5"
"Height","Height in cm","INT","cm",,,622,0,140,190,,,,,"loinc:8302-2","Body height",3036277,,,,"centimeter","ucum:cm",8582,"Measurement","month 0/ baseline",40766819,"Baseline time","loinc:64103-5"
"VTIAK","velocity time integral (VTI) Aortic valve at baseline","INT","cm",,,407,215,7,112,,,,,"loinc:18169-3","Aortic valve Blood velocity-time integral by US.doppler",3037486,"Echocardiography","snomed:40701008",4230911,"centimeter","ucum:cm",8582,"Measurement","month 0/ baseline",40766819,"Baseline time","loinc:64103-5"
"VTIAK_12","velocity time integral (VTI) Aortic valve at visit12","INT","cm",,,,,,,,,,,"loinc:18169-3","Aortic valve Blood velocity-time integral by US.doppler",3037486,"Echocardiography","snomed:40701008",4230911,"centimeter","ucum:cm",8582,"Measurement","month 12",4081746,"follow-up 1 year","snomed:183627004"
"VTIAK_18","velocity time integral (VTI) Aortic valve at visit18","INT","cm",,,,,,,,,,,"loinc:18169-3","Aortic valve Blood velocity-time integral by US.doppler",3037486,"Echocardiography","snomed:40701008",4230911,"centimeter","ucum:cm",8582,"Measurement","month 18",44789050,"follow-up 18 months","snomed:199591000000102"
"VTILVOT","Left ventricular outflow velocity-time integral (LVOT-VTI) at baseline","INT","cm",,,200,422,5,31,,,,,"loinc:18170-1","Left ventricular outflow tract Blood velocity-time integral by US.doppler",3004421,"Echocardiography","snomed:40701008",4230911,"centimeter","ucum:cm",8582,"Measurement","month 0/ baseline",40766819,"Baseline time","loinc:64103-5"
"VTILVOT_12","Left ventricular outflow velocity-time integral (LVOT-VTI) at visit12","INT","cm",,,,,,,,,,,"loinc:18170-1","Left ventricular outflow tract Blood velocity-time integral by US.doppler",3004421,"Echocardiography","snomed:40701008",4230911,"centimeter","ucum:cm",8582,"Measurement","month 12",4081746,"follow-up 1 year","snomed:183627004"
"VTILVOT_18","Left ventricular outflow velocity-time integral (LVOT-VTI)at visit18","INT","cm",,,,,,,,,,,"loinc:18170-1","Left ventricular outflow tract Blood velocity-time integral by US.doppler",3004421,"Echocardiography","snomed:40701008",4230911,"centimeter","ucum:cm",8582,"Measurement","month 18",44789050,"follow-up 18 months","snomed:199591000000102"
"A","a-wave mitral valve at baseline","INT","cm/s",,0,316,306,13,173,,,,,"loinc:80066-4","Mitral valve Maximum A-wave velocity by US.doppler",21494310,"Echocardiography","snomed:40701008",4230911,"centimeter per second","ucum:cm/s",32738,"Measurement","month 0/ baseline",40766819,"Baseline time","loinc:64103-5"
"A_12","a-wave mitral valve at visit12","INT","cm/s",,0,,,,,,,,,"loinc:80066-4","Mitral valve Maximum A-wave velocity by US.doppler",21494310,"Echocardiography","snomed:40701008",4230911,"centimeter per second","ucum:cm/s",32738,"Measurement","month 12",4081746,"follow-up 1 year","snomed:183627004"
"A_18","a-wave mitral valve at visit18","INT","cm/s",,0,,,,,,,,,"loinc:80066-4","Mitral valve Maximum A-wave velocity by US.doppler",21494310,"Echocardiography","snomed:40701008",4230911,"centimeter per second","ucum:cm/s",32738,"Measurement","month 18",44789050,"follow-up 18 months","snomed:199591000000102"
"E","E-wave mitral valve at baseline","INT","cm/s",,0,490,132,11,194,,,,,"loinc:80070-6","Mitral valve Maximum E-wave velocity by US.doppler",21494314,"Echocardiography","snomed:40701008",4230911,"centimeter per second","ucum:cm/s",32738,"Measurement","month 0/ baseline",40766819,"Baseline time","loinc:64103-5"
"E_12","E-wave mitral valve at visit12","INT","cm/s",,0,,,,,,,,,"loinc:80070-6","Mitral valve Maximum E-wave velocity by US.doppler",21494314,"Echocardiography","snomed:40701008",4230911,"centimeter per second","ucum:cm/s",32738,"Measurement","month 12",4081746,"follow-up 1 year","snomed:183627004"
"E_18","E-wave mitral valve at visit18","INT","cm/s",,0,,,,,,,,,"loinc:80070-6","Mitral valve Maximum E-wave velocity by US.doppler",21494314,"Echocardiography","snomed:40701008",4230911,"centimeter per second","ucum:cm/s",32738,"Measurement","month 18",44789050,"follow-up 18 months","snomed:199591000000102"
"PVD","Pulmonary valve peak diastolic velocity at baseline","INT","cm/s",,0,295,327,14,135,,,,,"loinc:18162-8","Pulmonic valve Maximum blood flow velocity by US.doppler",3019774,"Diastolic phase|Echocardiography","snomed:723229005|snomed:40701008","36716961|4230911","centimeter per second","ucum:cm/s",32738,"Measurement","month 0/ baseline",40766819,"Baseline time","loinc:64103-5"
"PVD_12","Pulmonary valve peak diastolic velocity at visit12","INT","cm/s",,0,,,,,,,,,"loinc:18162-8","Pulmonic valve Maximum blood flow velocity by US.doppler",3019774,"Diastolic phase|Echocardiography","snomed:723229005|snomed:40701008","36716961|4230911","centimeter per second","ucum:cm/s",32738,"Measurement","month 12",4081746,"follow-up 1 year","snomed:183627004"
"PVD_18","Pulmonary valve peak diastolic velocity at visit18 at visit18","INT","cm/s",,0,,,,,,,,,"loinc:18162-8","Pulmonic valve Maximum blood flow velocity by US.doppler",3019774,"Diastolic phase|Echocardiography","snomed:723229005|snomed:40701008","36716961|4230911","centimeter per second","ucum:cm/s",32738,"Measurement","month 18",44789050,"follow-up 18 months","snomed:199591000000102"
"PVS","Pulmonary valve peak systolic velocity at baseline","INT","cm/s",,0,282,340,8,86,,,,,"loinc:11710-1","Pulmonic valve Peak systolic flow velocity by US.doppler",3028404,"Echocardiography","snomed:40701008",4230911,"centimeter per second","ucum:cm/s",32738,"Measurement","month 0/ baseline",40766819,"Baseline time","loinc:64103-5"
"PVS_12","Pulmonary valve peak systolic velocity at visit12","INT","cm/s",,0,,,,,,,,,"loinc:11710-1","Pulmonic valve Peak systolic flow velocity by US.doppler",3028404,"Echocardiography","snomed:40701008",4230911,"centimeter per second","ucum:cm/s",32738,"Measurement","month 12",4081746,"follow-up 1 year","snomed:183627004"
"PVS_18","Pulmonary valve peak systolic velocity at visit18 at visit18","INT","cm/s",,0,,,,,,,,,"loinc:11710-1","Pulmonic valve Peak systolic flow velocity by US.doppler",3028404,"Echocardiography","snomed:40701008",4230911,"centimeter per second","ucum:cm/s",32738,"Measurement","month 18",44789050,"follow-up 18 months","snomed:199591000000102"
"Days_alive_outsidehospital_lim","Days alive and outside the hospital lim 548 days (first 1 5 year)","STR","days",,,622,0,-1,548,,,,,"loinc:LA15287-8","Outpatient",45876918,"Duration","snomed:762636008",42538822,"day","ucum:d",8512,"Observation","month 0/ baseline",40766819,"Baseline time","loinc:64103-5"
"Days_Hosp","Total Days hospitalised","INT","days",,,622,0,0,174,,,,,"snomed:183797002","Duration of inpatient stay",4084530,,,,"day","ucum:d",8512,"Observation","month 0/ baseline",40766819,"Baseline time","loinc:64103-5"
"Days_ICU","Days ICU (intensive care unit) total","INT","days",,,622,0,0,21,,,,,"loinc:74200-7","Days in intensive care unit",44786856,,,,"day","ucum:d",8512,"Observation","month 0/ baseline",40766819,"Baseline time","loinc:64103-5"
"FirstallAE","First in days to an AE Adverse Event","STR","days",,,587,35,-18,538,,,,,"loinc:LA7266-5 ","Adverse event ",45884383,"Time between start of treatment and onset of adverse event","loinc:82311-2",42529417,"day","ucum:d",8512,"Observation","month 0/ baseline",2000000025,"end of study visit","icare:icv2000000025"
"FirstAnemiaAE","Amount of days to First Anemia AE adverse event","INT","days",,,96,526,0,576,,,,,"loinc:LA7266-5 ","Adverse event ",45884383,"Anemia|Time between start of treatment and onset of adverse event","snomed:271737000|loinc:82311-2","439777|42529417","day","ucum:d",8512,"Observation","month 0/ baseline",2000000025,"end of study visit","icare:icv2000000025"
"FirstBacterialInfectionAE","Amount of days to First Bacterial Infection AE adverse event","STR","days",,,248,374,-18,572,,,,,"loinc:LA7266-5 ","Adverse event ",45884383,"Bacterial infectious disease|Time between start of treatment and onset of adverse event","snomed:87628006|loinc:82311-2","432545|42529417","day","ucum:d",8512,"Observation","month 0/ baseline",2000000025,"end of study visit","icare:icv2000000025"
"FirstBleedingAE","Amount of days to First Bleeding AE adverse event","INT","days",,,65,557,0,522,,,,,"loinc:LA7266-5 ","Adverse event ",45884383,"Bleeding|Time between start of treatment and onset of adverse event","snomed:131148009|loinc:82311-2","437312|42529417","day","ucum:d",8512,"Observation","month 0/ baseline",2000000025,"end of study visit","icare:icv2000000025"
"FirstBradycardiaAE","Amount of days to First Bradycardia AE adverse event","STR","days",,,74,548,-1,581,,,,,"loinc:LA7266-5 ","Adverse event ",45884383,"Bradycardia|Time between start of treatment and onset of adverse event","snomed:48867003|loinc:82311-2","4169095|42529417","day","ucum:d",8512,"Observation","month 0/ baseline",2000000025,"end of study visit","icare:icv2000000025"
"FirstCADAE","Amount of days to First CAD AE coronary artery disease adverse event","INT","days",,,111,511,0,592,,,,,"loinc:LA7266-5 ","Adverse event ",45884383,"Disorder of coronary artery|Time between start of treatment and onset of adverse event","snomed:414024009|loinc:82311-2","4187067|42529417","day","ucum:d",8512,"Observation","month 0/ baseline",2000000025,"end of study visit","icare:icv2000000025"
"FirstcerebrovascAE","Amount of days to First cerebrovascular AE adverse event","INT","days",,,25,597,3,565,,,,,"loinc:LA7266-5 ","Adverse event ",45884383,"Cerebrovascular disease|Time between start of treatment and onset of adverse event","snomed:62914000|loinc:82311-2","381591|42529417","day","ucum:d",8512,"Observation","month 0/ baseline",2000000025,"end of study visit","icare:icv2000000025"
"FirstConstipationAE","Amount of days to First Constipation AE adverse event","STR","days",,,85,537,-6,561,,,,,"loinc:LA7266-5 ","Adverse event ",45884383,"Constipation|Time between start of treatment and onset of adverse event","snomed:14760008|loinc:82311-2","75860|42529417","day","ucum:d",8512,"Observation","month 0/ baseline",2000000025,"end of study visit","icare:icv2000000025"
"FirstCOPDAsthmaAE","Amount of days to First COPD Asthma AE adverse event","STR","days",,,36,586,-1,534,,,,,"loinc:LA7266-5 ","Adverse event ",45884383,"Chronic obstructive lung disease|Asthma|Time between start of treatment and onset of adverse event","snomed:13645005|snomed:195967001|loinc:82311-2","255573|317009|42529417","day","ucum:d",8512,"Observation","month 0/ baseline",2000000025,"end of study visit","icare:icv2000000025"
"FirstCVAE","Amount of days to First CV cardiovascular AE Adverse Event","INT","days",,,527,95,-3,581,,,,,"loinc:LA7266-5 ","Adverse event ",45884383,"Cardiovascular event|Time between start of treatment and onset of adverse event","snomed:405617006|loinc:82311-2","4236854|42529417","day","ucum:d",8512,"Observation","month 0/ baseline",2000000025,"end of study visit","icare:icv2000000025"
"FirstDementiaAE","Amount of days to First Dementia AE adverse event","INT","days",,,22,600,13,548,,,,,"loinc:LA7266-5 ","Adverse event ",45884383,"Dementia|Time between start of treatment and onset of adverse event","snomed:52448006|loinc:82311-2","4182210|42529417","day","ucum:d",8512,"Observation","month 0/ baseline",2000000025,"end of study visit","icare:icv2000000025"
"FirstDepressionAE","Amount of days to First Depression AE adverse event","STR","days",,,76,546,-2,535,,,,,"loinc:LA7266-5 ","Adverse event ",45884383,"Depressive disorder|Time between start of treatment and onset of adverse event","snomed:35489007|loinc:82311-2","440383|42529417","day","ucum:d",8512,"Observation","month 0/ baseline",2000000025,"end of study visit","icare:icv2000000025"
"FirstDiabetesAE","Amount of days to First Diabetes AE adverse event","INT","days",,,65,557,3,581,,,,,"loinc:LA7266-5 ","Adverse event ",45884383,"Diabetes mellitus|Time between start of treatment and onset of adverse event","snomed:73211009|loinc:82311-2","201820|42529417","day","ucum:d",8512,"Observation","month 0/ baseline",2000000025,"end of study visit","icare:icv2000000025"
"FirstGoutAE","Amount of days to First Gout AE adverse event","INT","days",,,64,558,0,560,,,,,"loinc:LA7266-5 ","Adverse event ",45884383,"Acute gout|Time between start of treatment and onset of adverse event","snomed:770924008|loinc:82311-2","36674930|42529417","day","ucum:d",8512,"Observation","month 0/ baseline",2000000025,"end of study visit","icare:icv2000000025"
"FirstHFAE","Amount of days to First HF AE heart failure adverse event","STR","days",,,405,217,-1,561,,,,,"loinc:LA7266-5 ","Adverse event ",45884383,"Heart failure|Time between start of treatment and onset of adverse event","snomed:84114007|loinc:82311-2","316139|42529417","day","ucum:d",8512,"Observation","month 0/ baseline",2000000025,"end of study visit","icare:icv2000000025"
"FirstHyperkalemiaAE","Amount of days to First Hyperkalemia AE adverse event","STR","days",,,130,492,-2,567,,,,,"loinc:LA7266-5 ","Adverse event ",45884383,"Hyperkalemia|Time between start of treatment and onset of adverse event","snomed:14140009|loinc:82311-2","434610|42529417","day","ucum:d",8512,"Observation","month 0/ baseline",2000000025,"end of study visit","icare:icv2000000025"
"FirstHypertensionAE","Amount of days to First Hypertension AE adverse events","INT","days",,,85,537,0,553,,,,,"loinc:LA7266-5 ","Adverse event ",45884383,"Hypertensive disorder|Time between start of treatment and onset of adverse event","snomed:38341003|loinc:82311-2","316866|42529417","day","ucum:d",8512,"Observation","month 0/ baseline",2000000025,"end of study visit","icare:icv2000000025"
"FirstHypotensionAE","Amount of days to First Hypotension AE adverse event","STR","days",,,232,390,-3,564,,,,,"loinc:LA7266-5 ","Adverse event ",45884383,"Hypotensive episode|Time between start of treatment and onset of adverse event","snomed:67763001|loinc:82311-2","4285144|42529417","day","ucum:d",8512,"Observation","month 0/ baseline",2000000025,"end of study visit","icare:icv2000000025"
"FirstnonCVAE","First non-CV AE non-cardiovascular adverse event","STR","days",,,546,76,-18,578,,,,,"loinc:LA7266-5 ","Adverse event ",45884383,"non-cardiovascular disease|Time between start of treatment and onset of adverse event","icare:icv2000000021|loinc:82311-2","2000000021|42529417","day","ucum:d",8512,"Observation","month 0/ baseline",2000000025,"end of study visit","icare:icv2000000025"
"FirstPsychiatricAE","Amount of days to First Psychiatric AE adverse event","STR","days",,,113,509,-2,513,,,,,"loinc:LA7266-5 ","Adverse event ",45884383,"Mental disorder|Time between start of treatment and onset of adverse event","snomed:74732009|loinc:82311-2","432586|42529417","day","ucum:d",8512,"Observation","month 0/ baseline",2000000025,"end of study visit","icare:icv2000000025"
"FirstRenalFailureAE","Amount of days to First Renal Failure AE adverse event","STR","days",,,190,432,-1,562,,,,,"loinc:LA7266-5 ","Adverse event ",45884383,"Acute renal failure|Time between start of treatment and onset of adverse event","loinc:LA27519-0|loinc:82311-2","36210235|42529417","day","ucum:d",8512,"Observation","month 0/ baseline",2000000025,"end of study visit","icare:icv2000000025"
"FirstRheumaAE","Amount of days to First Rheuma AE adverse event","INT","days",,,171,451,2,578,,,,,"loinc:LA7266-5 ","Adverse event ",45884383,"Rheumatism|Time between start of treatment and onset of adverse event","snomed:396332003|loinc:82311-2","138845|42529417","day","ucum:d",8512,"Observation","month 0/ baseline",2000000025,"end of study visit","icare:icv2000000025"
"FirstSVTAE","Amount of days to First SVT AE supraventricular tachycardia adverse event","INT","days",,,68,554,0,547,,,,,"loinc:LA7266-5 ","Adverse event ",45884383,"Supraventricular tachycardia|Time between start of treatment and onset of adverse event","snomed:6456007|loinc:82311-2","4275423|42529417","day","ucum:d",8512,"Observation","month 0/ baseline",2000000025,"end of study visit","icare:icv2000000025"
"FirstTraumaFallAE","Amount of days to First Trauma Fall AE adverse event","INT","days",,,105,517,1,545,,,,,"loinc:LA7266-5 ","Adverse event ",45884383,"Accidental fall|Time between start of treatment and onset of adverse event","snomed:217082002|loinc:82311-2","435991|42529417","day","ucum:d",8512,"Observation","month 0/ baseline",2000000025,"end of study visit","icare:icv2000000025"
"FirstUlcerDiseaseAE","Amount of days to First Ulcer Disease AE adverse event","INT","days",,,58,564,3,499,,,,,"loinc:LA7266-5 ","Adverse event ",45884383,"Peptic ulcer|Time between start of treatment and onset of adverse event","snomed:13200003|loinc:82311-2","4027663|42529417","day","ucum:d",8512,"Observation","month 0/ baseline",2000000025,"end of study visit","icare:icv2000000025"
"FirstVascularAE","Amount of days to First Vascular AE adverse event","INT","days",,,49,573,4,551,,,,,"loinc:LA7266-5 ","Adverse event ",45884383,"Vascular disorder|Time between start of treatment and onset of adverse event","snomed:27550009|loinc:82311-2","443784|42529417","day","ucum:d",8512,"Observation","month 0/ baseline",2000000025,"end of study visit","icare:icv2000000025"
"FirstVTAE","Amount of days to First VT AE ventricular tachycardia adverse event","INT","days",,,51,571,9,576,,,,,"loinc:LA7266-5 ","Adverse event ",45884383,"Ventricular tachycardia|Time between start of treatment and onset of adverse event","snomed:25569003|loinc:82311-2","4103295|42529417","day","ucum:d",8512,"Observation","month 0/ baseline",2000000025,"end of study visit","icare:icv2000000025"
"FU","Follow-up total in days","INT","days",,"999/9999",622,0,1,2003,,,,,"cdisc:C25212","Study Endpoint",37538258,"Total","snomed:255619001",4112438,"day","ucum:d",8512,"Observation","month 0/ baseline",40766819,"Baseline time","loinc:64103-5"
"FU__V1","follow up in days after visit1","INT","days",,"999/9999",563,59,0,1977,,,,,"cdisc:C25212","Study Endpoint",37538258,"Follow-up time|Death|History of Hospitalization","icare:icv200000062|snomed:419620001|loinc:11337-3","2000000062|4306655|3019044","day","ucum:d",8512,"Observation","month 1",4081745,"follow-up 1 month","snomed:183623000"
"FU__V12","follow up in days after visit12","STR","days",,"999/9999",483,139,-106,1653,,,,,"cdisc:C25212","Study Endpoint",37538258,"Follow-up time|Death|History of Hospitalization","icare:icv200000062|snomed:419620001|loinc:11337-3","2000000062|4306655|3019044","day","ucum:d",8512,"Observation","month 12",4081746,"follow-up 1 year","snomed:183627004"
"FU__V18","follow up in days after visit18","STR","days",,"999/9999",439,183,0,1465,,,,,"cdisc:C25212","Study Endpoint",37538258,"Follow-up time|Death|History of Hospitalization","icare:icv200000062|snomed:419620001|loinc:11337-3","2000000062|4306655|3019044","day","ucum:d",8512,"Observation","month 18",44789050,"follow-up 18 months","snomed:199591000000102"
"FU__V3","follow up in days after visit3","INT","days",,"999/9999",564,58,1,1919,,,,,"cdisc:C25212","Study Endpoint",37538258,"Follow-up time|Death|History of Hospitalization","icare:icv200000062|snomed:419620001|loinc:11337-3","2000000062|4306655|3019044","day","ucum:d",8512,"Observation","month 3",44789369,"follow-up 3 months","snomed:200521000000107"
"FU__V6","follow up in days after visit6","STR","days",,"999/9999",526,96,-13,1835,,,,,"cdisc:C25212","Study Endpoint",37538258,"Follow-up time|Death|History of Hospitalization","icare:icv200000062|snomed:419620001|loinc:11337-3","2000000062|4306655|3019044","day","ucum:d",8512,"Observation","month 6",4103967,"follow-up 6 months","snomed:300042001"
"FU_HF_V1","follow up in days after visit1","INT","days",,,602,20,0,1977,,,,,"cdisc:C25212","Study Endpoint",37538258,"Follow-up time|Death|Emergency hospital admission for heart failure","icare:icv200000062|snomed:419620001|snomed:416683003","2000000062|4306655|4215511","day","ucum:d",8512,"Observation","month 1",4081745,"follow-up 1 month","snomed:183623000"
"FU_HF_V12","follow up in days after visit12","STR","days",,,483,139,-106,1653,,,,,"cdisc:C25212","Study Endpoint",37538258,"Follow-up time|Death|Emergency hospital admission for heart failure","icare:icv200000062|snomed:419620001|snomed:416683003","2000000062|4306655|4215511","day","ucum:d",8512,"Observation","month 12",4081746,"follow-up 1 year","snomed:183627004"
"FU_HF_V18","follow up in days after visit18","INT","days",,,439,183,0,1465,,,,,"cdisc:C25212","Study Endpoint",37538258,"Follow-up time|Death|Emergency hospital admission for heart failure","icare:icv200000062|snomed:419620001|snomed:416683003","2000000062|4306655|4215511","day","ucum:d",8512,"Observation","month 18",44789050,"follow-up 18 months","snomed:199591000000102"
"FU_HF_V3","follow up in days after visit3","INT","days",,,564,58,1,1919,,,,,"cdisc:C25212","Study Endpoint",37538258,"Follow-up time|Death|Emergency hospital admission for heart failure","icare:icv200000062|snomed:419620001|snomed:416683003","2000000062|4306655|4215511","day","ucum:d",8512,"Observation","month 3",44789369,"follow-up 3 months","snomed:200521000000107"
"FU_HF_V6","follow up in days after visit6","STR","days",,,526,96,-2,1835,,,,,"cdisc:C25212","Study Endpoint",37538258,"Follow-up time|Death|Emergency hospital admission for heart failure","icare:icv200000062|snomed:419620001|snomed:416683003","2000000062|4306655|4215511","day","ucum:d",8512,"Observation","month 6",4103967,"follow-up 6 months","snomed:300042001"
"FU_Hosp","Follow Up in days until first hosp total","INT","days",,,429,193,1,1805,,,,,"loinc:11337-3","History of Hospitalization",3019044,"Total|Follow-up visit","snomed:255619001|snomed:185389009","4112438|4089050","day","ucum:d",8512,"Observation","month 0/ baseline",2000000025,"end of study visit","icare:icv2000000025"
"FU_hosp_all","Time to first all-cause hospitalisation or death","INT","days",,,622,0,1,2003,,,,,"cdisc:C25212","Study Endpoint",37538258,"time to first event|Death|History of Hospitalization","icare:icv200000061|snomed:419620001|loinc:11337-3","2000000061|4306655|3019044","day","ucum:d",8512,"Observation","end of study",2000000025,"end of study visit","icare:icv2000000025"
"FU_hosp_card","Time to first cardiac hospitalisation or death","INT","days",,,622,0,1,2003,,,,,"cdisc:C25212","Study Endpoint",37538258,"time to first event|Death|History of Hospitalization|Heart disease","icare:icv200000061|snomed:419620001|loinc:11337-3|snomed:56265001","2000000061|4306655|3019044|321588","day","ucum:d",8512,"Observation","end of study",2000000025,"end of study visit","icare:icv2000000025"
"FU_hosp_CV","Time to first CardioVascular hospitalisation or death","INT","days",,,622,0,1,2003,,,,,"cdisc:C25212","Study Endpoint",37538258,"time to first event|History of Hospitalization|Disorder of cardiovascular system","icare:icv200000061|loinc:11337-3|snomed:49601007","2000000061|3019044|134057","day","ucum:d",8512,"Observation","end of study",2000000025,"end of study visit","icare:icv2000000025"
"FU_hosp_EP","Time to first all-cause hospitalisation or death except cancer","INT","days",,,622,0,1,2003,,,,,"cdisc:C25212","Study Endpoint",37538258,"time to first event|History of Hospitalization|Non-cancer","icare:icv200000061|loinc:11337-3|icare:icv2000000020","2000000061|3019044|2000000020","day","ucum:d",8512,"Observation","end of study",2000000025,"end of study visit","icare:icv2000000025"
"FU_hosp_HF","Time to first Heart Failure hospitalisation or death","INT","days",,,622,0,1,2003,,,,,"cdisc:C25212","Study Endpoint",37538258,"time to first event|Death|Emergency hospital admission for heart failure","icare:icv200000061|snomed:419620001|snomed:416683003","2000000061|4306655|4215511","day","ucum:d",8512,"Observation","end of study",2000000025,"end of study visit","icare:icv2000000025"
"Totaldurationall","Total duration all Aes Adverse Events indays","INT","days",,,622,0,0,2970,,,,,"loinc:LA7266-5 ","Adverse event ",45884383,"Duration|Total","snomed:762636008|snomed:255619001","42538822|4112438","day","ucum:d",8512,"Observation","month 0/ baseline",2000000025,"end of study visit","icare:icv2000000025"
"TotaldurationAnemia","Total duration Anemia adverse events","INT","days",,,622,0,0,762,,,,,"loinc:LA7266-5 ","Adverse event ",45884383,"Anemia|Duration|Total","snomed:271737000|snomed:762636008|snomed:255619001","439777|42538822|4112438","day","ucum:d",8512,"Observation","month 0/ baseline",2000000025,"end of study visit","icare:icv2000000025"
"TotaldurationBacterialInfection","Total duration Bacterial Infection adverse events","INT","days",,,622,0,0,1857,,,,,"loinc:LA7266-5 ","Adverse event ",45884383,"Bacterial infectious disease|Duration|Total","snomed:87628006|snomed:762636008|snomed:255619001","432545|42538822|4112438","day","ucum:d",8512,"Observation","month 0/ baseline",2000000025,"end of study visit","icare:icv2000000025"
"TotaldurationBleeding","Total duration Bleeding adverse events","INT","days",,,622,0,0,471,,,,,"loinc:LA7266-5 ","Adverse event ",45884383,"Bleeding|Duration|Total","snomed:131148009|snomed:762636008|snomed:255619001","437312|42538822|4112438","day","ucum:d",8512,"Observation","month 0/ baseline",2000000025,"end of study visit","icare:icv2000000025"
"TotaldurationBradycardia","Total duration Bradycardia adverse events","INT","days",,,622,0,0,357,,,,,"loinc:LA7266-5 ","Adverse event ",45884383,"Bradycardia|Duration|Total","snomed:48867003|snomed:762636008|snomed:255619001","4169095|42538822|4112438","day","ucum:d",8512,"Observation","month 0/ baseline",2000000025,"end of study visit","icare:icv2000000025"
"TotaldurationCAD","Total duration CAD coronary artery disease adverse events","INT","days",,,622,0,0,489,,,,,"loinc:LA7266-5 ","Adverse event ",45884383,"Disorder of coronary artery|Duration|Total","snomed:414024009|snomed:762636008|snomed:255619001","4187067|42538822|4112438","day","ucum:d",8512,"Observation","month 0/ baseline",2000000025,"end of study visit","icare:icv2000000025"
"Totaldurationcerebrovasc","Total duration cerebrovascular adverse events","INT","days",,,622,0,0,239,,,,,"loinc:LA7266-5","Adverse event ",45884383,"Cerebrovascular disease|Duration|Total","snomed:62914000|snomed:762636008|snomed:255619001","381591|42538822|4112438","day","ucum:d",8512,"Observation","month 0/ baseline",2000000025,"end of study visit","icare:icv2000000025"
"TotaldurationConstipation","Total duration Constipation adverse events","INT","days",,,622,0,0,480,,,,,"loinc:LA7266-5 ","Adverse event ",45884383,"Constipation|Duration|Total","snomed:14760008|snomed:762636008|snomed:255619001","75860|42538822|4112438","day","ucum:d",8512,"Observation","month 0/ baseline",2000000025,"end of study visit","icare:icv2000000025"
"TotaldurationCOPDAsthma","Total duration COPD Asthma adverse events","INT","days",,,622,0,0,537,,,,,"loinc:LA7266-5","Adverse event ",45884383,"Chronic obstructive lung disease|Asthma|Duration|Total","snomed:13645005|snomed:195967001|snomed:762636008|snomed:255619001","255573|317009|42538822|4112438","day","ucum:d",8512,"Observation","month 0/ baseline",2000000025,"end of study visit","icare:icv2000000025"
"TotaldurationCV","Total duration CV cardiovascular Aes Adverse Events in days","INT","days",,,622,0,0,1403,,,,,"loinc:LA7266-5 ","Adverse event ",45884383,"Cardiovascular event|Duration|Total","snomed:405617006|snomed:762636008|snomed:255619001","4236854|42538822|4112438","day","ucum:d",8512,"Observation","month 0/ baseline",2000000025,"end of study visit","icare:icv2000000025"
"TotaldurationDementia","Total duration Dementia adverse events","INT","days",,,622,0,0,799,,,,,"loinc:LA7266-5 ","Adverse event ",45884383,"Dementia|Duration|Total","snomed:52448006|snomed:762636008|snomed:255619001","4182210|42538822|4112438","day","ucum:d",8512,"Observation","month 0/ baseline",2000000025,"end of study visit","icare:icv2000000025"
"TotaldurationDepression","Total duration Depression adverse events","INT","days",,,622,0,0,872,,,,,"loinc:LA7266-5 ","Adverse event ",45884383,"Depressive disorder|Duration|Total","snomed:35489007|snomed:762636008|snomed:255619001","440383|42538822|4112438","day","ucum:d",8512,"Observation","month 0/ baseline",2000000025,"end of study visit","icare:icv2000000025"
"TotaldurationDiabetes","Total duration Diabetes adverse events","INT","days",,,622,0,0,618,,,,,"loinc:LA7266-5 ","Adverse event ",45884383,"Diabetes mellitus|Duration|Total","snomed:73211009|snomed:762636008|snomed:255619001","201820|42538822|4112438","day","ucum:d",8512,"Observation","month 0/ baseline",2000000025,"end of study visit","icare:icv2000000025"
"TotaldurationGout","Total duration Gout adverse events in days","INT","days",,,622,0,0,554,,,,,"loinc:LA7266-5 ","Adverse event ",45884383,"Acute gout|Duration|Total","snomed:770924008|snomed:762636008|snomed:255619001","36674930|42538822|4112438","day","ucum:d",8512,"Observation","month 0/ baseline",2000000025,"end of study visit","icare:icv2000000025"
"TotaldurationHF","Total duration HF heart failure adverse events","INT","days",,,622,0,0,602,,,,,"loinc:LA7266-5 ","Adverse event ",45884383,"Heart failure|Duration|Total","snomed:84114007|snomed:762636008|snomed:255619001","316139|42538822|4112438","day","ucum:d",8512,"Observation","month 0/ baseline",2000000025,"end of study visit","icare:icv2000000025"
"TotaldurationHyperkalemia","Total duration Hyperkalemia adverse event","INT","days",,,622,0,0,154,,,,,"loinc:LA7266-5 ","Adverse event ",45884383,"Hyperkalemia|Duration|Total","snomed:14140009|snomed:762636008|snomed:255619001","434610|42538822|4112438","day","ucum:d",8512,"Observation","month 0/ baseline",2000000025,"end of study visit","icare:icv2000000025"
"TotaldurationHypertension","Total duration Hypertension adverse events","INT","days",,,622,0,0,503,,,,,"loinc:LA7266-5 ","Adverse event ",45884383,"Hypertensive disorder|Duration|Total","snomed:38341003|snomed:762636008|snomed:255619001","316866|42538822|4112438","day","ucum:d",8512,"Observation","month 0/ baseline",2000000025,"end of study visit","icare:icv2000000025"
"TotaldurationHypokalemia","Total duration Hypokalemia adverse events","INT","days",,,622,0,0,210,,,,,"loinc:LA7266-5","Adverse event ",45884383,"Hypokalemia|Duration|Total","snomed:43339004|snomed:762636008|snomed:255619001","437833|42538822|4112438","day","ucum:d",8512,"Observation","month 0/ baseline",2000000025,"end of study visit","icare:icv2000000025"
"TotaldurationHypotension","Total duration Hypotension adverse events","INT","days",,,622,0,0,484,,,,,"loinc:LA7266-5 ","Adverse event ",45884383,"Hypotensive episode|Duration|Total","snomed:67763001|snomed:762636008|snomed:255619001","4285144|42538822|4112438","day","ucum:d",8512,"Observation","month 0/ baseline",2000000025,"end of study visit","icare:icv2000000025"
"TotaldurationnonCV","Total duration non-CV non-cardiovascular adverse event","INT","days",,,622,0,0,2902,,,,,"loinc:LA7266-5 ","Adverse event ",45884383,"non-cardiovascular disease|Duration|Total","icare:icv2000000021|snomed:762636008|snomed:255619001","2000000021|42538822|4112438","day","ucum:d",8512,"Observation","month 0/ baseline",2000000025,"end of study visit","icare:icv2000000025"
"TotaldurationPsychiatric","Total duration Psychiatric adverse events","INT","days",,,622,0,0,1791,,,,,"loinc:LA7266-5 ","Adverse event ",45884383,"Mental disorder|Duration|Total","snomed:74732009|snomed:762636008|snomed:255619001","432586|42538822|4112438","day","ucum:d",8512,"Observation","month 0/ baseline",2000000025,"end of study visit","icare:icv2000000025"
"TotaldurationRenalFailure","Total duration Renal Failure adverse events","INT","days",,,622,0,0,521,,,,,"loinc:LA7266-5 ","Adverse event ",45884383,"Acute renal failure|Duration|Total","loinc:LA27519-0|snomed:762636008|snomed:255619001","36210235|42538822|4112438","day","ucum:d",8512,"Observation","month 0/ baseline",2000000025,"end of study visit","icare:icv2000000025"
"TotaldurationRheuma","Total duration Rheuma adverse events","INT","days",,,622,0,0,677,,,,,"loinc:LA7266-5 ","Adverse event ",45884383,"Rheumatism|Duration|Total","snomed:396332003|snomed:762636008|snomed:255619001","138845|42538822|4112438","day","ucum:d",8512,"Observation","month 0/ baseline",2000000025,"end of study visit","icare:icv2000000025"
"TotaldurationSVT","Total duration SVT supraventricular tachycardia adverse events","INT","days",,,622,0,0,521,,,,,"loinc:LA7266-5 ","Adverse event ",45884383,"Supraventricular tachycardia|Duration|Total","snomed:6456007|snomed:762636008|snomed:255619001","4275423|42538822|4112438","day","ucum:d",8512,"Observation","month 0/ baseline",2000000025,"end of study visit","icare:icv2000000025"
"TotaldurationTraumaFall","Total duration Trauma Fall adverse events","INT","days",,,622,0,0,413,,,,,"loinc:LA7266-5 ","Adverse event ",45884383,"Accidental fall|Duration|Total","snomed:217082002|snomed:762636008|snomed:255619001","435991|42538822|4112438","day","ucum:d",8512,"Observation","month 0/ baseline",2000000025,"end of study visit","icare:icv2000000025"
"TotaldurationUlcerDisease","Total duration Ulcer Disease adverse events","INT","days",,,622,0,0,572,,,,,"loinc:LA7266-5 ","Adverse event ",45884383,"Peptic ulcer|Duration|Total","snomed:13200003|snomed:762636008|snomed:255619001","4027663|42538822|4112438","day","ucum:d",8512,"Observation","month 0/ baseline",2000000025,"end of study visit","icare:icv2000000025"
"TotaldurationVascular","Total duration Vascular adverse events","INT","days",,,622,0,0,780,,,,,"loinc:LA7266-5 ","Adverse event ",45884383,"Vascular disorder|Duration|Total","snomed:27550009|snomed:762636008|snomed:255619001","443784|42538822|4112438","day","ucum:d",8512,"Observation","month 0/ baseline",2000000025,"end of study visit","icare:icv2000000025"
"TotaldurationVT","Total duration VT ventricular tachycardia adverse events","INT","days",,,622,0,0,41,,,,,"loinc:LA7266-5 ","Adverse event ",45884383,"Ventricular tachycardia|Duration|Total","snomed:25569003|snomed:762636008|snomed:255619001","4103295|42538822|4112438","day","ucum:d",8512,"Observation","month 0/ baseline",2000000025,"end of study visit","icare:icv2000000025"
"TTO_12","time trade-off max is 2 years = 730daysat Month 12","FLOAT","days",,,403,219,1,730,"Suppose you have only 2 years left to live. Would you prefer to live those 2 years as they are now or 1 year with perfect health? At what point in terms of days would you think differently about it?",,,,"snomed:273880008","Time trade off analysis",4166740,,,,"day","ucum:d",8512,"Measurement","month 12",4081746,"follow-up 1 year","snomed:183627004"
"TTO_18","time trade-off max is 2 years = 730daysat Month 18","FLOAT","days",,,370,252,7,730,"Suppose you have only 2 years left to live. Would you prefer to live those 2 years as they are now or 1 year with perfect health? At what point in terms of days would you think differently about it?",,,,"snomed:273880008","Time trade off analysis",4166740,,,,"day","ucum:d",8512,"Measurement","month 18",44789050,"follow-up 18 months","snomed:199591000000102"
"TTO_BL","time trade-off max is 2 years = 730daysat baseline","FLOAT","days",,,555,67,1,730,"Suppose you have only 2 years left to live. Would you prefer to live those 2 years as they are now or 1 year with perfect health? At what point in terms of days would you think differently about it?",,,,"snomed:273880008","Time trade off analysis",4166740,,,,"day","ucum:d",8512,"Measurement","month 0/ baseline",40766819,"Baseline time","loinc:64103-5"
"V1","days from inclusion to visit1","INT","days",,,564,58,18,84,,,,,"icare:icv200000060","time from inclusion",2000000060,,,,"day","ucum:d",8512,"Visit_occurrence","month 1",4081745,"follow-up 1 month","snomed:183623000"
"V12","days from inclusion to visit12","INT","days",,,445,177,307,439,,,,,"icare:icv200000060","time from inclusion",2000000060,,,,"day","ucum:d",8512,"Visit_occurrence","month 12",4081746,"follow-up 1 year","snomed:183627004"
"V18","days from inclusion to visit18","INT","days",,,406,216,480,764,,,,,"icare:icv200000060","time from inclusion",2000000060,,,,"day","ucum:d",8512,"Visit_occurrence","month 18",44789050,"follow-up 18 months","snomed:199591000000102"
"V3","days from inclusion to visit3","INT","days",,,521,101,-272,156,,,,,"icare:icv200000060","time from inclusion",2000000060,,,,"day","ucum:d",8512,"Visit_occurrence","month 1",4081745,"follow-up 1 month","snomed:183623000"
"V6","days from inclusion to visit6","INT","days",,,489,133,148,304,,,,,"icare:icv200000060","time from inclusion",2000000060,,,,"day","ucum:d",8512,"Visit_occurrence","month 6",4103967,"follow-up 6 months","snomed:300042001"
"Pas","P-axis at baseline","STR","degrees",,,367,255,-131,120,,,,,"loinc:8626-4","P wave axis",3006698,"Electrocardiogram finding","Snomed:301120008",4117134,"degree","ucum:deg",9484,"Measurement","month 0/ baseline",40766819,"Baseline time","loinc:64103-5"
"Pas_12","P-axis at visit12","STR","degrees",,,280,342,-75,118,,,,,"loinc:8626-4","P wave axis",3006698,"Electrocardiogram finding","Snomed:301120008",4117134,"degree","ucum:deg",9484,"Measurement","month 12",4081746,"follow-up 1 year","snomed:183627004"
"Pas_18","P-axis at visit18","STR","degrees",,,252,370,-65,124,,,,,"loinc:8626-4","P wave axis",3006698,"Electrocardiogram finding","Snomed:301120008",4117134,"degree","ucum:deg",9484,"Measurement","month 18",44789050,"follow-up 18 months","snomed:199591000000102"
"QRSas","QRS-axis at baseline","STR","degrees",,,617,5,-128,180,,,,,"loinc:8632-2","QRS axis",3006277,"Electrocardiogram finding","Snomed:301120008",4117134,"degree","ucum:deg",9484,"Measurement","month 0/ baseline",40766819,"Baseline time","loinc:64103-5"
"QRSas_12","QRS-axis at visit12","STR","degrees",,,426,196,-162,150,,,,,"loinc:8632-2","QRS axis",3006277,"Electrocardiogram finding","Snomed:301120008",4117134,"degree","ucum:deg",9484,"Measurement","month 12",4081746,"follow-up 1 year","snomed:183627004"
"QRSas_18","QRS-axis at visit18","STR","degrees",,,390,232,-168,120,,,,,"loinc:8632-2","QRS axis",3006277,"Electrocardiogram finding","Snomed:301120008",4117134,"degree","ucum:deg",9484,"Measurement","month 18",44789050,"follow-up 18 months","snomed:199591000000102"
"MCV_12","Mean Corpuscular Volume at v12","FLOAT","fL/cell",,,434,188,62.9230783535884,114.695339506352,,,,,"snomed:1022491000000106","MCV - Mean corpuscular volume",37393851,,,,"femtoliter platelet mean volume","ucum:fL{mpv}",8496,"Measurement","month 12",4081746,"follow-up 1 year","snomed:183627004"
"MCV_18","Mean Corpuscular Volume at v18","FLOAT","fL/cell",,,396,226,65.4396731256813,111.86440941658,,,,,"snomed:1022491000000106","MCV - Mean corpuscular volume",37393851,,,,"femtoliter platelet mean volume","ucum:fL{mpv}",8496,"Measurement","month 18",44789050,"follow-up 18 months","snomed:199591000000102"
"MCV_6","Mean Corpuscular Volume at v6","FLOAT","fL/cell",,,430,192,70.5244070340463,113.207547594195,,,,,"snomed:1022491000000106","MCV - Mean corpuscular volume",37393851,,,,"femtoliter platelet mean volume","ucum:fL{mpv}",8496,"Measurement","month 6",4103967,"follow-up 6 months","snomed:300042001"
"MCV_BL","Mean Corpuscular Volume at BL","FLOAT","fL/cell",,,616,6,59.9999990147993,136.666665474574,,,,,"snomed:1022491000000106","MCV - Mean corpuscular volume",37393851,,,,"femtoliter platelet mean volume","ucum:fL{mpv}",8496,"Measurement","month 0/ baseline",40766819,"Baseline time","loinc:64103-5"
"PREA_BL","Prealbumin at baseline","FLOAT","g/L",,,531,91,0.050000001,2.559999943,,,,,"loinc:14338-8","Prealbumin [Mass/volume] in Serum or Plasma",3013742,,,,"gram per liter","ucum:g/L",8636,"Measurement","month 0/ baseline",40766819,"Baseline time","loinc:64103-5"
"PREA_V1","Prealbumin at visit1","FLOAT","g/L",,,463,159,-0.059999999,0.50999999,,,,,"loinc:14338-8","Prealbumin [Mass/volume] in Serum or Plasma",3013742,,,,"gram per liter","ucum:g/L",8636,"Measurement","month 1",4081745,"follow-up 1 month","snomed:183623000"
"PREA_V12","Prealbumin at visit12","FLOAT","g/L",,,382,240,0.059999999,0.589999974,,,,,"loinc:14338-8","Prealbumin [Mass/volume] in Serum or Plasma",3013742,,,,"gram per liter","ucum:g/L",8636,"Measurement","month 12",4081746,"follow-up 1 year","snomed:183627004"
"PREA_V18","Prealbumin at visit18","FLOAT","g/L",,,348,274,-0.059999999,0.419999987,,,,,"loinc:14338-8","Prealbumin [Mass/volume] in Serum or Plasma",3013742,,,,"gram per liter","ucum:g/L",8636,"Measurement","month 18",44789050,"follow-up 18 months","snomed:199591000000102"
"PREA_V3","Prealbumin at visit3","FLOAT","g/L",,,452,170,-0.059999999,0.479999989,,,,,"loinc:14338-8","Prealbumin [Mass/volume] in Serum or Plasma",3013742,,,,"gram per liter","ucum:g/L",8636,"Measurement","month 3",44789369,"follow-up 3 months","snomed:200521000000107"
"PREA_V6","Prealbumin at visit6","FLOAT","g/L",,,432,190,-0.059999999,0.449999988,,,,,"loinc:14338-8","Prealbumin [Mass/volume] in Serum or Plasma",3013742,,,,"gram per liter","ucum:g/L",8636,"Measurement","month 6",4103967,"follow-up 6 months","snomed:300042001"
"Transferrin_BL","Transferrin at baseline","FLOAT","g/L",,,529,93,-0.01,4.329999924,,,,,"loinc:3034-6","Transferrin [Mass/volume] in Serum or Plasma",3004789,,,,"gram per liter","ucum:g/L",8636,"Measurement","month 0/ baseline",40766819,"Baseline time","loinc:64103-5"
"Transferrin_V1","Transferrin at visit1","FLOAT","g/L",,,461,161,1.279999971,4.150000095,,,,,"loinc:3034-6","Transferrin [Mass/volume] in Serum or Plasma",3004789,,,,"gram per liter","ucum:g/L",8636,"Measurement","month 1",4081745,"follow-up 1 month","snomed:183623000"
"Transferrin_V12","Transferrin at visit12","FLOAT","g/L",,,383,239,1.080000043,4.380000114,,,,,"loinc:3034-6","Transferrin [Mass/volume] in Serum or Plasma",3004789,,,,"gram per liter","ucum:g/L",8636,"Measurement","month 12",4081746,"follow-up 1 year","snomed:183627004"
"Transferrin_V18","Transferrin at visit18","FLOAT","g/L",,,348,274,1.299999952,4.150000095,,,,,"loinc:3034-6","Transferrin [Mass/volume] in Serum or Plasma",3004789,,,,"gram per liter","ucum:g/L",8636,"Measurement","month 18",44789050,"follow-up 18 months","snomed:199591000000102"
"Transferrin_V3","Transferrin at visit3","FLOAT","g/L",,,452,170,-0.01,4.409999847,,,,,"loinc:3034-6","Transferrin [Mass/volume] in Serum or Plasma",3004789,,,,"gram per liter","ucum:g/L",8636,"Measurement","month 3",44789369,"follow-up 3 months","snomed:200521000000107"
"Transferrin_V6","Transferrin at visit6","FLOAT","g/L",,,432,190,0.879999995,4.5,,,,,"loinc:3034-6","Transferrin [Mass/volume] in Serum or Plasma",3004789,,,,"gram per liter","ucum:g/L",8636,"Measurement","month 6",4103967,"follow-up 6 months","snomed:300042001"
"ALT","ALT at baseline","FLOAT","U/l",,"999 | 9999 ",586,36,5,1360,,,,,"loinc:76625-3","Alanine aminotransferase [Enzymatic activity/volume] in Blood",46235106,,,,"international unit per liter","ucum:[iU]/L",8923,"Measurement","month 0/ baseline",40766819,"Baseline time","loinc:64103-5"
"AST","AST at baseline","FLOAT","U/l",,"999 | 9999 ",581,41,8,894,,,,,"loinc:1920-8","Aspartate aminotransferase [Enzymatic activity/volume] in Serum or Plasma",3013721,,,,"international unit per liter","ucum:[iU]/L",8923,"Measurement","month 0/ baseline",40766819,"Baseline time","loinc:64103-5"
"Weight","Weight at baseline","INT","kg",,,621,1,36,120,,,,,"loinc:29463-7","Body weight",3025315,,,,"kilogram","ucum:kg",9529,"Measurement","month 0/ baseline",40766819,"Baseline time","loinc:64103-5"
"Weight1","Weight at visit 1","FLOAT","kg",,999,559,63,38.7,116,,,,,"loinc:29463-7","Body weight",3025315,,,,"kilogram","ucum:kg",9529,"Measurement","month 1",4081745,"follow-up 1 month","snomed:183623000"
"Weight12","Weight at visit12","FLOAT","kg",,999,443,179,39,119.1,,,,,"loinc:29463-7","Body weight",3025315,,,,"kilogram","ucum:kg",9529,"Measurement","month 12",4081746,"follow-up 1 year","snomed:183627004"
"Weight18","Weight at visit18","FLOAT","kg",,999,403,219,42.5,126.7,,,,,"loinc:29463-7","Body weight",3025315,,,,"kilogram","ucum:kg",9529,"Measurement","month 18",44789050,"follow-up 18 months","snomed:199591000000102"
"Weight3","Weight at visit3","FLOAT","kg",,999,518,104,38,117,,,,,"loinc:29463-7","Body weight",3025315,,,,"kilogram","ucum:kg",9529,"Measurement","month 3",44789369,"follow-up 3 months","snomed:200521000000107"
"Weight6","Weight at visit6","FLOAT","kg",,999,486,136,39.4,115.4,,,,,"loinc:29463-7","Body weight",3025315,,,,"kilogram","ucum:kg",9529,"Measurement","month 6",4103967,"follow-up 6 months","snomed:300042001"
"BMI","Calculated BMI","FLOAT","kg/m2",,,621,1,15.058,44.79,,,,,"loinc:39156-5","Body mass index (BMI) [Ratio]",3038553,,,,"kilogram per square meter","ucum:kg/m2",9531,"Measurement","month 0/ baseline",40766819,"Baseline time","loinc:64103-5"
"@6MWT_distance","6MWT ( 6 minute walking test) distance walked at baseline ","INT","m",,"999| 9999",547,75,10,630,,,,,"snomed:1144649008","6 minute walk test distance",606289,,,,"meter","ucum:m",9546,"Observation","month 0/ baseline",40766819,"Baseline time","loinc:64103-5"
"V126mWTdistance","Visit12 6mWT (6 minute walking test) distance","INT","m",,999,337,285,20,720,,,,,"snomed:1144649008","6 minute walk test distance",606289,,,,"meter","ucum:m",9546,"Observation","month 12",4081746,"follow-up 1 year","snomed:183627004"
"V186mWTdistance","Visit18 6mWT (6 minute walking test) distance","INT","m",,999,364,258,0,999,,,,,"snomed:1144649008","6 minute walk test distance",606289,,,,"meter","ucum:m",9546,"Observation","month 18",44789050,"follow-up 18 months","snomed:199591000000102"
"Creatinine","creatinine at baseline","FLOAT","µg/ml",,"999|9999",621,1,37,242,,,,,"loinc:2160-0","creatinine [mass/volume] in serum or plasma",3016723,,,,"microgram per milliliter","ucum:ug/mL",8859,"Measurement","month 0/ baseline",40766819,"Baseline time","loinc:64103-5"
"Crea1","creatinine at Visit1","FLOAT","µg/ml",,9999,554,68,46,397,,,,,"loinc:2160-0","creatinine [mass/volume] in serum or plasma",3016723,,,,"microgram per milliliter","ucum:ug/mL",8859,"Measurement","month 1",4081745,"follow-up 1 month","snomed:183623000"
"Crea12","creatinine at Visit12","FLOAT","µg/ml",,9999,440,182,33,404,,,,,"loinc:2160-0","creatinine [mass/volume] in serum or plasma",3016723,,,,"microgram per milliliter","ucum:ug/mL",8859,"Measurement","month 12",4081746,"follow-up 1 year","snomed:183627004"
"Crea18","creatinine at Visit18","FLOAT","µg/ml",,9999,405,217,49,318,,,,,"loinc:2160-0","creatinine [mass/volume] in serum or plasma",3016723,,,,"microgram per milliliter","ucum:ug/mL",8859,"Measurement","month 18",44789050,"follow-up 18 months","snomed:199591000000102"
"Crea3","creatinine at Visit3","FLOAT","µg/ml",,9999,515,107,48,527,,,,,"loinc:2160-0","creatinine [mass/volume] in serum or plasma",3016723,,,,"microgram per milliliter","ucum:ug/mL",8859,"Measurement","month 3",44789369,"follow-up 3 months","snomed:200521000000107"
"Crea6","creatinine at Visit6","FLOAT","µg/ml",,9999,485,137,44,538,,,,,"loinc:2160-0","creatinine [mass/volume] in serum or plasma",3016723,,,,"microgram per milliliter","ucum:ug/mL",8859,"Measurement","month 6",4103967,"follow-up 6 months","snomed:300042001"
"DoseDigoxinBL","Dose Digoxin Baseline","FLOAT","mg",,,622,0,0,1.25,,,,,"RxNorm:3407","digoxin",1326303,"Dosage","snomed:260911001",4118853,"milligram","ucum:mg",8576,"Drug_Exposure","month 0/ baseline",40766819,"Baseline time","loinc:64103-5"
"DoseDigoxinV1","Dose Digoxin Visit1","FLOAT","mg",,,567,55,0,1.25,,,,,"RxNorm:3407","digoxin",1326303,"Dosage","snomed:260911001",4118853,"milligram","ucum:mg",8576,"Drug_Exposure","month 1",4081745,"follow-up 1 month","snomed:183623000"
"DoseDigoxinV12","Dose Digoxin Visit12","FLOAT","mg",,,446,176,0,1.25,,,,,"RxNorm:3407","digoxin",1326303,"Dosage","snomed:260911001",4118853,"milligram","ucum:mg",8576,"Drug_Exposure","month 12",4081746,"follow-up 1 year","snomed:183627004"
"DoseDigoxinV18","Dose Digoxin Visit18","FLOAT","mg",,,406,216,0,1.25,,,,,"RxNorm:3407","digoxin",1326303,"Dosage","snomed:260911001",4118853,"milligram","ucum:mg",8576,"Drug_Exposure","month 18",44789050,"follow-up 18 months","snomed:199591000000102"
"DoseDigoxinV3","Dose Digoxin Visit3","FLOAT","mg",,,522,100,0,1.25,,,,,"RxNorm:3407","digoxin",1326303,"Dosage","snomed:260911001",4118853,"milligram","ucum:mg",8576,"Drug_Exposure","month 3",44789369,"follow-up 3 months","snomed:200521000000107"
"DoseDigoxinV6","Dose Digoxin Visit6","FLOAT","mg",,,489,133,0,1.25,,,,,"RxNorm:3407","digoxin",1326303,"Dosage","snomed:260911001",4118853,"milligram","ucum:mg",8576,"Drug_Exposure","month 6",4103967,"follow-up 6 months","snomed:300042001"
"DoseFuroBL","Dose Furosemide Baseline","INT","mg",,,622,0,0,1000,,,,,"RxNorm:4603","furosemide",956874,"Dosage","snomed:260911001",4118853,"milligram","ucum:mg",8576,"Drug_Exposure","month 0/ baseline",40766819,"Baseline time","loinc:64103-5"
"DoseFuroV1","Dose Furosemide Visit1","INT","mg",,,567,55,0,500,,,,,"RxNorm:4603","furosemide",956874,"Dosage","snomed:260911001",4118853,"milligram","ucum:mg",8576,"Drug_Exposure","month 1",4081745,"follow-up 1 month","snomed:183623000"
"DoseFuroV12","Dose Furosemide Visit12","INT","mg",,,446,176,0,250,,,,,"RxNorm:4603","furosemide",956874,"Dosage","snomed:260911001",4118853,"milligram","ucum:mg",8576,"Drug_Exposure","month 12",4081746,"follow-up 1 year","snomed:183627004"
"DoseFuroV18","Dose Furosemide Visit18","INT","mg",,,406,216,0,260,,,,,"RxNorm:4603","furosemide",956874,"Dosage","snomed:260911001",4118853,"milligram","ucum:mg",8576,"Drug_Exposure","month 18",44789050,"follow-up 18 months","snomed:199591000000102"
"DoseFuroV3","Dose Furosemide Visit3","INT","mg",,,522,100,0,250,,,,,"RxNorm:4603","furosemide",956874,"Dosage","snomed:260911001",4118853,"milligram","ucum:mg",8576,"Drug_Exposure","month 3",44789369,"follow-up 3 months","snomed:200521000000107"
"DoseFuroV6","Dose Furosemide Visit6","INT","mg",,,489,133,0,500,,,,,"RxNorm:4603","furosemide",956874,"Dosage","snomed:260911001",4118853,"milligram","ucum:mg",8576,"Drug_Exposure","month 6",4103967,"follow-up 6 months","snomed:300042001"
"DoseNitratBL","Dose Nitrat Baseline","INT","mg",,,622,0,0,100,,,,,"RxNorm:4917","nitroglycerin",1361711,"Dosage","snomed:260911001",4118853,"milligram","ucum:mg",8576,"Drug_Exposure","month 0/ baseline",40766819,"Baseline time","loinc:64103-5"
"DoseNitratV1","Dose Nitrat Visit1","INT","mg",,,566,56,0,100,,,,,"RxNorm:4917","nitroglycerin",1361711,"Dosage","snomed:260911001",4118853,"milligram","ucum:mg",8576,"Drug_Exposure","month 1",4081745,"follow-up 1 month","snomed:183623000"
"DoseNitratV12","Dose Nitrat Visit12","INT","mg",,,445,177,0,100,,,,,"RxNorm:4917","nitroglycerin",1361711,"Dosage","snomed:260911001",4118853,"milligram","ucum:mg",8576,"Drug_Exposure","month 12",4081746,"follow-up 1 year","snomed:183627004"
"DoseNitratV18","Dose Nitrat Visit18","INT","mg",,,405,217,0,80,,,,,"RxNorm:4917","nitroglycerin",1361711,"Dosage","snomed:260911001",4118853,"milligram","ucum:mg",8576,"Drug_Exposure","month 18",44789050,"follow-up 18 months","snomed:199591000000102"
"DoseNitratV3","Dose Nitrat Visit3","INT","mg",,,521,101,0,100,,,,,"RxNorm:4917","nitroglycerin",1361711,"Dosage","snomed:260911001",4118853,"milligram","ucum:mg",8576,"Drug_Exposure","month 3",44789369,"follow-up 3 months","snomed:200521000000107"
"DoseNitratV6","Dose Nitrat Visit6","INT","mg",,,488,134,0,100,,,,,"RxNorm:4917","nitroglycerin",1361711,"Dosage","snomed:260911001",4118853,"milligram","ucum:mg",8576,"Drug_Exposure","month 6",4103967,"follow-up 6 months","snomed:300042001"
"DoseSpiroBL","Dose MRA in mg at Baseline","INT","mg",,,621,1,0,100,,,,,"rxnorm:9997","Spironolactone",970250,"Dosage","snomed:260911001",4118853,"milligram","ucum:mg",8576,"Drug_Exposure","month 0/ baseline",40766819,"Baseline time","loinc:64103-5"
"DoseSpiroV1","Dose MRA in mg atVisit1","INT","mg",,,567,55,0,100,,,,,"rxnorm:9997","Spironolactone",970250,"Dosage","snomed:260911001",4118853,"milligram","ucum:mg",8576,"Drug_Exposure","month 1",4081745,"follow-up 1 month","snomed:183623000"
"DoseSpiroV12","Dose MRA in mg atVisit12","INT","mg",,,446,176,0,50,,,,,"rxnorm:9997","Spironolactone",970250,"Dosage","snomed:260911001",4118853,"milligram","ucum:mg",8576,"Drug_Exposure","month 12",4081746,"follow-up 1 year","snomed:183627004"
"DoseSpiroV18","Dose MRA in mg atVisit18","INT","mg",,,406,216,0,150,,,,,"rxnorm:9997","Spironolactone",970250,"Dosage","snomed:260911001",4118853,"milligram","ucum:mg",8576,"Drug_Exposure","month 18",44789050,"follow-up 18 months","snomed:199591000000102"
"DoseSpiroV3","Dose MRA in mg atVisit3","INT","mg",,,521,101,0,100,,,,,"rxnorm:9997","Spironolactone",970250,"Dosage","snomed:260911001",4118853,"milligram","ucum:mg",8576,"Drug_Exposure","month 3",44789369,"follow-up 3 months","snomed:200521000000107"
"DoseSpiroV6","Dose MRA in mg atVisit6","INT","mg",,,489,133,0,100,,,,,"rxnorm:9997","Spironolactone",970250,"Dosage","snomed:260911001",4118853,"milligram","ucum:mg",8576,"Drug_Exposure","month 6",4103967,"follow-up 6 months","snomed:300042001"
"DoseToraBL","Dose Torasemide Baseline","INT","mg",,,622,0,0,200,,,,,"RxNorm:38413","torsemide",942350,"Dosage","snomed:260911001",4118853,"milligram","ucum:mg",8576,"Drug_Exposure","month 0/ baseline",40766819,"Baseline time","loinc:64103-5"
"DoseToraV1","Dose Torasemide Visit1","INT","mg",,,567,55,0,200,,,,,"RxNorm:38413","torsemide",942350,"Dosage","snomed:260911001",4118853,"milligram","ucum:mg",8576,"Drug_Exposure","month 1",4081745,"follow-up 1 month","snomed:183623000"
"DoseToraV12","Dose Torasemide Visit12","INT","mg",,,446,176,0,200,,,,,"RxNorm:38413","torsemide",942350,"Dosage","snomed:260911001",4118853,"milligram","ucum:mg",8576,"Drug_Exposure","month 12",4081746,"follow-up 1 year","snomed:183627004"
"DoseToraV18","DoseTorasemide Visit18","INT","mg",,,406,216,0,200,,,,,"RxNorm:38413","torsemide",942350,"Dosage","snomed:260911001",4118853,"milligram","ucum:mg",8576,"Drug_Exposure","month 18",44789050,"follow-up 18 months","snomed:199591000000102"
"DoseToraV3","Dose Torasemide Visit3","INT","mg",,,521,101,0,250,,,,,"RxNorm:38413","torsemide",942350,"Dosage","snomed:260911001",4118853,"milligram","ucum:mg",8576,"Drug_Exposure","month 3",44789369,"follow-up 3 months","snomed:200521000000107"
"DoseToraV6","Dose Torasemide Visit6","INT","mg",,,489,133,0,200,,,,,"RxNorm:38413","torsemide",942350,"Dosage","snomed:260911001",4118853,"milligram","ucum:mg",8576,"Drug_Exposure","month 6",4103967,"follow-up 6 months","snomed:300042001"
"Statin_dose_BL","dose of statin at baseline","INT","mg",,,622,0,0,160,,,,,"atc:C10AA","HMG-CoA reductase inhibitor",21601855,"Dosage","snomed:260911001",4118853,"milligram","ucum:mg",8576,"Drug_Exposure","month 0/ baseline",40766819,"Baseline time","loinc:64103-5"
"Uric_acid_BL","Uric_acid at baseline","FLOAT","mg/dL",,,512,110,2.400000095,15.89999962,,,,,"loinc:3084-1","Urate [Mass/volume] in Serum or Plasma",3037556,,,,"milligram per deciliter","ucum:mg/dL",8840,"Measurement","month 0/ baseline",40766819,"Baseline time","loinc:64103-5"
"Uric_acid_V1","Uric_acid at visit1","FLOAT","mg/dL",,,450,172,2.599999905,18.79999924,,,,,"loinc:3084-1","Urate [Mass/volume] in Serum or Plasma",3037556,,,,"milligram per deciliter","ucum:mg/dL",8840,"Measurement","month 1",4081745,"follow-up 1 month","snomed:183623000"
"Uric_acid_V12","Uric_acid at visit12","FLOAT","mg/dL",,,375,247,2.700000048,13.39999962,,,,,"loinc:3084-1","Urate [Mass/volume] in Serum or Plasma",3037556,,,,"milligram per deciliter","ucum:mg/dL",8840,"Measurement","month 12",4081746,"follow-up 1 year","snomed:183627004"
"Uric_acid_V18","Uric_acid at visit18","FLOAT","mg/dL",,,345,277,2.099999905,13.89999962,,,,,"loinc:3084-1","Urate [Mass/volume] in Serum or Plasma",3037556,,,,"milligram per deciliter","ucum:mg/dL",8840,"Measurement","month 18",44789050,"follow-up 18 months","snomed:199591000000102"
"Uric_acid_V3","Uric_acid at visit3","FLOAT","mg/dL",,,438,184,2.799999952,17.10000038,,,,,"loinc:3084-1","Urate [Mass/volume] in Serum or Plasma",3037556,,,,"milligram per deciliter","ucum:mg/dL",8840,"Measurement","month 3",44789369,"follow-up 3 months","snomed:200521000000107"
"Uric_acid_V6","Uric_acid at visit6","FLOAT","mg/dL",,,425,197,0.200000003,16.29999924,,,,,"loinc:3084-1","Urate [Mass/volume] in Serum or Plasma",3037556,,,,"milligram per deciliter","ucum:mg/dL",8840,"Measurement","month 6",4103967,"follow-up 6 months","snomed:300042001"
"CRPsensitive","high sensitive CRP at baseline ( lab result from centre of inclusion)","FLOAT","mg/l",,"999|9999",591,31,0,259,,,,,"loinc:30522-7","c reactive protein [mass/volume] in serum or plasma by high sensitivity method",3010156,,,,"milligram per liter","ucum:mg/L",8751,"Measurement","month 0/ baseline",40766819,"Baseline time","loinc:64103-5"
"CysC_BL","Cystatin C at baseline","FLOAT","mg/l",,,527,95,0.776000023,7.850999832,,,,,"loinc:33863-2","Cystatin C [Mass/volume] in Serum or Plasma",3030366,,,,"milligram per liter","ucum:mg/L",8751,"Measurement","month 0/ baseline",40766819,"Baseline time","loinc:64103-5"
"CysC_V1","Cystatin C at visit1","FLOAT","mg/l",,,459,163,0.74000001,5.309000015,,,,,"loinc:33863-2","Cystatin C [Mass/volume] in Serum or Plasma",3030366,,,,"milligram per liter","ucum:mg/L",8751,"Measurement","month 1",4081745,"follow-up 1 month","snomed:183623000"
"CysC_V12","Cystatin C at visit12","FLOAT","mg/l",,,381,241,0.787999988,7.051000118,,,,,"loinc:33863-2","Cystatin C [Mass/volume] in Serum or Plasma",3030366,,,,"milligram per liter","ucum:mg/L",8751,"Measurement","month 12",4081746,"follow-up 1 year","snomed:183627004"
"CysC_V18","Cystatin C at visit18","FLOAT","mg/l",,,347,275,0.751999974,6.433000088,,,,,"loinc:33863-2","Cystatin C [Mass/volume] in Serum or Plasma",3030366,,,,"milligram per liter","ucum:mg/L",8751,"Measurement","month 18",44789050,"follow-up 18 months","snomed:199591000000102"
"CysC_V3","Cystatin C at visit3","FLOAT","mg/l",,,446,176,0.921999991,8.63599968,,,,,"loinc:33863-2","Cystatin C [Mass/volume] in Serum or Plasma",3030366,,,,"milligram per liter","ucum:mg/L",8751,"Measurement","month 3",44789369,"follow-up 3 months","snomed:200521000000107"
"CysC_V6","Cystatin C at visit6","FLOAT","mg/l",,,430,192,0.893000007,8.262000084,,,,,"loinc:33863-2","Cystatin C [Mass/volume] in Serum or Plasma",3030366,,,,"milligram per liter","ucum:mg/L",8751,"Measurement","month 6",4103967,"follow-up 6 months","snomed:300042001"
"hsCRP_BL","high sensitive-CRP at baseline","FLOAT","mg/l",,,518,104,0.0900000035762787,432.600006103516,"Roche sample analysis",,,,"loinc:30522-7","c reactive protein [mass/volume] in serum or plasma by high sensitivity method",3010156,,,,"milligram per liter","ucum:mg/L",8751,"Measurement","month 0/ baseline",40766819,"Baseline time","loinc:64103-5"
"hsCRP_V1","high sensitive-CRP at visit1","FLOAT","mg/l",,,455,167,0,349.4200134,,,,,"loinc:30522-7","c reactive protein [mass/volume] in serum or plasma by high sensitivity method",3010156,,,,"milligram per liter","ucum:mg/L",8751,"Measurement","month 1",4081745,"follow-up 1 month","snomed:183623000"
"hsCRP_V12","high sensitive-CRP at visit12","FLOAT","mg/l",,,377,245,0.01,256.9200134,,,,,"loinc:30522-7","c reactive protein [mass/volume] in serum or plasma by high sensitivity method",3010156,,,,"milligram per liter","ucum:mg/L",8751,"Measurement","month 12",4081746,"follow-up 1 year","snomed:183627004"
"hsCRP_V18","high sensitive-CRP at visit18","FLOAT","mg/l",,,346,276,0.140000001,358.0899963,,,,,"loinc:30522-7","c reactive protein [mass/volume] in serum or plasma by high sensitivity method",3010156,,,,"milligram per liter","ucum:mg/L",8751,"Measurement","month 18",44789050,"follow-up 18 months","snomed:199591000000102"
"hsCRP_V3","high sensitive-CRP at visit3","FLOAT","mg/l",,,445,177,0,311.9700012,,,,,"loinc:30522-7","c reactive protein [mass/volume] in serum or plasma by high sensitivity method",3010156,,,,"milligram per liter","ucum:mg/L",8751,"Measurement","month 3",44789369,"follow-up 3 months","snomed:200521000000107"
"hsCRP_V6","high sensitive-CRP at visit6","FLOAT","mg/l",,,427,195,0.07,251.7700043,,,,,"loinc:30522-7","c reactive protein [mass/volume] in serum or plasma by high sensitivity method",3010156,,,,"milligram per liter","ucum:mg/L",8751,"Measurement","month 6",4103967,"follow-up 6 months","snomed:300042001"
"sTFR_BL","soluble transferrin receptor (sTFR) at baseline","FLOAT","mg/L ",,,528,94,0.029999999,29.27000046,,,,,"snomed:25731000237108","sTfR (soluble transferrin receptor) mass concentration in serum",37170309,,,,"milligram per liter","ucum:mg/L",8751,"Measurement","month 0/ baseline",40766819,"Baseline time","loinc:64103-5"
"sTFR_V1","soluble transferrin receptor (sTFR) at visit1","FLOAT","mg/L ",,,460,162,0.870000005,12.96000004,,,,,"snomed:25731000237108","sTfR (soluble transferrin receptor) mass concentration in serum",37170309,,,,"milligram per liter","ucum:mg/L",8751,"Measurement","month 1",4081745,"follow-up 1 month","snomed:183623000"
"sTFR_V12","soluble transferrin receptor (sTFR) at visit12","FLOAT","mg/L ",,,382,240,1.600000024,30.72999954,,,,,"snomed:25731000237108","sTfR (soluble transferrin receptor) mass concentration in serum",37170309,,,,"milligram per liter","ucum:mg/L",8751,"Measurement","month 12",4081746,"follow-up 1 year","snomed:183627004"
"sTFR_V18","soluble transferrin receptor (sTFR) at visit18","FLOAT","mg/L ",,,347,275,1.179999948,26.64999962,,,,,"snomed:25731000237108","sTfR (soluble transferrin receptor) mass concentration in serum",37170309,,,,"milligram per liter","ucum:mg/L",8751,"Measurement","month 18",44789050,"follow-up 18 months","snomed:199591000000102"
"sTFR_V3","soluble transferrin receptor (sTFR) at visit3","FLOAT","mg/L ",,,449,173,0.07,19.46999931,,,,,"snomed:25731000237108","sTfR (soluble transferrin receptor) mass concentration in serum",37170309,,,,"milligram per liter","ucum:mg/L",8751,"Measurement","month 3",44789369,"follow-up 3 months","snomed:200521000000107"
"sTFR_V6","soluble transferrin receptor (sTFR) at visit6","FLOAT","mg/L ",,,431,191,0.680000007,14.10999966,,,,,"snomed:25731000237108","sTfR (soluble transferrin receptor) mass concentration in serum",37170309,,,,"milligram per liter","ucum:mg/L",8751,"Measurement","month 6",4103967,"follow-up 6 months","snomed:300042001"
"LVEDV","Left ventricular end diastolic volume at baseline","FLOAT","ml",,,451,171,28,619,,,,,"loinc:75988-6","Left ventricular End diastolic volume",21490770,"Echocardiography","snomed:40701008",4230911,"milliliter","ucum:mL",8587,"Measurement","month 0/ baseline",40766819,"Baseline time","loinc:64103-5"
"LVEDV_12","Left ventricular end diastolic volume at visit12","FLOAT","ml",,,,,,,,,,,"loinc:75988-6","Left ventricular End diastolic volume",21490770,"Echocardiography","snomed:40701008",4230911,"milliliter","ucum:mL",8587,"Measurement","month 12",4081746,"follow-up 1 year","snomed:183627004"
"LVEDV_18","Left ventricular end diastolic volume at visit18","FLOAT","ml",,,,,,,,,,,"loinc:75988-6","Left ventricular End diastolic volume",21490770,"Echocardiography","snomed:40701008",4230911,"milliliter","ucum:mL",8587,"Measurement","month 18",44789050,"follow-up 18 months","snomed:199591000000102"
"LVESV","left ventricular end systolic volume at baseline","FLOAT","ml",,,450,172,11,555,,,,,"loinc:75989-4","Left ventricular End systolic volume",21490771,"Echocardiography","snomed:40701008",4230911,"milliliter","ucum:mL",8587,"Measurement","month 0/ baseline",40766819,"Baseline time","loinc:64103-5"
"LVESV_12","left ventricular end systolic volume at visit12","FLOAT","ml",,,,,,,,,,,"loinc:75989-4","Left ventricular End systolic volume",21490771,"Echocardiography","snomed:40701008",4230911,"milliliter","ucum:mL",8587,"Measurement","month 12",4081746,"follow-up 1 year","snomed:183627004"
"LVESV_18","left ventricular end systolic volume at visit18","FLOAT","ml",,,,,,,,,,,"loinc:75989-4","Left ventricular End systolic volume",21490771,"Echocardiography","snomed:40701008",4230911,"milliliter","ucum:mL",8587,"Measurement","month 18",44789050,"follow-up 18 months","snomed:199591000000102"
"eGFR_CG_1","estimated glomerular filtration rate using CG formula at visit1","FLOAT","mL/min/1.73m2",,,553,69,12.9505873392566,131.122027862432,"(140 ??age) ? (weight in kg)/serum creatinine (mg/dl) ? 72 ? (0.85 if female)",,,,"snomed:1556501000000100","Estimated creatinine clearance calculated using actual body weight Cockcroft-Gault formula",37169169,,,,"milliliter per minute per 1.73 square meter","ucum:mL/min/(173.10*-2.m2)",720870,"Measurement","month 1",4081745,"follow-up 1 month","snomed:183623000"
"eGFR_CG_12","estimated glomerular filtration rate using CG formula at visit12","FLOAT","mL/min/1.73m2",,,440,182,7.52602294272869,201.483356060606,"(140 ??age) ? (weight in kg)/serum creatinine (mg/dl) ? 72 ? (0.85 if female)",,,,"snomed:1556501000000100","Estimated creatinine clearance calculated using actual body weight Cockcroft-Gault formula",37169169,,,,"milliliter per minute per 1.73 square meter","ucum:mL/min/(173.10*-2.m2)",720870,"Measurement","month 12",4081746,"follow-up 1 year","snomed:183627004"
"eGFR_CG_18","estimated glomerular filtration rate using CG formula at visit18","FLOAT","mL/min/1.73m2",,,403,219,10.5892613720947,119.740957142857,"(140 ??age) ? (weight in kg)/serum creatinine (mg/dl) ? 72 ? (0.85 if female)",,,,"snomed:1556501000000100","Estimated creatinine clearance calculated using actual body weight Cockcroft-Gault formula",37169169,,,,"milliliter per minute per 1.73 square meter","ucum:mL/min/(173.10*-2.m2)",720870,"Measurement","month 18",44789050,"follow-up 18 months","snomed:199591000000102"
"eGFR_CG_3","estimated glomerular filtration rate using CG formula at visit3","FLOAT","mL/min/1.73m2",,,513,109,9.4125500585768,140.635717857143,"(140 ??age) ? (weight in kg)/serum creatinine (mg/dl) ? 72 ? (0.85 if female)",,,,"snomed:1556501000000100","Estimated creatinine clearance calculated using actual body weight Cockcroft-Gault formula",37169169,,,,"milliliter per minute per 1.73 square meter","ucum:mL/min/(173.10*-2.m2)",720870,"Measurement","month 3",44789369,"follow-up 3 months","snomed:200521000000107"
"eGFR_CG_6","estimated glomerular filtration rate using CG formula at visit6","FLOAT","mL/min/1.73m2",,,483,139,11.7195468042516,123.490166129032,"(140 ??age) ? (weight in kg)/serum creatinine (mg/dl) ? 72 ? (0.85 if female)",,,,"snomed:1556501000000100","Estimated creatinine clearance calculated using actual body weight Cockcroft-Gault formula",37169169,,,,"milliliter per minute per 1.73 square meter","ucum:mL/min/(173.10*-2.m2)",720870,"Measurement","month 6",4103967,"follow-up 6 months","snomed:300042001"
"eGFR_CG_BL","estimated glomerular filtration rate using CG formula at Baseline","FLOAT","mL/min/1.73m2",,,620,2,14.1517654989384,132.6770304414,"(140 ??age) ? (weight in kg)/serum creatinine (mg/dl) ? 72 ? (0.85 if female)",,,,"snomed:1556501000000100","Estimated creatinine clearance calculated using actual body weight Cockcroft-Gault formula",37169169,,,,"milliliter per minute per 1.73 square meter","ucum:mL/min/(173.10*-2.m2)",720870,"Measurement","month 0/ baseline",40766819,"Baseline time","loinc:64103-5"
"eGFR_CKD_1","estimated glomerular filtration rate using CKD formula at visit1","FLOAT","mL/min/1.73m2",,,554,68,12.421133540753,107.765566056537,"GFR = 141 ? min(Scr/κ 1)α?? max(Scr/κ 1)-1.209?? 0.993Age?? 1.018 [if female] _ 1.159 [if black] where Scr is serum creatinine κ is 0.7 for females and 0.9 for males α is -0.329 for females and -0.411 for males min indicates the minimum of Scr/κor 1 and max indicates the maximum of Scr/κ or 1",,,,"snomed:1011481000000105","eGFR (estimated glomerular filtration rate) using creatinine Chronic Kidney Disease Epidemiology Collaboration equation per 1.73 square metres",37393011,,,,"milliliter per minute per 1.73 square meter","ucum:mL/min/(173.10*-2.m2)",720870,"Measurement","month 1",4081745,"follow-up 1 month","snomed:183623000"
"eGFR_CKD_12","estimated glomerular filtration rate using CKD formula at visit12","FLOAT","mL/min/1.73m2",,,440,182,10.8274710144774,108.905282168421,"GFR = 141 ? min(Scr/κ 1)α?? max(Scr/κ 1)-1.209?? 0.993Age?? 1.018 [if female] _ 1.159 [if black] where Scr is serum creatinine κ is 0.7 for females and 0.9 for males α is -0.329 for females and -0.411 for males min indicates the minimum of Scr/κor 1 and max indicates the maximum of Scr/κ or 1",,,,"snomed:1011481000000105","eGFR (estimated glomerular filtration rate) using creatinine Chronic Kidney Disease Epidemiology Collaboration equation per 1.73 square metres",37393011,,,,"milliliter per minute per 1.73 square meter","ucum:mL/min/(173.10*-2.m2)",720870,"Measurement","month 12",4081746,"follow-up 1 year","snomed:183627004"
"eGFR_CKD_18","estimated glomerular filtration rate using CKD formula at visit18","FLOAT","mL/min/1.73m2",,,405,217,13.3669465104423,98.4030156622165,"GFR = 141 ? min(Scr/κ 1)α?? max(Scr/κ 1)-1.209?? 0.993Age?? 1.018 [if female] _ 1.159 [if black] where Scr is serum creatinine κ is 0.7 for females and 0.9 for males α is -0.329 for females and -0.411 for males min indicates the minimum of Scr/κor 1 and max indicates the maximum of Scr/κ or 1",,,,"snomed:1011481000000105","eGFR (estimated glomerular filtration rate) using creatinine Chronic Kidney Disease Epidemiology Collaboration equation per 1.73 square metres",37393011,,,,"milliliter per minute per 1.73 square meter","ucum:mL/min/(173.10*-2.m2)",720870,"Measurement","month 18",44789050,"follow-up 18 months","snomed:199591000000102"
"eGFR_CKD_3","estimated glomerular filtration rate using CKD formula at visit3","FLOAT","mL/min/1.73m2",,,515,107,8.57925583326768,106.815452858856,"GFR = 141 ? min(Scr/κ 1)α?? max(Scr/κ 1)-1.209?? 0.993Age?? 1.018 [if female] _ 1.159 [if black] where Scr is serum creatinine κ is 0.7 for females and 0.9 for males α is -0.329 for females and -0.411 for males min indicates the minimum of Scr/κor 1 and max indicates the maximum of Scr/κ or 1",,,,"snomed:1011481000000105","eGFR (estimated glomerular filtration rate) using creatinine Chronic Kidney Disease Epidemiology Collaboration equation per 1.73 square metres",37393011,,,,"milliliter per minute per 1.73 square meter","ucum:mL/min/(173.10*-2.m2)",720870,"Measurement","month 3",44789369,"follow-up 3 months","snomed:200521000000107"
"eGFR_CKD_6","estimated glomerular filtration rate using CKD formula at visit6","FLOAT","mL/min/1.73m2",,,485,137,8.75364048144755,99.8783938289188,"GFR = 141 ? min(Scr/κ 1)α?? max(Scr/κ 1)-1.209?? 0.993Age?? 1.018 [if female] _ 1.159 [if black] where Scr is serum creatinine κ is 0.7 for females and 0.9 for males α is -0.329 for females and -0.411 for males min indicates the minimum of Scr/κor 1 and max indicates the maximum of Scr/κ or 1",,,,"snomed:1011481000000105","eGFR (estimated glomerular filtration rate) using creatinine Chronic Kidney Disease Epidemiology Collaboration equation per 1.73 square metres",37393011,,,,"milliliter per minute per 1.73 square meter","ucum:mL/min/(173.10*-2.m2)",720870,"Measurement","month 6",4103967,"follow-up 6 months","snomed:300042001"
"eGFR_CKD_BL","estimated glomerular filtration rate using CKD formula at Baseline","FLOAT","mL/min/1.73m2",,,621,1,15.3713733752218,106.740330299142,"GFR = 141 ? min(Scr/κ 1)α?? max(Scr/κ 1)-1.209?? 0.993Age?? 1.018 [if female] _ 1.159 [if black] where Scr is serum creatinine κ is 0.7 for females and 0.9 for males α is -0.329 for females and -0.411 for males min indicates the minimum of Scr/κor 1 and max indicates the maximum of Scr/κ or 1",,,,"snomed:1011481000000105","eGFR (estimated glomerular filtration rate) using creatinine Chronic Kidney Disease Epidemiology Collaboration equation per 1.73 square metres",37393011,,,,"milliliter per minute per 1.73 square meter","ucum:mL/min/(173.10*-2.m2)",720870,"Measurement","month 0/ baseline",40766819,"Baseline time","loinc:64103-5"
"eGFR_MDRD_1","estimated glomerular filtration rate using MDRD formula at visit1","FLOAT","mL/min/1.73m2",,,554,68,13.0833765656463,136.624058978024,"186 ? [serum creatinine (mg/dl)]??.154?? (age)??.203?? (0.742 if female)",,,,"loinc:77147-7","Glomerular filtration rate/1.73 sq M.predicted [Volume Rate/Area] in SerumPlasma or Blood by Creatinine-based formula (MDRD)",46236952,,,,"milliliter per minute per 1.73 square meter","ucum:mL/min/(173.10*-2.m2)",720870,"Measurement","month 1",4081745,"follow-up 1 month","snomed:183623000"
"eGFR_MDRD_12","estimated glomerular filtration rate using MDRD formula at visit12","FLOAT","mL/min/1.73m2",,,440,182,12.1248967208215,171.2886177607,"186 ? [serum creatinine (mg/dl)]??.154?? (age)??.203?? (0.742 if female)",,,,"loinc:77147-7","Glomerular filtration rate/1.73 sq M.predicted [Volume Rate/Area] in SerumPlasma or Blood by Creatinine-based formula (MDRD)",46236952,,,,"milliliter per minute per 1.73 square meter","ucum:mL/min/(173.10*-2.m2)",720870,"Measurement","month 12",4081746,"follow-up 1 year","snomed:183627004"
"eGFR_MDRD_18","estimated glomerular filtration rate using MDRD formula at visit18","FLOAT","mL/min/1.73m2",,,405,217,14.4540539361175,108.532101542303,"186 ? [serum creatinine (mg/dl)]??.154?? (age)??.203?? (0.742 if female)",,,,"loinc:77147-7","Glomerular filtration rate/1.73 sq M.predicted [Volume Rate/Area] in SerumPlasma or Blood by Creatinine-based formula (MDRD)",46236952,,,,"milliliter per minute per 1.73 square meter","ucum:mL/min/(173.10*-2.m2)",720870,"Measurement","month 18",44789050,"follow-up 18 months","snomed:199591000000102"
"eGFR_MDRD_3","estimated glomerular filtration rate using MDRD formula at visit3","FLOAT","mL/min/1.73m2",,,515,107,9.33011991260158,133.635583901778,"186 ? [serum creatinine (mg/dl)]??.154?? (age)??.203?? (0.742 if female)",,,,"loinc:77147-7","Glomerular filtration rate/1.73 sq M.predicted [Volume Rate/Area] in SerumPlasma or Blood by Creatinine-based formula (MDRD)",46236952,,,,"milliliter per minute per 1.73 square meter","ucum:mL/min/(173.10*-2.m2)",720870,"Measurement","month 3",44789369,"follow-up 3 months","snomed:200521000000107"
"eGFR_MDRD_6","estimated glomerular filtration rate using MDRD formula at visit6","FLOAT","mL/min/1.73m2",,,485,137,9.28190011942081,119.222557746223,"186 ? [serum creatinine (mg/dl)]??.154?? (age)??.203?? (0.742 if female)",,,,"loinc:77147-7","Glomerular filtration rate/1.73 sq M.predicted [Volume Rate/Area] in SerumPlasma or Blood by Creatinine-based formula (MDRD)",46236952,,,,"milliliter per minute per 1.73 square meter","ucum:mL/min/(173.10*-2.m2)",720870,"Measurement","month 6",4103967,"follow-up 6 months","snomed:300042001"
"eGFR_MDRD_BL","estimated glomerular filtration rate using MDRD formula at Baseline","FLOAT","mL/min/1.73m2",,,621,1,16.6857331324176,151.22803783054,"186 ? [serum creatinine (mg/dl)]??.154?? (age)??.203?? (0.742 if female)",,,,"loinc:77147-7","Glomerular filtration rate/1.73 sq M.predicted [Volume Rate/Area] in SerumPlasma or Blood by Creatinine-based formula (MDRD)",46236952,,,,"milliliter per minute per 1.73 square meter","ucum:mL/min/(173.10*-2.m2)",720870,"Measurement","month 0/ baseline",40766819,"Baseline time","loinc:64103-5"
"AortaSinusportion","Aorta Sinusportion diameter at baseline","INT","mm",,,510,112,21,52,,,,,"loinc:78176-5","Aorta root Diameter by US 2D",21492063,"Echocardiography","snomed:40701008",4230911,"millimeter","ucum:mm",8588,"Measurement","month 0/ baseline",40766819,"Baseline time","loinc:64103-5"
"AortaSinusportion_12","Aorta Sinusportion diameter at visit12","INT","mm",,,,,,,,,,,"loinc:78176-5","Aorta root Diameter by US 2D",21492063,"Echocardiography","snomed:40701008",4230911,"millimeter","ucum:mm",8588,"Measurement","month 12",4081746,"follow-up 1 year","snomed:183627004"
"AortaSinusportion_18","Aorta Sinusportion diameter at visit18","INT","mm",,,,,,,,,,,"loinc:78176-5","Aorta root Diameter by US 2D",21492063,"Echocardiography","snomed:40701008",4230911,"millimeter","ucum:mm",8588,"Measurement","month 18",44789050,"follow-up 18 months","snomed:199591000000102"
"DateCABGmonth","Date Coronary artery bypass grafting month","DATETIME","month",,99,66,556,1,99,,,,,"snomed:232717009","Coronary artery bypass graft",4336464,"Month|Date","loinc:LA14217-6|snomed:410672004","45881910|4260905","month","ucum:mo",9580,"Condition_era","month 0/ baseline",40766819,"Baseline time","loinc:64103-5"
"DateMImonth","Date Myocardial Infarction month diagnosis","DATETIME","month",,99,195,427,1,99,,,,,"snomed:22298006","Myocardial infarction",4329847,"Month|Date","loinc:LA14217-6|snomed:410672004","45881910|4260905","month","ucum:mo",9580,"Condition_era","month 0/ baseline",40766819,"Baseline time","loinc:64103-5"
"DatePTCAmonth","Date Percutaneous coronary intervention month","DATETIME","month",,99,86,536,1,99,,,,,"Snomed:415070008","Percutaneous coronary intervention",4216130,"Month|Date","loinc:LA14217-6|snomed:410672004","45881910|4260905","month","ucum:mo",9580,"Observation_Period","month 0/ baseline",40766819,"Baseline time","loinc:64103-5"
"GrösseMKProthese","size Mitral valve Prothesis at baseline","INT","mm",,,1,621,33,33,,,,,"snomed:17107009","Mitral valve prosthesis",4063128,"Diameter|Echocardiography","snomed:81827009|snomed:40701008","4305186|4230911","millimeter","ucum:mm",8588,"Measurement","month 0/ baseline",40766819,"Baseline time","loinc:64103-5"
"GrösseMKProthese_12","size Mitral valve Prothesis at visit12","INT","mm",,,,,,,,,,,"snomed:17107009","Mitral valve prosthesis",4063128,"Diameter|Echocardiography","snomed:81827009|snomed:40701008","4305186|4230911","millimeter","ucum:mm",8588,"Measurement","month 12",4081746,"follow-up 1 year","snomed:183627004"
"GrösseMKProthese_18","size Mitral valve Prothesis at visit18","INT","mm",,,,,,,,,,,"snomed:17107009","Mitral valve prosthesis",4063128,"Diameter|Echocardiography","snomed:81827009|snomed:40701008","4305186|4230911","millimeter","ucum:mm",8588,"Measurement","month 18",44789050,"follow-up 18 months","snomed:199591000000102"
"HWdiast","posterior wall thickness during diastole at baseline","INT","mm",,,456,166,5,23,,,,,"loinc:18152-9","Left ventricular posterior wall Thickness during diastole by US",3011096,"Echocardiography","snomed:40701008",4230911,"millimeter","ucum:mm",8588,"Measurement","month 0/ baseline",40766819,"Baseline time","loinc:64103-5"
"HWdiast_12","posterior wall thickness during diastole at visit12","INT","mm",,,,,,,,,,,"loinc:18152-9","Left ventricular posterior wall Thickness during diastole by US",3011096,"Echocardiography","snomed:40701008",4230911,"millimeter","ucum:mm",8588,"Measurement","month 12",4081746,"follow-up 1 year","snomed:183627004"
"HWdiast_18","posterior wall thickness during diastole at visit18","INT","mm",,,,,,,,,,,"loinc:18152-9","Left ventricular posterior wall Thickness during diastole by US",3011096,"Echocardiography","snomed:40701008",4230911,"millimeter","ucum:mm",8588,"Measurement","month 18",44789050,"follow-up 18 months","snomed:199591000000102"
"HWsyst","post wall thickness during systole at baseline","INT","mm",,,454,168,5,28,,,,,"loinc:18156-0","Left ventricular posterior wall Thickness during systole by US",3023783,"Echocardiography","snomed:40701008",4230911,"millimeter","ucum:mm",8588,"Measurement","month 0/ baseline",40766819,"Baseline time","loinc:64103-5"
"HWsyst_12","post wall thickness during systole at visit12","INT","mm",,,,,,,,,,,"loinc:18156-0","Left ventricular posterior wall Thickness during systole by US",3023783,"Echocardiography","snomed:40701008",4230911,"millimeter","ucum:mm",8588,"Measurement","month 12",4081746,"follow-up 1 year","snomed:183627004"
"HWsyst_18","post wall thickness during systole at visit18","INT","mm",,,,,,,,,,,"loinc:18156-0","Left ventricular posterior wall Thickness during systole by US",3023783,"Echocardiography","snomed:40701008",4230911,"millimeter","ucum:mm",8588,"Measurement","month 18",44789050,"follow-up 18 months","snomed:199591000000102"
"LAlängs","Left atrium long axis at baseline","INT","mm",,,464,158,27,98,,,,,"snomed:399121005","Left atrium cavity size",4219004,"Long axis|Echocardiography","snomed:103339001|snomed:40701008","4011459|4230911","millimeter","ucum:mm",8588,"Measurement","month 0/ baseline",40766819,"Baseline time","loinc:64103-5"
"LAlängs_12","Left atrium long axis at visit12","INT","mm",,,,,,,,,,,"snomed:399121005","Left atrium cavity size",4219004,"Long axis|Echocardiography","snomed:103339001|snomed:40701008","4011459|4230911","millimeter","ucum:mm",8588,"Measurement","month 12",4081746,"follow-up 1 year","snomed:183627004"
"LAlängs_18","Left atrium long axis at visit18","INT","mm",,,,,,,,,,,"snomed:399121005","Left atrium cavity size",4219004,"Long axis|Echocardiography","snomed:103339001|snomed:40701008","4011459|4230911","millimeter","ucum:mm",8588,"Measurement","month 18",44789050,"follow-up 18 months","snomed:199591000000102"
"LAquer","Left atrium short axis at baseline","INT","mm",,,465,157,30,83,,,,,"snomed:399121005","Left atrium cavity size",4219004,"Short axis|Echocardiography","snomed:103340004|snomed:40701008","4013719|4230911","millimeter","ucum:mm",8588,"Measurement","month 0/ baseline",40766819,"Baseline time","loinc:64103-5"
"LAquer_12","Left atrium short axis at visit12","INT","mm",,,,,,,,,,,"snomed:399121005","Left atrium cavity size",4219004,"Short axis|Echocardiography","snomed:103340004|snomed:40701008","4013719|4230911","millimeter","ucum:mm",8588,"Measurement","month 12",4081746,"follow-up 1 year","snomed:183627004"
"LAquer_18","Left atrium short axis at visit18","INT","mm",,,,,,,,,,,"snomed:399121005","Left atrium cavity size",4219004,"Short axis|Echocardiography","snomed:103340004|snomed:40701008","4013719|4230911","millimeter","ucum:mm",8588,"Measurement","month 18",44789050,"follow-up 18 months","snomed:199591000000102"
"LinkerVorhof","Left atrium dimension at baseline","INT","mm",,,509,113,29,81,,,,,"snomed:399121005","Left atrium cavity size",4219004,"Diameter|Echocardiography","snomed:81827009|snomed:40701008","4305186|4230911","millimeter","ucum:mm",8588,"Measurement","month 0/ baseline",40766819,"Baseline time","loinc:64103-5"
"LinkerVorhof_12","Left atrium dimension at visit12","INT","mm",,,,,,,,,,,"snomed:399121005","Left atrium cavity size",4219004,"Diameter|Echocardiography","snomed:81827009|snomed:40701008","4305186|4230911","millimeter","ucum:mm",8588,"Measurement","month 12",4081746,"follow-up 1 year","snomed:183627004"
"LinkerVorhof_18","Left atrium dimension at visit18","INT","mm",,,,,,,,,,,"snomed:399121005","Left atrium cavity size",4219004,"Diameter|Echocardiography","snomed:81827009|snomed:40701008","4305186|4230911","millimeter","ucum:mm",8588,"Measurement","month 18",44789050,"follow-up 18 months","snomed:199591000000102"
"LVEDD","left ventricular end diastolic diameter at baseline","INT","mm",,,456,166,33,92,,,,,"loinc:29436-3","Left ventricular Internal diameter minor axis diastole by US",3014260,"Echocardiography","snomed:40701008",4230911,"millimeter","ucum:mm",8588,"Measurement","month 0/ baseline",40766819,"Baseline time","loinc:64103-5"
"LVEDD_12","left ventricular end diastolic diameter at visit12","INT","mm",,,,,,,,,,,"loinc:29436-3","Left ventricular Internal diameter minor axis diastole by US",3014260,"Echocardiography","snomed:40701008",4230911,"millimeter","ucum:mm",8588,"Measurement","month 12",4081746,"follow-up 1 year","snomed:183627004"
"LVEDD_18","left ventricular end diastolic diameter at visit18","INT","mm",,,,,,,,,,,"loinc:29436-3","Left ventricular Internal diameter minor axis diastole by US",3014260,"Echocardiography","snomed:40701008",4230911,"millimeter","ucum:mm",8588,"Measurement","month 18",44789050,"follow-up 18 months","snomed:199591000000102"
"LVESD","left ventricular end systolic diameter at baseline","INT","mm",,,454,168,14,78,,,,,"snomed:250931004","Left ventricular end-systolic cavity size",4353973,"Diameter|Echocardiography","snomed:81827009|snomed:40701008","4305186|4230911","millimeter","ucum:mm",8588,"Measurement","month 0/ baseline",40766819,"Baseline time","loinc:64103-5"
"LVESD_12","left ventricular end systolic diameter at visit12","INT","mm",,,,,,,,,,,"snomed:250931004","Left ventricular end-systolic cavity size",4353973,"Diameter|Echocardiography","snomed:81827009|snomed:40701008","4305186|4230911","millimeter","ucum:mm",8588,"Measurement","month 12",4081746,"follow-up 1 year","snomed:183627004"
"LVESD_18","left ventricular end systolic diameter at visit18","INT","mm",,,,,,,,,,,"snomed:250931004","Left ventricular end-systolic cavity size",4353973,"Diameter|Echocardiography","snomed:81827009|snomed:40701008","4305186|4230911","millimeter","ucum:mm",8588,"Measurement","month 18",44789050,"follow-up 18 months","snomed:199591000000102"
"LVOT","Left ventricular outflow tract dimensionat baseline","INT","mm",,,451,171,15,27,,,,,"loinc:11803-4","Left ventricular outflow tract Diameter US.doppler",3005633,"Echocardiography","snomed:40701008",4230911,"millimeter","ucum:mm",8588,"Measurement","month 0/ baseline",40766819,"Baseline time","loinc:64103-5"
"LVOT_12","Left ventricular outflow tract dimension at visit12","INT","mm",,,,,,,,,,,"loinc:11803-4","Left ventricular outflow tract Diameter US.doppler",3005633,"Echocardiography","snomed:40701008",4230911,"millimeter","ucum:mm",8588,"Measurement","month 12",4081746,"follow-up 1 year","snomed:183627004"
"LVOT_18","Left ventricular outflow tract dimension at visit18","INT","mm",,,,,,,,,,,"loinc:11803-4","Left ventricular outflow tract Diameter US.doppler",3005633,"Echocardiography","snomed:40701008",4230911,"millimeter","ucum:mm",8588,"Measurement","month 18",44789050,"follow-up 18 months","snomed:199591000000102"
"MAM","lateral mitral annulus movement at baseline","INT","mm",,0,459,163,1,18,,,,,"loinc:81397-2","Mitral valve lateral annulus Tissue velocity.A-wave.max by US.tissue doppler",21493302,"Echocardiography","snomed:40701008",4230911,"millimeter","ucum:mm",8588,"Measurement","month 0/ baseline",40766819,"Baseline time","loinc:64103-5"
"MAM_12","lateral mitral annulus movement at visit12","INT","mm",,0,,,,,,,,,"loinc:81397-2","Mitral valve lateral annulus Tissue velocity.A-wave.max by US.tissue doppler",21493302,"Echocardiography","snomed:40701008",4230911,"millimeter","ucum:mm",8588,"Measurement","month 12",4081746,"follow-up 1 year","snomed:183627004"
"MAM_18","lateral mitral annulus movement at visit18","INT","mm",,0,,,,,,,,,"loinc:81397-2","Mitral valve lateral annulus Tissue velocity.A-wave.max by US.tissue doppler",21493302,"Echocardiography","snomed:40701008",4230911,"millimeter","ucum:mm",8588,"Measurement","month 18",44789050,"follow-up 18 months","snomed:199591000000102"
"MAMmed","medial mitral annulus movement at baseline","INT","mm",,,449,173,0,90,,,,,"loinc:78185-6","Mitral valve medial annulus Tissue velocity.E-wave.max by US.tissue doppler",21490991,"Echocardiography","snomed:40701008",4230911,"millimeter","ucum:mm",8588,"Measurement","month 0/ baseline",40766819,"Baseline time","loinc:64103-5"
"MAMmed_12","medial mitral annulus movement at visit12","INT","mm",,,,,,,,,,,"loinc:78185-6","Mitral valve medial annulus Tissue velocity.E-wave.max by US.tissue doppler",21490991,"Echocardiography","snomed:40701008",4230911,"millimeter","ucum:mm",8588,"Measurement","month 12",4081746,"follow-up 1 year","snomed:183627004"
"MAMmed_18","medial mitral annulus movement at visit18","INT","mm",,,,,,,,,,,"loinc:78185-6","Mitral valve medial annulus Tissue velocity.E-wave.max by US.tissue doppler",21490991,"Echocardiography","snomed:40701008",4230911,"millimeter","ucum:mm",8588,"Measurement","month 18",44789050,"follow-up 18 months","snomed:199591000000102"
"RAlängs","Right atrium long axis at baseline","INT","mm",,,462,160,28,83,,,,,"omop:OMOP5117503","Right atrium cavity size",738849,"Long axis|Echocardiography","snomed:103339001|snomed:40701008","4011459|4230911","millimeter","ucum:mm",8588,"Measurement","month 0/ baseline",40766819,"Baseline time","loinc:64103-5"
"RAlängs_12","Right atrium long axis at visit12","INT","mm",,,,,,,,,,,"omop:OMOP5117503","Right atrium cavity size",738849,"Long axis|Echocardiography","snomed:103339001|snomed:40701008","4011459|4230911","millimeter","ucum:mm",8588,"Measurement","month 12",4081746,"follow-up 1 year","snomed:183627004"
"RAlängs_18","Right atrium long axis at visit18","INT","mm",,,,,,,,,,,"omop:OMOP5117503","Right atrium cavity size",738849,"Long axis|Echocardiography","snomed:103339001|snomed:40701008","4011459|4230911","millimeter","ucum:mm",8588,"Measurement","month 18",44789050,"follow-up 18 months","snomed:199591000000102"
"RAquer","right atrium short axis at baseline","INT","mm",,,462,160,18,75,,,,,"omop:OMOP5117503","Right atrium cavity size",738849,"Short axis|Echocardiography","snomed:103340004|snomed:40701008","4013719|4230911","millimeter","ucum:mm",8588,"Measurement","month 0/ baseline",40766819,"Baseline time","loinc:64103-5"
"RAquer_12","right atrium short axis at visit12","INT","mm",,,,,,,,,,,"omop:OMOP5117503","Right atrium cavity size",738849,"Short axis|Echocardiography","snomed:103340004|snomed:40701008","4013719|4230911","millimeter","ucum:mm",8588,"Measurement","month 12",4081746,"follow-up 1 year","snomed:183627004"
"RAquer_18","right atrium short axis at visit18","INT","mm",,,,,,,,,,,"omop:OMOP5117503","Right atrium cavity size",738849,"Short axis|Echocardiography","snomed:103340004|snomed:40701008","4013719|4230911","millimeter","ucum:mm",8588,"Measurement","month 18",44789050,"follow-up 18 months","snomed:199591000000102"
"Septumdiast","Septum width during diastole at baseline","INT","mm",,,456,166,5,26,,,,,"loinc:18154-5","Interventricular septum Thickness during diastole by US",3021917,"Echocardiography","snomed:40701008",4230911,"millimeter","ucum:mm",8588,"Measurement","month 0/ baseline",40766819,"Baseline time","loinc:64103-5"
"Septumdiast_12","Septum width during diastole at visit12","INT","mm",,,,,,,,,,,"loinc:18154-5","Interventricular septum Thickness during diastole by US",3021917,"Echocardiography","snomed:40701008",4230911,"millimeter","ucum:mm",8588,"Measurement","month 12",4081746,"follow-up 1 year","snomed:183627004"
"Septumdiast_18","Septum width during diastole at visit18","INT","mm",,,,,,,,,,,"loinc:18154-5","Interventricular septum Thickness during diastole by US",3021917,"Echocardiography","snomed:40701008",4230911,"millimeter","ucum:mm",8588,"Measurement","month 18",44789050,"follow-up 18 months","snomed:199591000000102"
"Septumsyst","Septum thickness in systole at baseline","INT","mm",,,454,168,6,27,,,,,"loinc:18158-6","Interventricular septum Thickness during systole by US",3003846,"Echocardiography","snomed:40701008",4230911,"millimeter","ucum:mm",8588,"Measurement","month 0/ baseline",40766819,"Baseline time","loinc:64103-5"
"Septumsyst_12","Septum thickness in systole at visit12","INT","mm",,,,,,,,,,,"loinc:18158-6","Interventricular septum Thickness during systole by US",3003846,"Echocardiography","snomed:40701008",4230911,"millimeter","ucum:mm",8588,"Measurement","month 12",4081746,"follow-up 1 year","snomed:183627004"
"Septumsyst_18","Septum thickness in systole at visit18","INT","mm",,,,,,,,,,,"loinc:18158-6","Interventricular septum Thickness during systole by US",3003846,"Echocardiography","snomed:40701008",4230911,"millimeter","ucum:mm",8588,"Measurement","month 18",44789050,"follow-up 18 months","snomed:199591000000102"
"TAM","tricuspid annulus movement at baseline","INT","mm",,0,466,156,3,34,,,,,"loinc:77903-3","Tricuspid valve annulus Excursion distance during systole by US.M-mode",46236797,"Echocardiography","snomed:40701008",4230911,"millimeter","ucum:mm",8588,"Measurement","month 0/ baseline",40766819,"Baseline time","loinc:64103-5"
"TAM_12","tricuspid annulus movement at visit12","INT","mm",,0,,,,,,,,,"loinc:77903-3","Tricuspid valve annulus Excursion distance during systole by US.M-mode",46236797,"Echocardiography","snomed:40701008",4230911,"millimeter","ucum:mm",8588,"Measurement","month 12",4081746,"follow-up 1 year","snomed:183627004"
"TAM_18","tricuspid annulus movement at visit18","INT","mm",,0,,,,,,,,,"loinc:77903-3","Tricuspid valve annulus Excursion distance during systole by US.M-mode",46236797,"Echocardiography","snomed:40701008",4230911,"millimeter","ucum:mm",8588,"Measurement","month 18",44789050,"follow-up 18 months","snomed:199591000000102"
"VCImax","Vena cava inferior max diameter at baseline","INT","mm",,,137,485,5,36,,,,,"loinc:18006-7","Inferior vena cava Diameter by US",3005557,"Maximal|Echocardiography","snomed:56851009|snomed:40701008","4210743|4230911","millimeter","ucum:mm",8588,"Measurement","month 0/ baseline",40766819,"Baseline time","loinc:64103-5"
"VCImax_12","Vena cava inferior max diameter at visit12","INT","mm",,,,,,,,,,,"loinc:18006-7","Inferior vena cava Diameter by US",3005557,"Maximal|Echocardiography","snomed:56851009|snomed:40701008","4210743|4230911","millimeter","ucum:mm",8588,"Measurement","month 12",4081746,"follow-up 1 year","snomed:183627004"
"VCImax_18","Vena cava inferior max diameter at visit18","INT","mm",,,,,,,,,,,"loinc:18006-7","Inferior vena cava Diameter by US",3005557,"Maximal|Echocardiography","snomed:56851009|snomed:40701008","4210743|4230911","millimeter","ucum:mm",8588,"Measurement","month 18",44789050,"follow-up 18 months","snomed:199591000000102"
"VCImin","Vena cava inferior min diameter at baseline","INT","mm",,,128,494,0,29,,,,,"loinc:18006-7","Inferior vena cava Diameter by US",3005557,"Minimal|Echocardiography","snomed:255605001|snomed:40701008","4114688|4230911","millimeter","ucum:mm",8588,"Measurement","month 0/ baseline",40766819,"Baseline time","loinc:64103-5"
"VCImin_12","Vena cava inferior min diameter at visit12","INT","mm",,,,,,,,,,,"loinc:18006-7","Inferior vena cava Diameter by US",3005557,"Minimal|Echocardiography","snomed:255605001|snomed:40701008","4114688|4230911","millimeter","ucum:mm",8588,"Measurement","month 12",4081746,"follow-up 1 year","snomed:183627004"
"VCImin_18","Vena cava inferior min diameter at visit18","INT","mm",,,,,,,,,,,"loinc:18006-7","Inferior vena cava Diameter by US",3005557,"Minimal|Echocardiography","snomed:255605001|snomed:40701008","4114688|4230911","millimeter","ucum:mm",8588,"Measurement","month 18",44789050,"follow-up 18 months","snomed:199591000000102"
"BPdiast","Blood pressure diastolic at baseline in recumbent position","INT","mmHg",,"999 | 9999 ",621,1,38,118,,,,,"snomed:407557002","Lying diastolic blood pressure",4236281,,,,"millimeter mercury column","ucum:mm[Hg]",8876,"Measurement","month 0/ baseline",40766819,"Baseline time","loinc:64103-5"
"BPdiast1","Blood pressure diastolic in recumbent position at Visit1","INT","mmHg",,999,559,63,40,110,,,,,"snomed:407557002","Lying diastolic blood pressure",4236281,,,,"millimeter mercury column","ucum:mm[Hg]",8876,"Measurement","month 1",4081745,"follow-up 1 month","snomed:183623000"
"BPdiast12","Blood pressure diastolic in recumbent position at Visit12","INT","mmHg",,999,442,180,41,120,,,,,"snomed:407557002","Lying diastolic blood pressure",4236281,,,,"millimeter mercury column","ucum:mm[Hg]",8876,"Measurement","month 12",4081746,"follow-up 1 year","snomed:183627004"
"BPdiast18","BP diastolic in recumbent position at Visit18","INT","mmHg",,999,404,218,40,109,,,,,"snomed:407557002","Lying diastolic blood pressure",4236281,,,,"millimeter mercury column","ucum:mm[Hg]",8876,"Measurement","month 18",44789050,"follow-up 18 months","snomed:199591000000102"
"BPdiast3","BP blood pressure diastolic in recumbent position at Visit3","INT","mmHg",,999,520,102,42,114,,,,,"snomed:407557002","Lying diastolic blood pressure",4236281,,,,"millimeter mercury column","ucum:mm[Hg]",8876,"Measurement","month 3",44789369,"follow-up 3 months","snomed:200521000000107"
"BPdiast6","BP blood pressure diastolic in recumbent position at Visit6","INT","mmHg",,999,485,137,41,108,,,,,"snomed:407557002","Lying diastolic blood pressure",4236281,,,,"millimeter mercury column","ucum:mm[Hg]",8876,"Measurement","month 6",4103967,"follow-up 6 months","snomed:300042001"
"BPdiaststand1","blood pressure diastolic standing at Visit1","INT","mmHg",,999,546,76,40,106,,,,,"Snomed:400975005","Standing diastolic blood pressure",4268883,,,,"millimeter mercury column","ucum:mm[Hg]",8876,"Measurement","month 1",4081745,"follow-up 1 month","snomed:183623000"
"BPdiaststand12","BP Blood pressure diastolic standing at Visit12","INT","mmHg",,999,430,192,42,106,,,,,"Snomed:400975005","Standing diastolic blood pressure",4268883,,,,"millimeter mercury column","ucum:mm[Hg]",8876,"Measurement","month 12",4081746,"follow-up 1 year","snomed:183627004"
"BPdiaststand18","BP diastolic standing at Visit18","INT","mmHg",,999,396,226,40,116,,,,,"Snomed:400975005","Standing diastolic blood pressure",4268883,,,,"millimeter mercury column","ucum:mm[Hg]",8876,"Measurement","month 18",44789050,"follow-up 18 months","snomed:199591000000102"
"BPdiaststand3","BP blood pressure diastolic standing at Visit3","INT","mmHg",,999,505,117,40,110,,,,,"Snomed:400975005","Standing diastolic blood pressure",4268883,,,,"millimeter mercury column","ucum:mm[Hg]",8876,"Measurement","month 3",44789369,"follow-up 3 months","snomed:200521000000107"
"BPdiaststand6","BP blood pressure diastolic standing at Visit6","INT","mmHg",,999,468,154,40,104,,,,,"Snomed:400975005","Standing diastolic blood pressure",4268883,,,,"millimeter mercury column","ucum:mm[Hg]",8876,"Measurement","month 6",4103967,"follow-up 6 months","snomed:300042001"
"BPdiaststanding","Blood pressure diastolic standing at basline","INT","mmHg",,"999 | 9999 ",603,19,35,119,,,,,"Snomed:400975005","Standing diastolic blood pressure",4268883,,,,"millimeter mercury column","ucum:mm[Hg]",8876,"Measurement","month 0/ baseline",40766819,"Baseline time","loinc:64103-5"
"BPsyst","Blood pressure systolic at baseline recumbent position","INT","mmHg",,"999 | 9999 ",621,1,78,190,,,,,"snomed:407556006","Lying systolic blood pressure",4248525,,,,"millimeter mercury column","ucum:mm[Hg]",8876,"Measurement","month 0/ baseline",40766819,"Baseline time","loinc:64103-5"
"BPsyst1","Blood pressure systolic in recumbent position at Visit1","INT","mmHg",,999,559,63,70,186,,,,,"snomed:407556006","Lying systolic blood pressure",4248525,,,,"millimeter mercury column","ucum:mm[Hg]",8876,"Measurement","month 1",4081745,"follow-up 1 month","snomed:183623000"
"BPsyst12","BP blood pressure systolic in recumbent position at Visit12","INT","mmHg",,999,442,180,81,200,,,,,"snomed:407556006","Lying systolic blood pressure",4248525,,,,"millimeter mercury column","ucum:mm[Hg]",8876,"Measurement","month 12",4081746,"follow-up 1 year","snomed:183627004"
"BPsyst18","BP systolic in recumbent position at Visit18","INT","mmHg",,999,405,217,80,192,,,,,"snomed:407556006","Lying systolic blood pressure",4248525,,,,"millimeter mercury column","ucum:mm[Hg]",8876,"Measurement","month 18",44789050,"follow-up 18 months","snomed:199591000000102"
"BPsyst3","BP blood pressure systolic in recumbent position at Visit3","INT","mmHg",,999,520,102,78,220,,,,,"snomed:407556006","Lying systolic blood pressure",4248525,,,,"millimeter mercury column","ucum:mm[Hg]",8876,"Measurement","month 3",44789369,"follow-up 3 months","snomed:200521000000107"
"BPsyst6","BP blood pressure systolic in recumbent position at Visit6","INT","mmHg",,999,486,136,70,221,,,,,"snomed:407556006","Lying systolic blood pressure",4248525,,,,"millimeter mercury column","ucum:mm[Hg]",8876,"Measurement","month 6",4103967,"follow-up 6 months","snomed:300042001"
"BPsyststand1","Blood pressure systolic standing at Visit1","INT","mmHg",,999,546,76,65,186,,,,,"snomed:400974009","Standing systolic blood pressure",4292062,,,,"millimeter mercury column","ucum:mm[Hg]",8876,"Measurement","month 1",4081745,"follow-up 1 month","snomed:183623000"
"BPsyststand12","BP Blood pressure systolic standing at Visit12","INT","mmHg",,999,429,193,70,210,,,,,"snomed:400974009","Standing systolic blood pressure",4292062,,,,"millimeter mercury column","ucum:mm[Hg]",8876,"Measurement","month 12",4081746,"follow-up 1 year","snomed:183627004"
"BPsyststand18","BP systolic standing at Visit18","INT","mmHg",,999,396,226,73,206,,,,,"snomed:400974009","Standing systolic blood pressure",4292062,,,,"millimeter mercury column","ucum:mm[Hg]",8876,"Measurement","month 18",44789050,"follow-up 18 months","snomed:199591000000102"
"BPsyststand3","BP blood pressure systolic standing at Visit3","INT","mmHg",,999,505,117,70,202,,,,,"snomed:400974009","Standing systolic blood pressure",4292062,,,,"millimeter mercury column","ucum:mm[Hg]",8876,"Measurement","month 3",44789369,"follow-up 3 months","snomed:200521000000107"
"BPsyststand6","BP blood pressure systolic standing at Visit6","INT","mmHg",,999,470,152,60,214,,,,,"snomed:400974009","Standing systolic blood pressure",4292062,,,,"millimeter mercury column","ucum:mm[Hg]",8876,"Measurement","month 6",4103967,"follow-up 6 months","snomed:300042001"
"BPsyststanding","Blood pressure systolic standing at baseline","INT","mmHg",,"999 | 9999 ",603,19,69,190,,,,,"snomed:400974009","Standing systolic blood pressure",4292062,,,,"millimeter mercury column","ucum:mm[Hg]",8876,"Measurement","month 0/ baseline",40766819,"Baseline time","loinc:64103-5"
"GradientmaxAortenklappe","max Gradient aortic valve at baseline","INT","mmHg",,,414,208,1,72,,,,,"snomed:45321000087109","Aortic valve ventriculoarterial peak gradient",37172182,"Echocardiography","snomed:40701008",4230911,"millimeter mercury column","ucum:mm[Hg]",8876,"Measurement","month 0/ baseline",40766819,"Baseline time","loinc:64103-5"
"GradientmaxAortenklappe_12","max Gradient aortic valve at visit12","INT","mmHg",,,,,,,,,,,"snomed:45321000087109","Aortic valve ventriculoarterial peak gradient",37172182,"Echocardiography","snomed:40701008",4230911,"millimeter mercury column","ucum:mm[Hg]",8876,"Measurement","month 12",4081746,"follow-up 1 year","snomed:183627004"
"GradientmaxAortenklappe_18","max Gradient aortic valve at visit18","INT","mmHg",,,,,,,,,,,"snomed:45321000087109","Aortic valve ventriculoarterial peak gradient",37172182,"Echocardiography","snomed:40701008",4230911,"millimeter mercury column","ucum:mm[Hg]",8876,"Measurement","month 18",44789050,"follow-up 18 months","snomed:199591000000102"
"GradientmeanAortenklappe","Mean Gradient aortic valve at baseline","INT","mmHg",,,409,213,0,39,,,,,"snomed:45311000087101","Aortic valve ventriculoarterial mean gradient",37172181,"Echocardiography","snomed:40701008",4230911,"millimeter mercury column","ucum:mm[Hg]",8876,"Measurement","month 0/ baseline",40766819,"Baseline time","loinc:64103-5"
"GradientmeanAortenklappe_12","Mean Gradient aortic valve at visit12","INT","mmHg",,,,,,,,,,,"snomed:45311000087101","Aortic valve ventriculoarterial mean gradient",37172181,"Echocardiography","snomed:40701008",4230911,"millimeter mercury column","ucum:mm[Hg]",8876,"Measurement","month 12",4081746,"follow-up 1 year","snomed:183627004"
"GradientmeanAortenklappe_18","Mean Gradient aortic valve at visit18","INT","mmHg",,,,,,,,,,,"snomed:45311000087101","Aortic valve ventriculoarterial mean gradient",37172181,"Echocardiography","snomed:40701008",4230911,"millimeter mercury column","ucum:mm[Hg]",8876,"Measurement","month 18",44789050,"follow-up 18 months","snomed:199591000000102"
"RVRA","RV/RA max (Gradient tricuspidalis valve at systole) at baseline","INT","mmHg",,"999 | 9999 ",603,19,69,190,,,,,"loinc:18065-3","Tricuspid valve Maximum regurgitant pressure gradient dur systole by US.doppler",3013108,"Echocardiography","snomed:40701008",4230911,"millimeter mercury column","ucum:mm[Hg]",8876,"Measurement","month 0/ baseline",40766819,"Baseline time","loinc:64103-5"
"RVRAmean","RV/RA mean at baseline","INT","mmHg",,"999 | 9999 ",603,19,69,190,,,,,"Loinc:18056-2","Tricuspid valve Mean pressure gradient dur diastole by US.doppler",3024549,"Echocardiography","snomed:40701008",4230911,"millimeter mercury column","ucum:mm[Hg]",8876,"Measurement","month 0/ baseline",40766819,"Baseline time","loinc:64103-5"
"Chol","cholesterol at baseline","FLOAT","mmol/l",,"999.00| 9999.00 ",559,63,1.53,7.86,,,,,"loinc:14647-2","Cholesterol [Moles/volume] in Serum or Plasma",3019900,,,,"millimole per liter","ucum:mmol/L",8753,"Measurement","month 0/ baseline",40766819,"Baseline time","loinc:64103-5"
"Glucose","glucose at baseline","FLOAT","mmol/l",,"999.0|9999.0",502,120,2.5,18.2,,,,,"loinc:15074-8","Glucose [Moles/volume] in Blood",3020491,,,,"millimole per liter","ucum:mmol/L",8753,"Measurement","month 0/ baseline",40766819,"Baseline time","loinc:64103-5"
"HDL","High-density-lipoproteïne","FLOAT","mmol/l",,"999 000|9999 000",547,75,0.06,3.1,,,,,"loinc:2085-9","Cholesterol in HDL [Mass/volume] in Serum or Plasma",3007070,,,,"millimole per liter","ucum:mmol/L",8753,"Measurement","month 0/ baseline",40766819,"Baseline time","loinc:64103-5"
"K1","Potassium at visit1","FLOAT","mmol/l",,9999,555,67,2.5,6.9,,,,,"loinc:6298-4","Potassium [Moles/volume] in Blood",3005456,,,,"millimole per liter","ucum:mmol/L",8753,"Measurement","month 1",4081745,"follow-up 1 month","snomed:183623000"
"K12","Potassium at visit12","FLOAT","mmol/l",,9999,439,183,3.1,7,,,,,"loinc:6298-4","Potassium [Moles/volume] in Blood",3005456,,,,"millimole per liter","ucum:mmol/L",8753,"Measurement","month 12",4081746,"follow-up 1 year","snomed:183627004"
"K18","Potassium at visit18","FLOAT","mmol/l",,9999,403,219,3,6.8,,,,,"loinc:6298-4","Potassium [Moles/volume] in Blood",3005456,,,,"millimole per liter","ucum:mmol/L",8753,"Measurement","month 18",44789050,"follow-up 18 months","snomed:199591000000102"
"K3","Potassium at visit3","FLOAT","mmol/l",,9999,516,106,3,6.7,,,,,"loinc:6298-4","Potassium [Moles/volume] in Blood",3005456,,,,"millimole per liter","ucum:mmol/L",8753,"Measurement","month 3",44789369,"follow-up 3 months","snomed:200521000000107"
"K6","Potassium at visit6","FLOAT","mmol/l",,9999,483,139,2.9,6.7,,,,,"loinc:6298-4","Potassium [Moles/volume] in Blood",3005456,,,,"millimole per liter","ucum:mmol/L",8753,"Measurement","month 6",4103967,"follow-up 6 months","snomed:300042001"
"LDL","Low-density-lipoproteïne","FLOAT","mmol/l",,"999 000|9999 000",523,99,0.25,5.9,,,,,"loinc:22748-8","Cholesterol in LDL [Moles/volume] in Serum or Plasma",3001308,,,,"millimole per liter","ucum:mmol/L",8753,"Measurement","month 0/ baseline",40766819,"Baseline time","loinc:64103-5"
"Na12","Sodium at visit12","FLOAT","mmol/l",,9999,443,179,125,255,,,,,"loinc:2947-0","Sodium [Moles/volume] in Blood",3000285,,,,"millimole per liter","ucum:mmol/L",8753,"Measurement","month 12",4081746,"follow-up 1 year","snomed:183627004"
"Na18","Sodium at visit18","FLOAT","mmol/l",,9999,406,216,125,255,,,,,"loinc:2947-0","Sodium [Moles/volume] in Blood",3000285,,,,"millimole per liter","ucum:mmol/L",8753,"Measurement","month 18",44789050,"follow-up 18 months","snomed:199591000000102"
"Na6","Sodium at visit6","FLOAT","mmol/l",,9999,464,158,127,255,,,,,"loinc:2947-0","Sodium [Moles/volume] in Blood",3000285,,,,"millimole per liter","ucum:mmol/L",8753,"Measurement","month 6",4103967,"follow-up 6 months","snomed:300042001"
"Potassium","potassium at baseline","FLOAT","mmol/l",,"999 0 | 9999 0",622,0,2.7,6.6,,,,,"loinc:6298-4","Potassium [Moles/volume] in Blood",3005456,,,,"millimole per liter","ucum:mmol/L",8753,"Measurement","month 0/ baseline",40766819,"Baseline time","loinc:64103-5"
"Sodium","sodium at baseline","FLOAT","mmol/l",,"999|9999 ",622,0,117,255,,,,,"loinc:2947-0","Sodium [Moles/volume] in Blood",3000285,,,,"millimole per liter","ucum:mmol/L",8753,"Measurement","month 0/ baseline",40766819,"Baseline time","loinc:64103-5"
"Triglyc","triglyceride at baseline","FLOAT","mmol/l",,"999.00|9999.00",555,67,0.06,7.75,,,,,"loinc:14927-8","Triglyceride [Moles/volume] in Serum or Plasma",3025839,,,,"millimole per liter","ucum:mmol/L",8753,"Measurement","month 0/ baseline",40766819,"Baseline time","loinc:64103-5"
"Urea_BL","blood Urea at baseline","FLOAT","mmol/l",,,515,107,3.299999952,45.40000153,,,,,"loinc:22664-7","Urea [Moles/volume] in Serum or Plasma",3020779,,,,"millimole per liter","ucum:mmol/L",8753,"Measurement","month 0/ baseline",40766819,"Baseline time","loinc:64103-5"
"Urea_V1","blood Urea at visit1","FLOAT","mmol/l",,,452,170,2.799999952,56.79999924,,,,,"loinc:22664-7","Urea [Moles/volume] in Serum or Plasma",3020779,,,,"millimole per liter","ucum:mmol/L",8753,"Measurement","month 1",4081745,"follow-up 1 month","snomed:183623000"
"Urea_V12","blood Urea at visit12","FLOAT","mmol/l",,,376,246,2.799999952,52.79999924,,,,,"loinc:22664-7","Urea [Moles/volume] in Serum or Plasma",3020779,,,,"millimole per liter","ucum:mmol/L",8753,"Measurement","month 12",4081746,"follow-up 1 year","snomed:183627004"
"Urea_V18","blood Urea at visit18","FLOAT","mmol/l",,,345,277,2.5,40.09999847,,,,,"loinc:22664-7","Urea [Moles/volume] in Serum or Plasma",3020779,,,,"millimole per liter","ucum:mmol/L",8753,"Measurement","month 18",44789050,"follow-up 18 months","snomed:199591000000102"
"Urea_V3","blood Urea at visit3","FLOAT","mmol/l",,,441,181,2.299999952,52.29999924,,,,,"loinc:22664-7","Urea [Moles/volume] in Serum or Plasma",3020779,,,,"millimole per liter","ucum:mmol/L",8753,"Measurement","month 3",44789369,"follow-up 3 months","snomed:200521000000107"
"Urea_V6","blood Urea at visit6","FLOAT","mmol/l",,,426,196,2.5,62.09999847,,,,,"loinc:22664-7","Urea [Moles/volume] in Serum or Plasma",3020779,,,,"millimole per liter","ucum:mmol/L",8753,"Measurement","month 6",4103967,"follow-up 6 months","snomed:300042001"
"Ec","erythocytes at baseline","FLOAT","10^6/ml",,"999,0 | 9999,0",617,5,2.3,6.4,,,,,"loinc:26453-1","Erythrocytes [#/volume] in Blood",3026361,,,,"million per milliliter","ucum:10*6/mL",8816,"Measurement","month 0/ baseline",40766819,"Baseline time","loinc:64103-5"
"Ec12","erythocytes at visit12","FLOAT","10^6/ml",,9999,434,188,2.79,6.5,,,,,"loinc:26453-1","Erythrocytes [#/volume] in Blood",3026361,,,,"million per milliliter","ucum:10*6/mL",8816,"Measurement","month 12",4081746,"follow-up 1 year","snomed:183627004"
"Ec18","erythocytes at visit18","FLOAT","10^6/ml",,9999,396,226,2.9,6.5,,,,,"loinc:26453-1","Erythrocytes [#/volume] in Blood",3026361,,,,"million per milliliter","ucum:10*6/mL",8816,"Measurement","month 18",44789050,"follow-up 18 months","snomed:199591000000102"
"Ec6","erythocytes at visit6","FLOAT","10^6/ml",,9999,430,192,2.44,5.7,,,,,"loinc:26453-1","Erythrocytes [#/volume] in Blood",3026361,,,,"million per milliliter","ucum:10*6/mL",8816,"Measurement","month 6",4103967,"follow-up 6 months","snomed:300042001"
"AccAorta","Acc Aortaat baseline","INT","ms",,,425,197,4,960,,,,,"loinc:17981-2","Aortic valve Acceleration by US.doppler",3023721,"Echocardiography","snomed:40701008",4230911,"millisecond","ucum:ms",9593,"Measurement","month 0/ baseline",40766819,"Baseline time","loinc:64103-5"
"AccAorta_12","Acc Aorta at visit12","INT","ms",,,,,,,,,,,"loinc:17981-2","Aortic valve Acceleration by US.doppler",3023721,"Echocardiography","snomed:40701008",4230911,"millisecond","ucum:ms",9593,"Measurement","month 12",4081746,"follow-up 1 year","snomed:183627004"
"AccAorta_18","Acc Aorta at visit18","INT","ms",,,,,,,,,,,"loinc:17981-2","Aortic valve Acceleration by US.doppler",3023721,"Echocardiography","snomed:40701008",4230911,"millisecond","ucum:ms",9593,"Measurement","month 18",44789050,"follow-up 18 months","snomed:199591000000102"
"DT","decelleration time at baseline","INT","ms",,0,461,161,38,1008,,,,,"loinc:78191-4","Mitral valve E-wave deceleration time by US.doppler",21492073,"Echocardiography","snomed:40701008",4230911,"millisecond","ucum:ms",9593,"Measurement","month 0/ baseline",40766819,"Baseline time","loinc:64103-5"
"DT_12","decelleration time at visit12","INT","ms",,0,,,,,,,,,"loinc:78191-4","Mitral valve E-wave deceleration time by US.doppler",21492073,"Echocardiography","snomed:40701008",4230911,"millisecond","ucum:ms",9593,"Measurement","month 12",4081746,"follow-up 1 year","snomed:183627004"
"DT_18","decelleration time at visit18","INT","ms",,0,,,,,,,,,"loinc:78191-4","Mitral valve E-wave deceleration time by US.doppler",21492073,"Echocardiography","snomed:40701008",4230911,"millisecond","ucum:ms",9593,"Measurement","month 18",44789050,"follow-up 18 months","snomed:199591000000102"
"Duur_P_II","duration of P-wave in lead II at baseline","INT","ms",,,383,239,0,160,,,,,"loinc:9905-1","P wave duration in lead II",3023622,"Electrocardiogram finding","Snomed:301120008",4117134,"millisecond","ucum:ms",9593,"Measurement","month 0/ baseline",40766819,"Baseline time","loinc:64103-5"
"Duur_P_II_12","duration of P-wave in lead II at visit12","INT","ms",,,293,329,0,160,,,,,"loinc:9905-1","P wave duration in lead II",3023622,"Electrocardiogram finding","Snomed:301120008",4117134,"millisecond","ucum:ms",9593,"Measurement","month 12",4081746,"follow-up 1 year","snomed:183627004"
"Duur_P_II_18","duration of P-wave in lead II at visit18","INT","ms",,,261,361,0,160,,,,,"loinc:9905-1","P wave duration in lead II",3023622,"Electrocardiogram finding","Snomed:301120008",4117134,"millisecond","ucum:ms",9593,"Measurement","month 18",44789050,"follow-up 18 months","snomed:199591000000102"
"ETAorta","Ejection time Aorta at baseline","INT","ms",,,431,191,11,392,,,,,"Loinc:18041-4","Aortic valve Ejection time by US.doppler",3015022,"Echocardiography","snomed:40701008",4230911,"millisecond","ucum:ms",9593,"Measurement","month 0/ baseline",40766819,"Baseline time","loinc:64103-5"
"ETAorta_12","Ejection time Aorta at visit12","INT","ms",,,,,,,,,,,"Loinc:18041-4","Aortic valve Ejection time by US.doppler",3015022,"Echocardiography","snomed:40701008",4230911,"millisecond","ucum:ms",9593,"Measurement","month 12",4081746,"follow-up 1 year","snomed:183627004"
"ETAorta_18","Ejection time Aorta at visit18","INT","ms",,,,,,,,,,,"Loinc:18041-4","Aortic valve Ejection time by US.doppler",3015022,"Echocardiography","snomed:40701008",4230911,"millisecond","ucum:ms",9593,"Measurement","month 18",44789050,"follow-up 18 months","snomed:199591000000102"
"IVRT","intraventricular relaxation time at baseline","INT","ms",,0,265,357,11,292,,,,,"loinc:80015-1","Left ventricular Isovolumic relaxation time by US.tissue doppler",21494158,"Echocardiography","snomed:40701008",4230911,"millisecond","ucum:ms",9593,"Measurement","month 0/ baseline",40766819,"Baseline time","loinc:64103-5"
"IVRT_12","intraventricular relaxation time at visit12","INT","ms",,0,,,,,,,,,"loinc:80015-1","Left ventricular Isovolumic relaxation time by US.tissue doppler",21494158,"Echocardiography","snomed:40701008",4230911,"millisecond","ucum:ms",9593,"Measurement","month 12",4081746,"follow-up 1 year","snomed:183627004"
"IVRT_18","intraventricular relaxation time at visit18","INT","ms",,0,,,,,,,,,"loinc:80015-1","Left ventricular Isovolumic relaxation time by US.tissue doppler",21494158,"Echocardiography","snomed:40701008",4230911,"millisecond","ucum:ms",9593,"Measurement","month 18",44789050,"follow-up 18 months","snomed:199591000000102"
"Pbreedte_V1","P-wave width in lead V1 at baseline","FLOAT","ms",,,384,238,0,4.5,,,,,"loinc:9904-4","P wave duration in lead I",3009784,"Electrocardiogram finding","Snomed:301120008",4117134,"millisecond","ucum:ms",9593,"Measurement","month 0/ baseline",40766819,"Baseline time","loinc:64103-5"
"Pbreedte_V1_12","P-wave width in lead V1 at visit12","FLOAT","ms",,,294,328,0,5,,,,,"loinc:9904-4","P wave duration in lead I",3009784,"Electrocardiogram finding","Snomed:301120008",4117134,"millisecond","ucum:ms",9593,"Measurement","month 12",4081746,"follow-up 1 year","snomed:183627004"
"Pbreedte_V1_18","P-wave width in lead V1 at visit18","FLOAT","ms",,,265,357,0,4.5,,,,,"loinc:9904-4","P wave duration in lead I",3009784,"Electrocardiogram finding","Snomed:301120008",4117134,"millisecond","ucum:ms",9593,"Measurement","month 18",44789050,"follow-up 18 months","snomed:199591000000102"
"PQduur","PQ-duration at baseline","INT","ms",,,386,236,80,340,,,,,"ukbiobank:22330","PQ interval",35811577,"Electrocardiogram finding","Snomed:301120008",4117134,"millisecond","ucum:ms",9593,"Measurement","month 0/ baseline",40766819,"Baseline time","loinc:64103-5"
"PQduur_12","PQ-duration at visit12","INT","ms",,,290,332,100,398,,,,,"ukbiobank:22330","PQ interval",35811577,"Electrocardiogram finding","Snomed:301120008",4117134,"millisecond","ucum:ms",9593,"Measurement","month 12",4081746,"follow-up 1 year","snomed:183627004"
"PQduur_18","PQ-duration at visit18","INT","ms",,,263,359,84,376,,,,,"ukbiobank:22330","PQ interval",35811577,"Electrocardiogram finding","Snomed:301120008",4117134,"millisecond","ucum:ms",9593,"Measurement","month 18",44789050,"follow-up 18 months","snomed:199591000000102"
"QRSduur","QRS-duur at baseline","INT","ms",,,620,2,60,268,,,,,"loinc:8633-0","QRS duration",3022022,"Electrocardiogram finding","Snomed:301120008",4117134,"millisecond","ucum:ms",9593,"Measurement","month 0/ baseline",40766819,"Baseline time","loinc:64103-5"
"QRSduur_12","QRS-duration at visit12","INT","ms",,,429,193,60,262,,,,,"loinc:8633-0","QRS duration",3022022,"Electrocardiogram finding","Snomed:301120008",4117134,"millisecond","ucum:ms",9593,"Measurement","month 12",4081746,"follow-up 1 year","snomed:183627004"
"QRSduur_18","QRS-durationat visit18","INT","ms",,,395,227,60,286,,,,,"loinc:8633-0","QRS duration",3022022,"Electrocardiogram finding","Snomed:301120008",4117134,"millisecond","ucum:ms",9593,"Measurement","month 18",44789050,"follow-up 18 months","snomed:199591000000102"
"QT","QT-time at baseline","INT","ms",,,619,3,280,590,,,,,"snomed:301117000","QT interval duration",4116637,"Electrocardiogram finding","Snomed:301120008",4117134,"millisecond","ucum:ms",9593,"Measurement","month 0/ baseline",40766819,"Baseline time","loinc:64103-5"
"QT_12","QT-time at visit12","INT","ms",,,427,195,300,4060,,,,,"snomed:301117000","QT interval duration",4116637,"Electrocardiogram finding","Snomed:301120008",4117134,"millisecond","ucum:ms",9593,"Measurement","month 12",4081746,"follow-up 1 year","snomed:183627004"
"QT_18","QT-time at visit18","INT","ms",,,395,227,210,600,,,,,"snomed:301117000","QT interval duration",4116637,"Electrocardiogram finding","Snomed:301120008",4117134,"millisecond","ucum:ms",9593,"Measurement","month 18",44789050,"follow-up 18 months","snomed:199591000000102"
"QTc","QTc= QT time adjusted for heartfrequency at baseline","INT","ms",,,619,3,350,611,,,,,"loinc:8636-3","Q-T interval corrected",3026258,"Electrocardiogram finding","Snomed:301120008",4117134,"millisecond","ucum:ms",9593,"Measurement","month 0/ baseline",40766819,"Baseline time","loinc:64103-5"
"QTc_12","QTc= QT time adjusted for heartfrequencyat visit12","INT","ms",,,426,196,345,666,,,,,"loinc:8636-3","Q-T interval corrected",3026258,"Electrocardiogram finding","Snomed:301120008",4117134,"millisecond","ucum:ms",9593,"Measurement","month 12",4081746,"follow-up 1 year","snomed:183627004"
"QTc_18","QTc= QT time adjusted for heartfrequency at visit18","INT","ms",,,395,227,242,619,,,,,"loinc:8636-3","Q-T interval corrected",3026258,"Electrocardiogram finding","Snomed:301120008",4117134,"millisecond","ucum:ms",9593,"Measurement","month 18",44789050,"follow-up 18 months","snomed:199591000000102"
"P_voltage_II","P-wave_voltage_ in lead II at baseline","STR","mv",,,383,239,-0.1,0.3,,,,,"loinc:9893-9","P wave amplitude in lead II",3025405,"Electrocardiogram finding","Snomed:301120008",4117134,"millivolt","ucum:mV",720843,"Measurement","month 0/ baseline",40766819,"Baseline time","loinc:64103-5"
"P_voltage_II_12","P-wave_voltage_ lead II at visit12","STR","mv",,,293,329,-0.15,0.4,,,,,"loinc:9893-9","P wave amplitude in lead II",3025405,"Electrocardiogram finding","Snomed:301120008",4117134,"millivolt","ucum:mV",720843,"Measurement","month 12",4081746,"follow-up 1 year","snomed:183627004"
"P_voltage_II_18","P-wave_voltage_ II at visit18","STR","mv",,,261,361,-0.15,0.25,,,,,"loinc:9893-9","P wave amplitude in lead II",3025405,"Electrocardiogram finding","Snomed:301120008",4117134,"millivolt","ucum:mV",720843,"Measurement","month 18",44789050,"follow-up 18 months","snomed:199591000000102"
"P_voltage_V1","P-wave positive part_voltage_lead V1 at baseline","FLOAT","mv",,,384,238,0,0.25,,,,,"loinc:9895-4","P wave amplitude in lead V1",3012776,"Positive|Electrocardiogram finding","snomed:10828004|Snomed:301120008","9191|4117134","millivolt","ucum:mV",720843,"Measurement","month 0/ baseline",40766819,"Baseline time","loinc:64103-5"
"P_voltage_V1_12","P-wave positive part_voltage_lead V1 at visit12","FLOAT","mv",,,294,328,0,0.2,,,,,"loinc:9895-4","P wave amplitude in lead V1",3012776,"Positive|Electrocardiogram finding","snomed:10828004|Snomed:301120008","9191|4117134","millivolt","ucum:mV",720843,"Measurement","month 12",4081746,"follow-up 1 year","snomed:183627004"
"P_voltage_V1_18","P-wave positive part_voltage_lead V1 at visit18","FLOAT","mv",,,265,357,0,0.2,,,,,"loinc:9895-4","P wave amplitude in lead V1",3012776,"Positive|Electrocardiogram finding","snomed:10828004|Snomed:301120008","9191|4117134","millivolt","ucum:mV",720843,"Measurement","month 18",44789050,"follow-up 18 months","snomed:199591000000102"
"P_voltage_V1_A","P-wave_voltage negative_lead V1 at baseline","FLOAT","mv",,,384,238,0,0.2,,,,,"loinc:9895-4","P wave amplitude in lead V1",3012776,"Negative|Electrocardiogram finding","snomed:260385009|Snomed:301120008","9189|4117134","millivolt","ucum:mV",720843,"Measurement","month 0/ baseline",40766819,"Baseline time","loinc:64103-5"
"P_voltage_V1_A_12","P-wave_voltage negative_lead V1 at visit12","FLOAT","mv",,,294,328,0,0.2,,,,,"loinc:9895-4","P wave amplitude in lead V1",3012776,"Negative|Electrocardiogram finding","snomed:260385009|Snomed:301120008","9189|4117134","millivolt","ucum:mV",720843,"Measurement","month 12",4081746,"follow-up 1 year","snomed:183627004"
"P_voltage_V1_A_18","P-wave_voltage negative_lead V1 at visit18","FLOAT","mv",,,265,357,0,0.15,,,,,"loinc:9895-4","P wave amplitude in lead V1",3012776,"Negative|Electrocardiogram finding","snomed:260385009|Snomed:301120008","9189|4117134","millivolt","ucum:mV",720843,"Measurement","month 18",44789050,"follow-up 18 months","snomed:199591000000102"
"Firstmanifest","First manifestation of Heart Failure in months","INT","month",,,572,50,0,69,,,,,"snomed:84114007","Heart failure",316139,"Duration","snomed:762636008",42538822,"month","ucum:mo",9580,"Condition_era","month 0/ baseline",2000000025,"end of study visit","icare:icv2000000025"
"Testosteron_BL","Testosteron at baseline","FLOAT","ng/dL",,,536,86,0.025,527.9035645,,,,,"loinc:2986-8","Testosterone [Mass/volume] in Serum or Plasma",3008893,,,,"nanogram per deciliter","ucum:ng/dL",8817,"Measurement","month 0/ baseline",40766819,"Baseline time","loinc:64103-5"
"Testosteron_V1","Testosteron at visit1","FLOAT","ng/dL",,,465,157,0.025,144.3588562,,,,,"loinc:2986-8","Testosterone [Mass/volume] in Serum or Plasma",3008893,,,,"nanogram per deciliter","ucum:ng/dL",8817,"Measurement","month 1",4081745,"follow-up 1 month","snomed:183623000"
"Testosteron_V12","Testosteron at visit12","FLOAT","ng/dL",,,384,238,0.025,107.8064346,,,,,"loinc:2986-8","Testosterone [Mass/volume] in Serum or Plasma",3008893,,,,"nanogram per deciliter","ucum:ng/dL",8817,"Measurement","month 12",4081746,"follow-up 1 year","snomed:183627004"
"Testosteron_V18","Testosteron at visit18","FLOAT","ng/dL",,,350,272,0.025,14.12416744,,,,,"loinc:2986-8","Testosterone [Mass/volume] in Serum or Plasma",3008893,,,,"nanogram per deciliter","ucum:ng/dL",8817,"Measurement","month 18",44789050,"follow-up 18 months","snomed:199591000000102"
"Testosteron_V3","Testosteron at visit3","FLOAT","ng/dL",,,456,166,0.025,131.8105164,,,,,"loinc:2986-8","Testosterone [Mass/volume] in Serum or Plasma",3008893,,,,"nanogram per deciliter","ucum:ng/dL",8817,"Measurement","month 3",44789369,"follow-up 3 months","snomed:200521000000107"
"Testosteron_V6","Testosteron at visit6","FLOAT","ng/dL",,,433,189,0.025,86.91015625,,,,,"loinc:2986-8","Testosterone [Mass/volume] in Serum or Plasma",3008893,,,,"nanogram per deciliter","ucum:ng/dL",8817,"Measurement","month 6",4103967,"follow-up 6 months","snomed:300042001"
"Ferritin_BL","Ferritin at baseline","FLOAT","ng/mL",,,511,111,0,1089.800049,,,,,"loinc:2276-4","Ferritin [Mass/volume] in Serum or Plasma",3001122,,,,"nanogram per milliliter","ucum:ng/mL",8842,"Measurement","month 0/ baseline",40766819,"Baseline time","loinc:64103-5"
"Ferritin_V1","Ferritin at visit1","FLOAT","ng/mL",,,447,175,0,1838.900024,,,,,"loinc:2276-4","Ferritin [Mass/volume] in Serum or Plasma",3001122,,,,"nanogram per milliliter","ucum:ng/mL",8842,"Measurement","month 1",4081745,"follow-up 1 month","snomed:183623000"
"Ferritin_V12","Ferritin at visit12","FLOAT","ng/mL",,,373,249,0,2261.5,,,,,"loinc:2276-4","Ferritin [Mass/volume] in Serum or Plasma",3001122,,,,"nanogram per milliliter","ucum:ng/mL",8842,"Measurement","month 12",4081746,"follow-up 1 year","snomed:183627004"
"Ferritin_V18","Ferritin at visit18","FLOAT","ng/mL",,,345,277,0,1967,,,,,"loinc:2276-4","Ferritin [Mass/volume] in Serum or Plasma",3001122,,,,"nanogram per milliliter","ucum:ng/mL",8842,"Measurement","month 18",44789050,"follow-up 18 months","snomed:199591000000102"
"Ferritin_V3","Ferritin at visit3","FLOAT","ng/mL",,,439,183,0,1760.699951,,,,,"loinc:2276-4","Ferritin [Mass/volume] in Serum or Plasma",3001122,,,,"nanogram per milliliter","ucum:ng/mL",8842,"Measurement","month 3",44789369,"follow-up 3 months","snomed:200521000000107"
"Ferritin_V6","Ferritin at visit6","FLOAT","ng/mL",,,425,197,0,2069.399902,,,,,"loinc:2276-4","Ferritin [Mass/volume] in Serum or Plasma",3001122,,,,"nanogram per milliliter","ucum:ng/mL",8842,"Measurement","month 6",4103967,"follow-up 6 months","snomed:300042001"
"sST2_BL","soluble ST2 (sST2) at Baseline","FLOAT","ng/ml",,,562,60,12.2235962780157,775.03,,,,,"loinc:90239-5","ST2.soluble [Mass/volume] in Serum by Immunoassay",1175360,,,,"nanogram per milliliter","ucum:ng/mL",8842,"Measurement","month 0/ baseline",40766819,"Baseline time","loinc:64103-5"
"sST2_V1","soluble ST2 (sST2) at visit1","FLOAT","ng/ml",,,501,121,8.45671440001469,244.35,,,,,"loinc:90239-5","ST2.soluble [Mass/volume] in Serum by Immunoassay",1175360,,,,"nanogram per milliliter","ucum:ng/mL",8842,"Measurement","month 1",4081745,"follow-up 1 month","snomed:183623000"
"sST2_V12","soluble ST2 (sST2) at visit12","FLOAT","ng/ml",,,386,236,4.16411527329831,401.32,,,,,"loinc:90239-5","ST2.soluble [Mass/volume] in Serum by Immunoassay",1175360,,,,"nanogram per milliliter","ucum:ng/mL",8842,"Measurement","month 12",4081746,"follow-up 1 year","snomed:183627004"
"sST2_V18","soluble ST2 (sST2) at visit18","FLOAT","ng/ml",,,350,272,10.1077249561865,247.79,,,,,"loinc:90239-5","ST2.soluble [Mass/volume] in Serum by Immunoassay",1175360,,,,"nanogram per milliliter","ucum:ng/mL",8842,"Measurement","month 18",44789050,"follow-up 18 months","snomed:199591000000102"
"sST2_V3","soluble ST2 (sST2) at visit3","FLOAT","ng/ml",,,483,139,8.64741606992161,893.23,,,,,"loinc:90239-5","ST2.soluble [Mass/volume] in Serum by Immunoassay",1175360,,,,"nanogram per milliliter","ucum:ng/mL",8842,"Measurement","month 3",44789369,"follow-up 3 months","snomed:200521000000107"
"sST2_V6","soluble ST2 (sST2) at visit6","FLOAT","ng/ml",,,447,175,9.61420084270294,304.54,,,,,"loinc:90239-5","ST2.soluble [Mass/volume] in Serum by Immunoassay",1175360,,,,"nanogram per milliliter","ucum:ng/mL",8842,"Measurement","month 6",4103967,"follow-up 6 months","snomed:300042001"
"tP1NP_BL","type 1 procollagen N-terminal pro B-type peptide (tP1NP) at baseline","FLOAT","ng/ml",,,545,77,5.97105217,558.8099365,,,,,"loinc:47255-5","Procollagen type I.N-terminal propeptide [Mass/volume] in Serum",3049714,,,,"nanogram per milliliter","ucum:ng/mL",8842,"Measurement","month 0/ baseline",40766819,"Baseline time","loinc:64103-5"
"tP1NP_V1","type 1 procollagen N-terminal pro B-type peptide (tP1NP) at visit1","FLOAT","ng/ml",,,472,150,5,295.874176,,,,,"loinc:47255-5","Procollagen type I.N-terminal propeptide [Mass/volume] in Serum",3049714,,,,"nanogram per milliliter","ucum:ng/mL",8842,"Measurement","month 1",4081745,"follow-up 1 month","snomed:183623000"
"tP1NP_V12","type 1 procollagen N-terminal pro B-type peptide (tP1NP) at visit12","FLOAT","ng/ml",,,384,238,8.973112106,601.8803711,,,,,"loinc:47255-5","Procollagen type I.N-terminal propeptide [Mass/volume] in Serum",3049714,,,,"nanogram per milliliter","ucum:ng/mL",8842,"Measurement","month 12",4081746,"follow-up 1 year","snomed:183627004"
"tP1NP_V18","type 1 procollagen N-terminal pro B-type peptide (tP1NP) at visit18","FLOAT","ng/ml",,,350,272,10.99755859,354.1107178,,,,,"loinc:47255-5","Procollagen type I.N-terminal propeptide [Mass/volume] in Serum",3049714,,,,"nanogram per milliliter","ucum:ng/mL",8842,"Measurement","month 18",44789050,"follow-up 18 months","snomed:199591000000102"
"tP1NP_V3","type 1 procollagen N-terminal pro B-type peptide (tP1NP) at visit3","FLOAT","ng/ml",,,456,166,5.273723125,358.4276428,,,,,"loinc:47255-5","Procollagen type I.N-terminal propeptide [Mass/volume] in Serum",3049714,,,,"nanogram per milliliter","ucum:ng/mL",8842,"Measurement","month 3",44789369,"follow-up 3 months","snomed:200521000000107"
"tP1NP_V6","type 1 procollagen N-terminal pro B-type peptide (tP1NP) at visit6","FLOAT","ng/ml",,,433,189,6.8123312,393.8415833,,,,,"loinc:47255-5","Procollagen type I.N-terminal propeptide [Mass/volume] in Serum",3049714,,,,"nanogram per milliliter","ucum:ng/mL",8842,"Measurement","month 6",4103967,"follow-up 6 months","snomed:300042001"
"SHBG_BL","sex hormone-binding globulin (SHBG) at baseline","FLOAT","nmol/L",,,528,94,1.111402035,106.040657,,,,,"loinc:13967-5","Sex hormone binding globulin [Moles/volume] in Serum or Plasma",3004248,,,,"nanomole per liter","ucum:nmol/L",8736,"Measurement","month 0/ baseline",40766819,"Baseline time","loinc:64103-5"
"SHBG_V1","sex hormone-binding globulin (SHBG) at visit1","FLOAT","nmol/L",,,461,161,4.305469036,132.5379181,,,,,"loinc:13967-5","Sex hormone binding globulin [Moles/volume] in Serum or Plasma",3004248,,,,"nanomole per liter","ucum:nmol/L",8736,"Measurement","month 1",4081745,"follow-up 1 month","snomed:183623000"
"SHBG_V12","sex hormone-binding globulin (SHBG) at visit12","FLOAT","nmol/L",,,380,242,8.017150879,138.4529572,,,,,"loinc:13967-5","Sex hormone binding globulin [Moles/volume] in Serum or Plasma",3004248,,,,"nanomole per liter","ucum:nmol/L",8736,"Measurement","month 12",4081746,"follow-up 1 year","snomed:183627004"
"SHBG_V18","sex hormone-binding globulin (SHBG) at visit18","FLOAT","nmol/L",,,345,277,8.448749542,115.5564423,,,,,"loinc:13967-5","Sex hormone binding globulin [Moles/volume] in Serum or Plasma",3004248,,,,"nanomole per liter","ucum:nmol/L",8736,"Measurement","month 18",44789050,"follow-up 18 months","snomed:199591000000102"
"SHBG_V3","sex hormone-binding globulin (SHBG)at visit3","FLOAT","nmol/L",,,451,171,0.349999994,97.24145508,,,,,"loinc:13967-5","Sex hormone binding globulin [Moles/volume] in Serum or Plasma",3004248,,,,"nanomole per liter","ucum:nmol/L",8736,"Measurement","month 3",44789369,"follow-up 3 months","snomed:200521000000107"
"SHBG_V6","sex hormone-binding globulin (SHBG) at visit6","FLOAT","nmol/L",,,424,198,0.79004401,96.49507904,,,,,"loinc:13967-5","Sex hormone binding globulin [Moles/volume] in Serum or Plasma",3004248,,,,"nanomole per liter","ucum:nmol/L",8736,"Measurement","month 6",4103967,"follow-up 6 months","snomed:300042001"
"Frequentie","frequency at baseline","INT","bpm",,,620,2,42,158,,,,,"loinc:8867-4","Heart rate",3027018,"Electrocardiogram finding","Snomed:301120008",4117134,"Counts per minute","ucum:{counts}/min",8483,"Measurement","month 0/ baseline",2000000025,"end of study visit","icare:icv2000000025"
"Frequentie_12","frequency at visit12","INT","bpm",,,430,192,42,134,,,,,"loinc:8867-4","Heart rate",3027018,"Electrocardiogram finding","Snomed:301120008",4117134,"Counts per minute","ucum:{counts}/min",8483,"Measurement","month 12",4081746,"follow-up 1 year","snomed:183627004"
"Frequentie_18","frequency at visit18","INT","bpm",,,395,227,39,135,,,,,"loinc:8867-4","Heart rate",3027018,"Electrocardiogram finding","Snomed:301120008",4117134,"Counts per minute","ucum:{counts}/min",8483,"Measurement","month 18",44789050,"follow-up 18 months","snomed:199591000000102"
"HF","heart frequency during echocardiography at baseline","INT","bpm",,,505,117,45,148,,,,,"loinc:8867-4","Heart rate",3027018,"Echocardiography","snomed:40701008",4230911,"Counts per minute","ucum:{counts}/min",8483,"Measurement","month 0/ baseline",40766819,"Baseline time","loinc:64103-5"
"HF_12","heart frequency during echocardiography at visit12","INT","bpm",,,,,,,,,,,"loinc:8867-4","Heart rate",3027018,"Echocardiography","snomed:40701008",4230911,"Counts per minute","ucum:{counts}/min",8483,"Measurement","month 12",4081746,"follow-up 1 year","snomed:183627004"
"HF_18","heart frequency during echocardiography at visit18","INT","bpm",,,,,,,,,,,"loinc:8867-4","Heart rate",3027018,"Echocardiography","snomed:40701008",4230911,"Counts per minute","ucum:{counts}/min",8483,"Measurement","month 18",44789050,"follow-up 18 months","snomed:199591000000102"
"HR","heart rate at baseline recumbent position","INT","bpm",,"999|9999",621,1,44,120,,,,,"Loinc:68999-2","Heart rate --supine",40771524,,,,"Counts per minute","ucum:{counts}/min",8483,"Measurement","month 0/ baseline",40766819,"Baseline time","loinc:64103-5"
"HR1","heart rate in recumbent position at Visit1","INT","bpm",,999,559,63,39,128,,,,,"Loinc:68999-2","Heart rate --supine",40771524,,,,"Counts per minute","ucum:{counts}/min",8483,"Measurement","month 1",4081745,"follow-up 1 month","snomed:183623000"
"HR12","heart rate in recumbent position at Visit12","INT","bpm",,999,441,181,40,116,,,,,"Loinc:68999-2","Heart rate --supine",40771524,,,,"Counts per minute","ucum:{counts}/min",8483,"Measurement","month 12",4081746,"follow-up 1 year","snomed:183627004"
"HR18","heart rate in recumbent position at Visit18","INT","bpm",,999,405,217,41,110,,,,,"Loinc:68999-2","Heart rate --supine",40771524,,,,"Counts per minute","ucum:{counts}/min",8483,"Measurement","month 18",44789050,"follow-up 18 months","snomed:199591000000102"
"HR3","heart rate in recumbent position at Visit3","INT","bpm",,999,519,103,40,136,,,,,"Loinc:68999-2","Heart rate --supine",40771524,,,,"Counts per minute","ucum:{counts}/min",8483,"Measurement","month 3",44789369,"follow-up 3 months","snomed:200521000000107"
"HR6","heart rate in recumbent position at Visit6","INT","bpm",,999,485,137,40,130,,,,,"Loinc:68999-2","Heart rate --supine",40771524,,,,"Counts per minute","ucum:{counts}/min",8483,"Measurement","month 6",4103967,"follow-up 6 months","snomed:300042001"
"HRECG","Heart rhythm on ECG at baseline","FLOAT","bpm",,999,620,2,42,160,,,,,"snomed:301112006","Finding of heart rhythm",4114162,"Electrocardiogram finding","Snomed:301120008",4117134,"Counts per minute","ucum:{counts}/min",8483,"Measurement","month 0/ baseline",40766819,"Baseline time","loinc:64103-5"
"HRstand1","Heart rate standing at visit1","INT","bpm",,999,545,77,7,130,,,,,"Loinc:69001-6","Heart rate –standing",40771526,,,,"Counts per minute","ucum:{counts}/min",8483,"Measurement","month 1",4081745,"follow-up 1 month","snomed:183623000"
"HRstand12","heart rate(HR) standing at visit12","INT","bpm",,999,430,192,42,140,,,,,"Loinc:69001-6","Heart rate –standing",40771526,,,,"Counts per minute","ucum:{counts}/min",8483,"Measurement","month 12",4081746,"follow-up 1 year","snomed:183627004"
"HRstand18","heart rate standing at visit18","INT","bpm",,999,397,225,47,119,,,,,"Loinc:69001-6","Heart rate –standing",40771526,,,,"Counts per minute","ucum:{counts}/min",8483,"Measurement","month 18",44789050,"follow-up 18 months","snomed:199591000000102"
"HRstand3","heart rate standing at visit3","INT","bpm",,999,506,116,42,145,,,,,"Loinc:69001-6","Heart rate –standing",40771526,,,,"Counts per minute","ucum:{counts}/min",8483,"Measurement","month 3",44789369,"follow-up 3 months","snomed:200521000000107"
"HRstand6","heart rate standing at visit6","INT","bpm",,999,469,153,44,135,,,,,"Loinc:69001-6","Heart rate –standing",40771526,,,,"Counts per minute","ucum:{counts}/min",8483,"Measurement","month 6",4103967,"follow-up 6 months","snomed:300042001"
"HRstanding","Heart rate standing at baseline","INT","bpm",,"999|9999",604,18,46,130,,,,,"Loinc:69001-6","Heart rate –standing",40771526,,,,"Counts per minute","ucum:{counts}/min",8483,"Measurement","month 0/ baseline",40766819,"Baseline time","loinc:64103-5"
"DoseACEBL","dose ACE-inhibitor expressed as % of target dose at baseline","FLOAT","%",,9999,402,220,0.012,0.56,,,,,"atc:C09AA","""ACE inhibitors, plain""",21601784,"percentage target dose","icare:icv2000000042",2000000042,"percent","ucum:%",8554,"Drug_Exposure","month 0/ baseline",40766819,"Baseline time","loinc:64103-5"
"DoseACEV1","dose ACE-inhibitor expressed as % of target dose Visit1","FLOAT","%",,9999,402,220,0.012,0.56,,,,,"atc:C09AA","""ACE inhibitors, plain""",21601784,"percentage target dose","icare:icv2000000042",2000000042,"percent","ucum:%",8554,"Drug_Exposure","month 1",4081745,"follow-up 1 month","snomed:183623000"
"DoseACEV12","dose ACE-inhibitor expressed as % of target dose Visit12","FLOAT","%",,9999,402,220,0.012,0.56,,,,,"atc:C09AA","""ACE inhibitors, plain""",21601784,"percentage target dose","icare:icv2000000042",2000000042,"percent","ucum:%",8554,"Drug_Exposure","month 12",4081746,"follow-up 1 year","snomed:183627004"
"DoseACEV18","dose ACE-inhibitor expressed as % of target dose Visit18","FLOAT","%",,9999,402,220,0.012,0.56,,,,,"atc:C09AA","""ACE inhibitors, plain""",21601784,"percentage target dose","icare:icv2000000042",2000000042,"percent","ucum:%",8554,"Drug_Exposure","month 18",44789050,"follow-up 18 months","snomed:199591000000102"
"DoseACEV3","dose ACE-inhibitor expressed as % of target dose Visit3","FLOAT","%",,9999,402,220,0.012,0.56,,,,,"atc:C09AA","""ACE inhibitors, plain""",21601784,"percentage target dose","icare:icv2000000042",2000000042,"percent","ucum:%",8554,"Drug_Exposure","month 3",44789369,"follow-up 3 months","snomed:200521000000107"
"DoseACEV6","dose ACE-inhibitor expressed as % of target dose Visit6","FLOAT","%",,9999,402,220,0.012,0.56,,,,,"atc:C09AA","""ACE inhibitors, plain""",21601784,"percentage target dose","icare:icv2000000042",2000000042,"percent","ucum:%",8554,"Drug_Exposure","month 6",4103967,"follow-up 6 months","snomed:300042001"
"DoseATIIBL","Dose ATII-antagonist expressed as % of target dose at Baseline","FLOAT","%",,9999,402,220,0.012,0.56,,,,,"atc:C09CA","""Angiotensin II receptor blockers (ARBs), plain""",21601823,"percentage target dose","icare:icv2000000042",2000000042,"percent","ucum:%",8554,"Drug_Exposure","month 0/ baseline",40766819,"Baseline time","loinc:64103-5"
"DoseATIIV1","Dose ATII-antagonist expressed as % of target dose at Visit1","FLOAT","%",,9999,402,220,0.012,0.56,,,,,"atc:C09CA","""Angiotensin II receptor blockers (ARBs), plain""",21601823,"percentage target dose","icare:icv2000000042",2000000042,"percent","ucum:%",8554,"Drug_Exposure","month 1",4081745,"follow-up 1 month","snomed:183623000"
"DoseATIIV12","Dose ATII-antagonist expressed as % of target dose atVisit12","FLOAT","%",,9999,402,220,0.012,0.56,,,,,"atc:C09CA","""Angiotensin II receptor blockers (ARBs), plain""",21601823,"percentage target dose","icare:icv2000000042",2000000042,"percent","ucum:%",8554,"Drug_Exposure","month 12",4081746,"follow-up 1 year","snomed:183627004"
"DoseATIIV18","Dose ATII-antagonist expressed as % of target dose atVisit18","FLOAT","%",,9999,402,220,0.012,0.56,,,,,"atc:C09CA","""Angiotensin II receptor blockers (ARBs), plain""",21601823,"percentage target dose","icare:icv2000000042",2000000042,"percent","ucum:%",8554,"Drug_Exposure","month 18",44789050,"follow-up 18 months","snomed:199591000000102"
"DoseATIIV3","Dose ATII-antagonist expressed as % of target dose at Visit3","FLOAT","%",,9999,402,220,0.012,0.56,,,,,"atc:C09CA","""Angiotensin II receptor blockers (ARBs), plain""",21601823,"percentage target dose","icare:icv2000000042",2000000042,"percent","ucum:%",8554,"Drug_Exposure","month 3",44789369,"follow-up 3 months","snomed:200521000000107"
"DoseATIIV6","Dose ATII-antagonist expressed as % of target dose at Visit6","FLOAT","%",,9999,402,220,0.012,0.56,,,,,"atc:C09CA","""Angiotensin II receptor blockers (ARBs), plain""",21601823,"percentage target dose","icare:icv2000000042",2000000042,"percent","ucum:%",8554,"Drug_Exposure","month 6",4103967,"follow-up 6 months","snomed:300042001"
"DoseBBBL","dose beta blocker expressed as % of target dose Baseline","FLOAT","%",,9999,402,220,0.012,0.56,,,,,"atc:C07A","BETA BLOCKING AGENTS",21601665,"percentage target dose","icare:icv2000000042",2000000042,"percent","ucum:%",8554,"Drug_Exposure","month 0/ baseline",40766819,"Baseline time","loinc:64103-5"
"DoseBBV1","dose beta blocker expressed as % of target dose Visit1","FLOAT","%",,9999,402,220,0.012,0.56,,,,,"atc:C07A","BETA BLOCKING AGENTS",21601665,"percentage target dose","icare:icv2000000042",2000000042,"percent","ucum:%",8554,"Drug_Exposure","month 1",4081745,"follow-up 1 month","snomed:183623000"
"DoseBBV12","dose beta blocker expressed as % of target dose Visit12","FLOAT","%",,9999,402,220,0.012,0.56,,,,,"atc:C07A","BETA BLOCKING AGENTS",21601665,"percentage target dose","icare:icv2000000042",2000000042,"percent","ucum:%",8554,"Drug_Exposure","month 12",4081746,"follow-up 1 year","snomed:183627004"
"DoseBBV18","dose beta blocker expressed as % of target dose Visit18","FLOAT","%",,9999,402,220,0.012,0.56,,,,,"atc:C07A","BETA BLOCKING AGENTS",21601665,"percentage target dose","icare:icv2000000042",2000000042,"percent","ucum:%",8554,"Drug_Exposure","month 18",44789050,"follow-up 18 months","snomed:199591000000102"
"DoseBBV3","dose beta blocker expressed as % of target dose Visit3","FLOAT","%",,9999,402,220,0.012,0.56,,,,,"atc:C07A","BETA BLOCKING AGENTS",21601665,"percentage target dose","icare:icv2000000042",2000000042,"percent","ucum:%",8554,"Drug_Exposure","month 3",44789369,"follow-up 3 months","snomed:200521000000107"
"DoseBBV6","dose beta blocker expressed as % of target dose Visit6","FLOAT","%",,9999,402,220,0.012,0.56,,,,,"atc:C07A","BETA BLOCKING AGENTS",21601665,"percentage target dose","icare:icv2000000042",2000000042,"percent","ucum:%",8554,"Drug_Exposure","month 6",4103967,"follow-up 6 months","snomed:300042001"
"EF","left ventricle ejection fraction calculated at baseline","FLOAT","%",,,454,168,7.54716981132076,76.5957446808511,"if biblane possible using simpson calculation if not then monoplane",,,,"snomed:250908004","Left ventricular ejection fraction",4108582,,,,"percent","ucum:%",8554,"Measurement","month 0/ baseline",40766819,"Baseline time","loinc:64103-5"
"EF_12","left ventricle ejection fraction calculated at visit12","FLOAT","%",,,,,,,,,,,"snomed:250908004","Left ventricular ejection fraction",4108582,,,,"percent","ucum:%",8554,"Measurement","month 12",4081746,"follow-up 1 year","snomed:183627004"
"EF_18","left ventricle ejection fraction calculated at visit18","FLOAT","%",,,,,,,,,,,"snomed:250908004","Left ventricular ejection fraction",4108582,,,,"percent","ucum:%",8554,"Measurement","month 18",44789050,"follow-up 18 months","snomed:199591000000102"
"EFgeschätzt","left ventricle ejection fraction estimated at baseline","INT","%",,,495,127,10,80,,,,,"loinc:8807-0","Left ventricular Ejection fraction by 2D echo.visual estimate",3004651,"Echocardiography","snomed:40701008",4230911,"percent","ucum:%",8554,"Measurement","month 0/ baseline",40766819,"Baseline time","loinc:64103-5"
"EFgeschätzt_12","left ventricle ejection fraction estimated at visit12","INT","%",,,,,,,,,,,"loinc:8807-0","Left ventricular Ejection fraction by 2D echo.visual estimate",3004651,"Echocardiography","snomed:40701008",4230911,"percent","ucum:%",8554,"Measurement","month 12",4081746,"follow-up 1 year","snomed:183627004"
"EFgeschätzt_18","left ventricle ejection fraction estimated at visit18","INT","%",,,,,,,,,,,"loinc:8807-0","Left ventricular Ejection fraction by 2D echo.visual estimate",3004651,"Echocardiography","snomed:40701008",4230911,"percent","ucum:%",8554,"Measurement","month 18",44789050,"follow-up 18 months","snomed:199591000000102"
"Eo12","eosonophiles as % of leucocytes at visit12","FLOAT","%",,9999,396,226,0,5.1,,,,,"loinc:71674-6","Eosinophils/Leukocytes [Pure number fraction] in Blood by Manual count",43055367,,,,"percent","ucum:%",8554,"Measurement","month 12",4081746,"follow-up 1 year","snomed:183627004"
"Eo18","eosinophiles as % of leucocytes at visit18","FLOAT","%",,9999,369,253,0,0.172,,,,,"loinc:71674-6","Eosinophils/Leukocytes [Pure number fraction] in Blood by Manual count",43055367,,,,"percent","ucum:%",8554,"Measurement","month 18",44789050,"follow-up 18 months","snomed:199591000000102"
"Eo6","eosinophiles % of leucocytes at visit6","FLOAT","%",,9999,377,245,0,0.19,,,,,"loinc:71674-6","Eosinophils/Leukocytes [Pure number fraction] in Blood by Manual count",43055367,,,,"percent","ucum:%",8554,"Measurement","month 6",4103967,"follow-up 6 months","snomed:300042001"
"Eosinophiles","eosinophiles as % of leucocytes at baseline","FLOAT","%",,"999.000| 9999.000",384,238,0,0.197,,,,,"loinc:71674-6","Eosinophils/Leukocytes [Pure number fraction] in Blood by Manual count",43055367,,,,"percent","ucum:%",8554,"Measurement","month 0/ baseline",40766819,"Baseline time","loinc:64103-5"
"HbA1c","HbA1C at baseline","FLOAT","%",,"999 000|9999 000",467,155,0.033,0.117,,,,,"loinc:71875-9","Hemoglobin A1c/Hemoglobin.total [Pure mass fraction] in Blood",42869630,,,,"percent","ucum:%",8554,"Measurement","month 0/ baseline",40766819,"Baseline time","loinc:64103-5"
"Hct","hematocrit at baseline%","FLOAT","%",,"999 000|9999 000",619,3,0.213,0.56,,,,,"loinc:20570-8","Hematocrit [Volume Fraction] of Blood",3009542,,,,"percent","ucum:%",8554,"Measurement","month 0/ baseline",40766819,"Baseline time","loinc:64103-5"
"Hct12","hematocrit at visit12","FLOAT","%",,9999,434,188,0.27,0.54,,,,,"loinc:20570-8","Hematocrit [Volume Fraction] of Blood",3009542,,,,"percent","ucum:%",8554,"Measurement","month 12",4081746,"follow-up 1 year","snomed:183627004"
"Hct18","hematocrit at visit18","FLOAT","%",,9999,397,225,0.25,0.561,,,,,"loinc:20570-8","Hematocrit [Volume Fraction] of Blood",3009542,,,,"percent","ucum:%",8554,"Measurement","month 18",44789050,"follow-up 18 months","snomed:199591000000102"
"Hct6","hematocrit at visit6","FLOAT","%",,9999,436,186,0.225,0.551,,,,,"loinc:20570-8","Hematocrit [Volume Fraction] of Blood",3009542,,,,"percent","ucum:%",8554,"Measurement","month 6",4103967,"follow-up 6 months","snomed:300042001"
"Lymph","lymphocytes as % of leucocytes at baseline","FLOAT","%",,"999 000|9999 000",526,96,0.003,0.838,,,,,"loinc:71673-8","Lymphocytes/Leukocytes [Pure number fraction] in Blood by Manual count",43055366,,,,"percent","ucum:%",8554,"Measurement","month 0/ baseline",40766819,"Baseline time","loinc:64103-5"
"Lymph12","lymphocites as % of leucocytes at visit12","FLOAT","%",,9999,411,211,0.006,0.805,,,,,"loinc:71673-8","Lymphocytes/Leukocytes [Pure number fraction] in Blood by Manual count",43055366,,,,"percent","ucum:%",8554,"Measurement","month 12",4081746,"follow-up 1 year","snomed:183627004"
"Lymph18","lymphocites as % of leucocytes at visit18","FLOAT","%",,9999,376,246,0.016,0.856,,,,,"loinc:71673-8","Lymphocytes/Leukocytes [Pure number fraction] in Blood by Manual count",43055366,,,,"percent","ucum:%",8554,"Measurement","month 18",44789050,"follow-up 18 months","snomed:199591000000102"
"Lymph6","lymphocytes as % of leucocytes at visit6","FLOAT","%",,9999,402,220,0.012,0.56,,,,,"loinc:71673-8","Lymphocytes/Leukocytes [Pure number fraction] in Blood by Manual count",43055366,,,,"percent","ucum:%",8554,"Measurement","month 6",4103967,"follow-up 6 months","snomed:300042001"
"MCH_12","Mean Corpuscular Hemoglobin at v12","FLOAT","pg/ cell",,,434,188,18,38.7096779486226,,,,,"snomed:1022471000000107","MCH - Mean corpuscular haemoglobin",37398674,,,,"picogram per cell","ucum:pg/{cell}",8704,"Measurement","month 12",4081746,"follow-up 1 year","snomed:183627004"
"MCH_18","Mean Corpuscular Hemoglobin at v18","FLOAT","pg/ cell",,,396,226,21.2678934611192,37.288134990496,,,,,"snomed:1022471000000107","MCH - Mean corpuscular haemoglobin",37398674,,,,"picogram per cell","ucum:pg/{cell}",8704,"Measurement","month 18",44789050,"follow-up 18 months","snomed:199591000000102"
"MCH_6","Mean Corpuscular Hemoglobin at v6","FLOAT","pg/ cell",,,430,192,21.8806508542412,37.800686170289,,,,,"snomed:1022471000000107","MCH - Mean corpuscular haemoglobin",37398674,,,,"picogram per cell","ucum:pg/{cell}",8704,"Measurement","month 6",4103967,"follow-up 6 months","snomed:300042001"
"MCH_BL","Mean Corpuscular Hemoglobin at BL","FLOAT","pg/ cell",,,617,5,19.3388423655221,44.6666666666667,,,,,"snomed:1022471000000107","MCH - Mean corpuscular haemoglobin",37398674,,,,"picogram per cell","ucum:pg/{cell}",8704,"Measurement","month 0/ baseline",40766819,"Baseline time","loinc:64103-5"
"BNP1","NT pro-BNP at visit1","FLOAT","pg/ml",,9999,557,65,131,47508,,,,,"loinc:33762-6","Natriuretic peptide.B prohormone N-Terminal [Mass/volume] in Serum or Plasma",3029187,,,,"picogram per milliliter","ucum:pg/mL",8845,"Measurement","month 1",4081745,"follow-up 1 month","snomed:183623000"
"BNP12","NT pro-BNP at visit12","FLOAT","pg/ml",,9999,440,182,44,33000,,,,,"loinc:33762-6","Natriuretic peptide.B prohormone N-Terminal [Mass/volume] in Serum or Plasma",3029187,,,,"picogram per milliliter","ucum:pg/mL",8845,"Measurement","month 12",4081746,"follow-up 1 year","snomed:183627004"
"BNP18","NT pro-BNP at visit18","FLOAT","pg/ml",,9999,402,220,37,90275,,,,,"loinc:33762-6","Natriuretic peptide.B prohormone N-Terminal [Mass/volume] in Serum or Plasma",3029187,,,,"picogram per milliliter","ucum:pg/mL",8845,"Measurement","month 18",44789050,"follow-up 18 months","snomed:199591000000102"
"BNP3","NT pro-BNP at visit3","FLOAT","pg/ml",,9999,518,104,33,50492,,,,,"loinc:33762-6","Natriuretic peptide.B prohormone N-Terminal [Mass/volume] in Serum or Plasma",3029187,,,,"picogram per milliliter","ucum:pg/mL",8845,"Measurement","month 3",44789369,"follow-up 3 months","snomed:200521000000107"
"BNP6","NT pro-BNP at visit6","FLOAT","pg/ml",,9999,486,136,20,38194,,,,,"loinc:33762-6","Natriuretic peptide.B prohormone N-Terminal [Mass/volume] in Serum or Plasma",3029187,,,,"picogram per milliliter","ucum:pg/mL",8845,"Measurement","month 6",4103967,"follow-up 6 months","snomed:300042001"
"GDF15_BL","growth differential factor 15 at baseline","FLOAT","pg/ml",,,561,61,908.0755005,10245.908,,,,,"loinc:92665-9","Growth and differentiation factor 15 [Mass/volume] in Serum or Plasma by Immunoassay",37020363,,,,"picogram per milliliter","ucum:pg/mL",8845,"Measurement","month 0/ baseline",40766819,"Baseline time","loinc:64103-5"
"GDF15_V1","growth differential factor 15 at visit1","FLOAT","pg/ml",,,499,123,800.9180298,10000,,,,,"loinc:92665-9","Growth and differentiation factor 15 [Mass/volume] in Serum or Plasma by Immunoassay",37020363,,,,"picogram per milliliter","ucum:pg/mL",8845,"Measurement","month 1",4081745,"follow-up 1 month","snomed:183623000"
"GDF15_V12","growth differential factor 15 at visit12","FLOAT","pg/ml",,,386,236,802.3658447,10000,,,,,"loinc:92665-9","Growth and differentiation factor 15 [Mass/volume] in Serum or Plasma by Immunoassay",37020363,,,,"picogram per milliliter","ucum:pg/mL",8845,"Measurement","month 12",4081746,"follow-up 1 year","snomed:183627004"
"GDF15_V18","growth differential factor 15 at visit18","FLOAT","pg/ml",,,352,270,988.8560791,10000,,,,,"loinc:92665-9","Growth and differentiation factor 15 [Mass/volume] in Serum or Plasma by Immunoassay",37020363,,,,"picogram per milliliter","ucum:pg/mL",8845,"Measurement","month 18",44789050,"follow-up 18 months","snomed:199591000000102"
"GDF15_V3","growth differential factor 15 at visit3","FLOAT","pg/ml",,,481,141,941.0015259,10000,,,,,"loinc:92665-9","Growth and differentiation factor 15 [Mass/volume] in Serum or Plasma by Immunoassay",37020363,,,,"picogram per milliliter","ucum:pg/mL",8845,"Measurement","month 3",44789369,"follow-up 3 months","snomed:200521000000107"
"GDF15_V6","growth differential factor 15 at visit6","FLOAT","pg/ml",,,445,177,867.0145874,10000,,,,,"loinc:92665-9","Growth and differentiation factor 15 [Mass/volume] in Serum or Plasma by Immunoassay",37020363,,,,"picogram per milliliter","ucum:pg/mL",8845,"Measurement","month 6",4103967,"follow-up 6 months","snomed:300042001"
"hsTnT_BL","high-sensitivity troponin T (hsTnT) at baseline","FLOAT","pg/mL",,,561,61,0,6420.262207,,,,,"loinc:89576-3","Troponin T.cardiac panel - Serum or Plasma by High sensitivity method",36303871,,,,"picogram per milliliter","ucum:pg/mL",8845,"Measurement","month 0/ baseline",40766819,"Baseline time","loinc:64103-5"
"hsTnT_V1","high-sensitivity troponin T (hsTnT) at visit1","FLOAT","pg/mL",,,501,121,3,516.541626,,,,,"loinc:89576-3","Troponin T.cardiac panel - Serum or Plasma by High sensitivity method",36303871,,,,"picogram per milliliter","ucum:pg/mL",8845,"Measurement","month 1",4081745,"follow-up 1 month","snomed:183623000"
"hsTnT_V12","high-sensitivity troponin T (hsTnT) at visit12","FLOAT","pg/mL",,,386,236,3,2864.132324,,,,,"loinc:89576-3","Troponin T.cardiac panel - Serum or Plasma by High sensitivity method",36303871,,,,"picogram per milliliter","ucum:pg/mL",8845,"Measurement","month 12",4081746,"follow-up 1 year","snomed:183627004"
"hsTnT_V18","high-sensitivity troponin T (hsTnT) at visit18","FLOAT","pg/mL",,,352,270,3,319.8446045,,,,,"loinc:89576-3","Troponin T.cardiac panel - Serum or Plasma by High sensitivity method",36303871,,,,"picogram per milliliter","ucum:pg/mL",8845,"Measurement","month 18",44789050,"follow-up 18 months","snomed:199591000000102"
"hsTnT_V3","high-sensitivity troponin T (hsTnT) at visit3","FLOAT","pg/mL",,,484,138,3,2298.515869,,,,,"loinc:89576-3","Troponin T.cardiac panel - Serum or Plasma by High sensitivity method",36303871,,,,"picogram per milliliter","ucum:pg/mL",8845,"Measurement","month 3",44789369,"follow-up 3 months","snomed:200521000000107"
"hsTnT_V6","high-sensitivity troponin T (hsTnT) at visit6","FLOAT","pg/mL",,,450,172,3,1037.473755,,,,,"loinc:89576-3","Troponin T.cardiac panel - Serum or Plasma by High sensitivity method",36303871,,,,"picogram per milliliter","ucum:pg/mL",8845,"Measurement","month 6",4103967,"follow-up 6 months","snomed:300042001"
"IL6_BL","Interleukin 6 at baseline","FLOAT","pg/mL",,,553,69,1.5,665.210083,,,,,"loinc:26881-3","Interleukin 6 [Mass/volume] in Serum or Plasma",3023091,,,,"picogram per milliliter","ucum:pg/mL",8845,"Measurement","month 0/ baseline",40766819,"Baseline time","loinc:64103-5"
"IL6_V1","Interleukin 6at visit1","FLOAT","pg/ml",,,479,143,1.5,173.4581146,,,,,"loinc:26881-3","Interleukin 6 [Mass/volume] in Serum or Plasma",3023091,,,,"picogram per milliliter","ucum:pg/mL",8845,"Measurement","month 1",4081745,"follow-up 1 month","snomed:183623000"
"IL6_V12","Interleukin 6at visit12","FLOAT","pg/ml",,,384,238,1.5,111.4569855,,,,,"loinc:26881-3","Interleukin 6 [Mass/volume] in Serum or Plasma",3023091,,,,"picogram per milliliter","ucum:pg/mL",8845,"Measurement","month 12",4081746,"follow-up 1 year","snomed:183627004"
"IL6_V18","Interleukin 6 at visit18","FLOAT","pg/ml",,,352,270,1.5,139.5710602,,,,,"loinc:26881-3","Interleukin 6 [Mass/volume] in Serum or Plasma",3023091,,,,"picogram per milliliter","ucum:pg/mL",8845,"Measurement","month 18",44789050,"follow-up 18 months","snomed:199591000000102"
"IL6_V3","Interleukin 6at visit3","FLOAT","pg/ml",,,465,157,1.5,109.4353256,,,,,"loinc:26881-3","Interleukin 6 [Mass/volume] in Serum or Plasma",3023091,,,,"picogram per milliliter","ucum:pg/mL",8845,"Measurement","month 3",44789369,"follow-up 3 months","snomed:200521000000107"
"IL6_V6","Interleukin 6 at visit6","FLOAT","pg/ml",,,436,186,1.5,94.36310577,,,,,"loinc:26881-3","Interleukin 6 [Mass/volume] in Serum or Plasma",3023091,,,,"picogram per milliliter","ucum:pg/mL",8845,"Measurement","month 6",4103967,"follow-up 6 months","snomed:300042001"
"NBNP","N-BNP at baseline in pg/ml","FLOAT","pg/ml",,9999,622,0,403,48154,,,,,"loinc:33762-6","Natriuretic peptide.B prohormone N-Terminal [Mass/volume] in Serum or Plasma",3029187,,,,"picogram per milliliter","ucum:pg/mL",8845,"Measurement","month 0/ baseline",40766819,"Baseline time","loinc:64103-5"
"PLGF_BL","Placental growth factor (PLGF) at baseline","FLOAT","pg/ml",,,562,60,3,276.0189819,,,,,"loinc:74755-0","Placental growth factor [Mass/volume] in Serum",44816653,,,,"picogram per milliliter","ucum:pg/mL",8845,"Measurement","month 0/ baseline",40766819,"Baseline time","loinc:64103-5"
"PLGF_V1","Placental growth factor (PLGF) at visit1","FLOAT","pg/ml",,,501,121,5.869454861,315.8576355,,,,,"loinc:74755-0","Placental growth factor [Mass/volume] in Serum",44816653,,,,"picogram per milliliter","ucum:pg/mL",8845,"Measurement","month 1",4081745,"follow-up 1 month","snomed:183623000"
"PLGF_V12","Placental growth factor (PLGF) at visit12","FLOAT","pg/ml",,,386,236,9.822813034,333.9712219,,,,,"loinc:74755-0","Placental growth factor [Mass/volume] in Serum",44816653,,,,"picogram per milliliter","ucum:pg/mL",8845,"Measurement","month 12",4081746,"follow-up 1 year","snomed:183627004"
"PLGF_V18","Placental growth factor (PLGF)at visit18","FLOAT","pg/ml",,,351,271,11.57451153,311.4842529,,,,,"loinc:74755-0","Placental growth factor [Mass/volume] in Serum",44816653,,,,"picogram per milliliter","ucum:pg/mL",8845,"Measurement","month 18",44789050,"follow-up 18 months","snomed:199591000000102"
"PLGF_V3","Placental growth factor (PLGF) at visit3","FLOAT","pg/ml",,,483,139,5.394505978,68.01647186,,,,,"loinc:74755-0","Placental growth factor [Mass/volume] in Serum",44816653,,,,"picogram per milliliter","ucum:pg/mL",8845,"Measurement","month 3",44789369,"follow-up 3 months","snomed:200521000000107"
"PLGF_V6","Placental growth factor (PLGF) at visit6","FLOAT","pg/ml",,,449,173,7.819170952,316.5484924,,,,,"loinc:74755-0","Placental growth factor [Mass/volume] in Serum",44816653,,,,"picogram per milliliter","ucum:pg/mL",8845,"Measurement","month 6",4103967,"follow-up 6 months","snomed:300042001"
"sFlt_BL","Soluble fms-like tyrosine kinase-1 (sFlT) at baseline","FLOAT","pg/ml",,,555,67,49.64334106,2133.232666,,,,,"loinc:74756-8","Soluble fms-like tyrosine kinase-1 [Mass/volume] in Serum",44816654,,,,"picogram per milliliter","ucum:pg/mL",8845,"Measurement","month 0/ baseline",40766819,"Baseline time","loinc:64103-5"
"sFlt_V1","Soluble fms-like tyrosine kinase-1 (sFlT)at visit1","FLOAT","pg/ml",,,488,134,50.42017746,425.6264343,,,,,"loinc:74756-8","Soluble fms-like tyrosine kinase-1 [Mass/volume] in Serum",44816654,,,,"picogram per milliliter","ucum:pg/mL",8845,"Measurement","month 1",4081745,"follow-up 1 month","snomed:183623000"
"sFlt_V12","Soluble fms-like tyrosine kinase-1 (sFlT) at visit12","FLOAT","pg/ml",,,385,237,50.90610886,636.4560547,,,,,"loinc:74756-8","Soluble fms-like tyrosine kinase-1 [Mass/volume] in Serum",44816654,,,,"picogram per milliliter","ucum:pg/mL",8845,"Measurement","month 12",4081746,"follow-up 1 year","snomed:183627004"
"sFlt_V18","Soluble fms-like tyrosine kinase-1 (sFlT) at visit18","FLOAT","pg/ml",,,352,270,55.29705811,217.0379944,,,,,"loinc:74756-8","Soluble fms-like tyrosine kinase-1 [Mass/volume] in Serum",44816654,,,,"picogram per milliliter","ucum:pg/mL",8845,"Measurement","month 18",44789050,"follow-up 18 months","snomed:199591000000102"
"sFlt_V3","Soluble fms-like tyrosine kinase-1 (sFlT) at visit3","FLOAT","pg/ml",,,474,148,47.38745117,869.131897,,,,,"loinc:74756-8","Soluble fms-like tyrosine kinase-1 [Mass/volume] in Serum",44816654,,,,"picogram per milliliter","ucum:pg/mL",8845,"Measurement","month 3",44789369,"follow-up 3 months","snomed:200521000000107"
"sFlt_V6","Soluble fms-like tyrosine kinase-1 (sFlT) at visit6","FLOAT","pg/ml",,,441,181,50.84370041,403.7207947,,,,,"loinc:74756-8","Soluble fms-like tyrosine kinase-1 [Mass/volume] in Serum",44816654,,,,"picogram per milliliter","ucum:pg/mL",8845,"Measurement","month 6",4103967,"follow-up 6 months","snomed:300042001"
"FGF23_C_pmol_BL","C-TERMINAL FGF23 at baseline","FLOAT","pmol",,,382,240,1.4538645,384.90057,,,,,"loinc:47855-2","Fibroblast growth factor 23.C-terminal [Units/volume] in Plasma",3048855,,,,"picomole","ucum:pmol",9630,"Measurement","month 0/ baseline",40766819,"Baseline time","loinc:64103-5"
"FGF23_C_pmol_V12","C-TERMINAL FGF23 at visit12","FLOAT","pmol",,,325,297,1.9135845,472.534695,,,,,"loinc:47855-2","Fibroblast growth factor 23.C-terminal [Units/volume] in Plasma",3048855,,,,"picomole","ucum:pmol",9630,"Measurement","month 12",4081746,"follow-up 1 year","snomed:183627004"
"FGF23_C_pmol_V3","C-TERMINAL FGF23 at visit3","FLOAT","pmol",,,362,260,2.402037,567.52434,,,,,"loinc:47855-2","Fibroblast growth factor 23.C-terminal [Units/volume] in Plasma",3048855,,,,"picomole","ucum:pmol",9630,"Measurement","month 3",44789369,"follow-up 3 months","snomed:200521000000107"
"FGF23_C_pmol_V6","C-TERMINAL FGF23 at visit6","FLOAT","pmol",,,349,273,2.241135,682.33941,,,,,"loinc:47855-2","Fibroblast growth factor 23.C-terminal [Units/volume] in Plasma",3048855,,,,"picomole","ucum:pmol",9630,"Measurement","month 6",4103967,"follow-up 6 months","snomed:300042001"
"FGF23_pmol_BL","FGF23 at baseline","FLOAT","pmol",,,382,240,0.111099,84.4,,,,,"loinc:47855-2","Fibroblast growth factor 23.C-terminal [Units/volume] in Plasma",3048855,,,,"picomole","ucum:pmol",9630,"Measurement","month 0/ baseline",40766819,"Baseline time","loinc:64103-5"
"FGF23_pmol_V12","FGF23 at visit12","FLOAT","pmol",,,324,298,0.52511517,82.653825,,,,,"loinc:47855-2","Fibroblast growth factor 23.C-terminal [Units/volume] in Plasma",3048855,,,,"picomole","ucum:pmol",9630,"Measurement","month 12",4081746,"follow-up 1 year","snomed:183627004"
"FGF23_pmol_V3","FGF23 at visit3","FLOAT","pmol",,,361,261,0.317973,43.566132,,,,,"loinc:47855-2","Fibroblast growth factor 23.C-terminal [Units/volume] in Plasma",3048855,,,,"picomole","ucum:pmol",9630,"Measurement","month 3",44789369,"follow-up 3 months","snomed:200521000000107"
"FGF23_pmol_V6","FGF23 at visit6","FLOAT","pmol",,,349,273,0.467382,127.514835,,,,,"loinc:47855-2","Fibroblast growth factor 23.C-terminal [Units/volume] in Plasma",3048855,,,,"picomole","ucum:pmol",9630,"Measurement","month 6",4103967,"follow-up 6 months","snomed:300042001"
"BSA","body surface area at BL","FLOAT","m2",,,621,1,1.23993445346501,2.41602584493408,,,,,"loinc:8277-6","Body surface area",3005424,,,,"square meter","ucum:m2",8617,"Measurement","month 0/ baseline",40766819,"Baseline time","loinc:64103-5"
"BSA_12","body surface area at v12","FLOAT","m2",,,443,179,1.29517087119199,2.34000980453193,,,,,"loinc:8277-6","Body surface area",3005424,,,,"square meter","ucum:m2",8617,"Measurement","month 12",4081746,"follow-up 1 year","snomed:183627004"
"BSA_18","body surface area at v18","FLOAT","m2",,,403,219,1.35004642787614,2.34977064616744,,,,,"loinc:8277-6","Body surface area",3005424,,,,"square meter","ucum:m2",8617,"Measurement","month 18",44789050,"follow-up 18 months","snomed:199591000000102"
"LAFläche","Left atrium area at baseline","FLOAT","mm2",,,463,159,8.60000038146973,68.5,,,,,"loinc:79974-2","Left atrial Area at end systole by US.2D.A4C+Measured by planimetry",21494011,"Echocardiography","snomed:40701008",4230911,"square millimeter","ucum:mm2",9572,"Measurement","month 0/ baseline",40766819,"Baseline time","loinc:64103-5"
"LAFläche_12","Left atrium area at visit12","FLOAT","mm2",,,,,,,,,,,"loinc:79974-2","Left atrial Area at end systole by US.2D.A4C+Measured by planimetry",21494011,"Echocardiography","snomed:40701008",4230911,"square millimeter","ucum:mm2",9572,"Measurement","month 12",4081746,"follow-up 1 year","snomed:183627004"
"LAFläche_18","Left atrium area at visit18","FLOAT","mm2",,,,,,,,,,,"loinc:79974-2","Left atrial Area at end systole by US.2D.A4C+Measured by planimetry",21494011,"Echocardiography","snomed:40701008",4230911,"square millimeter","ucum:mm2",9572,"Measurement","month 18",44789050,"follow-up 18 months","snomed:199591000000102"
"RAFläche","right atrium area at baseline","INT","mm2",,,462,160,6.5,53,,,,,"loinc:80075-5","Right atrial Area at end systole by US.2D.A4C+Measured by planimetry",21494319,"Echocardiography","snomed:40701008",4230911,"square millimeter","ucum:mm2",9572,"Measurement","month 0/ baseline",40766819,"Baseline time","loinc:64103-5"
"RAFläche_12","right atrium area at visit12","INT","mm2",,,,,,,,,,,"loinc:80075-5","Right atrial Area at end systole by US.2D.A4C+Measured by planimetry",21494319,"Echocardiography","snomed:40701008",4230911,"square millimeter","ucum:mm2",9572,"Measurement","month 12",4081746,"follow-up 1 year","snomed:183627004"
"RAFläche_18","right atrium area at visit18","INT","mm2",,,,,,,,,,,"loinc:80075-5","Right atrial Area at end systole by US.2D.A4C+Measured by planimetry",21494319,"Echocardiography","snomed:40701008",4230911,"square millimeter","ucum:mm2",9572,"Measurement","month 18",44789050,"follow-up 18 months","snomed:199591000000102"
"RVareadiast","Right ventricle area diastolic at baseline","FLOAT","mm2",,,453,169,4,55.5,,,,,"loinc:80081-3","Right ventricular Area at end diastole by US.2D.A4C+Measured by planimetry",21491842,"Echocardiography","snomed:40701008",4230911,"square millimeter","ucum:mm2",9572,"Measurement","month 0/ baseline",40766819,"Baseline time","loinc:64103-5"
"RVareadiast_12","Right ventricle area diastolic at visit12","FLOAT","mm2",,,,,,,,,,,"loinc:80081-3","Right ventricular Area at end diastole by US.2D.A4C+Measured by planimetry",21491842,"Echocardiography","snomed:40701008",4230911,"square millimeter","ucum:mm2",9572,"Measurement","month 12",4081746,"follow-up 1 year","snomed:183627004"
"RVareadiast_18","Right ventricle area diastolic at visit18","FLOAT","mm2",,,,,,,,,,,"loinc:80081-3","Right ventricular Area at end diastole by US.2D.A4C+Measured by planimetry",21491842,"Echocardiography","snomed:40701008",4230911,"square millimeter","ucum:mm2",9572,"Measurement","month 18",44789050,"follow-up 18 months","snomed:199591000000102"
"RVareasyst","Right ventricle area systolic at baseline","INT","mm2",,,451,171,1,31,,,,,"loinc:80082-1","Right ventricular Area at end systole by US.2D.A4C+Measured by planimetry",21491843,"Echocardiography","snomed:40701008",4230911,"square millimeter","ucum:mm2",9572,"Measurement","month 0/ baseline",40766819,"Baseline time","loinc:64103-5"
"RVareasyst_12","Right ventricle area systolic at visit12","INT","mm2",,,,,,,,,,,"loinc:80082-1","Right ventricular Area at end systole by US.2D.A4C+Measured by planimetry",21491843,"Echocardiography","snomed:40701008",4230911,"square millimeter","ucum:mm2",9572,"Measurement","month 12",4081746,"follow-up 1 year","snomed:183627004"
"RVareasyst_18","Right ventricle area systolic at visit18","INT","mm2",,,,,,,,,,,"loinc:80082-1","Right ventricular Area at end systole by US.2D.A4C+Measured by planimetry",21491843,"Echocardiography","snomed:40701008",4230911,"square millimeter","ucum:mm2",9572,"Measurement","month 18",44789050,"follow-up 18 months","snomed:199591000000102"
"Lc","leukocytes in 10^3/ml at baseline","FLOAT","10^3/ml",,"999 0|9999 0",619,3,2.8,107,,,,,"loinc:26464-8","Leukocytes [#/volume] in Blood",3010813,,,,"thousand per milliliter","ucum:10*3/mL",9436,"Measurement","month 0/ baseline",40766819,"Baseline time","loinc:64103-5"
"Lc12","leukocytes in 10^3/ml at visit12","FLOAT","10^3/ml",,9999,434,188,3.5,34.81,,,,,"loinc:26464-8","Leukocytes [#/volume] in Blood",3010813,,,,"thousand per milliliter","ucum:10*3/mL",9436,"Measurement","month 12",4081746,"follow-up 1 year","snomed:183627004"
"Lc18","leukocytes in 10^3/ml at visit18","FLOAT","10^3/ml",,9999,396,226,3.2,32.02,,,,,"loinc:26464-8","Leukocytes [#/volume] in Blood",3010813,,,,"thousand per milliliter","ucum:10*3/mL",9436,"Measurement","month 18",44789050,"follow-up 18 months","snomed:199591000000102"
"Lc6","leukocytes in 10^3/ml at visit6","FLOAT","10^3/ml",,9999,437,185,2.8,51.71,,,,,"loinc:26464-8","Leukocytes [#/volume] in Blood",3010813,,,,"thousand per milliliter","ucum:10*3/mL",9436,"Measurement","month 6",4103967,"follow-up 6 months","snomed:300042001"
"Age","Age in years","FLOAT","year",,,622,0,60.04,94.16,,,,,"loinc:30525-0","Age",3022304,,,,"year","ucum:a",9448,"Person","month 0/ baseline",40766819,"Baseline time","loinc:64103-5"
"CADYear","Coronary artery disease Year of diagnosis","DATETIME","year",,9999,400,222,1970,9999,,,,,"snomed:414024009","Disorder of coronary artery",4187067,"Year of diagnosis of clinician-diagnosed illness [PhenX]","loinc:63909-6",40766630,"year","ucum:a",9448,"Condition_era","month 0/ baseline",40766819,"Baseline time","loinc:64103-5"
"CancerYear","Cancer Year of diagnosis","DATETIME","year",,9999,86,536,1970,9999,,,,,"snomed:266987004","H/O:malignant neoplasm",4144289,"Year of diagnosis of clinician-diagnosed illness [PhenX]","loinc:63909-6",40766630,"year","ucum:a",9448,"Condition_era","month 0/ baseline",40766819,"Baseline time","loinc:64103-5"
"DateCABGyear","Date Coronary artery bypass grafting year","DATETIME","year",,9999,90,532,1978,2005,,,,,"snomed:232717009","Coronary artery bypass graft",4336464,"Calendar year|Date","snomed:277267003|snomed:410672004","4078999|4260905","year","ucum:a",9448,"Condition_era","month 0/ baseline",40766819,"Baseline time","loinc:64103-5"
"DateMIyear","Date Myocardial Infarction year diagnosis","DATETIME","year",,9999,287,335,1971,9999,,,,,"snomed:22298006","Myocardial infarction",4329847,"Calendar year|Date","snomed:277267003|snomed:410672004","4078999|4260905","year","ucum:a",9448,"Condition_era","month 0/ baseline",40766819,"Baseline time","loinc:64103-5"
"DatePTCAyear","Date Percutaneous coronary intervention year","DATETIME","year",,9999,96,526,1989,2006,,,,,"Snomed:415070008","Percutaneous coronary intervention",4216130,"Calendar year|Date","snomed:277267003|snomed:410672004","4078999|4260905","year","ucum:a",9448,"Observation_Period","month 0/ baseline",40766819,"Baseline time","loinc:64103-5"
"DCMYear","Dilated cardiomyopathy Year diagnosis","DATETIME","year",,9999,94,528,1989,9999,,,,,"snomed:399020009","Dilated cardiomyopathy",4163710,"Year of diagnosis of clinician-diagnosed illness [PhenX]","loinc:63909-6",40766630,"year","ucum:a",9448,"Condition_era","month 0/ baseline",40766819,"Baseline time","loinc:64103-5"
"DmYear","Diabetes Year of diagnosis","DATETIME","year",,9999,222,400,1951,9999,,,,,"snomed:73211009","Diabetes mellitus",201820,"Year of diagnosis of clinician-diagnosed illness [PhenX]","loinc:63909-6",40766630,"year","ucum:a",9448,"Condition_era","month 0/ baseline",40766819,"Baseline time","loinc:64103-5"
"HypertensionYear","Hypertension diagnosis Year","DATETIME","year",,9999,462,160,1950,9999,,,,,"snomed:38341003","Hypertensive disorder",316866,"Year of diagnosis of clinician-diagnosed illness [PhenX]","loinc:63909-6",40766630,"year","ucum:a",9448,"Condition_era","month 0/ baseline",40766819,"Baseline time","loinc:64103-5"
"ICDYear","ICD (implanted cardiac defibrilator) Year of implantation","DATETIME","year",,,30,592,1994,2007,,,,,"snomed:72506001","Implantable defibrillator",4217646,"Calendar year","snomed:277267003",4078999,"year","ucum:a",9448,"Condition_era","month 0/ baseline",40766819,"Baseline time","loinc:64103-5"
"PY","Pack Years","INT","year",,255,613,9,0,255,"total amount of smoking a patient has done where 1 packyear= one packet a day for a year",,,,"snomed:315609007","Pack years",4151768,,,,"year","ucum:a",9448,"Condition_occurrence","month 0/ baseline",40766819,"Baseline time","loinc:64103-5"
"Stopyears","Stop years (number of years patient has not smoked after quitting)","INT","Pack years",,99,295,327,0,99,,,,,"snomed:1311000175101","Smoking assessment",761009,"Former smoker|Duration","loinc:LA15920-4|snomed:762636008","45883458|42538822","year","ucum:a",9448,"Condition_occurrence","month 0/ baseline",40766819,"Baseline time","loinc:64103-5"
"ValvularYear","Valvular heart disease Year of diagnosis","DATETIME","year",,9999,151,471,1935,9999,,,,,"snomed:368009","Heart valve disorder",4281749,"Year of diagnosis of clinician-diagnosed illness [PhenX]","loinc:63909-6",40766630,"year","ucum:a",9448,"Condition_era","month 0/ baseline",40766819,"Baseline time","loinc:64103-5"
"@6MWT","6MWT (6 minute walking test) performed at baseline y/n","INT",,"1=yes|0=no",,622,0,0,1,,"loinc:LA33-6|loinc:LA32-8","Yes|No","45877994|45878245","snomed:252478000","6-minute walk test",4099101,,,,,,,"Observation","month 0/ baseline",40766819,"Baseline time","loinc:64103-5"
"@6MWT_effort","6MWT(6 minute walking test) good effort at baseline","INT",,"1=yes|0=no",,622,0,0,1,,"loinc:LA33-6|loinc:LA32-8","Yes|No","45877994|45878245","snomed:252478000","6-minute walk test",4099101,"Performance indicator","snomed:724961000000102",44804241,,,,"Observation","month 0/ baseline",40766819,"Baseline time","loinc:64103-5"
"@6MWT_noncard_lim","6MWT (6 minute walking test)limit reached due to non cardiac reason","INT",,"1=yes|0=no",,622,0,0,1,,"loinc:LA33-6|loinc:LA32-8","Yes|No","45877994|45878245","snomed:252478000","6-minute walk test",4099101,"Stopped or paused before 6 minutes|Baseline time","loinc:64104-3|loinc:64103-5","40766820|40766819",,,,"Observation","month 0/ baseline",40766819,"Baseline time","loinc:64103-5"
"AA","history of aortic aneurysm Y/N (site specified in other var)","INT",,"1=yes|0=no",,622,0,0,1,,"loinc:LA33-6|loinc:LA32-8","Yes|No","45877994|45878245","snomed:67362008","Aortic aneurysm",317585,"Medical history [PhenX]","loinc:66480-5",40769143,,,,"Condition_occurrence","month 0/ baseline",40766819,"Baseline time","loinc:64103-5"
"AAabd","Aortic aneurism abdominal","INT",,"1=yes|0=no",,622,0,0,1,,"loinc:LA33-6|loinc:LA32-8","Yes|No","45877994|45878245","snomed:233985008","Abdominal aortic aneurysm",198177,,,,,,,"Measurement","month 0/ baseline",40766819,"Baseline time","loinc:64103-5"
"AantalSVES","number of supraventricular extra systoly at baseline","INT",,,,19,603,1,7,,,,,"snomed:63593006","Supraventricular premature beats",441872,"Total|Electrocardiogram finding","snomed:255619001|Snomed:301120008","4112438|4117134",,,,"Measurement","month 0/ baseline",40766819,"Baseline time","loinc:64103-5"
"AantalSVES_12","number of supraventricular extra systoly at visit12","INT",,,,8,614,1,1,,,,,"snomed:63593006","Supraventricular premature beats",441872,"Total|Electrocardiogram finding","snomed:255619001|Snomed:301120008","4112438|4117134",,,,"Measurement","month 12",4081746,"follow-up 1 year","snomed:183627004"
"AantalSVES_18","number of supraventricular extra systoly at visit18","INT",,,,8,614,1,2,,,,,"snomed:63593006","Supraventricular premature beats",441872,"Total|Electrocardiogram finding","snomed:255619001|Snomed:301120008","4112438|4117134",,,,"Measurement","month 18",44789050,"follow-up 18 months","snomed:199591000000102"
"AantalVES","number Ventricular extra systol at baseline","INT",,,,157,465,1,7,,,,,"snomed:251176006","Multiple premature ventricular complexes",4088985,,,,,,,"Measurement","month 0/ baseline",40766819,"Baseline time","loinc:64103-5"
"AantalVES_12","number Ventricular extra systol at visit12","INT",,,,78,544,1,7,,,,,"snomed:251176006","Multiple premature ventricular complexes",4088985,,,,,,,"Measurement","month 12",4081746,"follow-up 1 year","snomed:183627004"
"AantalVES_18","number Ventricular extra systol at visit18","INT",,,,69,553,1,7,,,,,"snomed:251176006","Multiple premature ventricular complexes",4088985,,,,,,,"Measurement","month 18",44789050,"follow-up 18 months","snomed:199591000000102"
"AAthorax","Aortic aneurism thorax Y/N","INT",,"1=yes|0=no",,622,0,0,3,,"loinc:LA33-6|loinc:LA32-8","Yes|No","45877994|45878245","snomed:433068007","Aneurysm of thoracic aorta",443622,,,,,,,"Condition_occurrence","month 0/ baseline",40766819,"Baseline time","loinc:64103-5"
"ACE_at_BL","ACE-inhibitor at baseline","INT",,"1=yes|0=no",,622,0,0,1,,"loinc:LA33-6|loinc:LA32-8","Yes|No","45877994|45878245","atc:C09AA","""ACE inhibitors, plain""",21601784,,,,,,,"Drug_Exposure","month 0/ baseline",40766819,"Baseline time","loinc:64103-5"
"ACE_at_V1","ACE-inhibitor at visit1","INT",,"1=yes|0=no",,567,55,0,1,,"loinc:LA33-6|loinc:LA32-8","Yes|No","45877994|45878245","atc:C09AA","""ACE inhibitors, plain""",21601784,,,,,,,"Drug_Exposure","month 1",4081745,"follow-up 1 month","snomed:183623000"
"ACE_at_V12","ACE-inhibitor at visit12","INT",,"1=yes|0=no",,446,176,0,1,,"loinc:LA33-6|loinc:LA32-8","Yes|No","45877994|45878245","atc:C09AA","""ACE inhibitors, plain""",21601784,,,,,,,"Drug_Exposure","month 12",4081746,"follow-up 1 year","snomed:183627004"
"ACE_at_V18","ACE-inhibitor at visit18","INT",,"1=yes|0=no",,406,216,0,1,,"loinc:LA33-6|loinc:LA32-8","Yes|No","45877994|45878245","atc:C09AA","""ACE inhibitors, plain""",21601784,,,,,,,"Drug_Exposure","month 18",44789050,"follow-up 18 months","snomed:199591000000102"
"ACE_at_V3","ACE-inhibitor at visit3","INT",,"1=yes|0=no",,523,99,0,1,,"loinc:LA33-6|loinc:LA32-8","Yes|No","45877994|45878245","atc:C09AA","""ACE inhibitors, plain""",21601784,,,,,,,"Drug_Exposure","month 3",44789369,"follow-up 3 months","snomed:200521000000107"
"ACE_at_V6","ACE-inhibitor at visit6","INT",,"1=yes|0=no",,489,133,0,1,,"loinc:LA33-6|loinc:LA32-8","Yes|No","45877994|45878245","atc:C09AA","""ACE inhibitors, plain""",21601784,,,,,,,"Drug_Exposure","month 6",4103967,"follow-up 6 months","snomed:300042001"
"ACEAdj1","ACE inhibitor adjustment at Visit1","INT",,"0 = no adjustment| 1= 1 times uptitration| 2= increase more than once| 3= reduction| 4= stop| 5= no adjustment due to side-effect| 6= other",,563,59,0,6,,"loinc:LA32-8|snomed:422114001|icare:icv2000000032|snomed:260400001|snomed:422117008|snomed:395009001|snomed:74964007","No|once|more than once|Reduced|stop|Medication stopped - side effect|other","45878245|4226232|2000000032|4127781|4226233|4216319|9177","atc:C09AA","""ACE inhibitors, plain""",21601784,"Adjustment","snomed:410617001",4253750,,,,"Drug_Exposure","month 1",4081745,"follow-up 1 month","snomed:183623000"
"ACEAdj12","ACE inhibitor adjustment at Visit12","INT",,"0 = no adjustment| 1= 1 times uptitration| 2= increase more than once| 3= reduction| 4= stop| 5= no adjustment due to side-effect| 6= other",,447,175,0,5,,"loinc:LA32-8|snomed:422114001|icare:icv2000000032|snomed:260400001|snomed:422117008|snomed:395009001|snomed:74964007","No|once|more than once|Reduced|stop|Medication stopped - side effect|other","45878245|4226232|2000000032|4127781|4226233|4216319|9177","atc:C09AA","""ACE inhibitors, plain""",21601784,"Adjustment","snomed:410617001",4253750,,,,"Drug_Exposure","month 12",4081746,"follow-up 1 year","snomed:183627004"
"ACEAdj3","ACE inhibitor adjustment at Visit3","INT",,"0 = no adjustment| 1= 1 times uptitration| 2= increase more than once| 3= reduction| 4= stop| 5= no adjustment due to side-effect| 6= other",,523,99,0,6,,"loinc:LA32-8|snomed:422114001|icare:icv2000000032|snomed:260400001|snomed:422117008|snomed:395009001|snomed:74964007","No|once|more than once|Reduced|stop|Medication stopped - side effect|other","45878245|4226232|2000000032|4127781|4226233|4216319|9177","atc:C09AA","""ACE inhibitors, plain""",21601784,"Adjustment","snomed:410617001",4253750,,,,"Drug_Exposure","month 3",44789369,"follow-up 3 months","snomed:200521000000107"
"ACEAdj6","ACE inhibitor adjustment at Visit6","INT",,"0 = no adjustment| 1= 1 times uptitration| 2= increase more than once| 3= reduction| 4= stop| 5= no adjustment due to side-effect| 6= other",,490,132,0,6,,"loinc:LA32-8|snomed:422114001|icare:icv2000000032|snomed:260400001|snomed:422117008|snomed:395009001|snomed:74964007","No|once|more than once|Reduced|stop|Medication stopped - side effect|other","45878245|4226232|2000000032|4127781|4226233|4216319|9177","atc:C09AA","""ACE inhibitors, plain""",21601784,"Adjustment","snomed:410617001",4253750,,,,"Drug_Exposure","month 6",4103967,"follow-up 6 months","snomed:300042001"
"ACEAdjBL","ACE inhibitor adjustment at Baseline","INT",,"0 = no adjustment| 1= 1 times uptitration| 2= increase more than once| 3= reduction| 4= stop| 5= no adjustment due to side-effect| 6= other",,621,1,0,5,,"loinc:LA32-8|snomed:422114001|icare:icv2000000032|snomed:260400001|snomed:422117008|snomed:395009001|snomed:74964007","No|once|more than once|Reduced|stop|Medication stopped - side effect|other","45878245|4226232|2000000032|4127781|4226233|4216319|9177","atc:C09AA","""ACE inhibitors, plain""",21601784,"Adjustment","snomed:410617001",4253750,,,,"Drug_Exposure","month 0/ baseline",40766819,"Baseline time","loinc:64103-5"
"Aethylabusus","History of alcohol abuse Y/N","INT",,"1=yes|0=no",,622,0,0,1,,"loinc:LA33-6|loinc:LA32-8","Yes|No","45877994|45878245","snomed:15167005","Alcohol abuse",433753,"Medical history [PhenX]","loinc:66480-5",40769143,,,,"Condition_occurrence","month 0/ baseline",40766819,"Baseline time","loinc:64103-5"
"AFib_12","atrial fibrilation during echocardiography y/n at visit12","INT",,"1=yes|0=no",,,,,,,"loinc:LA33-6|loinc:LA32-8","Yes|No","45877994|45878245","snomed:49436004","Atrial fibrillation",313217,"Echocardiography","snomed:40701008",4230911,,,,"Measurement","month 12",4081746,"follow-up 1 year","snomed:183627004"
"AFib_18","atrial fibrilation during echocardiography y/n at visit18","INT",,"1=yes|0=no",,,,,,,"loinc:LA33-6|loinc:LA32-8","Yes|No","45877994|45878245","snomed:49436004","Atrial fibrillation",313217,"Echocardiography","snomed:40701008",4230911,,,,"Measurement","month 18",44789050,"follow-up 18 months","snomed:199591000000102"
"AFib_BL","atrial fibrilation during echocardiography y/n at baseline","INT",,"1=yes|0=no",,532,90,0,1,,"loinc:LA33-6|loinc:LA32-8","Yes|No","45877994|45878245","snomed:49436004","Atrial fibrillation",313217,"Echocardiography","snomed:40701008",4230911,,,,"Measurement","month 0/ baseline",40766819,"Baseline time","loinc:64103-5"
"AfwijkendeTinaVR","abnormal T-wave in lead aVR at baseline","INT",,"1=yes|0=no",,620,2,0,1,,"loinc:LA33-6|loinc:LA32-8","Yes|No","45877994|45878245","loinc:10144-4","T wave amplitude in lead AVR",3023934,"Abnormal","snomed:263654008",4135493,,,,"Measurement","month 0/ baseline",40766819,"Baseline time","loinc:64103-5"
"AfwijkendeTinaVR_12","abnormal T-wave in lead aVR at visit12","INT",,"1=yes|0=no",,430,192,0,1,,"loinc:LA33-6|loinc:LA32-8","Yes|No","45877994|45878245","loinc:10144-4","T wave amplitude in lead AVR",3023934,"Abnormal","snomed:263654008",4135493,,,,"Measurement","month 12",4081746,"follow-up 1 year","snomed:183627004"
"AfwijkendeTinaVR_18","Abnormal T-wave in lead aVR at visit18","INT",,"1=yes|0=no",,395,227,0,1,,"loinc:LA33-6|loinc:LA32-8","Yes|No","45877994|45878245","loinc:10144-4","T wave amplitude in lead AVR",3023934,"Abnormal","snomed:263654008",4135493,,,,"Measurement","month 18",44789050,"follow-up 18 months","snomed:199591000000102"
"AI","aortic valve insufficiency at baseline","INT",,"0 = no | 1 = trivial| 2=mild | 3=moderate | 4=severe",9,526,96,0,9,,"LOINC:LA32-8|snomed:162466003|snomed:255604002|snomed:1255665007|snomed:24484000","No|Symptom trivial|Mild|Moderate|Severe","45878245|4037114|4116992|37165778|4087703","snomed:60234000","Aortic valve regurgitation",315564,"Echocardiography","snomed:40701008",4230911,,,,"Measurement","month 0/ baseline",40766819,"Baseline time","loinc:64103-5"
"AI_12","aortic valve insufficiency at visit12","INT",,"0 = no | 1 = trivial| 2=mild | 3=moderate | 4=severe",9,,,,,,"LOINC:LA32-8|snomed:162466003|snomed:255604002|snomed:1255665007|snomed:24484000","No|Symptom trivial|Mild|Moderate|Severe","45878245|4037114|4116992|37165778|4087703","snomed:60234000","Aortic valve regurgitation",315564,"Echocardiography","snomed:40701008",4230911,,,,"Measurement","month 12",4081746,"follow-up 1 year","snomed:183627004"
"AI_18","aortic valve insufficiency at visit18","INT",,"0 = no | 1 = trivial| 2=mild | 3=moderate | 4=severe",9,,,,,,"LOINC:LA32-8|snomed:162466003|snomed:255604002|snomed:1255665007|snomed:24484000","No|Symptom trivial|Mild|Moderate|Severe","45878245|4037114|4116992|37165778|4087703","snomed:60234000","Aortic valve regurgitation",315564,"Echocardiography","snomed:40701008",4230911,,,,"Measurement","month 18",44789050,"follow-up 18 months","snomed:199591000000102"
"AKGradierungVerkalk","aortic valve calcification at baseline","INT",,"0 = no | 1 = trivial| 2=mild | 3=moderate | 4=severe",9,526,96,0,4,,"LOINC:LA32-8|snomed:162466003|snomed:255604002|snomed:1255665007|snomed:24484000","No|Symptom trivial|Mild|Moderate|Severe","45878245|4037114|4116992|37165778|4087703","snomed:250978003","Aortic valve calcification",4108164,"Echocardiography","snomed:40701008",4230911,,,,"Measurement","month 0/ baseline",40766819,"Baseline time","loinc:64103-5"
"AKGradierungVerkalk_12","aortic valve calcification at visit12","INT",,"0 = no | 1 = trivial| 2=mild | 3=moderate | 4=severe",9,,,,,,"LOINC:LA32-8|snomed:162466003|snomed:255604002|snomed:1255665007|snomed:24484000","No|Symptom trivial|Mild|Moderate|Severe","45878245|4037114|4116992|37165778|4087703","snomed:250978003","Aortic valve calcification",4108164,"Echocardiography","snomed:40701008",4230911,,,,"Measurement","month 12",4081746,"follow-up 1 year","snomed:183627004"
"AKGradierungVerkalk_18","aortic valve calcification at visit18","INT",,"0 = no | 1 = trivial| 2=mild | 3=moderate | 4=severe",9,,,,,,"LOINC:LA32-8|snomed:162466003|snomed:255604002|snomed:1255665007|snomed:24484000","No|Symptom trivial|Mild|Moderate|Severe","45878245|4037114|4116992|37165778|4087703","snomed:250978003","Aortic valve calcification",4108164,"Echocardiography","snomed:40701008",4230911,,,,"Measurement","month 18",44789050,"follow-up 18 months","snomed:199591000000102"
"All_cause_death_HFhosp","Death or Heart failure hospitalisations y/n","INT",,"1=yes|0=no",,622,0,0,1,,"loinc:LA33-6|loinc:LA32-8","Yes|No","45877994|45878245","cdisc:C25212","Study Endpoint",37538258,"Death|Emergency hospital admission for heart failure","snomed:419620001|snomed:416683003","4306655|4215511",,,,"Observation","end of study",2000000025,"end of study visit","icare:icv2000000025"
"All_cause_death_hospitalisation","Death or all-cause hospitalisations y/n","INT",,"1=yes|0=no",,622,0,0,1,,"loinc:LA33-6|loinc:LA32-8","Yes|No","45877994|45878245","cdisc:C25212","Study Endpoint",37538258,"Death|History of Hospitalization","snomed:419620001|loinc:11337-3","4306655|3019044",,,,"Observation","end of study",2000000025,"end of study visit","icare:icv2000000025"
"allAEs","number of total of all (Adverse Events) in the patient","INT",,,,622,0,0,45,,,,,"loinc:LA7266-5","Adverse event ",45884383,"Total","snomed:255619001",4112438,,,,"Condition_occurrence","month 0/ baseline",40766819,"Baseline time","loinc:64103-5"
"Allergien","history of allergies Y/N","INT",,"1=yes|0=no",,622,0,0,1,,"loinc:LA33-6|loinc:LA32-8","Yes|No","45877994|45878245","loinc:8658-7","History of Allergies",3003680,"Medical history [PhenX]","loinc:66480-5",40769143,,,,"Condition_occurrence","month 0/ baseline",40766819,"Baseline time","loinc:64103-5"
"Anemia_01_12","anemia at visit12 Y/N","INT",,"1=yes|0=no",,439,183,0,1,,"loinc:LA33-6|loinc:LA32-8","Yes|No","45877994|45878245","snomed:271737000","Anemia",439777,,,,,,,"Condition_occurrence","month 12",4081746,"follow-up 1 year","snomed:183627004"
"Anemia_01_18","anemia at visit18 Y/N","INT",,"1=yes|0=no",,399,223,0,1,,"loinc:LA33-6|loinc:LA32-8","Yes|No","45877994|45878245","snomed:271737000","Anemia",439777,,,,,,,"Condition_occurrence","month 18",44789050,"follow-up 18 months","snomed:199591000000102"
"Anemia_01_6","anemia at visit6 Y/N","INT",,"1=yes|0=no",,448,174,0,1,,"loinc:LA33-6|loinc:LA32-8","Yes|No","45877994|45878245","snomed:271737000","Anemia",439777,,,,,,,"Condition_occurrence","month 6",4103967,"follow-up 6 months","snomed:300042001"
"Anemia_01_BL","anemia at baseline Y/N","INT",,,,620,2,0,1,">13g/dl men >12 g/dl women",,,,"snomed:271737000","Anemia",439777,,,,,,,"Condition_occurrence","month 0/ baseline",40766819,"Baseline time","loinc:64103-5"
"AnemiaAEs","Anemia Aes adverse events","INT",,,,622,0,0,7,,,,,"loinc:LA7266-5 ","Adverse event ",45884383,"Anemia","snomed:271737000",439777,,,,"Condition_occurrence","month 0/ baseline",40766819,"Baseline time","loinc:64103-5"
"Anémie","history of anemia Y/N","INT",,"1=yes|0=no",,622,0,0,1,,"loinc:LA33-6|loinc:LA32-8","Yes|No","45877994|45878245","snomed:271737000","Anemia",439777,"Medical history [PhenX]","loinc:66480-5",40769143,,,,"Condition_occurrence","month 0/ baseline",40766819,"Baseline time","loinc:64103-5"
"Angina","CCS (classification of chestpain) classification in 1/2 steps at baseline","INT",,"0=No| 1=angina class I | 2=angina class I-II | 3=angina class II ",,615,7,0,3,,"loinc:LA32-8|snomed:61490001|icare:icv2000000027|snomed:41334000","No|Angina, class I|Angina class I/II|Angina, class II","45878245|4264145|2000000027|4184827","snomed:134438001","Canadian Cardiovascular Society classification of angina",4047565,,,,,,,"Observation","month 0/ baseline",40766819,"Baseline time","loinc:64103-5"
"Angina01","having history of Angina at baseline","INT",,"1=yes|0=no",,616,6,0,1,,"loinc:LA33-6|loinc:LA32-8","Yes|No","45877994|45878245","snomed:194828000","Angina pectoris",321318,"Medical history [PhenX]","loinc:66480-5",40769143,,,,"Condition_occurrence","month 0/ baseline",40766819,"Baseline time","loinc:64103-5"
"Angina1","CCS (classification of chestpain) classification in 1/2 steps at Visit1","INT",,"0=no | 1=angina class I | 2=angina class I-II | 3=angina class II | 4=angina class II-III | 5=angina class III | 6= angina class III-IV ",9,554,68,0,6,,"loinc:LA32-8|snomed:61490001|icare:icv2000000027|snomed:41334000|icare:icv2000000028|snomed:85284003|icare:icv2000000029","No|Angina, class I|Angina class I/II|Angina, class II|Angina class II/III|Angina, class III|Angina class III/IV","45878245|4264145|2000000027|4184827|2000000028|4310270|2000000029","snomed:134438001","Canadian Cardiovascular Society classification of angina",4047565,,,,,,,"Observation","month 1",4081745,"follow-up 1 month","snomed:183623000"
"Angina12","CCS (classification of chestpain) classification in 1/2 steps at Visit12","INT",,"0=no | 1=angina class I | 2=angina class I-II | 3=angina class II | 4=angina class II-III | 5=angina class III | 6= angina class III-IV ",9,442,180,0,6,,"loinc:LA32-8|snomed:61490001|icare:icv2000000027|snomed:41334000|icare:icv2000000028|snomed:85284003|icare:icv2000000029","No|Angina, class I|Angina class I/II|Angina, class II|Angina class II/III|Angina, class III|Angina class III/IV","45878245|4264145|2000000027|4184827|2000000028|4310270|2000000029","snomed:134438001","Canadian Cardiovascular Society classification of angina",4047565,,,,,,,"Observation","month 12",4081746,"follow-up 1 year","snomed:183627004"
"Angina18","CCS (classification of chestpain) classification in 1/2 steps at Visit18","INT",,"0=no | 1=angina class I | 2=angina class I-II | 3=angina class II | 4=angina class II-III | 5=angina class III | 6= angina class III-IV ",9,401,221,0,6,,"loinc:LA32-8|snomed:61490001|icare:icv2000000027|snomed:41334000|icare:icv2000000028|snomed:85284003|icare:icv2000000029","No|Angina, class I|Angina class I/II|Angina, class II|Angina class II/III|Angina, class III|Angina class III/IV","45878245|4264145|2000000027|4184827|2000000028|4310270|2000000029","snomed:134438001","Canadian Cardiovascular Society classification of angina",4047565,,,,,,,"Observation","month 18",44789050,"follow-up 18 months","snomed:199591000000102"
"Angina3","CCS (classification of chestpain) classification in 1/2 steps at Visit3","INT",,"0=no | 1=angina class I | 2=angina class I-II | 3=angina class II | 4=angina class II-III | 5=angina class III | 6= angina class III-IV  ",9,511,111,0,6,,"loinc:LA32-8|snomed:61490001|icare:icv2000000027|snomed:41334000|icare:icv2000000028|snomed:85284003|icare:icv2000000029","No|Angina, class I|Angina class I/II|Angina, class II|Angina class II/III|Angina, class III|Angina class III/IV","45878245|4264145|2000000027|4184827|2000000028|4310270|2000000029","snomed:134438001","Canadian Cardiovascular Society classification of angina",4047565,,,,,,,"Observation","month 3",44789369,"follow-up 3 months","snomed:200521000000107"
"Angina6","CCS (classification of chestpain) classification in 1/2 steps at Visit6","INT",,"0=no | 1=angina class I | 2=angina class I-II | 3=angina class II | 4=angina class II-III | 5=angina class III | 6= angina class III-IV ",9,482,140,0,6,,"loinc:LA32-8|snomed:61490001|icare:icv2000000027|snomed:41334000|icare:icv2000000028|snomed:85284003|icare:icv2000000029","No|Angina, class I|Angina class I/II|Angina, class II|Angina class II/III|Angina, class III|Angina class III/IV","45878245|4264145|2000000027|4184827|2000000028|4310270|2000000029","snomed:134438001","Canadian Cardiovascular Society classification of angina",4047565,,,,,,,"Observation","month 6",4103967,"follow-up 6 months","snomed:300042001"
"Ant_MI","History of anterior myocardial infarction","INT",,"1=yes|0=no",,622,0,0,1,,"loinc:LA33-6|loinc:LA32-8","Yes|No","45877994|45878245","Snomed:54329005","Acute myocardial infarction of anterior wall",434376,"Medical history [PhenX]","loinc:66480-5",40769143,,,,"Condition_occurrence","month 0/ baseline",40766819,"Baseline time","loinc:64103-5"
"Anterior","anterior hypokinesia at baseline","INT",,"0=normal| 1 = hypokinetic | 2=severely hypokin | 3=akinetic| 4 = dyskinetic",9,479,143,0,3,,"snomed:17621005|snomed:37706002|snomed:371870001|snomed:255326006|snomed:255340007","Normal|Hypokinesis of cardiac wall|Severe hypokinesis of cardiac wall|Akinetic|Dyskinetic","4069590|4291798|4162728|4113277|4113280","snomed:37706002","Hypokinesis of cardiac wall",4291798,"Anterior|Echocardiography","snomed:255549009|snomed:40701008","4115458|4230911",,,,"Measurement","month 0/ baseline",40766819,"Baseline time","loinc:64103-5"
"Anterior_12","anterior hypokinesia at visit12","INT",,"0=normal| 1 = hypokinetic | 2=severely hypokin | 3=akinetic| 4 = dyskinetic",9,,,,,,"snomed:17621005|snomed:37706002|snomed:371870001|snomed:255326006|snomed:255340007","Normal|Hypokinesis of cardiac wall|Severe hypokinesis of cardiac wall|Akinetic|Dyskinetic","4069590|4291798|4162728|4113277|4113280","snomed:37706002","Hypokinesis of cardiac wall",4291798,"Anterior|Echocardiography","snomed:255549009|snomed:40701008","4115458|4230911",,,,"Measurement","month 12",4081746,"follow-up 1 year","snomed:183627004"
"Anterior_18","anterior hypokinesia at visit18","INT",,"0=normal| 1 = hypokinetic | 2=severely hypokin | 3=akinetic| 4 = dyskinetic",9,,,,,,"snomed:17621005|snomed:37706002|snomed:371870001|snomed:255326006|snomed:255340007","Normal|Hypokinesis of cardiac wall|Severe hypokinesis of cardiac wall|Akinetic|Dyskinetic","4069590|4291798|4162728|4113277|4113280","snomed:37706002","Hypokinesis of cardiac wall",4291798,"Anterior|Echocardiography","snomed:255549009|snomed:40701008","4115458|4230911",,,,"Measurement","month 18",44789050,"follow-up 18 months","snomed:199591000000102"
"Antidepress","uses anyantidepressive medication useat Baseline y/n ","INT",,"1=yes|0=no",,622,0,0,1,,"loinc:LA33-6|loinc:LA32-8","Yes|No","45877994|45878245","atc:N06A","antidepressants",21604686,,,,,,,"Drug_Exposure","month 0/ baseline",40766819,"Baseline time","loinc:64103-5"
"Anulusdilatation","annulus dilatation of mitral valve at baseline","INT",,"1=yes|0=no",,532,90,0,1,,"loinc:LA33-6|loinc:LA32-8","Yes|No","45877994|45878245","snomed:253398001","Dilatation of mitral annulus",4102864,"Echocardiography","snomed:40701008",4230911,,,,"Measurement","month 0/ baseline",40766819,"Baseline time","loinc:64103-5"
"Anulusdilatation_12","annulus dilatation of mitral valve at visit12","INT",,"1=yes|0=no",,,,,,,"loinc:LA33-6|loinc:LA32-8","Yes|No","45877994|45878245","snomed:253398001","Dilatation of mitral annulus",4102864,"Echocardiography","snomed:40701008",4230911,,,,"Measurement","month 12",4081746,"follow-up 1 year","snomed:183627004"
"Anulusdilatation_18","annulus dilatation of mitral valve at visit18","INT",,"1=yes|0=no",,,,,,,"loinc:LA33-6|loinc:LA32-8","Yes|No","45877994|45878245","snomed:253398001","Dilatation of mitral annulus",4102864,"Echocardiography","snomed:40701008",4230911,,,,"Measurement","month 18",44789050,"follow-up 18 months","snomed:199591000000102"
"AortenanulusDilatation","Aortic anulus-Dilatation Y/n at baseline","INT",,"1=yes|0=no",,532,90,0,1,,"loinc:LA33-6|loinc:LA32-8","Yes|No","45877994|45878245","snomed:448903003","Dilatation of annulus of aortic valve",40492453,"Echocardiography","snomed:40701008",4230911,,,,"Measurement","month 0/ baseline",40766819,"Baseline time","loinc:64103-5"
"AortenanulusDilatation_12","Aortic anulus-Dilatation Y/n at visit12","INT",,"1=yes|0=no",,,,,,,"loinc:LA33-6|loinc:LA32-8","Yes|No","45877994|45878245","snomed:448903003","Dilatation of annulus of aortic valve",40492453,"Echocardiography","snomed:40701008",4230911,,,,"Measurement","month 12",4081746,"follow-up 1 year","snomed:183627004"
"AortenanulusDilatation_18","Aortic anulus-Dilatation Y/n at visit18","INT",,"1=yes|0=no",,,,,,,"loinc:LA33-6|loinc:LA32-8","Yes|No","45877994|45878245","snomed:448903003","Dilatation of annulus of aortic valve",40492453,"Echocardiography","snomed:40701008",4230911,,,,"Measurement","month 18",44789050,"follow-up 18 months","snomed:199591000000102"
"Aortenklappe","aortic valve at baseline","INT",,"0=tricuspid | 1 = bicuspid with raphe | 2 = bicuspid | 3 = monocuspid | 4= Prosthesis",9,526,96,0,9,,"snomed:449115006|icare:icv2000000055|snomed:72352009|snomed:253610004|snomed:53350007","Tricuspid aortic valve present|Bicuspid with raphe|Bicuspid aortic valve|Unicuspid aortic valve|Prosthesis","40493450|2000000055|4218450|4108730|4205702","snomed:34202007","Aortic valve structure",4145283,"Echocardiography","snomed:40701008",4230911,,,,"Measurement","month 0/ baseline",40766819,"Baseline time","loinc:64103-5"
"Aortenklappe_12","aortic valve at visit12","INT",,"0=tricuspid | 1 = bicuspid with raphe | 2 = bicuspid | 3 = monocuspid | 4= Prosthesis",9,,,,,,"snomed:449115006|icare:icv2000000055|snomed:72352009|snomed:253610004|snomed:53350007","Tricuspid aortic valve present|Bicuspid with raphe|Bicuspid aortic valve|Unicuspid aortic valve|Prosthesis","40493450|2000000055|4218450|4108730|4205702","snomed:34202007","Aortic valve structure",4145283,"Echocardiography","snomed:40701008",4230911,,,,"Measurement","month 12",4081746,"follow-up 1 year","snomed:183627004"
"Aortenklappe_18","aortic valve at visit18","INT",,"0=tricuspid | 1 = bicuspid with raphe | 2 = bicuspid | 3 = monocuspid | 4= Prosthesis",9,,,,,,"snomed:449115006|icare:icv2000000055|snomed:72352009|snomed:253610004|snomed:53350007","Tricuspid aortic valve present|Bicuspid with raphe|Bicuspid aortic valve|Unicuspid aortic valve|Prosthesis","40493450|2000000055|4218450|4108730|4205702","snomed:34202007","Aortic valve structure",4145283,"Echocardiography","snomed:40701008",4230911,,,,"Measurement","month 18",44789050,"follow-up 18 months","snomed:199591000000102"
"AortenklappeMorphologie","aortic valve Morphology at baseline","INT",,"0 = normal| 1=edges thickened | 2 = thickened | 3 = calcified | 4=Prosthesis",,511,111,0,4,,"snomed:17621005|icare:icv2000000030|icare:icv2000000031|snomed:250978003|snomed:84683006","Normal|aortic valve morphology - edges thickened|aortic valve morphology - thickened|Aortic valve calcification|Aortic valve prosthesis","4069590|2000000030|2000000031|4108164|4224817","snomed:81797008","Structure of cusp of aortic valve",4305339,"Echocardiography","snomed:40701008",4230911,,,,"Measurement","month 0/ baseline",40766819,"Baseline time","loinc:64103-5"
"AortenklappeMorphologie_12","aortic valve Morphology at visit12","INT",,"0 = normal| 1=edges thickened | 2 = thickened | 3 = calcified | 4=Prosthesis",,,,,,,"snomed:17621005|icare:icv2000000030|icare:icv2000000031|snomed:250978003|snomed:84683006","Normal|aortic valve morphology - edges thickened|aortic valve morphology - thickened|Aortic valve calcification|Aortic valve prosthesis","4069590|2000000030|2000000031|4108164|4224817","snomed:81797008","Structure of cusp of aortic valve",4305339,"Echocardiography","snomed:40701008",4230911,,,,"Measurement","month 12",4081746,"follow-up 1 year","snomed:183627004"
"AortenklappeMorphologie_18","aortic valve Morphology at visit18","INT",,"0 = normal| 1=edges thickened | 2 = thickened | 3 = calcified | 4=Prosthesis",,,,,,,"snomed:17621005|icare:icv2000000030|icare:icv2000000031|snomed:250978003|snomed:84683006","Normal|aortic valve morphology - edges thickened|aortic valve morphology - thickened|Aortic valve calcification|Aortic valve prosthesis","4069590|2000000030|2000000031|4108164|4224817","snomed:81797008","Structure of cusp of aortic valve",4305339,"Echocardiography","snomed:40701008",4230911,,,,"Measurement","month 18",44789050,"follow-up 18 months","snomed:199591000000102"
"Apikal","apical hypokinesia at baseline","INT",,"0=normal| 1 = hypokinetic| 2=severely hypokin | 3=akinetic| 4 = dyskinetic",9,480,142,0,9,,"snomed:17621005|snomed:37706002|snomed:371870001|snomed:255326006|snomed:255340007","Normal|Hypokinesis of cardiac wall|Severe hypokinesis of cardiac wall|Akinetic|Dyskinetic","4069590|4291798|4162728|4113277|4113280","snomed:37706002","Hypokinesis of cardiac wall",4291798,"aprical|Echocardiography","snomed:43674008|snomed:40701008","4184475|4230911",,,,"Measurement","month 0/ baseline",40766819,"Baseline time","loinc:64103-5"
"Apikal_12","apical hypokinesia at visit12","INT",,"0=normal| 1 = hypokinetic| 2=severely hypokin | 3=akinetic| 4 = dyskinetic",9,,,,,,"snomed:17621005|snomed:37706002|snomed:371870001|snomed:255326006|snomed:255340007","Normal|Hypokinesis of cardiac wall|Severe hypokinesis of cardiac wall|Akinetic|Dyskinetic","4069590|4291798|4162728|4113277|4113280","snomed:37706002","Hypokinesis of cardiac wall",4291798,"aprical|Echocardiography","snomed:43674008|snomed:40701008","4184475|4230911",,,,"Measurement","month 12",4081746,"follow-up 1 year","snomed:183627004"
"Apikal_18","apical hypokinesia at visit18","INT",,"0=normal| 1 = hypokinetic| 2=severely hypokin | 3=akinetic| 4 = dyskinetic",9,,,,,,"snomed:17621005|snomed:37706002|snomed:371870001|snomed:255326006|snomed:255340007","Normal|Hypokinesis of cardiac wall|Severe hypokinesis of cardiac wall|Akinetic|Dyskinetic","4069590|4291798|4162728|4113277|4113280","snomed:37706002","Hypokinesis of cardiac wall",4291798,"aprical|Echocardiography","snomed:43674008|snomed:40701008","4184475|4230911",,,,"Measurement","month 18",44789050,"follow-up 18 months","snomed:199591000000102"
"Arthrosis","history of arthrosis Y/N","INT",,"1=yes|0=no",,622,0,0,1,,"loinc:LA33-6|loinc:LA32-8","Yes|No","45877994|45878245","snomed:274135002","Arthritis/arthrosis",4167092,"Medical history [PhenX]","loinc:66480-5",40769143,,,,"Condition_occurrence","month 0/ baseline",40766819,"Baseline time","loinc:64103-5"
"AS","aortic stenosis at baseline","INT",,"0 = no | 1 = trivial| 2=mild | 3=moderate | 4=severe",9,529,93,0,9,,"LOINC:LA32-8|snomed:162466003|snomed:255604002|snomed:1255665007|snomed:24484000","No|Symptom trivial|Mild|Moderate|Severe","45878245|4037114|4116992|37165778|4087703","snomed:60573004","Aortic valve stenosis",4189343,"Echocardiography","snomed:40701008",4230911,,,,"Measurement","month 0/ baseline",40766819,"Baseline time","loinc:64103-5"
"AS_12","aortic stenosis at visit12","INT",,"0 = no | 1 = trivial| 2=mild | 3=moderate | 4=severe",9,,,,,,"LOINC:LA32-8|snomed:162466003|snomed:255604002|snomed:1255665007|snomed:24484000","No|Symptom trivial|Mild|Moderate|Severe","45878245|4037114|4116992|37165778|4087703","snomed:60573004","Aortic valve stenosis",4189343,"Echocardiography","snomed:40701008",4230911,,,,"Measurement","month 12",4081746,"follow-up 1 year","snomed:183627004"
"AS_18","aortic stenosis at visit18","INT",,"0 = no | 1 = trivial| 2=mild | 3=moderate | 4=severe",9,,,,,,"LOINC:LA32-8|snomed:162466003|snomed:255604002|snomed:1255665007|snomed:24484000","No|Symptom trivial|Mild|Moderate|Severe","45878245|4037114|4116992|37165778|4087703","snomed:60573004","Aortic valve stenosis",4189343,"Echocardiography","snomed:40701008",4230911,,,,"Measurement","month 18",44789050,"follow-up 18 months","snomed:199591000000102"
"Aspirin_BL","Aspirin medication y/n at baseline","INT",,"1=yes|0=no",,622,0,0,1,,"loinc:LA33-6|loinc:LA32-8","Yes|No","45877994|45878245","rxnorm:1191","Aspirin",1112807,,,,,,,"Drug_Exposure","month 0/ baseline",40766819,"Baseline time","loinc:64103-5"
"Aspirin_V1","Aspirin medication y/n at visit1","INT",,"1=yes|0=no",,564,58,0,1,,"loinc:LA33-6|loinc:LA32-8","Yes|No","45877994|45878245","rxnorm:1191","Aspirin",1112807,,,,,,,"Drug_Exposure","month 1",4081745,"follow-up 1 month","snomed:183623000"
"Aspirin_V12","Aspirin medication y/n at visit12","INT",,"1=yes|0=no",,445,177,0,1,,"loinc:LA33-6|loinc:LA32-8","Yes|No","45877994|45878245","rxnorm:1191","Aspirin",1112807,,,,,,,"Drug_Exposure","month 12",4081746,"follow-up 1 year","snomed:183627004"
"Aspirin_V18","Aspirin medication y/n at visit18","INT",,"1=yes|0=no",,406,216,0,1,,"loinc:LA33-6|loinc:LA32-8","Yes|No","45877994|45878245","rxnorm:1191","Aspirin",1112807,,,,,,,"Drug_Exposure","month 18",44789050,"follow-up 18 months","snomed:199591000000102"
"Aspirin_V3","Aspirin medication y/n at visit3","INT",,"1=yes|0=no",,521,101,0,1,,"loinc:LA33-6|loinc:LA32-8","Yes|No","45877994|45878245","rxnorm:1191","Aspirin",1112807,,,,,,,"Drug_Exposure","month 3",44789369,"follow-up 3 months","snomed:200521000000107"
"Aspirin_V6","Aspirin medication y/n at visit6","INT",,"1=yes|0=no",,489,133,0,1,,"loinc:LA33-6|loinc:LA32-8","Yes|No","45877994|45878245","rxnorm:1191","Aspirin",1112807,,,,,,,"Drug_Exposure","month 6",4103967,"follow-up 6 months","snomed:300042001"
"Asthma","history of asthma Y/N","INT",,"1=yes|0=no",,622,0,0,1,,"loinc:LA33-6|loinc:LA32-8","Yes|No","45877994|45878245","snomed:195967001","Asthma",317009,"Medical history [PhenX]","loinc:66480-5",40769143,,,,"Condition_occurrence","month 0/ baseline",40766819,"Baseline time","loinc:64103-5"
"ATII_at_BL","ATII-antagonist at Baseline","INT",,"1=yes|0=no",,622,0,0,1,,"loinc:LA33-6|loinc:LA32-8","Yes|No","45877994|45878245","atc:C09CA","""Angiotensin II receptor blockers (ARBs), plain""",21601823,,,,,,,"Drug_Exposure","month 0/ baseline",40766819,"Baseline time","loinc:64103-5"
"ATII_at_V1","ATII-antagonist at visit1","INT",,"1=yes|0=no",,567,55,0,1,,"loinc:LA33-6|loinc:LA32-8","Yes|No","45877994|45878245","atc:C09CA","""Angiotensin II receptor blockers (ARBs), plain""",21601823,,,,,,,"Drug_Exposure","month 1",4081745,"follow-up 1 month","snomed:183623000"
"ATII_at_V12","ATII-antagonist at Visit12","INT",,"1=yes|0=no",,448,174,0,1,,"loinc:LA33-6|loinc:LA32-8","Yes|No","45877994|45878245","atc:C09CA","""Angiotensin II receptor blockers (ARBs), plain""",21601823,,,,,,,"Drug_Exposure","month 12",4081746,"follow-up 1 year","snomed:183627004"
"ATII_at_V18","ATII-antagonist at Visit18","INT",,"1=yes|0=no",,406,216,0,1,,"loinc:LA33-6|loinc:LA32-8","Yes|No","45877994|45878245","atc:C09CA","""Angiotensin II receptor blockers (ARBs), plain""",21601823,,,,,,,"Drug_Exposure","month 18",44789050,"follow-up 18 months","snomed:199591000000102"
"ATII_at_V3","ATII-antagonist at Visit3","INT",,"1=yes|0=no",,523,99,0,1,,"loinc:LA33-6|loinc:LA32-8","Yes|No","45877994|45878245","atc:C09CA","""Angiotensin II receptor blockers (ARBs), plain""",21601823,,,,,,,"Drug_Exposure","month 3",44789369,"follow-up 3 months","snomed:200521000000107"
"ATII_at_V6","ATII-antagonist at Visit6","INT",,"1=yes|0=no",,489,133,0,1,,"loinc:LA33-6|loinc:LA32-8","Yes|No","45877994|45878245","atc:C09CA","""Angiotensin II receptor blockers (ARBs), plain""",21601823,,,,,,,"Drug_Exposure","month 6",4103967,"follow-up 6 months","snomed:300042001"
"ATIIAdj1","Angiotensin II receptor inhibitor (=ARB) adjustment at Visit1","INT",,"0 = no adjustment| 1= 1 times uptitration| 2= increase more than once| 3= reduction| 4= stop| 5= no adjustment due to side-effect| 6= other",,563,59,0,6,,"loinc:LA32-8|snomed:422114001|icare:icv2000000032|snomed:260400001|snomed:422117008|snomed:395009001|snomed:74964007","No|once|more than once|Reduced|stop|Medication stopped - side effect|other","45878245|4226232|2000000032|4127781|4226233|4216319|9177","atc:C09CA","""Angiotensin II receptor blockers (ARBs), plain""",21601823,"Adjustment","snomed:410617001",4253750,,,,"Drug_Exposure","month 1",4081745,"follow-up 1 month","snomed:183623000"
"ATIIAdj12","Angiotensin II receptor inhibitor (=ARB) adjustment at Visit12","INT",,"0 = no adjustment| 1= 1 times uptitration| 2= increase more than once| 3= reduction| 4= stop| 5= no adjustment due to side-effect| 6= other",,447,175,0,5,,"loinc:LA32-8|snomed:422114001|icare:icv200000003|snomed:260400001|snomed:422117008|snomed:395009001|snomed:74964007","No|once|more than once|Reduced|stop|Medication stopped - side effect|other","45878245|4226232|2000000032|4127781|4226233|4216319|9177","atc:C09CA","""Angiotensin II receptor blockers (ARBs), plain""",21601823,"Adjustment","snomed:410617001",4253750,,,,"Drug_Exposure","month 12",4081746,"follow-up 1 year","snomed:183627004"
"ATIIAdj3","Angiotensin II receptor inhibitor (=ARB) adjustment at Visit3","INT",,"0 = no adjustment| 1= 1 times uptitration| 2= increase more than once| 3= reduction| 4= stop| 5= no adjustment due to side-effect| 6= other",,523,99,0,5,,"loinc:LA32-8|snomed:422114001|icare:icv200000003|snomed:260400001|snomed:422117008|snomed:395009001|snomed:74964007","No|once|more than once|Reduced|stop|Medication stopped - side effect|other","45878245|4226232|2000000032|4127781|4226233|4216319|9177","atc:C09CA","""Angiotensin II receptor blockers (ARBs), plain""",21601823,"Adjustment","snomed:410617001",4253750,,,,"Drug_Exposure","month 3",44789369,"follow-up 3 months","snomed:200521000000107"
"ATIIAdj6","Angiotensin II receptor inhibitor (=ARB) adjustment at Visit6","INT",,"0 = no adjustment| 1= 1 times uptitration| 2= increase more than once| 3= reduction| 4= stop| 5= no adjustment due to side-effect| 6= other",,490,132,0,5,,"loinc:LA32-8|snomed:422114001|icare:icv200000003|snomed:260400001|snomed:422117008|snomed:395009001|snomed:74964007","No|once|more than once|Reduced|stop|Medication stopped - side effect|other","45878245|4226232|2000000032|4127781|4226233|4216319|9177","atc:C09CA","""Angiotensin II receptor blockers (ARBs), plain""",21601823,"Adjustment","snomed:410617001",4253750,,,,"Drug_Exposure","month 6",4103967,"follow-up 6 months","snomed:300042001"
"ATIIAdjBL","Angiotensin II receptor inhibitor (=ARB) adjustment at Baseline","INT",,"0 = no adjustment| 1= 1 times uptitration| 2= increase more than once| 3= reduction| 4= stop| 5= no adjustment due to side-effect| 6= other",,621,1,0,5,,"loinc:LA32-8|snomed:422114001|icare:icv200000003|snomed:260400001|snomed:422117008|snomed:395009001|snomed:74964007","No|once|more than once|Reduced|stop|Medication stopped - side effect|other","45878245|4226232|2000000032|4127781|4226233|4216319|9177","atc:C09CA","""Angiotensin II receptor blockers (ARBs), plain""",21601823,"Adjustment","snomed:410617001",4253750,,,,"Drug_Exposure","month 0/ baseline",40766819,"Baseline time","loinc:64103-5"
"Augenerkrankungen","history of eye disease Y/N","INT",,"1=yes|0=no",,622,0,0,1,,"loinc:LA33-6|loinc:LA32-8","Yes|No","45877994|45878245","snomed:371405004","Disorder of eye",375252,"Medical history [PhenX]","loinc:66480-5",40769143,,,,"Condition_occurrence","month 0/ baseline",40766819,"Baseline time","loinc:64103-5"
"AVBlock","AV-Block during echocardiography y/n at baseline","INT",,"1=yes|0=no",,532,90,0,1,,"loinc:LA33-6|loinc:LA32-8","Yes|No","45877994|45878245","snomed:233917008","Atrioventricular block",316135,"Echocardiography","snomed:40701008",4230911,,,,"Measurement","month 0/ baseline",40766819,"Baseline time","loinc:64103-5"
"AVBlock_12","AV-Block during echocardiography y/n at visit12","INT",,"1=yes|0=no",,,,,,,"loinc:LA33-6|loinc:LA32-8","Yes|No","45877994|45878245","snomed:233917008","Atrioventricular block",316135,"Echocardiography","snomed:40701008",4230911,,,,"Measurement","month 12",4081746,"follow-up 1 year","snomed:183627004"
"AVBlock_18","AV-Block during echocardiography y/n at visit18","INT",,"1=yes|0=no",,,,,,,"loinc:LA33-6|loinc:LA32-8","Yes|No","45877994|45878245","snomed:233917008","Atrioventricular block",316135,"Echocardiography","snomed:40701008",4230911,,,,"Measurement","month 18",44789050,"follow-up 18 months","snomed:199591000000102"
"Backpain","history of Back pain Y/N","INT",,"1=yes|0=no",,622,0,0,1,,"loinc:LA33-6|loinc:LA32-8","Yes|No","45877994|45878245","snomed:134407002","Chronic back pain",4046660,"Medical history [PhenX]","loinc:66480-5",40769143,,,,"Condition_occurrence","month 0/ baseline",40766819,"Baseline time","loinc:64103-5"
"BacterialInfectionAEs","Bacterial Infection Aes adverse events","INT",,,,622,0,0,7,,,,,"loinc:LA7266-5 ","Adverse event ",45884383,"Bacterial infectious disease","snomed:87628006",432545,,,,"Condition_occurrence","month 0/ baseline",40766819,"Baseline time","loinc:64103-5"
"BB_at_BL","Betablocker use at Baseline","INT",,"1=yes|0=no",,622,0,0,1,,"loinc:LA33-6|loinc:LA32-8","Yes|No","45877994|45878245","atc:C07A","BETA BLOCKING AGENTS",21601665,,,,,,,"Drug_Exposure","month 0/ baseline",40766819,"Baseline time","loinc:64103-5"
"BB_at_V1","Betablocker use at visit1","INT",,"1=yes|0=no",,567,55,0,1,,"loinc:LA33-6|loinc:LA32-8","Yes|No","45877994|45878245","atc:C07A","BETA BLOCKING AGENTS",21601665,,,,,,,"Drug_Exposure","month 1",4081745,"follow-up 1 month","snomed:183623000"
"BB_at_V12","Betablocker use at visit12","INT",,"1=yes|0=no",,446,176,0,1,,"loinc:LA33-6|loinc:LA32-8","Yes|No","45877994|45878245","atc:C07A","BETA BLOCKING AGENTS",21601665,,,,,,,"Drug_Exposure","month 12",4081746,"follow-up 1 year","snomed:183627004"
"BB_at_V18","Betablocker use at visit18","INT",,"1=yes|0=no",,406,216,0,1,,"loinc:LA33-6|loinc:LA32-8","Yes|No","45877994|45878245","atc:C07A","BETA BLOCKING AGENTS",21601665,,,,,,,"Drug_Exposure","month 18",44789050,"follow-up 18 months","snomed:199591000000102"
"BB_at_V3","Betablocker use at visit3","INT",,"1=yes|0=no",,522,100,0,1,,"loinc:LA33-6|loinc:LA32-8","Yes|No","45877994|45878245","atc:C07A","BETA BLOCKING AGENTS",21601665,,,,,,,"Drug_Exposure","month 3",44789369,"follow-up 3 months","snomed:200521000000107"
"BB_at_V6","Betablocker use at visit6","INT",,"1=yes|0=no",,489,133,0,1,,"loinc:LA33-6|loinc:LA32-8","Yes|No","45877994|45878245","atc:C07A","BETA BLOCKING AGENTS",21601665,,,,,,,"Drug_Exposure","month 6",4103967,"follow-up 6 months","snomed:300042001"
"BBAdj1","Betablocker adjustment at Visit1","INT",,"0 = no adjustment| 1= 1 times uptitration| 2= increase more than once| 3= reduction| 4= stop| 5= no adjustment due to side-effect| 6= other",,563,59,0,6,,"loinc:LA32-8|snomed:422114001|icare:icv2000000032|snomed:260400001|snomed:422117008|snomed:395009001|snomed:74964007","No|once|more than once|Reduced|stop|Medication stopped - side effect|other","45878245|4226232|2000000032|4127781|4226233|4216319|9177","atc:C07A","BETA BLOCKING AGENTS",21601665,"Adjustment","snomed:410617001",4253750,,,,"Drug_Exposure","month 1",4081745,"follow-up 1 month","snomed:183623000"
"BBAdj12","Betablocker adjustment at Visit12","INT",,"0 = no adjustment| 1= 1 times uptitration| 2= increase more than once| 3= reduction| 4= stop| 5= no adjustment due to side-effect| 6= other",,447,175,0,6,,"loinc:LA32-8|snomed:422114001|icare:icv2000000032|snomed:260400001|snomed:422117008|snomed:395009001|snomed:74964007","No|once|more than once|Reduced|stop|Medication stopped - side effect|other","45878245|4226232|2000000032|4127781|4226233|4216319|9177","atc:C07A","BETA BLOCKING AGENTS",21601665,"Adjustment","snomed:410617001",4253750,,,,"Drug_Exposure","month 12",4081746,"follow-up 1 year","snomed:183627004"
"BBAdj3","Betablocker adjustment at Visit3","INT",,"0 = no adjustment| 1= 1 times uptitration| 2= increase more than once| 3= reduction| 4= stop| 5= no adjustment due to side-effect| 6= other",,523,99,0,6,,"loinc:LA32-8|snomed:422114001|icare:icv2000000032|snomed:260400001|snomed:422117008|snomed:395009001|snomed:74964007","No|once|more than once|Reduced|stop|Medication stopped - side effect|other","45878245|4226232|2000000032|4127781|4226233|4216319|9177","atc:C07A","BETA BLOCKING AGENTS",21601665,"Adjustment","snomed:410617001",4253750,,,,"Drug_Exposure","month 3",44789369,"follow-up 3 months","snomed:200521000000107"
"BBAdj6","Betablocker adjustment at Visit6","INT",,"0 = no adjustment| 1= 1 times uptitration| 2= increase more than once| 3= reduction| 4= stop| 5= no adjustment due to side-effect| 6= other",,490,132,0,6,,"loinc:LA32-8|snomed:422114001|icare:icv2000000032|snomed:260400001|snomed:422117008|snomed:395009001|snomed:74964007","No|once|more than once|Reduced|stop|Medication stopped - side effect|other","45878245|4226232|2000000032|4127781|4226233|4216319|9177","atc:C07A","BETA BLOCKING AGENTS",21601665,"Adjustment","snomed:410617001",4253750,,,,"Drug_Exposure","month 6",4103967,"follow-up 6 months","snomed:300042001"
"BBAdjBL","Betablocker adjustment at Baseline","INT",,"0 = no adjustment| 1= 1 times uptitration| 2= increase more than once| 3= reduction| 4= stop| 5= no adjustment due to side-effect| 6= other",,621,1,0,6,,"loinc:LA32-8|snomed:422114001|icare:icv2000000032|snomed:260400001|snomed:422117008|snomed:395009001|snomed:74964007","No|once|more than once|Reduced|stop|Medication stopped - side effect|other","45878245|4226232|2000000032|4127781|4226233|4216319|9177","atc:C07A","BETA BLOCKING AGENTS",21601665,"Adjustment","snomed:410617001",4253750,,,,"Drug_Exposure","month 0/ baseline",40766819,"Baseline time","loinc:64103-5"
"Bifasciculairblok","bifascicular block at baseline","INT",,"1=yes|0=no",,620,2,0,1,,"loinc:LA33-6|loinc:LA32-8","Yes|No","45877994|45878245","snomed:445481009","Bifascicular block on electrocardiogram",40483798,,,,,,,"Measurement","month 0/ baseline",40766819,"Baseline time","loinc:64103-5"
"Bifasciculairblok_12","bifascicular block at visit12","INT",,"1=yes|0=no",,430,192,0,1,,"loinc:LA33-6|loinc:LA32-8","Yes|No","45877994|45878245","snomed:445481009","Bifascicular block on electrocardiogram",40483798,,,,,,,"Measurement","month 12",4081746,"follow-up 1 year","snomed:183627004"
"Bifasciculairblok_18","bifascicular block at visit18","INT",,"1=yes|0=no",,395,227,0,1,,"loinc:LA33-6|loinc:LA32-8","Yes|No","45877994|45878245","snomed:445481009","Bifascicular block on electrocardiogram",40483798,,,,,,,"Measurement","month 18",44789050,"follow-up 18 months","snomed:199591000000102"
"BiventPM","Biventricular PM y/n","INT",,"1=yes|0=no",,622,0,0,1,,"loinc:LA33-6|loinc:LA32-8","Yes|No","45877994|45878245","snomed:429064006","Implantation of biventricular cardiac pacemaker system",4179363,,,,,,,"Condition_occurrence","month 0/ baseline",40766819,"Baseline time","loinc:64103-5"
"BLACE","which ACE-inhibitor at baseline","INT",,"0=none | 1=Quinapril |2=Spirapril | 3=Benazapril | 4=Perindopril | 5=Fosinopril | 6=Trandolapril |7=Cilazapril | 8=Captopril | 9=Enalapril | 10=Ramipril |11=Lisinopril | 12=other",,622,0,0,12,,"loinc:LA32-8|rxnorm:35208|rxnorm:36908|rxnorm:18867|rxnorm:54552|rxnorm:50166|rxnorm:38454|rxnorm:21102|rxnorm:1998|rxnorm:3827|rxnorm:35296|rxnorm:29046|snomed:74964007","No|quinapril|Spirapril|Benazapril|Perindopril|Fosinopril|Trandolapril|Cilazapril|Captopril|Enalapril|Ramipril|Lisinopril|other","45878245|1331235|19040051|1335471|1373225|1363749|1342439|19050216|1340128|1341927|1334456|1308216|9177","atc:C09AA","""ACE inhibitors, plain""",21601784,"Type","snomed:410656007",4259643,,,,"Drug_Exposure","month 0/ baseline",40766819,"Baseline time","loinc:64103-5"
"BLATII","Baseline which ATII-antagonist","INT",,"0=none |1=Candesartan | 2=Eprosartan | 3=Irbesartan | 4=Losartan | 5=Telmisartan| 6=Valsartan | 7=other",,622,0,0,7,,"loinc:LA32-8|rxnorm:214354|rxnorm:83515|rxnorm:83818|rxnorm:52175|rxnorm:73494|rxnorm:69749|snomed:74964007","No|candesartan|eprosartan|Irbesartan|Losartan|Telmisartan|Valsartan|other","45878245|1351557|1346686|1347384|1367500|1317640|1308842|9177","atc:C09CA","""Angiotensin II receptor blockers (ARBs), plain""",21601823,"Type","snomed:410656007",4259643,,,,"Drug_Exposure","month 0/ baseline",40766819,"Baseline time","loinc:64103-5"
"BLBB","Baseline which Betablocker","INT",,"0=none | 1=Bisoprolol | 2=Carvedilol |3=Metoprolol | 4=Atenolol |5=Nebivolol |6=Bucindolol | 9=other",,622,0,0,9,,"loinc:LA32-8|rxnorm:19484|rxnorm:20352|rxnorm:6918|rxnorm:1202|rxnorm:31555|rxnorm:19605|snomed:74964007","No|Bisoprolol|Carvedilol|Metoprolol|Atenolol|Nebivolol|Bucindolol|other","45878245|1338005|1346823|1307046|1314002|1314577|19018640|9177","atc:C07A","BETA BLOCKING AGENTS",21601665,"Type","snomed:410656007",4259643,,,,"Drug_Exposure","month 0/ baseline",40766819,"Baseline time","loinc:64103-5"
"BLDigoxin","Baseline Digoxin","INT",,"1=yes|0=no",,622,0,0,1,,"loinc:LA33-6|loinc:LA32-8","Yes|No","45877994|45878245","RxNorm:3407","digoxin",1326303,,,,,,,"Drug_Exposure","month 0/ baseline",40766819,"Baseline time","loinc:64103-5"
"BleedingAEs","Bleeding Aes adverse events","INT",,,,622,0,0,3,,,,,"loinc:LA7266-5 ","Adverse event ",45884383,"Bleeding","snomed:131148009",437312,,,,"Condition_occurrence","month 0/ baseline",40766819,"Baseline time","loinc:64103-5"
"BLFuro","Baseline Furosemide","INT",,"1=yes|0=no",,622,0,0,1,,"loinc:LA33-6|loinc:LA32-8","Yes|No","45877994|45878245","RxNorm:4603","furosemide",956874,,,,,,,"Drug_Exposure","month 0/ baseline",40766819,"Baseline time","loinc:64103-5"
"BLNitrat","Baseline which Nitrate","INT",,"0=none | 1=Nitroglycerin | 2=IS-di-nitrate | 3=IS-mono-nitrate | 4=PE-tetra-nitrate | 5=other",,622,0,0,4,,"loinc:LA32-8|rxnorm:4917|rxnorm:6058|rxnorm:6057|rxnorm:33055|snomed:74964007","No|nitroglycerin|isosorbide dinitrate|isosorbide|pentaerythritol|other","45878245|1361711|1383925|1383815|19022446|9177","atc:C01DA","Organic nitrates",21600316,"Type","snomed:410656007",4259643,,,,"Drug_Exposure","month 0/ baseline",40766819,"Baseline time","loinc:64103-5"
"Block","nodal block on ECG at baseline","INT",,"1= Sino-atrial block| 2= first degree AV-block| 3= second degree AV block type 1 Wenckebach| 4= second degree AV block type 2 mobitz-II| 5= third degree bloeck ( total block)|9=other ",,102,520,1,5,,,,,"snomed:233917008","Atrioventricular block",316135,"Electrocardiogram finding","Snomed:301120008",4117134,,,,"Measurement","month 0/ baseline",40766819,"Baseline time","loinc:64103-5"
"Block_12","nodal block on ECG at visit12","INT",,"1= Sino-atrial block| 2= first degree AV-block| 3= second degree AV block type 1 Wenckebach| 4= second degree AV block type 2 mobitz-II| 5= third degree bloeck ( total block)|9=other ",,92,530,1,5,,,,,"snomed:233917008","Atrioventricular block",316135,"Electrocardiogram finding","Snomed:301120008",4117134,,,,"Measurement","month 12",4081746,"follow-up 1 year","snomed:183627004"
"Block_18","nodal block on ECG at visit18","INT",,"1= Sino-atrial block| 2= first degree AV-block| 3= second degree AV block type 1 Wenckebach| 4= second degree AV block type 2 mobitz-II| 5= third degree bloeck ( total block)|9=other ",,99,523,1,4,,,,,"snomed:233917008","Atrioventricular block",316135,"Electrocardiogram finding","Snomed:301120008",4117134,,,,"Measurement","month 18",44789050,"follow-up 18 months","snomed:199591000000102"
"BLSpiro","Baseline which MRA (Mineralocorticoid receptor antagonist)","INT",,"0=none | 1=Spironolactone | 2=Eplerenone",,622,0,0,1,,"loinc:LA32-8|rxnorm:9997|rxnorm:298869","No|spironolactone|eplerenone","45878245|970250|1309799","atc:C03DA","Aldosterone antagonists",21601533,"Type","snomed:410656007",4259643,,,,"Drug_Exposure","month 0/ baseline",40766819,"Baseline time","loinc:64103-5"
"BLTora","Baseline Torasemide","INT",,"1=yes|0=no",,622,0,0,1,,"loinc:LA33-6|loinc:LA32-8","Yes|No","45877994|45878245","RxNorm:38413","torsemide",942350,,,,,,,"Drug_Exposure","month 0/ baseline",40766819,"Baseline time","loinc:64103-5"
"BNP_guided","Study group allocation NT-proBNP guided = 1","INT",,"1=NT-proBNP guided|0=control group (standard care)",,622,0,0,1,,,,,"snomed:876783001","Clinical trial arm",618771,,,,,,,"Observation","month 0/ baseline",40766819,"Baseline time","loinc:64103-5"
"BNP1_reached","BNP target in BNP guided arm reached reached at Visit1","INT",,"1=yes|0=no",,564,58,0,1,"<age75 400pg/ml >age75 800 pg/ml","loinc:LA33-6|loinc:LA32-8","Yes|No","45877994|45878245","loinc:33762-6","Natriuretic peptide.B prohormone N-Terminal [Mass/volume] in Serum or Plasma",3029187,"Target parameter|Clinical trial arm","snomed:1055210001|snomed:876783001","602639|618771",,,,"Observation","month 1",4081745,"follow-up 1 month","snomed:183623000"
"BNP12_reached","BNP target in BNP guided arm reached reached at Visit12","INT",,"1=yes|0=no",,444,178,0,1,,"loinc:LA33-6|loinc:LA32-8","Yes|No","45877994|45878245","loinc:33762-6","Natriuretic peptide.B prohormone N-Terminal [Mass/volume] in Serum or Plasma",3029187,"Target parameter|Clinical trial arm","snomed:1055210001|snomed:876783001","602639|618771",,,,"Observation","month 12",4081746,"follow-up 1 year","snomed:183627004"
"BNP18_reached","BNP target in BNP guided arm reached reached at Visit18","INT",,"1=yes|0=no",,406,216,0,1,,"loinc:LA33-6|loinc:LA32-8","Yes|No","45877994|45878245","loinc:33762-6","Natriuretic peptide.B prohormone N-Terminal [Mass/volume] in Serum or Plasma",3029187,"Target parameter|Clinical trial arm","snomed:1055210001|snomed:876783001","602639|618771",,,,"Observation","month 18",44789050,"follow-up 18 months","snomed:199591000000102"
"BNP3_reached","BNP target in BNP guided arm reached reached at Visit3","INT",,"1=yes|0=no",,521,101,0,1,,"loinc:LA33-6|loinc:LA32-8","Yes|No","45877994|45878245","loinc:33762-6","Natriuretic peptide.B prohormone N-Terminal [Mass/volume] in Serum or Plasma",3029187,"Target parameter|Clinical trial arm","snomed:1055210001|snomed:876783001","602639|618771",,,,"Observation","month 3",44789369,"follow-up 3 months","snomed:200521000000107"
"BNP6_reached","BNP target in BNP guided arm reached reached at Visit6","INT",,"1=yes|0=no",,489,133,0,1,,"loinc:LA33-6|loinc:LA32-8","Yes|No","45877994|45878245","loinc:33762-6","Natriuretic peptide.B prohormone N-Terminal [Mass/volume] in Serum or Plasma",3029187,"Target parameter|Clinical trial arm","snomed:1055210001|snomed:876783001","602639|618771",,,,"Observation","month 6",4103967,"follow-up 6 months","snomed:300042001"
"BradycardiaAEs","Bradycardia Aes adverse events","INT",,,,622,0,0,3,,,,,"loinc:LA7266-5 ","Adverse event ",45884383,"Bradycardia","snomed:48867003",4169095,,,,"Condition_occurrence","month 0/ baseline",40766819,"Baseline time","loinc:64103-5"
"Bronchialobstruction","Bronchial obstruction Y/N at baseline","INT",,"1=yes|0=no",,620,2,0,1,,"loinc:LA33-6|loinc:LA32-8","Yes|No","45877994|45878245","snomed:36925002","Obstruction of bronchus",4279071,,,,,,,"Observation","month 0/ baseline",40766819,"Baseline time","loinc:64103-5"
"Bundeltakblok","type of bundle branch block at baseline","INT",,"1=LBTB| 2=RBTB| 3= Anterior hemiblock| 4= posterior hemiblock| 5= RBRB+anterior hemiblock| 6= RBTB+posterior hemiblock| 7= aspecific intrtaventricular block",,360,262,1,7,,"snomed:63467002|snomed:59118001|snomed:37760005|snomed:62026008|snomed:46319007|snomed:30667004|snomed:4554005","left bundle branch block|right bundle branch block|Left anterior fascicular block|Left posterior fascicular block|Right bundle branch block AND left posterior fascicular block|Right bundle branch block AND left anterior fascicular block|Intraventricular conduction defect","316998|314059|4295336|4268046|321590|316432|4166844","snomed:6374002","Bundle branch block",313791,"Type","snomed:410656007",4259643,,,,"Measurement","month 0/ baseline",40766819,"Baseline time","loinc:64103-5"
"Bundeltakblok_12","type of bundle branch block at visit12","INT",,"1=LBTB| 2=RBTB| 3= Anterior hemiblock| 4= posterior hemiblock| 5= RBRB+anterior hemiblock| 6= RBTB+posterior hemiblock| 7= aspecific intrtaventricular block",,227,395,1,7,,"snomed:63467002|snomed:59118001|snomed:37760005|snomed:62026008|snomed:46319007|snomed:30667004|snomed:4554005","left bundle branch block|right bundle branch block|Left anterior fascicular block|Left posterior fascicular block|Right bundle branch block AND left posterior fascicular block|Right bundle branch block AND left anterior fascicular block|Intraventricular conduction defect","316998|314059|4295336|4268046|321590|316432|4166844","snomed:6374002","Bundle branch block",313791,"Type","snomed:410656007",4259643,,,,"Measurement","month 12",4081746,"follow-up 1 year","snomed:183627004"
"Bundeltakblok_18","type of bundle branch block at visit18","INT",,"1=LBTB| 2=RBTB| 3= Anterior hemiblock| 4= posterior hemiblock| 5= RBRB+anterior hemiblock| 6= RBTB+posterior hemiblock| 7= aspecific intrtaventricular block",,199,423,1,7,,"snomed:63467002|snomed:59118001|snomed:37760005|snomed:62026008|snomed:46319007|snomed:30667004|snomed:4554005","left bundle branch block|right bundle branch block|Left anterior fascicular block|Left posterior fascicular block|Right bundle branch block AND left posterior fascicular block|Right bundle branch block AND left anterior fascicular block|Intraventricular conduction defect","316998|314059|4295336|4268046|321590|316432|4166844","snomed:6374002","Bundle branch block",313791,"Type","snomed:410656007",4259643,,,,"Measurement","month 18",44789050,"follow-up 18 months","snomed:199591000000102"
"CABG","Coronary artery bypass grafting","INT",,"1=yes|0=no",,622,0,0,1,,"loinc:LA33-6|loinc:LA32-8","Yes|No","45877994|45878245","snomed:232717009","Coronary artery bypass graft",4336464,"Medical history [PhenX]","loinc:66480-5",40769143,,,,"Procedure_Occurrence","month 0/ baseline",40766819,"Baseline time","loinc:64103-5"
"CAD","Presence of coronary artery disease","INT",,"1=yes|0=no",,622,0,0,1,,"loinc:LA33-6|loinc:LA32-8","Yes|No","45877994|45878245","snomed:414024009","Disorder of coronary artery",4187067,"Medical history [PhenX]","loinc:66480-5",40769143,,,,"Condition_occurrence","month 0/ baseline",40766819,"Baseline time","loinc:64103-5"
"CADAEs","CAD Aescoronary artery disease adverse events","INT",,,,622,0,0,5,,,,,"loinc:LA7266-5 ","Adverse event ",45884383,"Disorder of coronary artery","snomed:414024009",4187067,,,,"Condition_occurrence","month 0/ baseline",40766819,"Baseline time","loinc:64103-5"
"Cancer","type of cancer in history","INT",,"0 = no| 1 = Lung | 2 = Breast | 3 = Prostate| 4 = Colon | 5 = upper GI-tract| 6 = Pancreas | 7 = Skin | 8 = Thyroid | 9 = Lymphoma | 10 = Leukemia | 11 =other",,622,0,0,11,,"loinc:LA32-8|snomed:363358000|snomed:254837009|snomed:399068003|snomed:363406005|snomed:126768004|snomed:363418001|snomed:126488004|snomed:363478007|snomed:118600007|snomed:93143009|snomed:74964007","No|Malignant tumor of lung|Malignant tumor of breast|Malignant tumor of prostate|Malignant tumor of colon|Neoplasm of gastrointestinal tract|Malignant tumor of pancreas|Neoplasm of skin|Malignant tumor of thyroid gland|Malignant lymphoma|Leukemia|other","45878245|443388|4112853|4163261|4180790|4130373|4180793|444209|4178976|432571|317510|9177","snomed:275904003","History of neoplasm",4078300,"Medical history [PhenX]","loinc:66480-5",40769143,,,,"Condition_occurrence","month 0/ baseline",40766819,"Baseline time","loinc:64103-5"
"Cancer01","history of cancer Y/N","INT",,"1=yes|0=no",,622,0,0,1,,"loinc:LA33-6|loinc:LA32-8","Yes|No","45877994|45878245","snomed:275904003","History of neoplasm",4078300,"Medical history [PhenX]","loinc:66480-5",40769143,,,,"Condition_occurrence","month 0/ baseline",40766819,"Baseline time","loinc:64103-5"
"CarotisTEA","history of Carotis-TEA ( thrombo-endarteriectomie = surgical procedure) Y/N","INT",,"1=yes|0=no",,622,0,0,1,,"loinc:LA33-6|loinc:LA32-8","Yes|No","45877994|45878245","snomed:66951008","Carotid endarterectomy",4283095,"Medical history [PhenX]","loinc:66480-5",40769143,,,,"Procedure_Occurrence","month 0/ baseline",40766819,"Baseline time","loinc:64103-5"
"Causeofheartfailure","Cause of heart failure","STR",,"CAD= Coronary artery disease|DCM= Dilated cardiomyopathy| VHD= Valular heart disease|HHD= Hypertensive heart disease|Other=Other",,622,0,1,5,,"snomed:414024009|snomed:399020009|snomed:368009|snomed:64715009|snomed:74964007","Disorder of coronary artery|Dilated cardiomyopathy|Heart valve disorder|Hypertensive heart disease|Other","4187067|4163710|4281749|442604|9177","snomed:84114007","heart failure",316139,"Etiology","snomed:134198009",4046629,,,,"Observation","month 0/ baseline",40766819,"Baseline time","loinc:64103-5"
"cerebrovascAEs","cerebrovascular Aes adverse events","INT",,,,622,0,0,2,,,,,"loinc:LA7266-5 ","Adverse event ",45884383,"Cerebrovascular disease","snomed:62914000",381591,,,,"Condition_occurrence","month 0/ baseline",40766819,"Baseline time","loinc:64103-5"
"CharlsonScore","Charlson Score ","INT",,,,622,0,1,13,"( charlson comorbidity index prediction of 10yr survival)",,,,"snomed:762713009","Charlson Comorbidity Index",42538860,,,,,,,"Observation","month 0/ baseline",40766819,"Baseline time","loinc:64103-5"
"ChronischvenöseInsuffizienz","history of Chronic venous insufficiency Y/N","INT",,"1=yes|0=no",,622,0,0,1,,"loinc:LA33-6|loinc:LA32-8","Yes|No","45877994|45878245","snomed:20696009","Peripheral venous insufficiency",321596,"Medical history [PhenX]","loinc:66480-5",40769143,,,,"Condition_occurrence","month 0/ baseline",40766819,"Baseline time","loinc:64103-5"
"cLBTB","complete Left bundlebranch block at baseline","INT",,"1=yes|0=no",,620,2,0,1,,"loinc:LA33-6|loinc:LA32-8","Yes|No","45877994|45878245","snomed:733534002","ECG complete left bundle branch block",37118682,"Electrocardiogram finding","Snomed:301120008",4117134,,,,"Measurement","month 0/ baseline",40766819,"Baseline time","loinc:64103-5"
"cLBTB_12","complete Left bundlebranch block at visit12","INT",,"1=yes|0=no",,430,192,0,1,,"loinc:LA33-6|loinc:LA32-8","Yes|No","45877994|45878245","snomed:733534002","ECG complete left bundle branch block",37118682,"Electrocardiogram finding","Snomed:301120008",4117134,,,,"Measurement","month 12",4081746,"follow-up 1 year","snomed:183627004"
"cLBTB_18","complete Left bundlebranch block at visit18","INT",,"1=yes|0=no",,395,227,0,1,,"loinc:LA33-6|loinc:LA32-8","Yes|No","45877994|45878245","snomed:733534002","ECG complete left bundle branch block",37118682,"Electrocardiogram finding","Snomed:301120008",4117134,,,,"Measurement","month 18",44789050,"follow-up 18 months","snomed:199591000000102"
"Constip1","obstipation at visit1","INT",,"0= no |1= subjectively not disturbing|2= subjectively disturbing |3= needs therapy ",9,559,63,0,3,,"LOINC:LA32-8|snomed:255604002|snomed:1255665007|snomed:24484000","No|Mild|Moderate|Severe","45878245|4116992|37165778|4087703","snomed:111360009","Obstipation",4008552,,,,,,,"Observation","month 1",4081745,"follow-up 1 month","snomed:183623000"
"Constip12","obstipation at Visit12","INT",,"0= no |1= subjectively not disturbing|2= subjectively disturbing |3= needs therapy ",9,442,180,0,3,,"LOINC:LA32-8|snomed:255604002|snomed:1255665007|snomed:24484000","No|Mild|Moderate|Severe","45878245|4116992|37165778|4087703","snomed:111360009","Obstipation",4008552,,,,,,,"Observation","month 12",4081746,"follow-up 1 year","snomed:183627004"
"Constip18","obstipation at Visit18","INT",,"0= no |1= subjectively not disturbing|2= subjectively disturbing |3= needs therapy ",9,405,217,0,3,,"LOINC:LA32-8|snomed:255604002|snomed:1255665007|snomed:24484000","No|Mild|Moderate|Severe","45878245|4116992|37165778|4087703","snomed:111360009","Obstipation",4008552,,,,,,,"Observation","month 18",44789050,"follow-up 18 months","snomed:199591000000102"
"Constip3","obstipation at visit3","INT",,"0= no |1= subjectively not disturbing|2= subjectively disturbing |3= needs therapy ",9,516,106,0,3,,"LOINC:LA32-8|snomed:255604002|snomed:1255665007|snomed:24484000","No|Mild|Moderate|Severe","45878245|4116992|37165778|4087703","snomed:111360009","Obstipation",4008552,,,,,,,"Observation","month 3",44789369,"follow-up 3 months","snomed:200521000000107"
"Constip6","obstipation at visit6","INT",,"0= no |1= subjectively not disturbing|2= subjectively disturbing |3= needs therapy ",9,483,139,0,3,,"LOINC:LA32-8|snomed:255604002|snomed:1255665007|snomed:24484000","No|Mild|Moderate|Severe","45878245|4116992|37165778|4087703","snomed:111360009","Obstipation",4008552,,,,,,,"Observation","month 6",4103967,"follow-up 6 months","snomed:300042001"
"ConstipationAEs","Constipation Aes adverse events","INT",,,,622,0,0,3,,,,,"loinc:LA7266-5 ","Adverse event ",45884383,"Constipation","snomed:14760008",75860,,,,"Condition_occurrence","month 0/ baseline",40766819,"Baseline time","loinc:64103-5"
"COPD","history of Chronic obstructive pulmonary disease: note: study predates GOLD classification for COPD","INT",,"0=no| 1=mild| 2=moderate| 3=severe",,622,0,0,3,,"loinc:LA32-8|snomed:313296004|snomed:313297008|snomed:313299006","no|Mild chronic obstructive pulmonary disease|Moderate chronic obstructive pulmonary disease| Severe chronic obstructive pulmonary disease","45878245|4196712|4193588|4209097","snomed:13645005","Chronic obstructive lung disease",255573,"GOLD (Global Initiative for Chronic Obstructive Lung Disease) 2017 group","snomed:1097861000000108",36685450,,,,"Condition_occurrence","month 0/ baseline",40766819,"Baseline time","loinc:64103-5"
"COPD01","history of Chronic obstructive pulmonary disease Y/N","INT",,"1=yes|0=no",,622,0,0,1,,"loinc:LA33-6|loinc:LA32-8","Yes|No","45877994|45878245","snomed:13645005","Chronic obstructive lung disease",255573,"Medical history [PhenX]","loinc:66480-5",40769143,,,,"Condition_occurrence","month 0/ baseline",40766819,"Baseline time","loinc:64103-5"
"COPDAsthmaAEs","COPD Asthma Aes adverse events","INT",,,,622,0,0,3,,,,,"loinc:LA7266-5 ","Adverse event ",45884383,"Chronic obstructive lung disease|Asthma","snomed:13645005|snomed:195967001","255573|317009",,,,"Condition_occurrence","month 0/ baseline",40766819,"Baseline time","loinc:64103-5"
"Cough1","Cough dry at visit1","INT",,"0= no |1= subjectively not disturbing|2= subjectively disturbing |3= needs therapy ",9,560,62,0,3,,"LOINC:LA32-8|snomed:255604002|snomed:1255665007|snomed:24484000","No|Mild|Moderate|Severe","45878245|4116992|37165778|4087703","snomed:11833005","Dry cough",4038519,,,,,,,"Observation","month 1",4081745,"follow-up 1 month","snomed:183623000"
"Cough12","Cough dry at Visit12","INT",,"0= no |1= subjectively not disturbing|2= subjectively disturbing |3= needs therapy ",9,444,178,0,3,,"LOINC:LA32-8|snomed:255604002|snomed:1255665007|snomed:24484000","No|Mild|Moderate|Severe","45878245|4116992|37165778|4087703","snomed:11833005","Dry cough",4038519,,,,,,,"Observation","month 12",4081746,"follow-up 1 year","snomed:183627004"
"Cough18","Cough dry at Visit18","INT",,"0= no |1= subjectively not disturbing|2= subjectively disturbing |3= needs therapy ",9,406,216,0,3,,"LOINC:LA32-8|snomed:255604002|snomed:1255665007|snomed:24484000","No|Mild|Moderate|Severe","45878245|4116992|37165778|4087703","snomed:11833005","Dry cough",4038519,,,,,,,"Observation","month 18",44789050,"follow-up 18 months","snomed:199591000000102"
"Cough3","Cough dry at visit3","INT",,"0= no |1= subjectively not disturbing|2= subjectively disturbing |3= needs therapy ",9,517,105,0,3,,"LOINC:LA32-8|snomed:255604002|snomed:1255665007|snomed:24484000","No|Mild|Moderate|Severe","45878245|4116992|37165778|4087703","snomed:11833005","Dry cough",4038519,,,,,,,"Observation","month 3",44789369,"follow-up 3 months","snomed:200521000000107"
"Cough6","Cough dry at visit6","INT",,"0= no |1= subjectively not disturbing|2= subjectively disturbing |3= needs therapy ",9,488,134,0,3,,"LOINC:LA32-8|snomed:255604002|snomed:1255665007|snomed:24484000","No|Mild|Moderate|Severe","45878245|4116992|37165778|4087703","snomed:11833005","Dry cough",4038519,,,,,,,"Observation","month 6",4103967,"follow-up 6 months","snomed:300042001"
"Coughdry","Cough defined dry at baseline","INT",,"0= no |1= subjectively not disturbing|2= subjectively disturbing |3= needs therapy ",9,615,7,0,3,,"LOINC:LA32-8|snomed:255604002|snomed:1255665007|snomed:24484000","No|Mild|Moderate|Severe","45878245|4116992|37165778|4087703","snomed:11833005","Dry cough",4038519,,,,,,,"Observation","month 0/ baseline",40766819,"Baseline time","loinc:64103-5"
"Coughproductive","Cough defined productive at baseline","INT",,"0= no |1= subjectively not disturbing|2= subjectively disturbing |3= needs therapy ",9,617,5,0,3,,"LOINC:LA32-8|snomed:255604002|snomed:1255665007|snomed:24484000","No|Mild|Moderate|Severe","45878245|4116992|37165778|4087703","snomed:28743005","Productive cough",4102774,,,,,,,"Observation","month 0/ baseline",40766819,"Baseline time","loinc:64103-5"
"cRBTB","complete Right bundle branch block at baseline","INT",,"1=yes|0=no",,620,2,0,1,,"loinc:LA33-6|loinc:LA32-8","Yes|No","45877994|45878245","snomed:713427006","EKG: complete right bundle branch block",37017194,"Electrocardiogram finding","Snomed:301120008",4117134,,,,"Measurement","month 0/ baseline",40766819,"Baseline time","loinc:64103-5"
"cRBTB_12","complete Right bundle branch block at visit12","INT",,"1=yes|0=no",,430,192,0,1,,"loinc:LA33-6|loinc:LA32-8","Yes|No","45877994|45878245","snomed:713427006","EKG: complete right bundle branch block",37017194,"Electrocardiogram finding","Snomed:301120008",4117134,,,,"Measurement","month 12",4081746,"follow-up 1 year","snomed:183627004"
"cRBTB_18","complete Right bundle branch block at visit18","INT",,"1=yes|0=no",,395,227,0,1,,"loinc:LA33-6|loinc:LA32-8","Yes|No","45877994|45878245","snomed:713427006","EKG: complete right bundle branch block",37017194,"Electrocardiogram finding","Snomed:301120008",4117134,,,,"Measurement","month 18",44789050,"follow-up 18 months","snomed:199591000000102"
"Criterium_P_V1_A_18","left atrial overload on ECG at visit18","INT",,"1=yes| 0=no",,395,227,0,1,,"loinc:LA33-6|loinc:LA32-8","Yes|No","45877994|45878245","snomed:253361002","Left atrial dilatation",4101029,"Electrocardiogram finding","Snomed:301120008",4117134,,,,"Measurement","month 18",44789050,"follow-up 18 months","snomed:199591000000102"
"CTD","history of connective tissue disease Y/N","INT",,"1=yes| 0=no",,622,0,0,1,,"loinc:LA33-6|loinc:LA32-8","Yes|No","45877994|45878245","snomed:239918008","Undifferentiated connective tissue disease",4344165,"Medical history [PhenX]","loinc:66480-5",40769143,,,,"Condition_occurrence","month 0/ baseline",40766819,"Baseline time","loinc:64103-5"
"CVAEs","total CV CardioVascular Aes Adverse Events","INT",,,,622,0,0,16,,,,,"loinc:LA7266-5 ","Adverse event ",45884383,"Cardiovascular event","snomed:405617006",4236854,,,,"Condition_occurrence","month 0/ baseline",40766819,"Baseline time","loinc:64103-5"
"cvi01","history of mild cerebrovascular disease (0 vs 1-2-3) Y/N","INT",,"1=yes| 0=no",,622,0,0,1,,"loinc:LA33-6|loinc:LA32-8","Yes|No","45877994|45878245","snomed:62914000","Cerebrovascular disease",381591,"Mild|Medical history [PhenX]","snomed:255604002|loinc:66480-5","4116992|40769143",,,,"Condition_occurrence","month 0/ baseline",40766819,"Baseline time","loinc:64103-5"
"DASI_12","Dasi index at Month12 visit","FLOAT",,,,438,184,0,58.2,"duke activity status index",,,,"snomed:458301000124107","Duke activity status index",36684911,,,,,,,"Observation","month 12",4081746,"follow-up 1 year","snomed:183627004"
"DASI_18","Dasi index at month 18 visit","FLOAT",,,,398,224,0,58.2,"duke activity status index",,,,"snomed:458301000124107","Duke activity status index",36684911,,,,,,,"Observation","month 18",44789050,"follow-up 18 months","snomed:199591000000102"
"DASI_BL","DASI duke activity status index at baseline","FLOAT",,,,609,13,0,58.2,"duke activity status index",,,,"snomed:458301000124107","Duke activity status index",36684911,,,,,,,"Observation","month 0/ baseline",40766819,"Baseline time","loinc:64103-5"
"DCM","Dilated cardiomyopathy","INT",,"1=yes|0=no",,622,0,0,1,,"loinc:LA33-6|loinc:LA32-8","Yes|No","45877994|45878245","snomed:399020009","Dilated cardiomyopathy",4163710,,,,,,,"Condition_occurrence","month 0/ baseline",40766819,"Baseline time","loinc:64103-5"
"Death","Death during study","INT",,"1=yes|0=no",,622,0,0,1,,"loinc:LA33-6|loinc:LA32-8","Yes|No","45877994|45878245","snomed:419620001","Death",4306655,,,,,,,"Person","month 0/ baseline",2000000025,"end of study visit","icare:icv2000000025"
"Death_cardiac","Death cardiac","INT",,"1=yes|0=no",,622,0,0,1,,"loinc:LA33-6|loinc:LA32-8","Yes|No","45877994|45878245","snomed:184305005","cause of death",4083743,"Heart disease","snomed:56265001",321588,,,,"Death","month 0/ baseline",40766819,"Baseline time","loinc:64103-5"
"Death_CV","Death cardiovascular (includes stroke)","INT",,"1=yes|0=no",,622,0,0,1,,"loinc:LA33-6|loinc:LA32-8","Yes|No","45877994|45878245","snomed:184305005","cause of death",4083743,"Disorder of cardiovascular system","snomed:49601007",134057,,,,"Death","end of study",2000000025,"end of study visit","icare:icv2000000025"
"Death_EP","Death without cancer-related death part of primary endpoint","INT",,"1=yes|0=no",,622,0,0,1,,"loinc:LA33-6|loinc:LA32-8","Yes|No","45877994|45878245","snomed:184305005","cause of death",4083743,"Non-cancer","icare:icv2000000020",2000000020,,,,"Observation","month 0/ baseline",40766819,"Baseline time","loinc:64103-5"
"Death_HFhosp_afterV1","death or HF hospitalization after visit1 ( so excluding hospitalisations prior to visit1)","INT",,"1=yes|0=no",,602,20,0,1,,"LOINC:LA33-6 | LOINC:LA32-8","Yes | No","45877994 | 45878245","icare:icv200000063","Event after follow-up visit",2000000063,"Death|Emergency hospital admission for heart failure","snomed:419620001|snomed:416683003","4306655|4215511",,,,"Observation","month 1",4081745,"follow-up 1 month","snomed:183623000"
"Death_HFhosp_afterV12","death or HF hospitalization after visit12 ( so excluding hospitalisations prior to visit12)","INT",,"1=yes|0=no",,483,139,0,1,,"LOINC:LA33-6 | LOINC:LA32-8","Yes | No","45877994 | 45878245","icare:icv200000063","Event after follow-up visit",2000000063,"Death|Emergency hospital admission for heart failure","snomed:419620001|snomed:416683003","4306655|4215511",,,,"Observation","month 12",4081746,"follow-up 1 year","snomed:183627004"
"Death_HFhosp_afterV18","death or HF hospitalization after visit18 ( so excluding hospitalisations prior to visit18)","INT",,"1=yes|0=no",,439,183,0,1,,"LOINC:LA33-6 | LOINC:LA32-8","Yes | No","45877994 | 45878245","icare:icv200000063","Event after follow-up visit",2000000063,"Death|Emergency hospital admission for heart failure","snomed:419620001|snomed:416683003","4306655|4215511",,,,"Observation","month 18",44789050,"follow-up 18 months","snomed:199591000000102"
"Death_HFhosp_afterV3","death or HF hospitalization after visit3 ( so excluding hospitalisations prior to visit3)","INT",,"1=yes|0=no",,564,58,0,1,,"LOINC:LA33-6 | LOINC:LA32-8","Yes | No","45877994 | 45878245","icare:icv200000063","Event after follow-up visit",2000000063,"Death|Emergency hospital admission for heart failure","snomed:419620001|snomed:416683003","4306655|4215511",,,,"Observation","month 3",44789369,"follow-up 3 months","snomed:200521000000107"
"Death_HFhosp_afterV6","death or HF hospitalization after visit6 ( so excluding hospitalisations prior to visit6)","INT",,"1=yes|0=no",,526,96,0,1,,"LOINC:LA33-6 | LOINC:LA32-8","Yes | No","45877994 | 45878245","icare:icv200000063","Event after follow-up visit",2000000063,"Death|Emergency hospital admission for heart failure","snomed:419620001|snomed:416683003","4306655|4215511",,,,"Observation","month 6",4103967,"follow-up 6 months","snomed:300042001"
"Death_hosp_afterV1","death or hospitalization after visit1 ( so excluding hospitalisations prior to visit1)","INT",,"1=yes|0=no",,563,59,0,1,,"LOINC:LA33-6 | LOINC:LA32-8","Yes | No","45877994 | 45878245","icare:icv200000063","Event after follow-up visit",2000000063,"Death|History of Hospitalization","snomed:419620001|loinc:11337-3","4306655|3019044",,,,"Observation","month 1",4081745,"follow-up 1 month","snomed:183623000"
"Death_hosp_afterV12","death or hospitalization after visit12 ( so excluding hospitalisations prior to visit12)","INT",,"1=yes|0=no",,483,139,0,1,,"LOINC:LA33-6 | LOINC:LA32-8","Yes | No","45877994 | 45878245","icare:icv200000063","Event after follow-up visit",2000000063,"Death|History of Hospitalization","snomed:419620001|loinc:11337-3","4306655|3019044",,,,"Observation","month 12",4081746,"follow-up 1 year","snomed:183627004"
"Death_hosp_afterV18","death or hospitalization after visit18 ( so excluding hospitalisations prior to visit18)","INT",,"1=yes|0=no",,439,183,0,1,,"LOINC:LA33-6 | LOINC:LA32-8","Yes | No","45877994 | 45878245","icare:icv200000063","Event after follow-up visit",2000000063,"Death|History of Hospitalization","snomed:419620001|loinc:11337-3","4306655|3019044",,,,"Observation","month 18",44789050,"follow-up 18 months","snomed:199591000000102"
"Death_hosp_afterV3","death or hospitalization after visit3 ( so excluding hospitalisations prior to visit3)","INT",,"1=yes|0=no",,564,58,0,1,,"LOINC:LA33-6 | LOINC:LA32-8","Yes | No","45877994 | 45878245","icare:icv200000063","Event after follow-up visit",2000000063,"Death|History of Hospitalization","snomed:419620001|loinc:11337-3","4306655|3019044",,,,"Observation","month 3",44789369,"follow-up 3 months","snomed:200521000000107"
"Death_hosp_afterV6","death or hospitalization after visit6 ( so excluding hospitalisations prior to visit6)","INT",,"1=yes|0=no",,526,96,0,1,,"LOINC:LA33-6 | LOINC:LA32-8","Yes | No","45877994 | 45878245","icare:icv200000063","Event after follow-up visit",2000000063,"Death|History of Hospitalization","snomed:419620001|loinc:11337-3","4306655|3019044",,,,"Observation","month 6",4103967,"follow-up 6 months","snomed:300042001"
"DeathCause","Cause of death","INT",,"0=alive | 1=Sudden cardiac death | 2=Worsening heart failure | 3= Coronary ischaemia | 4= Other cardiac | 5=Stroke | 6=Cancer | 7=Infection | 8=Renal failure | 9=Hepatic failure | 10=Other | 11=Unknown",13,622,0,0,13,,"snomed:438949009|snomed:95281009|omop:OMOP5166003|snomed:22298006|snomed:56265001|loinc:LA12362-2|snomed:363346000|snomed:40733004|snomed:42399005|snomed:59927004|snomed:74964007|loinc:LA4489-6","Alive|Sudden cardiac death|Exacerbation of heart failure|Myocardial infarction|Heart disease|Stroke (CVA) or TIA|Malignant neoplastic disease|Infectious disease|Renal failure syndrome|Hepatic failure|Other|Unknown","4230556|4317150|1340348|4329847|321588|45881969|443392|432250|192359|4245975|9177|45877986","snomed:184305005","cause of death",4083743,"Type","snomed:410656007",4259643,,,,"Death","month 0/ baseline",2000000025,"end of study visit","icare:icv2000000025"
"Dementia","history of dementia Y/N","INT",,"1=yes|0=no",,622,0,0,1,,"loinc:LA33-6|loinc:LA32-8","Yes|No","45877994|45878245","snomed:52448006","Dementia",4182210,"Medical history [PhenX]","loinc:66480-5",40769143,,,,"Condition_occurrence","month 0/ baseline",40766819,"Baseline time","loinc:64103-5"
"DementiaAEs","Dementia Aes adverse events","INT",,,,622,0,0,3,,,,,"loinc:LA7266-5 ","Adverse event ",45884383,"Dementia","snomed:52448006",4182210,,,,"Condition_occurrence","month 0/ baseline",40766819,"Baseline time","loinc:64103-5"
"Depression","History of depression Y/N","INT",,"1=yes|0=no",,622,0,0,1,,"loinc:LA33-6|loinc:LA32-8","Yes|No","45877994|45878245","snomed:35489007","Depressive disorder",440383,"Medical history [PhenX]","loinc:66480-5",40769143,,,,"Condition_occurrence","month 0/ baseline",40766819,"Baseline time","loinc:64103-5"
"DepressionAEs","Depression Aes adverse events","INT",,,,622,0,0,3,,,,,"loinc:LA7266-5 ","Adverse event ",45884383,"Depressive disorder","snomed:35489007",440383,,,,"Condition_occurrence","month 0/ baseline",40766819,"Baseline time","loinc:64103-5"
"DermatologischeErkrankungen","history of dermatological disease Y/N","INT",,"1=yes|0=no",,622,0,0,1,,"loinc:LA33-6|loinc:LA32-8","Yes|No","45877994|45878245","loinc:11331-6","History of Alcohol use",3027199,"Medical history [PhenX]","loinc:66480-5",40769143,,,,"Condition_occurrence","month 0/ baseline",40766819,"Baseline time","loinc:64103-5"
"Diabetes","history of Diabetes Y/N","INT",,"1=yes|0=no",,622,0,0,1,,"loinc:LA33-6|loinc:LA32-8","Yes|No","45877994|45878245","snomed:73211009","Diabetes mellitus",201820,"Medical history [PhenX]","loinc:66480-5",40769143,,,,"Condition_occurrence","month 0/ baseline",40766819,"Baseline time","loinc:64103-5"
"DiabetesAEs","Diabetes Aes adverse events","INT",,,,622,0,0,4,,,,,"loinc:LA7266-5 ","Adverse event ",45884383,"Diabetes mellitus","snomed:73211009",201820,,,,"Condition_occurrence","month 0/ baseline",40766819,"Baseline time","loinc:64103-5"
"DigAdj1","Digoxin adjustment at Visit1","INT",,"0 = no adjustment| 1= 1 times uptitration| 2= increase more than once| 3= reduction| 4= stop| 5= no adjustment due to side-effect| 6= other",,563,59,0,5,,"loinc:LA32-8|snomed:422114001|icare:icv2000000032|snomed:260400001|snomed:422117008|snomed:395009001|snomed:74964007","No|once|more than once|Reduced|stop|Medication stopped - side effect|other","45878245|4226232|2000000032|4127781|4226233|4216319|9177","RxNorm:3407","digoxin",1326303,"Adjustment","snomed:410617001",4253750,,,,"Drug_Exposure","month 1",4081745,"follow-up 1 month","snomed:183623000"
"DigAdj12","Digoxin adjustment at Visit12","INT",,"0 = no adjustment| 1= 1 times uptitration| 2= increase more than once| 3= reduction| 4= stop| 5= no adjustment due to side-effect| 6= other",,447,175,0,4,,"loinc:LA32-8|snomed:422114001|icare:icv2000000032|snomed:260400001|snomed:422117008|snomed:395009001|snomed:74964007","No|once|more than once|Reduced|stop|Medication stopped - side effect|other","45878245|4226232|2000000032|4127781|4226233|4216319|9177","RxNorm:3407","digoxin",1326303,"Adjustment","snomed:410617001",4253750,,,,"Drug_Exposure","month 12",4081746,"follow-up 1 year","snomed:183627004"
"DigAdj3","Digoxin adjustment at Visit3","INT",,"0 = no adjustment| 1= 1 times uptitration| 2= increase more than once| 3= reduction| 4= stop| 5= no adjustment due to side-effect| 6= other",,524,98,0,4,,"loinc:LA32-8|snomed:422114001|icare:icv2000000032|snomed:260400001|snomed:422117008|snomed:395009001|snomed:74964007","No|once|more than once|Reduced|stop|Medication stopped - side effect|other","45878245|4226232|2000000032|4127781|4226233|4216319|9177","RxNorm:3407","digoxin",1326303,"Adjustment","snomed:410617001",4253750,,,,"Drug_Exposure","month 3",44789369,"follow-up 3 months","snomed:200521000000107"
"DigAdj6","Digoxin adjustment at Visit6","INT",,"0 = no adjustment| 1= 1 times uptitration| 2= increase more than once| 3= reduction| 4= stop| 5= no adjustment due to side-effect| 6= other",,490,132,0,5,,"loinc:LA32-8|snomed:422114001|icare:icv2000000032|snomed:260400001|snomed:422117008|snomed:395009001|snomed:74964007","No|once|more than once|Reduced|stop|Medication stopped - side effect|other","45878245|4226232|2000000032|4127781|4226233|4216319|9177","RxNorm:3407","digoxin",1326303,"Adjustment","snomed:410617001",4253750,,,,"Drug_Exposure","month 6",4103967,"follow-up 6 months","snomed:300042001"
"DigAdjBL","Digoxin adjustment at Baseline","INT",,"0 = no adjustment| 1= 1 times uptitration| 2= increase more than once| 3= reduction| 4= stop| 5= no adjustment due to side-effect| 6= other",,621,1,0,6,,"loinc:LA32-8|snomed:422114001|icare:icv2000000032|snomed:260400001|snomed:422117008|snomed:395009001|snomed:74964007","No|once|more than once|Reduced|stop|Medication stopped - side effect|other","45878245|4226232|2000000032|4127781|4226233|4216319|9177","RxNorm:3407","digoxin",1326303,"Adjustment","snomed:410617001",4253750,,,,"Drug_Exposure","month 0/ baseline",40766819,"Baseline time","loinc:64103-5"
"DiuAdj1","diuretic adjustment at Visit1","INT",,"0 = no adjustment| 1= 1 times uptitration| 2= increase more than once| 3= reduction| 4= stop| 5= no adjustment due to side-effect| 6= other",,563,59,0,6,,"loinc:LA32-8|snomed:422114001|icare:icv2000000032|snomed:260400001|snomed:422117008|snomed:395009001|snomed:74964007","No|once|more than once|Reduced|stop|Medication stopped - side effect|other","45878245|4226232|2000000032|4127781|4226233|4216319|9177","atc:C03","DIURETICS",21601461,"Adjustment","snomed:410617001",4253750,,,,"Drug_Exposure","month 1",4081745,"follow-up 1 month","snomed:183623000"
"DiuAdj12","diuretic adjustment at Visit12","INT",,"0 = no adjustment| 1= 1 times uptitration| 2= increase more than once| 3= reduction| 4= stop| 5= no adjustment due to side-effect| 6= other",,447,175,0,6,,"loinc:LA32-8|snomed:422114001|icare:icv2000000032|snomed:260400001|snomed:422117008|snomed:395009001|snomed:74964007","No|once|more than once|Reduced|stop|Medication stopped - side effect|other","45878245|4226232|2000000032|4127781|4226233|4216319|9177","atc:C03","DIURETICS",21601461,"Adjustment","snomed:410617001",4253750,,,,"Drug_Exposure","month 12",4081746,"follow-up 1 year","snomed:183627004"
"DiuAdj3","diuretic adjustment at Visit3","INT",,"0 = no adjustment| 1= 1 times uptitration| 2= increase more than once| 3= reduction| 4= stop| 5= no adjustment due to side-effect| 6= other",,523,99,0,6,,"loinc:LA32-8|snomed:422114001|icare:icv2000000032|snomed:260400001|snomed:422117008|snomed:395009001|snomed:74964007","No|once|more than once|Reduced|stop|Medication stopped - side effect|other","45878245|4226232|2000000032|4127781|4226233|4216319|9177","atc:C03","DIURETICS",21601461,"Adjustment","snomed:410617001",4253750,,,,"Drug_Exposure","month 3",44789369,"follow-up 3 months","snomed:200521000000107"
"DiuAdj6","diuretic adjustment at Visit6","INT",,"0 = no adjustment| 1= 1 times uptitration| 2= increase more than once| 3= reduction| 4= stop| 5= no adjustment due to side-effect| 6= other",,490,132,0,6,,"loinc:LA32-8|snomed:422114001|icare:icv2000000032|snomed:260400001|snomed:422117008|snomed:395009001|snomed:74964007","No|once|more than once|Reduced|stop|Medication stopped - side effect|other","45878245|4226232|2000000032|4127781|4226233|4216319|9177","atc:C03","DIURETICS",21601461,"Adjustment","snomed:410617001",4253750,,,,"Drug_Exposure","month 6",4103967,"follow-up 6 months","snomed:300042001"
"DiuAdjBL","diuretic adjustment at Baseline","INT",,"0 = no adjustment| 1= 1 times uptitration| 2= increase more than once| 3= reduction| 4= stop| 5= no adjustment due to side-effect| 6= other",,621,1,0,6,,"loinc:LA32-8|snomed:422114001|icare:icv2000000032|snomed:260400001|snomed:422117008|snomed:395009001|snomed:74964007","No|once|more than once|Reduced|stop|Medication stopped - side effect|other","45878245|4226232|2000000032|4127781|4226233|4216319|9177","atc:C03","DIURETICS",21601461,"Adjustment","snomed:410617001",4253750,,,,"Drug_Exposure","month 0/ baseline",40766819,"Baseline time","loinc:64103-5"
"Divertikulose","History of diverticulosis Y/N","INT",,"1=yes|0=no",,622,0,0,1,,"loinc:LA33-6|loinc:LA32-8","Yes|No","45877994|45878245","loinc:LA16830-4","Diverticulitis or diverticulosis",45884739,"Medical history [PhenX]","loinc:66480-5",40769143,,,,"Condition_occurrence","month 0/ baseline",40766819,"Baseline time","loinc:64103-5"
"Dizziness","dizziness at baseline","INT",,"0= no |1= subjectively not disturbing|2= subjectively disturbing |3= so severe it needs intervention",9,620,2,0,3,,"LOINC:LA32-8|snomed:255604002|snomed:1255665007|snomed:24484000","No|Mild|Moderate|Severe","45878245|4116992|37165778|4087703","snomed:404640003","Dizziness",4223938,,,,,,,"Observation","month 0/ baseline",40766819,"Baseline time","loinc:64103-5"
"Dizziness1","dizziness at visit1","INT",,"0= no |1= subjectively not disturbing|2= subjectively disturbing |3= so severe it needs intervention",9,558,64,0,3,,"LOINC:LA32-8|snomed:255604002|snomed:1255665007|snomed:24484000","No|Mild|Moderate|Severe","45878245|4116992|37165778|4087703","snomed:404640003","Dizziness",4223938,,,,,,,"Observation","month 1",4081745,"follow-up 1 month","snomed:183623000"
"Dizziness12","dizziness at Visit12","INT",,"0= no |1= subjectively not disturbing|2= subjectively disturbing |3= so severe it needs intervention",9,444,178,0,3,,"LOINC:LA32-8|snomed:255604002|snomed:1255665007|snomed:24484000","No|Mild|Moderate|Severe","45878245|4116992|37165778|4087703","snomed:404640003","Dizziness",4223938,,,,,,,"Observation","month 12",4081746,"follow-up 1 year","snomed:183627004"
"Dizziness18","dizziness at Visit18","INT",,"0= no |1= subjectively not disturbing|2= subjectively disturbing |3= so severe it needs intervention",9,406,216,0,3,,"LOINC:LA32-8|snomed:255604002|snomed:1255665007|snomed:24484000","No|Mild|Moderate|Severe","45878245|4116992|37165778|4087703","snomed:404640003","Dizziness",4223938,,,,,,,"Observation","month 18",44789050,"follow-up 18 months","snomed:199591000000102"
"Dizziness3","dizziness at visit3","INT",,"0= no |1= subjectively not disturbing|2= subjectively disturbing |3= so severe it needs intervention",9,518,104,0,3,,"LOINC:LA32-8|snomed:255604002|snomed:1255665007|snomed:24484000","No|Mild|Moderate|Severe","45878245|4116992|37165778|4087703","snomed:404640003","Dizziness",4223938,,,,,,,"Observation","month 3",44789369,"follow-up 3 months","snomed:200521000000107"
"Dizziness6","dizziness at visit6","INT",,"0= no |1= subjectively not disturbing|2= subjectively disturbing |3= so severe it needs intervention",9,486,136,0,3,,"LOINC:LA32-8|snomed:255604002|snomed:1255665007|snomed:24484000","No|Mild|Moderate|Severe","45878245|4116992|37165778|4087703","snomed:404640003","Dizziness",4223938,,,,,,,"Observation","month 6",4103967,"follow-up 6 months","snomed:300042001"
"Dyspepsie","history of dyspepsia (indigestion) Y/N","INT",,"1=yes|0=no",,622,0,0,1,,"loinc:LA33-6|loinc:LA32-8","Yes|No","45877994|45878245","snomed:203661000000105","Undiagnosed dyspepsia",44790450,"Medical history [PhenX]","loinc:66480-5",40769143,,,,"Condition_occurrence","month 0/ baseline",40766819,"Baseline time","loinc:64103-5"
"E_A","E/A ratio baseline echocardiogram","STR",,,,314,308,0.243589743589744,5.80952380952381,,,,,"loinc:59129-7","Left ventricular E-wave/A-wave by US",40762222,"Echocardiography","snomed:40701008",4230911,,,,"Measurement","month 0/ baseline",40766819,"Baseline time","loinc:64103-5"
"E_A_12","E/A ratio Visit12 echocardiogram","STR",,,,250,372,0.278481012658228,5,,,,,"loinc:59129-7","Left ventricular E-wave/A-wave by US",40762222,"Echocardiography","snomed:40701008",4230911,,,,"Measurement","month 12",4081746,"follow-up 1 year","snomed:183627004"
"E_A_18","E/A ratio Visit18 echocardiogram","STR",,,,210,412,0.2625,4.69230769230769,,,,,"loinc:59129-7","Left ventricular E-wave/A-wave by US",40762222,"Echocardiography","snomed:40701008",4230911,,,,"Measurement","month 18",44789050,"follow-up 18 months","snomed:199591000000102"
"e_e_lat","E/e`ratiolateral calculated from echocardiogram at BL","FLOAT",,,,238,384,1.53571428571429,42,,,,,"cdisc:C127572-MITRALEE","Mitral E/e' Ratio",37528983,"Lateral|Echocardiography","snomed:49370004|snomed:40701008","4171348|4230911",,,,"Measurement","month 0/ baseline",40766819,"Baseline time","loinc:64103-5"
"e_e_lat_18","E/e` ratio lateral calculated from echocardiogram at V18","FLOAT",,,,184,438,0.166666666666667,71,,,,,"cdisc:C127572-MITRALEE","Mitral E/e' Ratio",37528983,"Lateral|Echocardiography","snomed:49370004|snomed:40701008","4171348|4230911",,,,"Measurement","month 18",44789050,"follow-up 18 months","snomed:199591000000102"
"e_e_sept","E/e` ratio septal calculated from echocardiogram at BL","FLOAT",,,,243,379,3.29545447402749,61,,,,,"cdisc:C127572-MITRALEE","Mitral E/e' Ratio",37528983,"Septal|Echocardiography","snomed:255584008|snomed:40701008","4112429|4230911",,,,"Measurement","month 0/ baseline",40766819,"Baseline time","loinc:64103-5"
"e_e_sept_18","E/e` ratio septal calculated from echocardiogram at V18","FLOAT",,,,187,435,0.2,71,,,,,"cdisc:C127572-MITRALEE","Mitral E/e' Ratio",37528983,"Septal|Echocardiography","snomed:255584008|snomed:40701008","4112429|4230911",,,,"Measurement","month 18",44789050,"follow-up 18 months","snomed:199591000000102"
"Echo_at_BL","echocardiogram performed y/n at baseline","STR",,,,622,0,0,1,,,,,"snomed:40701008","Echocardiography",4230911,,,,,,,"Measurement","month 0/ baseline",40766819,"Baseline time","loinc:64103-5"
"Echoqualität","quality of echocardiography at baseline","INT",,,,532,90,0,3,,,,,"loinc:18067-9","Cardiac echo imaging device Image quality by US",3013600,,,,,,,"Observation","month 0/ baseline",40766819,"Baseline time","loinc:64103-5"
"Echoqualität_12","quality of echocardiography at visit12","INT",,,,,,,,,,,,"loinc:18067-9","Cardiac echo imaging device Image quality by US",3013600,,,,,,,"Observation","month 12",4081746,"follow-up 1 year","snomed:183627004"
"Echoqualität_18","quality of echocardiography at visit18","INT",,,,,,,,,,,,"loinc:18067-9","Cardiac echo imaging device Image quality by US",3013600,,,,,,,"Observation","month 18",44789050,"follow-up 18 months","snomed:199591000000102"
"Edema","Peripheral edema severity at baseline","INT",,"0= never|1= ankle level|2= less than half lower leg|3= more than half lower leg",9,617,5,0,3,,"LOINC:LA32-8| snomed:26237000| snomed:102575008|snomed:102573001","No|ankle edema|Edema of knee|Edema of thigh","45878245|4094513|4010012|4010011","snomed:423484008","Grade of edema",4313204,,,,,,,"measurement","month 0/ baseline",40766819,"Baseline time","loinc:64103-5"
"Edema_01","edema severity at baseline","INT",,"1=yes|0=no",,617,5,0,1,,"loinc:LA33-6|loinc:LA32-8","Yes|No","45877994|45878245","snomed:267038008","Edema",433595,,,,,,,"Observation","month 0/ baseline",40766819,"Baseline time","loinc:64103-5"
"Edema1","edema severity at visit1","INT",,"0= never|1= ankle level|2= less than half lower leg|3= more than half lower leg",9,558,64,0,3,,"LOINC:LA32-8| snomed:26237000| snomed:102575008|snomed:102573001","No|ankle edema|Edema of knee|Edema of thigh","45878245|4094513|4010012|4010011","snomed:423484008","Grade of edema",4313204,,,,,,,"measurement","month 1",4081745,"follow-up 1 month","snomed:183623000"
"Edema1_01","edema severity at visit1","INT",,"1=yes|0=no",,558,64,0,1,,"loinc:LA33-6|loinc:LA32-8","Yes|No","45877994|45878245","snomed:267038008","Edema",433595,,,,,,,"Observation","month 1",4081745,"follow-up 1 month","snomed:183623000"
"Edema12","edema severity at Visit12","INT",,"0= never|1= ankle level|2= less than half lower leg|3= more than half lower leg",9,440,182,0,3,,"LOINC:LA32-8| snomed:26237000| snomed:102575008|snomed:102573001","No|ankle edema|Edema of knee|Edema of thigh","45878245|4094513|4010012|4010011","snomed:423484008","Grade of edema",4313204,,,,,,,"measurement","month 12",4081746,"follow-up 1 year","snomed:183627004"
"Edema18","edema severity at Visit18","INT",,"0= never|1= ankle level|2= less than half lower leg|3= more than half lower leg",9,402,220,0,3,,"LOINC:LA32-8| snomed:26237000| snomed:102575008|snomed:102573001","No|ankle edema|Edema of knee|Edema of thigh","45878245|4094513|4010012|4010011","snomed:423484008","Grade of edema",4313204,,,,,,,"measurement","month 18",44789050,"follow-up 18 months","snomed:199591000000102"
"Edema3","edema severity at visit3","INT",,"0= never|1= ankle level|2= less than half lower leg|3= more than half lower leg",9,518,104,0,3,,"LOINC:LA32-8| snomed:26237000| snomed:102575008|snomed:102573001","No|ankle edema|Edema of knee|Edema of thigh","45878245|4094513|4010012|4010011","snomed:423484008","Grade of edema",4313204,,,,,,,"measurement","month 3",44789369,"follow-up 3 months","snomed:200521000000107"
"Edema3_01","edema severity at visit3","INT",,"1=yes|0=no",,518,104,0,1,,"loinc:LA33-6|loinc:LA32-8","Yes|No","45877994|45878245","snomed:267038008","Edema",433595,,,,,,,"Observation","month 3",44789369,"follow-up 3 months","snomed:200521000000107"
"Edema6","edema severity at visit6","INT",,"0= never|1= ankle level|2= less than half lower leg|3= more than half lower leg",9,482,140,0,3,,"LOINC:LA32-8| snomed:26237000| snomed:102575008|snomed:102573001","No|ankle edema|Edema of knee|Edema of thigh","45878245|4094513|4010012|4010011","snomed:423484008","Grade of edema",4313204,,,,,,,"measurement","month 6",4103967,"follow-up 6 months","snomed:300042001"
"Edema6_01","edema severity at visit6","INT",,"1=yes|0=no",,482,140,0,1,,"loinc:LA33-6|loinc:LA32-8","Yes|No","45877994|45878245","snomed:267038008","Edema",433595,,,,,,,"Observation","month 6",4103967,"follow-up 6 months","snomed:300042001"
"EdemaHist1","Max amount of Edema between BL baseline and Visit1","INT",,"0= never|1= ankle level|2= less than half lower leg|3= more than half lower leg",9,555,67,0,3,,"LOINC:LA32-8| snomed:26237000| snomed:102575008|snomed:102573001","No|ankle edema|Edema of knee|Edema of thigh","45878245|4094513|4010012|4010011","snomed:423484008","Grade of edema",4313204,"Maximal","snomed:56851009",4210743,,,,"measurement","month 1",4081745,"follow-up 1 month","snomed:183623000"
"EdemaHist1_01","history of edema at visit1","INT",,"1=yes|0=no",,555,67,0,1,,"loinc:LA33-6|loinc:LA32-8","Yes|No","45877994|45878245","snomed:267038008","Edema",433595,"Medical history [PhenX]","loinc:66480-5",40769143,,,,"Observation","month 1",4081745,"follow-up 1 month","snomed:183623000"
"EdemaHist12","Max amount of Edema between Visit6 and Visit12","INT",,"0= never|1= ankle level|2= less than half lower leg|3= more than half lower leg",9,442,180,0,3,,"LOINC:LA32-8| snomed:26237000| snomed:102575008|snomed:102573001","No|ankle edema|Edema of knee|Edema of thigh","45878245|4094513|4010012|4010011","snomed:423484008","Grade of edema",4313204,"Maximal","snomed:56851009",4210743,,,,"measurement","month 12",4081746,"follow-up 1 year","snomed:183627004"
"EdemaHist18","Max amount of Edema between visit12 and Visit18","INT",,"0= never|1= ankle level|2= less than half lower leg|3= more than half lower leg",9,403,219,0,3,,"LOINC:LA32-8| snomed:26237000| snomed:102575008|snomed:102573001","No|ankle edema|Edema of knee|Edema of thigh","45878245|4094513|4010012|4010011","snomed:423484008","Grade of edema",4313204,"Maximal","snomed:56851009",4210743,,,,"measurement","month 18",44789050,"follow-up 18 months","snomed:199591000000102"
"EdemaHist3","Max amount of Edema between visit1 and Visit3","INT",,"0= never|1= ankle level|2= less than half lower leg|3= more than half lower leg",9,516,106,0,3,,"LOINC:LA32-8| snomed:26237000| snomed:102575008|snomed:102573001","No|ankle edema|Edema of knee|Edema of thigh","45878245|4094513|4010012|4010011","snomed:423484008","Grade of edema",4313204,"Maximal","snomed:56851009",4210743,,,,"measurement","month 3",44789369,"follow-up 3 months","snomed:200521000000107"
"EdemaHist3_01","history of edema at visit3","INT",,"1=yes|0=no",,516,106,0,1,,"loinc:LA33-6|loinc:LA32-8","Yes|No","45877994|45878245","snomed:267038008","Edema",433595,"Medical history [PhenX]","loinc:66480-5",40769143,,,,"Observation","month 3",44789369,"follow-up 3 months","snomed:200521000000107"
"EdemaHist6","Max amount of Edema between visit3 and Visit6","INT",,"0= never|1= ankle level|2= less than half lower leg|3= more than half lower leg",9,482,140,0,3,,"LOINC:LA32-8| snomed:26237000| snomed:102575008|snomed:102573001","No|ankle edema|Edema of knee|Edema of thigh","45878245|4094513|4010012|4010011","snomed:423484008","Grade of edema",4313204,"Maximal","snomed:56851009",4210743,,,,"measurement","month 6",4103967,"follow-up 6 months","snomed:300042001"
"EdemaHist6_01","history of edema at visit6","INT",,"1=yes|0=no",,482,140,0,1,,"loinc:LA33-6|loinc:LA32-8","Yes|No","45877994|45878245","snomed:267038008","Edema",433595,"Medical history [PhenX]","loinc:66480-5",40769143,,,,"Observation","month 6",4103967,"follow-up 6 months","snomed:300042001"
"EdemaHistory","amount of peripheral Edema severity in history","INT",,"0= never|1= ankle level|2= less than half lower leg|3= more than half lower leg",9,617,5,0,3,,"LOINC:LA32-8| snomed:26237000| snomed:102575008|snomed:102573001","No|ankle edema|Edema of knee|Edema of thigh","45878245|4094513|4010012|4010011","snomed:423484008","Grade of edema",4313204,"Maximal","snomed:56851009",4210743,,,,"measurement","month 0/ baseline",40766819,"Baseline time","loinc:64103-5"
"EdemaHistory_01","history of edema at baseline","INT",,"1=yes|0=no",,617,5,0,1,,"loinc:LA33-6|loinc:LA32-8","Yes|No","45877994|45878245","snomed:267038008","Edema",433595,"Medical history [PhenX]","loinc:66480-5",40769143,,,,"Observation","month 0/ baseline",40766819,"Baseline time","loinc:64103-5"
"End_organ_damage","history of End organ damage related to diabetes y/n","INT",,"1=yes| 0=no",,622,0,0,1,,"loinc:LA33-6|loinc:LA32-8","Yes|No","45877994|45878245","loinc:LA31451-0","Diabetes with end organ damage",1620753,"Medical history [PhenX]","loinc:66480-5",40769143,,,,"Condition_occurrence","month 0/ baseline",40766819,"Baseline time","loinc:64103-5"
"EntzündlicheDarmerkrankungen","Inflammatory bowel disease Y/N","INT",,"1=yes| 0=no",,622,0,0,1,,"loinc:LA33-6|loinc:LA32-8","Yes|No","45877994|45878245","snomed:24526004","Inflammatory bowel disease",4074815,,,,,,,"Condition_occurrence","month 0/ baseline",40766819,"Baseline time","loinc:64103-5"
"EP_hosp_all","Death or all-cause hospitalisations y/n excluding cancer","INT",,"1=yes| 0=no",,622,0,0,1,"EP=endpoint of study ( was defined as all cause hospitalisation or mortality but excluding cancer related death)","loinc:LA33-6|loinc:LA32-8","Yes|No","45877994|45878245","cdisc:C25212","Study Endpoint",37538258,"Death|History of Hospitalization|Non-cancer","snomed:419620001|loinc:11337-3|icare:icv2000000020","4306655|3019044|2000000020",,,,"Observation","end of study",2000000025,"end of study visit","icare:icv2000000025"
"EP_hosp_card","Death or cardiac hospitalisations y/n","INT",,"1=yes| 0=no",,622,0,0,1,,"loinc:LA33-6|loinc:LA32-8","Yes|No","45877994|45878245","cdisc:C25212","Study Endpoint",37538258,"Death|History of Hospitalization|Heart disease","snomed:419620001|loinc:11337-3|snomed:56265001","4306655|3019044|321588",,,,"Observation","end of study",2000000025,"end of study visit","icare:icv2000000025"
"EP_hosp_CV","Death or CardioVascular hospitalisations y/n","INT",,"1=yes| 0=no",,622,0,0,1,,"loinc:LA33-6|loinc:LA32-8","Yes|No","45877994|45878245","cdisc:C25212","Study Endpoint",37538258,"Death|History of Hospitalization|Disorder of cardiovascular system","snomed:419620001|loinc:11337-3|snomed:49601007","4306655|3019044|134057",,,,"Observation","end of study",2000000025,"end of study visit","icare:icv2000000025"
"EP_hosp_EP","Death or all hospitalisations except cancer y/n","INT",,"1=yes| 0=no",,622,0,0,1,,"loinc:LA33-6|loinc:LA32-8","Yes|No","45877994|45878245","cdisc:C25212","Study Endpoint",37538258,"Death|History of Hospitalization|Non-cancer","snomed:419620001|loinc:11337-3|icare:icv2000000020","4306655|3019044|2000000020",,,,"Observation","end of study",2000000025,"end of study visit","icare:icv2000000025"
"EP_hosp_HF","Death or Heartfailure hospitalisations without cancer y/n","INT",,"1=yes| 0=no",,622,0,0,1,,"loinc:LA33-6|loinc:LA32-8","Yes|No","45877994|45878245","cdisc:C25212","Study Endpoint",37538258,"Emergency hospital admission for heart failure|Death|Non-cancer","snomed:416683003|snomed:419620001|icare:icv2000000020","4215511|4306655|2000000020",,,,"Observation","end of study",2000000025,"end of study visit","icare:icv2000000025"
"Epilepsie","history of epilepsy Y/N","INT",,"1=yes| 0=no",,622,0,0,1,,"loinc:LA33-6|loinc:LA32-8","Yes|No","45877994|45878245","snomed:84757009","Epilepsy",380378,"Medical history [PhenX]","loinc:66480-5",40769143,,,,"Condition_occurrence","month 0/ baseline",40766819,"Baseline time","loinc:64103-5"
"Exerciseintolerance","Exercise intolerance at baseline","INT",,"0= no|1= mild|2= moderate|3= severe ",9,614,8,0,3,,"LOINC:LA32-8|snomed:255604002|snomed:1255665007|snomed:24484000","No|Mild|Moderate|Severe","45878245|4116992|37165778|4087703","snomed:267044007","Impaired exercise tolerance",4147189,"Symptom severity","snomed:162465004",4037113,,,,"Observation","month 0/ baseline",40766819,"Baseline time","loinc:64103-5"
"Exerciseintolerance_01","Exercise intolerance at baseline","INT",,"1=yes| 0=no",,614,8,0,1,,"loinc:LA33-6|loinc:LA32-8","Yes|No","45877994|45878245","snomed:267044007","Impaired exercise tolerance",4147189,,,,,,,"Observation","month 0/ baseline",40766819,"Baseline time","loinc:64103-5"
"ExIntol1","Exercise intolerance at visit1","INT",,"0= no|1= mild|2= moderate|3= severe ",9,553,69,0,3,,"LOINC:LA32-8|snomed:255604002|snomed:1255665007|snomed:24484000","No|Mild|Moderate|Severe","45878245|4116992|37165778|4087703","snomed:267044007","Impaired exercise tolerance",4147189,"Symptom severity","snomed:162465004",4037113,,,,"Observation","month 1",4081745,"follow-up 1 month","snomed:183623000"
"ExIntol12","Exercise intolerance at Visit12","INT",,"0= no|1= mild|2= moderate|3= severe ",9,440,182,0,3,,"LOINC:LA32-8|snomed:255604002|snomed:1255665007|snomed:24484000","No|Mild|Moderate|Severe","45878245|4116992|37165778|4087703","snomed:267044007","Impaired exercise tolerance",4147189,"Symptom severity","snomed:162465004",4037113,,,,"Observation","month 12",4081746,"follow-up 1 year","snomed:183627004"
"ExIntol18","Exercise intolerance at Visit18","INT",,"0= no|1= mild|2= moderate|3= severe ",9,405,217,0,3,,"LOINC:LA32-8|snomed:255604002|snomed:1255665007|snomed:24484000","No|Mild|Moderate|Severe","45878245|4116992|37165778|4087703","snomed:267044007","Impaired exercise tolerance",4147189,"Symptom severity","snomed:162465004",4037113,,,,"Observation","month 18",44789050,"follow-up 18 months","snomed:199591000000102"
"ExIntol3","Exercise intolerance at visit3","INT",,"0= no|1= mild|2= moderate|3= severe ",9,515,107,0,3,,"LOINC:LA32-8|snomed:255604002|snomed:1255665007|snomed:24484000","No|Mild|Moderate|Severe","45878245|4116992|37165778|4087703","snomed:267044007","Impaired exercise tolerance",4147189,"Symptom severity","snomed:162465004",4037113,,,,"Observation","month 3",44789369,"follow-up 3 months","snomed:200521000000107"
"ExIntol6","Exercise intolerance at visit6","INT",,"0= no|1= mild|2= moderate|3= severe ",9,483,139,0,3,,"LOINC:LA32-8|snomed:255604002|snomed:1255665007|snomed:24484000","No|Mild|Moderate|Severe","45878245|4116992|37165778|4087703","snomed:267044007","Impaired exercise tolerance",4147189,"Symptom severity","snomed:162465004",4037113,,,,"Observation","month 6",4103967,"follow-up 6 months","snomed:300042001"
"FamHist","Family history of heart disease Y/N","INT",,"1=yes| 0=no",,622,0,0,1,,"loinc:LA33-6|loinc:LA32-8","Yes|No","45877994|45878245","snomed:275120007","Family history of cardiac disorder",4173498,"Medical history [PhenX]","loinc:66480-5",40769143,,,,"Condition_occurrence","month 0/ baseline",40766819,"Baseline time","loinc:64103-5"
"Fatigue","fatigue at baseline","INT",,"0= no|1= mild|2= moderate|3= severe ",9,620,2,0,3,,"LOINC:LA32-8|snomed:255604002|snomed:1255665007|snomed:24484000","No|Mild|Moderate|Severe","45878245|4116992|37165778|4087703","snomed:84229001","Fatigue",4223659,"Symptom severity","snomed:162465004",4037113,,,,"Observation","month 0/ baseline",40766819,"Baseline time","loinc:64103-5"
"Fatigue_01","fatigue at baseline","INT",,"1=yes| 0=no",,620,2,0,1,,"loinc:LA33-6|loinc:LA32-8","Yes|No","45877994|45878245","snomed:84229001","Fatigue",4223659,"Medical history [PhenX]","loinc:66480-5",40769143,,,,"Observation","month 0/ baseline",40766819,"Baseline time","loinc:64103-5"
"Fatigue1","fatigue at visit1","INT",,"0= no|1= mild|2= moderate|3= severe ",9,559,63,0,3,,"LOINC:LA32-8|snomed:255604002|snomed:1255665007|snomed:24484000","No|Mild|Moderate|Severe","45878245|4116992|37165778|4087703","snomed:84229001","Fatigue",4223659,"Symptom severity","snomed:162465004",4037113,,,,"Observation","month 1",4081745,"follow-up 1 month","snomed:183623000"
"Fatigue12","fatigue at Visit12","INT",,"0= no|1= mild|2= moderate|3= severe ",9,441,181,0,3,,"LOINC:LA32-8|snomed:255604002|snomed:1255665007|snomed:24484000","No|Mild|Moderate|Severe","45878245|4116992|37165778|4087703","snomed:84229001","Fatigue",4223659,"Symptom severity","snomed:162465004",4037113,,,,"Observation","month 12",4081746,"follow-up 1 year","snomed:183627004"
"Fatigue18","fatigue at Visit18","INT",,"0= no|1= mild|2= moderate|3= severe ",9,405,217,0,3,,"LOINC:LA32-8|snomed:255604002|snomed:1255665007|snomed:24484000","No|Mild|Moderate|Severe","45878245|4116992|37165778|4087703","snomed:84229001","Fatigue",4223659,"Symptom severity","snomed:162465004",4037113,,,,"Observation","month 18",44789050,"follow-up 18 months","snomed:199591000000102"
"Fatigue3","fatigue at visit3","INT",,"0= no|1= mild|2= moderate|3= severe ",9,518,104,0,3,,"LOINC:LA32-8|snomed:255604002|snomed:1255665007|snomed:24484000","No|Mild|Moderate|Severe","45878245|4116992|37165778|4087703","snomed:84229001","Fatigue",4223659,"Symptom severity","snomed:162465004",4037113,,,,"Observation","month 3",44789369,"follow-up 3 months","snomed:200521000000107"
"Fatigue6","fatigue at visit6","INT",,"0= no|1= mild|2= moderate|3= severe ",9,487,135,0,3,,"LOINC:LA32-8|snomed:255604002|snomed:1255665007|snomed:24484000","No|Mild|Moderate|Severe","45878245|4116992|37165778|4087703","snomed:84229001","Fatigue",4223659,"Symptom severity","snomed:162465004",4037113,,,,"Observation","month 6",4103967,"follow-up 6 months","snomed:300042001"
"Gallenblase","history of gallbladder removal","INT",,"1=yes|0=no",,622,0,0,1,,"loinc:LA33-6|loinc:LA32-8","Yes|No","45877994|45878245","snomed:38102005","Cholecystectomy",4242997,"Medical history [PhenX]","loinc:66480-5",40769143,,,,"Condition_occurrence","month 0/ baseline",40766819,"Baseline time","loinc:64103-5"
"GDS12","Geriatric depression score at month12","INT",,,,436,186,0,15,,,,,"loinc:48544-1","Geriatric depression scale (GDS) total",3051694,,,,,,,"Observation","month 12",4081746,"follow-up 1 year","snomed:183627004"
"GDS18","Geriatric depression score at month18","INT",,,,393,229,0,15,,,,,"loinc:48544-1","Geriatric depression scale (GDS) total",3051694,,,,,,,"Observation","month 18",44789050,"follow-up 18 months","snomed:199591000000102"
"GDSBL","Geriatric depression score at baseline","INT",,,,593,29,0,15,,,,,"loinc:48544-1","Geriatric depression scale (GDS) total",3051694,,,,,,,"Observation","month 0/ baseline",40766819,"Baseline time","loinc:64103-5"
"Gender","gender","INT",,"1=male|2=female",,622,0,1,2,,"loinc:LA2-8| loinc:LA3-6","Male| Female","45880669| 45878463","LOINC:76689-9","Sex assigned at birth",46235213,,,,,,,"Person","month 0/ baseline",40766819,"Baseline time","loinc:64103-5"
"Gout","history of gout Y/N","INT",,"1=yes| 0=no",,622,0,0,1,,"loinc:LA33-6|loinc:LA32-8","Yes|No","45877994|45878245","snomed:90560007","Gout",440674,"Medical history [PhenX]","loinc:66480-5",40769143,,,,"Condition_occurrence","month 0/ baseline",40766819,"Baseline time","loinc:64103-5"
"GoutAEs","Gout Aes adverse events","INT",,,,622,0,0,6,,,,,"loinc:LA7266-5 ","Adverse event ",45884383,"Acute gout","snomed:770924008",36674930,,,,"Condition_occurrence","month 0/ baseline",2000000025,"end of study visit","icare:icv2000000025"
"GPComp1","general practicioner compliant with therapy Visit month 1","INT",,"1=yes| 0=no",,556,66,0,1,,"loinc:LA33-6|loinc:LA32-8","Yes|No","45877994|45878245","snomed:24841000000106","Usual general practitioner",44790917,"Drug compliance good","snomed:182884001",4056965,,,,"Observation","month 1",4081745,"follow-up 1 month","snomed:183623000"
"GPComp12","general practicioner compliant with therapy Visit month 12","INT",,"1=yes| 0=no",,443,179,0,1,,"loinc:LA33-6|loinc:LA32-8","Yes|No","45877994|45878245","snomed:24841000000106","Usual general practitioner",44790917,"Drug compliance good","snomed:182884001",4056965,,,,"Observation","month 12",4081746,"follow-up 1 year","snomed:183627004"
"GPComp18","general practicioner compliant with therapy Visit month 18","INT",,"1=yes| 0=no",,403,219,0,1,,"loinc:LA33-6|loinc:LA32-8","Yes|No","45877994|45878245","snomed:24841000000106","Usual general practitioner",44790917,"Drug compliance good","snomed:182884001",4056965,,,,"Observation","month 18",44789050,"follow-up 18 months","snomed:199591000000102"
"GPComp3","general practicioner compliant with therapy Visit month 3","INT",,"1=yes| 0=no",,519,103,0,1,,"loinc:LA33-6|loinc:LA32-8","Yes|No","45877994|45878245","snomed:24841000000106","Usual general practitioner",44790917,"Drug compliance good","snomed:182884001",4056965,,,,"Observation","month 3",44789369,"follow-up 3 months","snomed:200521000000107"
"GPComp6","general practicioner compliant with therapy Visit month 6","INT",,"1=yes| 0=no",,487,135,0,1,,"loinc:LA33-6|loinc:LA32-8","Yes|No","45877994|45878245","snomed:24841000000106","Usual general practitioner",44790917,"Drug compliance good","snomed:182884001",4056965,,,,"Observation","month 6",4103967,"follow-up 6 months","snomed:300042001"
"GradientmeanPulmonalis","Mean Gradient Pulmonary valveat baseline","INT",,,,407,215,0,216,,,,,"snomed:45361000087104","Pulmonary valve ventriculoarterial mean gradient",37172186,"Echocardiography","snomed:40701008",4230911,,,,"Measurement","month 0/ baseline",40766819,"Baseline time","loinc:64103-5"
"GradientmeanPulmonalis_12","Mean Gradient Pulmonary valve at visit12","INT",,,,,,,,,,,,"snomed:45361000087104","Pulmonary valve ventriculoarterial mean gradient",37172186,"Echocardiography","snomed:40701008",4230911,,,,"Measurement","month 12",4081746,"follow-up 1 year","snomed:183627004"
"GradientmeanPulmonalis_18","Mean Gradient Pulmonary valve at visit18","INT",,,,,,,,,,,,"snomed:45361000087104","Pulmonary valve ventriculoarterial mean gradient",37172186,"Echocardiography","snomed:40701008",4230911,,,,"Measurement","month 18",44789050,"follow-up 18 months","snomed:199591000000102"
"Harnwegsinfekt","history of urinary tract infection Y/N","INT",,"1=yes|0=no",,622,0,0,1,,"loinc:LA33-6|loinc:LA32-8","Yes|No","45877994|45878245","snomed:197927001","Recurrent urinary tract infection",4056621,"Medical history [PhenX]","loinc:66480-5",40769143,,,,"Condition_occurrence","month 0/ baseline",40766819,"Baseline time","loinc:64103-5"
"Hepatomegaly","hepatomegaly at phisical examination at baseline","INT",,"0=clinically absent|1= clinically present ",9,606,16,0,1,,"loinc:LA33-6|loinc:LA32-8","Yes|No","45877994|45878245","snomed:80515008","Large liver",197676,,,,,,,"Observation","month 0/ baseline",40766819,"Baseline time","loinc:64103-5"
"Hepatomegaly1","hepatomegaly at phisical examination at visit1","INT",,"0=clinically absent|1= clinically present ",9,547,75,0,1,,"loinc:LA32-8|loinc:LA33-6","No|Yes","45878245|45877994","snomed:80515008","Large liver",197676,,,,,,,"Observation","month 1",4081745,"follow-up 1 month","snomed:183623000"
"Hepatomegaly12","hepatomegaly at phisical examination at Visit12","INT",,"0=clinically absent|1= clinically present ",9,433,189,0,1,,"loinc:LA32-8|loinc:LA33-6","No|Yes","45878245|45877994","snomed:80515008","Large liver",197676,,,,,,,"Observation","month 12",4081746,"follow-up 1 year","snomed:183627004"
"Hepatomegaly18","hepatomegaly at phisical examination at Visit18","INT",,"0=clinically absent|1= clinically present ",9,394,228,0,1,,"loinc:LA32-8|loinc:LA33-6","No|Yes","45878245|45877994","snomed:80515008","Large liver",197676,,,,,,,"Observation","month 18",44789050,"follow-up 18 months","snomed:199591000000102"
"Hepatomegaly3","hepatomegaly at phisical examination at visit3","INT",,"0=clinically absent|1= clinically present ",9,510,112,0,1,,"loinc:LA32-8|loinc:LA33-6","No|Yes","45878245|45877994","snomed:80515008","Large liver",197676,,,,,,,"Observation","month 3",44789369,"follow-up 3 months","snomed:200521000000107"
"Hepatomegaly6","hepatomegaly at phisical examination at visit6","INT",,"0=clinically absent|1= clinically present ",9,477,145,0,1,,"loinc:LA32-8|loinc:LA33-6","No|Yes","45878245|45877994","snomed:80515008","Large liver",197676,,,,,,,"Observation","month 6",4103967,"follow-up 6 months","snomed:300042001"
"HF_hosp","Hospitalisation due to HeartFailure y/n","INT",,"1=yes|0=no",,622,0,0,1,,"loinc:LA33-6|loinc:LA32-8","Yes|No","45877994|45878245","snomed:416683003","Emergency hospital admission for heart failure",4215511,,,,,,,"Condition_occurrence","month 0/ baseline",40766819,"Baseline time","loinc:64103-5"
"HFAEs","Heart failure Aes adverse events","INT",,,,622,0,0,9,,,,,"loinc:LA7266-5 ","Adverse event ",45884383,"Heart failure","snomed:84114007",316139,,,,"Condition_occurrence","end of study",2000000025,"end of study visit","icare:icv2000000025"
"HHD","History of Hypertensive heart disease y/n","INT",,"1=yes|0=no",,622,0,0,1,,"loinc:LA33-6|loinc:LA32-8","Yes|No","45877994|45878245","snomed:64715009","Hypertensive heart disease",442604,"Medical history [PhenX]","loinc:66480-5",40769143,,,,"Condition_occurrence","month 0/ baseline",40766819,"Baseline time","loinc:64103-5"
"Hist_MI","History of any myocardial infarction","INT",,"1=yes|0=no",,622,0,0,1,,"loinc:LA33-6|loinc:LA32-8","Yes|No","45877994|45878245","snomed:22298006","Myocardial infarction",4329847,"Medical history [PhenX]","loinc:66480-5",40769143,,,,"Condition_occurrence","month 0/ baseline",40766819,"Baseline time","loinc:64103-5"
"Housework","needs help in housework at baseline","INT",,"0= independent|1= minor|2= considerable|3= dependent",9,615,7,0,3,,"snomed:371153006|snomed:255606000|snomed:255603008|snomed:371154000","Independent|Minor|Major|Dependent","4153378|4115473|4115472|4159760","snomed:400985006","Needs help with housework",4292065,"Severity score","snomed:278305009",4175713,,,,"Observation","month 0/ baseline",40766819,"Baseline time","loinc:64103-5"
"Housework01","Needs help in housework at baseline Y/N","INT",,"1=yes|0=no",,615,7,0,1,,"loinc:LA33-6|loinc:LA32-8","Yes|No","45877994|45878245","snomed:400985006","Needs help with housework",4292065,,,,,,,"Observation","month 0/ baseline",40766819,"Baseline time","loinc:64103-5"
"Hygiene","Needs help with personal hygiene at baseline","INT",,"0= independent|1= minor|2= considerable|3= dependent",9,621,1,0,3,,"snomed:371153006|snomed:255606000|snomed:255603008|snomed:371154000","Independent|Minor|Major|Dependent","4153378|4115473|4115472|4159760","loinc:LA31643-2","Needs help with personal care",1621288,"Severity score","snomed:278305009",4175713,,,,"Observation","month 0/ baseline",40766819,"Baseline time","loinc:64103-5"
"Hygiene01","Needs help with personal hygiene at baseline y/n","INT",,"1=yes|0=no",,621,1,0,1,,"loinc:LA33-6|loinc:LA32-8","Yes|No","45877994|45878245","loinc:LA31643-2","Needs help with personal care",1621288,,,,,,,"Observation","month 0/ baseline",40766819,"Baseline time","loinc:64103-5"
"Hyperchol","History of hypercholesterolemia Y/N","INT",,"1=yes|0=no",,622,0,0,1,,"loinc:LA33-6|loinc:LA32-8","Yes|No","45877994|45878245","snomed:13644009","Hypercholesterolemia",4029305,"Medical history [PhenX]","loinc:66480-5",40769143,,,,"Condition_occurrence","month 0/ baseline",40766819,"Baseline time","loinc:64103-5"
"HyperkalemiaAEs","Hyperkalemia Aes adverse events","INT",,,,622,0,0,6,,,,,"loinc:LA7266-5 ","Adverse event ",45884383,"Hyperkalemia","snomed:14140009",434610,,,,"Condition_occurrence","month 0/ baseline",40766819,"Baseline time","loinc:64103-5"
"Hypertension","History of Hypertension Y/N","INT",,"1=yes|0=no",,622,0,0,1,,"loinc:LA33-6|loinc:LA32-8","Yes|No","45877994|45878245","snomed:38341003","Hypertensive disorder",316866,"Medical history [PhenX]","loinc:66480-5",40769143,,,,"Condition_occurrence","month 0/ baseline",40766819,"Baseline time","loinc:64103-5"
"HypertensionAEs","Hypertension Aes adverse events","INT",,,,622,0,0,5,,,,,"loinc:LA7266-5 ","Adverse event ",45884383,"Hypertensive disorder","snomed:38341003",316866,,,,"Condition_occurrence","month 0/ baseline",2000000025,"end of study visit","icare:icv2000000025"
"Hyperthyreose","history of hyperthyroidism Y/N","INT",,"1=yes|0=no",,622,0,0,1,,"loinc:LA33-6|loinc:LA32-8","Yes|No","45877994|45878245","snomed:34486009","Hyperthyroidism",4142479,"Medical history [PhenX]","loinc:66480-5",40769143,,,,"Condition_occurrence","month 0/ baseline",40766819,"Baseline time","loinc:64103-5"
"Hyperuricemia","history of hyperuricemia Y/N","INT",,"1=yes|0=no",,622,0,0,3,,"loinc:LA33-6|loinc:LA32-8","Yes|No","45877994|45878245","snomed:35885006","Hyperuricemia",4147761,"Medical history [PhenX]","loinc:66480-5",40769143,,,,"Condition_occurrence","month 0/ baseline",40766819,"Baseline time","loinc:64103-5"
"HypokalemiaAEs","Hypokalemia Aes adverse events","INT",,,,622,0,0,3,,,,,"loinc:LA7266-5","Adverse event ",45884383,"Hypokalemia","snomed:43339004",437833,,,,"Condition_occurrence","month 0/ baseline",2000000025,"end of study visit","icare:icv2000000025"
"HypotensionAEs","Hypotension Aes adverse events","INT",,,,622,0,0,6,,,,,"loinc:LA7266-5 ","Adverse event ",45884383,"Hypotensive episode","snomed:67763001",4285144,,,,"Condition_occurrence","month 0/ baseline",2000000025,"end of study visit","icare:icv2000000025"
"Hysterektomie","history of hysterectomy ( uterus removal) Y/N","INT",,"1=yes|0=no",,622,0,0,1,,"loinc:LA33-6|loinc:LA32-8","Yes|No","45877994|45878245","snomed:236886002","Hysterectomy",4127886,"Medical history [PhenX]","loinc:66480-5",40769143,,,,"Condition_occurrence","month 0/ baseline",40766819,"Baseline time","loinc:64103-5"
"ICD","ICD ( implanted cardiac defibrilator) at baseline y/n","INT",,"1=yes|0=no",,622,0,0,1,,"loinc:LA33-6|loinc:LA32-8","Yes|No","45877994|45878245","snomed:72506001","Implantable defibrillator",4217646,,,,,,,"Condition_occurrence","month 0/ baseline",40766819,"Baseline time","loinc:64103-5"
"ICD_all","ICD (implanted cardiac defibrilator) during the study y/n","INT",,"1=yes|0=no",,622,0,0,1,,"loinc:LA33-6|loinc:LA32-8","Yes|No","45877994|45878245","snomed:72506001","Implantable defibrillator",4217646,"Total","snomed:255619001",4112438,,,,"Condition_occurrence","end of study",2000000025,"end of study visit","icare:icv2000000025"
"IGFBP7.BL","insulin-like growth factor-binding protein 7 (IGFBP7) at BL","FLOAT",,,,462,160,122.66,645.73,,,,,"omopgenomic:5476","IGFBP7 (insulin like growth factor binding protein 7) gene variant measurement",35954969,,,,,,,"Measurement","month 0/ baseline",40766819,"Baseline time","loinc:64103-5"
"IGFBP7.V1","insulin-like growth factor-binding protein 7 (IGFBP7) at V1","FLOAT",,,,430,192,138.72,771.22,,,,,"omopgenomic:5476","IGFBP7 (insulin like growth factor binding protein 7) gene variant measurement",35954969,,,,,,,"Measurement","month 1",4081745,"follow-up 1 month","snomed:183623000"
"IGFBP7.V12","insulin-like growth factor-binding protein 7 (IGFBP7) at V12","FLOAT",,,,364,258,99.763,673.62,,,,,"omopgenomic:5476","IGFBP7 (insulin like growth factor binding protein 7) gene variant measurement",35954969,,,,,,,"Measurement","month 12",4081746,"follow-up 1 year","snomed:183627004"
"IGFBP7.V18","insulin-like growth factor-binding protein 7 (IGFBP7) at v18","FLOAT",,,,334,288,137.68,846.95,,,,,"omopgenomic:5476","IGFBP7 (insulin like growth factor binding protein 7) gene variant measurement",35954969,,,,,,,"Measurement","month 18",44789050,"follow-up 18 months","snomed:199591000000102"
"IGFBP7.V3","insulin-like growth factor-binding protein 7 (IGFBP7) at V3","FLOAT",,,,417,205,140.78,695.11,,,,,"omopgenomic:5476","IGFBP7 (insulin like growth factor binding protein 7) gene variant measurement",35954969,,,,,,,"Measurement","month 3",44789369,"follow-up 3 months","snomed:200521000000107"
"IGFBP7.V6","insulin-like growth factor-binding protein 7 (IGFBP7) at V6","FLOAT",,,,396,226,127.63,859.65,,,,,"omopgenomic:5476","IGFBP7 (insulin like growth factor binding protein 7) gene variant measurement",35954969,,,,,,,"Measurement","month 6",4103967,"follow-up 6 months","snomed:300042001"
"iLBTB","incomplete Left bundlebranch block at baseline","INT",,"1=yes|0=no",,620,2,0,1,,"loinc:LA33-6|loinc:LA32-8","Yes|No","45877994|45878245","snomed:251120003","Incomplete left bundle branch block",4088336,"Electrocardiogram finding","Snomed:301120008",4117134,,,,"Measurement","month 0/ baseline",40766819,"Baseline time","loinc:64103-5"
"iLBTB_12","incomplete Left bundlebranch block at visit12","INT",,"1=yes|0=no",,430,192,0,1,,"loinc:LA33-6|loinc:LA32-8","Yes|No","45877994|45878245","snomed:251120003","Incomplete left bundle branch block",4088336,"Electrocardiogram finding","Snomed:301120008",4117134,,,,"Measurement","month 12",4081746,"follow-up 1 year","snomed:183627004"
"iLBTB_18","incomplete Left bundlebranch block at visit18","INT",,"1=yes|0=no",,395,227,0,1,,"loinc:LA33-6|loinc:LA32-8","Yes|No","45877994|45878245","snomed:251120003","Incomplete left bundle branch block",4088336,"Electrocardiogram finding","Snomed:301120008",4117134,,,,"Measurement","month 18",44789050,"follow-up 18 months","snomed:199591000000102"
"Inferior","inferior hypokinesia at baseline","INT",,"0=normal| 1 = hypokinetic | 2=severely hypokin | 3=akinetic| 4 = dyskinetic",9,479,143,0,4,,"snomed:17621005|snomed:37706002|snomed:371870001|snomed:255326006|snomed:255340007","Normal|Hypokinesis of cardiac wall|Severe hypokinesis of cardiac wall|Akinetic|Dyskinetic","4069590|4291798|4162728|4113277|4113280","snomed:37706002","Hypokinesis of cardiac wall",4291798,"Structure of myocardium of inferior region of left ventricle|Echocardiography","Snomed:367598003|snomed:40701008","4272262|4230911",,,,"Measurement","month 0/ baseline",40766819,"Baseline time","loinc:64103-5"
"Inferior_12","inferior hypokinesia at visit12","INT",,"0=normal| 1 = hypokinetic | 2=severely hypokin | 3=akinetic| 4 = dyskinetic",9,,,,,,"snomed:17621005|snomed:37706002|snomed:371870001|snomed:255326006|snomed:255340007","Normal|Hypokinesis of cardiac wall|Severe hypokinesis of cardiac wall|Akinetic|Dyskinetic","4069590|4291798|4162728|4113277|4113280","snomed:37706002","Hypokinesis of cardiac wall",4291798,"Structure of myocardium of inferior region of left ventricle|Echocardiography","Snomed:367598003|snomed:40701008","4272262|4230911",,,,"Measurement","month 12",4081746,"follow-up 1 year","snomed:183627004"
"Inferior_18","inferior hypokinesia at visit18","INT",,"0=normal| 1 = hypokinetic | 2=severely hypokin | 3=akinetic| 4 = dyskinetic",9,,,,,,"snomed:17621005|snomed:37706002|snomed:371870001|snomed:255326006|snomed:255340007","Normal|Hypokinesis of cardiac wall|Severe hypokinesis of cardiac wall|Akinetic|Dyskinetic","4069590|4291798|4162728|4113277|4113280","snomed:37706002","Hypokinesis of cardiac wall",4291798,"Structure of myocardium of inferior region of left ventricle|Echocardiography","Snomed:367598003|snomed:40701008","4272262|4230911",,,,"Measurement","month 18",44789050,"follow-up 18 months","snomed:199591000000102"
"Insulin","Use of isuline y/n","INT",,"1=yes|0=no",,622,0,0,1,,"loinc:LA33-6|loinc:LA32-8","Yes|No","45877994|45878245","snomed:225302006","Insulin regime",4024603,,,,,,,"Condition_occurrence","month 0/ baseline",40766819,"Baseline time","loinc:64103-5"
"Inverted_T_V1","inverted T-wave present in lead V1 at baseline","INT",,"1=yes|0=no",,620,2,0,1,,"loinc:LA33-6|loinc:LA32-8","Yes|No","45877994|45878245","snomed:59931005","Inverted T wave",4245977,"Lead site V1|Electrocardiogram finding","snomed:257475007|Snomed:301120008","4121563|4117134",,,,"Measurement","month 0/ baseline",40766819,"Baseline time","loinc:64103-5"
"Inverted_T_V1_12","inverted T-wave present in lead V1 at visit12","INT",,"1=yes|0=no",,430,192,0,1,,"loinc:LA33-6|loinc:LA32-8","Yes|No","45877994|45878245","snomed:59931005","Inverted T wave",4245977,"Lead site V1|Electrocardiogram finding","snomed:257475007|Snomed:301120008","4121563|4117134",,,,"Measurement","month 12",4081746,"follow-up 1 year","snomed:183627004"
"Inverted_T_V1_18","inverted T-wave present in lead V1 at visit18","INT",,"1=yes|0=no",,395,227,0,1,,"loinc:LA33-6|loinc:LA32-8","Yes|No","45877994|45878245","snomed:59931005","Inverted T wave",4245977,"Lead site V1|Electrocardiogram finding","snomed:257475007|Snomed:301120008","4121563|4117134",,,,"Measurement","month 18",44789050,"follow-up 18 months","snomed:199591000000102"
"Invest_decision","Withdrawn by investigator","INT",,"1=yes|0=no",,622,0,0,1,,"loinc:LA33-6|loinc:LA32-8","Yes|No","45877994|45878245","snomed:871401000000109","Withdrawn from research study ",44810920,"Principal investigator","snomed:768818001",35625739,,,,"Observation","month 0/ baseline",40766819,"Baseline time","loinc:64103-5"
"iRBTB","incomplete Right bundle branch block at baseline","INT",,"1=yes|0=no",,620,2,0,1,,"loinc:LA33-6|loinc:LA32-8","Yes|No","45877994|45878245","snomed:713426002","EKG: Incomplete right bundle branch block",37017193,"Electrocardiogram finding","Snomed:301120008",4117134,,,,"Measurement","month 0/ baseline",40766819,"Baseline time","loinc:64103-5"
"iRBTB_12","incomplete Right bundle branch block at visit12","INT",,"1=yes|0=no",,430,192,0,1,,"loinc:LA33-6|loinc:LA32-8","Yes|No","45877994|45878245","snomed:713426002","EKG: Incomplete right bundle branch block",37017193,"Electrocardiogram finding","Snomed:301120008",4117134,,,,"Measurement","month 12",4081746,"follow-up 1 year","snomed:183627004"
"iRBTB_18","incomplete Right bundle branch block at visit18","INT",,"1=yes|0=no",,395,227,0,1,,"loinc:LA33-6|loinc:LA32-8","Yes|No","45877994|45878245","snomed:713426002","EKG: Incomplete right bundle branch block",37017193,"Electrocardiogram finding","Snomed:301120008",4117134,,,,"Measurement","month 18",44789050,"follow-up 18 months","snomed:199591000000102"
"Jugularvein","Jugular veins grade at baseline","INT",,"0= <4 mmHg|1= > 4mmHg|2= positive hepatojugular reflux|4= congestion in 45 degree position",9,609,13,0,3,,"icare:icv2000000056|icare:icv2000000057|icare:icv2000000058|icare:icv2000000059","Normal right atrial pressure|Mildly elevated right-atrial pressure|Latent congestion (positive epato-jugular reflux)|Severe congestion ((marked Jugular venous pressure )","2000000056|2000000057|2000000058|2000000059","snomed:449161000124101","Distention of jugular vein",763968,,,,,,,"Condition_occurrence","month 0/ baseline",40766819,"Baseline time","loinc:64103-5"
"Jugularvein_01","jugular vein elevated at baseline","INT",,"1=yes|0=no",,609,13,0,1,,"loinc:LA33-6|loinc:LA32-8","Yes|No","45877994|45878245","snomed:449161000124101","Distention of jugular vein",763968,,,,,,,"Condition_occurrence","month 0/ baseline",40766819,"Baseline time","loinc:64103-5"
"JV1","Jugular veins grade at visit1","INT",,"0= <4 mmHg|1= > 4mmHg|2= positive hepatojugular reflux|4= congestion in 45 degree position",9,551,71,0,3,,"icare:icv2000000056|icare:icv2000000057|icare:icv2000000058|icare:icv2000000059","Normal right atrial pressure|Mildly elevated right-atrial pressure|Latent congestion (positive epato-jugular reflux)|Severe congestion ((marked Jugular venous pressure )","2000000056|2000000057|2000000058|2000000059","snomed:449161000124101","Distention of jugular vein",763968,,,,,,,"Condition_occurrence","month 1",4081745,"follow-up 1 month","snomed:183623000"
"JV1_01","Jugular vein elevated at visit1","INT",,"1=yes|0=no",,551,71,0,1,,"loinc:LA33-6|loinc:LA32-8","Yes|No","45877994|45878245","snomed:449161000124101","Distention of jugular vein",763968,,,,,,,"Condition_occurrence","month 1",4081745,"follow-up 1 month","snomed:183623000"
"JV12","Jugular veins grade at Visit12","INT",,"0= <4 mmHg|1= > 4mmHg|2= positive hepatojugular reflux|4= congestion in 45 degree position",9,436,186,0,3,,"icare:icv2000000056|icare:icv2000000057|icare:icv2000000058|icare:icv2000000059","Normal right atrial pressure|Mildly elevated right-atrial pressure|Latent congestion (positive epato-jugular reflux)|Severe congestion ((marked Jugular venous pressure )","2000000056|2000000057|2000000058|2000000059","snomed:449161000124101","Distention of jugular vein",763968,,,,,,,"Condition_occurrence","month 12",4081746,"follow-up 1 year","snomed:183627004"
"JV18","Jugular veins grade at Visit18","INT",,"0= <4 mmHg|1= > 4mmHg|2= positive hepatojugular reflux|4= congestion in 45 degree position",9,401,221,0,3,,"icare:icv2000000056|icare:icv2000000057|icare:icv2000000058|icare:icv2000000059","Normal right atrial pressure|Mildly elevated right-atrial pressure|Latent congestion (positive epato-jugular reflux)|Severe congestion ((marked Jugular venous pressure )","2000000056|2000000057|2000000058|2000000059","snomed:449161000124101","Distention of jugular vein",763968,,,,,,,"Condition_occurrence","month 18",44789050,"follow-up 18 months","snomed:199591000000102"
"JV3","Jugular veins grade at visit3","INT",,"0= <4 mmHg|1= > 4mmHg|2= positive hepatojugular reflux|4= congestion in 45 degree position",9,517,105,0,3,,"icare:icv2000000056|icare:icv2000000057|icare:icv2000000058|icare:icv2000000059","Normal right atrial pressure|Mildly elevated right-atrial pressure|Latent congestion (positive epato-jugular reflux)|Severe congestion ((marked Jugular venous pressure )","2000000056|2000000057|2000000058|2000000059","snomed:449161000124101","Distention of jugular vein",763968,,,,,,,"Condition_occurrence","month 3",44789369,"follow-up 3 months","snomed:200521000000107"
"JV3_01","Jugular vein elevated at visit3","INT",,"1=yes|0=no",9,517,105,0,1,,"loinc:LA33-6|loinc:LA32-8","Yes|No","45877994|45878245","snomed:449161000124101","Distention of jugular vein",763968,,,,,,,"Condition_occurrence","month 3",44789369,"follow-up 3 months","snomed:200521000000107"
"JV6","Jugular veins grade at visit6","INT",,"0= <4 mmHg|1= > 4mmHg|2= positive hepatojugular reflux|4= congestion in 45 degree position",9,479,143,0,3,,"icare:icv2000000056|icare:icv2000000057|icare:icv2000000058|icare:icv2000000059","Normal right atrial pressure|Mildly elevated right-atrial pressure|Latent congestion (positive epato-jugular reflux)|Severe congestion ((marked Jugular venous pressure )","2000000056|2000000057|2000000058|2000000059","snomed:449161000124101","Distention of jugular vein",763968,,,,,,,"Condition_occurrence","month 6",4103967,"follow-up 6 months","snomed:300042001"
"JV6_01","jugular vein elevated at visit6","INT",,"1=yes|0=no",,479,143,0,1,,"loinc:LA33-6|loinc:LA32-8","Yes|No","45877994|45878245","snomed:449161000124101","Distention of jugular vein",763968,,,,,,,"Condition_occurrence","month 6",4103967,"follow-up 6 months","snomed:300042001"
"Kidney_disease","history of kidney disease Y/N","INT",,"1=yes|0=no",,622,0,0,1,,"loinc:LA33-6|loinc:LA32-8","Yes|No","45877994|45878245","snomed:709044004","Chronic kidney disease",46271022,"Medical history [PhenX]","loinc:66480-5",40769143,,,,"Condition_occurrence","month 0/ baseline",40766819,"Baseline time","loinc:64103-5"
"Koaptationsstörung","mitral valve leaflet coaptation disorder at baseline","INT",,"1=yes|0=no",,532,90,0,1,,"loinc:LA33-6|loinc:LA32-8","Yes|No","45877994|45878245","snomed:760031000000108","Noncoapting mitral leaflet",44804853,"Echocardiography","snomed:40701008",4230911,,,,"Measurement","month 0/ baseline",40766819,"Baseline time","loinc:64103-5"
"Koaptationsstörung_12","mitral valve leaflet coaptation disorder at visit12","INT",,"1=yes|0=no",,,,,,,"loinc:LA33-6|loinc:LA32-8","Yes|No","45877994|45878245","snomed:760031000000108","Noncoapting mitral leaflet",44804853,"Echocardiography","snomed:40701008",4230911,,,,"Measurement","month 12",4081746,"follow-up 1 year","snomed:183627004"
"Koaptationsstörung_18","mitral valve leaflet coaptation disorder at visit18","INT",,"1=yes|0=no",,,,,,,"loinc:LA33-6|loinc:LA32-8","Yes|No","45877994|45878245","snomed:760031000000108","Noncoapting mitral leaflet",44804853,"Echocardiography","snomed:40701008",4230911,,,,"Measurement","month 18",44789050,"follow-up 18 months","snomed:199591000000102"
"LA_overbelasting","left atrial overload on ECG at baseline","INT",,"1=yes|0=no",,620,2,0,1,,"loinc:LA33-6|loinc:LA32-8","Yes|No","45877994|45878245","snomed:253361002","Left atrial dilatation",4101029,"Electrocardiogram finding","Snomed:301120008",4117134,,,,"Measurement","month 0/ baseline",40766819,"Baseline time","loinc:64103-5"
"LA_overbelasting_12","left atrial overload on ECG at visit12","INT",,"1=yes|0=no",,430,192,0,1,,"loinc:LA33-6|loinc:LA32-8","Yes|No","45877994|45878245","snomed:253361002","Left atrial dilatation",4101029,"Electrocardiogram finding","Snomed:301120008",4117134,,,,"Measurement","month 12",4081746,"follow-up 1 year","snomed:183627004"
"Lateral","lateral hypokinesia at baseline","INT",,"0=normal| 1 = hypokinetic | 2=severely hypokin | 3=akinetic| 4 = dyskinetic",9,479,143,0,9,,"snomed:17621005|snomed:37706002|snomed:371870001|snomed:255326006|snomed:255340007","Normal|Hypokinesis of cardiac wall|Severe hypokinesis of cardiac wall|Akinetic|Dyskinetic","4069590|4291798|4162728|4113277|4113280","snomed:37706002","Hypokinesis of cardiac wall",4291798,"Structure of myocardium of lateral region of left ventricle|Echocardiography","Snomed:1335824001|snomed:40701008","1074110|4230911",,,,"Measurement","month 0/ baseline",40766819,"Baseline time","loinc:64103-5"
"Lateral_12","lateral hypokinesia at visit12","INT",,"0=normal| 1 = hypokinetic | 2=severely hypokin | 3=akinetic| 4 = dyskinetic",9,,,,,,"snomed:17621005|snomed:37706002|snomed:371870001|snomed:255326006|snomed:255340007","Normal|Hypokinesis of cardiac wall|Severe hypokinesis of cardiac wall|Akinetic|Dyskinetic","4069590|4291798|4162728|4113277|4113280","snomed:37706002","Hypokinesis of cardiac wall",4291798,"Structure of myocardium of lateral region of left ventricle|Echocardiography","Snomed:1335824001|snomed:40701008","1074110|4230911",,,,"Measurement","month 12",4081746,"follow-up 1 year","snomed:183627004"
"Lateral_18","lateral hypokinesia at visit18","INT",,"0=normal| 1 = hypokinetic | 2=severely hypokin | 3=akinetic| 4 = dyskinetic",9,,,,,,"snomed:17621005|snomed:37706002|snomed:371870001|snomed:255326006|snomed:255340007","Normal|Hypokinesis of cardiac wall|Severe hypokinesis of cardiac wall|Akinetic|Dyskinetic","4069590|4291798|4162728|4113277|4113280","snomed:37706002","Hypokinesis of cardiac wall",4291798,"Structure of myocardium of lateral region of left ventricle|Echocardiography","Snomed:1335824001|snomed:40701008","1074110|4230911",,,,"Measurement","month 18",44789050,"follow-up 18 months","snomed:199591000000102"
"Laxativum","uses anylaxative useat Baseline y/n ","INT",,"1=yes|0=no",,622,0,0,1,,"loinc:LA33-6|loinc:LA32-8","Yes|No","45877994|45878245","snomed:372800002","Laxative agent",4187031,,,,,,,"Drug_Exposure","month 0/ baseline",40766819,"Baseline time","loinc:64103-5"
"Leukämien","history of leukemia Y/N","INT",,"1=yes|0=no",,622,0,0,1,,"loinc:LA33-6|loinc:LA32-8","Yes|No","45877994|45878245","snomed:93143009","Leukemia",317510,"Medical history [PhenX]","loinc:66480-5",40769143,,,,"Condition_occurrence","month 0/ baseline",40766819,"Baseline time","loinc:64103-5"
"Liver_dis","history of liver disease Y/N","INT",,"1=yes|0=no",,622,0,0,1,,"loinc:LA33-6|loinc:LA32-8","Yes|No","45877994|45878245","snomed:328383001","Chronic liver disease",4212540,"Medical history [PhenX]","loinc:66480-5",40769143,,,,"Condition_occurrence","month 0/ baseline",40766819,"Baseline time","loinc:64103-5"
"Living","living arrangement at baseline","INT",,"1=Spouse |2=partner|3=Alone|4=Next generation|5= Friend(s)|6=Home for elderly|8=Nursing home|9=Other|10=Unknown",,622,0,1,9,,"loinc:LA6450-6|loinc:LA6450-6|loinc:LA6255-9|loinc:LA6447-2|loinc:LA6444-9|icare:icv2000000049|icare:icv2000000050|loinc:LA6448-0|loinc:LA4489-6","With spouse or significant other|With spouse or significant other|lives alone|with other family memebers|with a friend|living in home for elderly|living in nursing home|With other than above|unknown","45883061|45883061 |45883687 |45879321| 45884952| 2000000049| 2000000050|45884953|45877986","loinc:46468-5","Current living arrangement",3051968,,,,,,,"Person","month 0/ baseline",40766819,"Baseline time","loinc:64103-5"
"Living_home_not_alone","living at homenot alone y/n","INT",,"1=yes|0=no",,622,0,0,1,,"loinc:LA33-6|loinc:LA32-8","Yes|No","45877994|45878245","loinc:46468-5","Current living arrangement",3051968,"With spouse or significant other","loinc:LA6450-6",45883061,,,,"Person","month 0/ baseline",40766819,"Baseline time","loinc:64103-5"
"Loop_at_BL","any loop diuretics at Baseline","INT",,"1=yes|0=no",,622,0,0,1,,"loinc:LA33-6|loinc:LA32-8","Yes|No","45877994|45878245","atc:C03CA","""Sulfonamides, plain""",21601517,,,,,,,"Drug_Exposure","month 0/ baseline",40766819,"Baseline time","loinc:64103-5"
"Loop_at_V1","any loop diuretics at visit1","INT",,"1=yes|0=no",,567,55,0,1,,"loinc:LA33-6|loinc:LA32-8","Yes|No","45877994|45878245","atc:C03CA","""Sulfonamides, plain""",21601517,,,,,,,"Drug_Exposure","month 1",4081745,"follow-up 1 month","snomed:183623000"
"Loop_at_V12","any loop diuretics at visit12","INT",,"1=yes|0=no",,446,176,0,1,,"loinc:LA33-6|loinc:LA32-8","Yes|No","45877994|45878245","atc:C03CA","""Sulfonamides, plain""",21601517,,,,,,,"Drug_Exposure","month 12",4081746,"follow-up 1 year","snomed:183627004"
"Loop_at_V18","any loop diuretics at visit18","INT",,"1=yes|0=no",,406,216,0,1,,"loinc:LA33-6|loinc:LA32-8","Yes|No","45877994|45878245","atc:C03CA","""Sulfonamides, plain""",21601517,,,,,,,"Drug_Exposure","month 18",44789050,"follow-up 18 months","snomed:199591000000102"
"Loop_at_V6","any loop diuretics at visit6","INT",,"1=yes|0=no",,489,133,0,1,,"loinc:LA33-6|loinc:LA32-8","Yes|No","45877994|45878245","atc:C03CA","""Sulfonamides, plain""",21601517,,,,,,,"Drug_Exposure","month 6",4103967,"follow-up 6 months","snomed:300042001"
"Loop_atV3","any loop diuretics at visit3","INT",,"1=yes|0=no",,521,101,0,1,,"loinc:LA33-6|loinc:LA32-8","Yes|No","45877994|45878245","atc:C03CA","""Sulfonamides, plain""",21601517,,,,,,,"Drug_Exposure","month 3",44789369,"follow-up 3 months","snomed:200521000000107"
"Loop_dose_BL","Loop dose expressed at equivalent furosemide at baseline","INT","%",,,622,0,0,1000,,,,,"atc:C03CA","""Sulfonamides, plain""",21601517,"percentage target dose","icare:icv2000000042",2000000042,"percent","ucum:%",8554,"Drug_Exposure","month 0/ baseline",40766819,"Baseline time","loinc:64103-5"
"Loop_dose_V1","Loop dose expressed at equivalent dose furosemide at visit1","INT","%",,,567,55,0,800,,,,,"atc:C03CA","""Sulfonamides, plain""",21601517,"percentage target dose","icare:icv2000000042",2000000042,"percent","ucum:%",8554,"Drug_Exposure","month 1",4081745,"follow-up 1 month","snomed:183623000"
"Loop_dose_V12","Loop dose expressed at equivalent dose furosemide at visit12","INT","%",,,446,176,0,960,,,,,"atc:C03CA","""Sulfonamides, plain""",21601517,"percentage target dose","icare:icv2000000042",2000000042,"percent","ucum:%",8554,"Drug_Exposure","month 12",4081746,"follow-up 1 year","snomed:183627004"
"Loop_dose_V18","Loop dose expressed at equivalent dose furosemide at visit18","INT","%",,,406,216,0,800,,,,,"atc:C03CA","""Sulfonamides, plain""",21601517,"percentage target dose","icare:icv2000000042",2000000042,"percent","ucum:%",8554,"Drug_Exposure","month 18",44789050,"follow-up 18 months","snomed:199591000000102"
"Loop_dose_V3","Loop dose expressed at equivalent dose furosemide at visit3","INT","%",,,521,101,0,1000,,,,,"atc:C03CA","""Sulfonamides, plain""",21601517,"percentage target dose","icare:icv2000000042",2000000042,"percent","ucum:%",8554,"Drug_Exposure","month 3",44789369,"follow-up 3 months","snomed:200521000000107"
"Loop_dose_V6","Loop dose expressed at equivalent dose furosemide at visit6","INT","%",,,489,133,0,800,,,,,"atc:C03CA","""Sulfonamides, plain""",21601517,"percentage target dose","icare:icv2000000042",2000000042,"percent","ucum:%",8554,"Drug_Exposure","month 6",4103967,"follow-up 6 months","snomed:300042001"
"Lost","Lost-to-follow-up","INT",,"1=yes|0=no",,622,0,0,1,,"loinc:LA33-6|loinc:LA32-8","Yes|No","45877994|45878245","snomed:399307001","Lost to follow-up",4163894,,,,,,,"Observation","end of study",2000000025,"end of study visit","icare:icv2000000025"
"Low_voltage_extr","low voltages in extremity leads at baseline","INT",,"1=yes|0=no",,620,2,0,1,,"loinc:LA33-6|loinc:LA32-8","Yes|No","45877994|45878245","snomed:251147008","Low QRS voltages in the limb leads",4088500,"Electrocardiogram finding","Snomed:301120008",4117134,,,,"Measurement","month 0/ baseline",40766819,"Baseline time","loinc:64103-5"
"Low_voltage_extr_12","low voltages in extremity leads at visit12","INT",,"1=yes|0=no",,430,192,0,1,,"loinc:LA33-6|loinc:LA32-8","Yes|No","45877994|45878245","snomed:251147008","Low QRS voltages in the limb leads",4088500,"Electrocardiogram finding","Snomed:301120008",4117134,,,,"Measurement","month 12",4081746,"follow-up 1 year","snomed:183627004"
"Low_voltage_extr_18","low voltages in extremity leads at visit18","INT",,"1=yes|0=no",,395,227,0,1,,"loinc:LA33-6|loinc:LA32-8","Yes|No","45877994|45878245","snomed:251147008","Low QRS voltages in the limb leads",4088500,"Electrocardiogram finding","Snomed:301120008",4117134,,,,"Measurement","month 18",44789050,"follow-up 18 months","snomed:199591000000102"
"Low_voltage_precor","low voltages in precordial leads at baseline","INT",,"1=yes|0=no",,620,2,0,1,,"loinc:LA33-6|loinc:LA32-8","Yes|No","45877994|45878245","snomed:251148003","Low QRS voltages in the precordial leads",4091456,"Electrocardiogram finding","Snomed:301120008",4117134,,,,"Measurement","month 0/ baseline",40766819,"Baseline time","loinc:64103-5"
"Low_voltage_precor_12","low voltages in precordial leads at visit12","INT",,"1=yes|0=no",,430,192,0,1,,"loinc:LA33-6|loinc:LA32-8","Yes|No","45877994|45878245","snomed:251148003","Low QRS voltages in the precordial leads",4091456,"Electrocardiogram finding","Snomed:301120008",4117134,,,,"Measurement","month 12",4081746,"follow-up 1 year","snomed:183627004"
"Low_voltage_precor_18","low voltages in precordial leads at visit18","INT",,"1=yes|0=no",,395,227,0,1,,"loinc:LA33-6|loinc:LA32-8","Yes|No","45877994|45878245","snomed:251148003","Low QRS voltages in the precordial leads",4091456,"Electrocardiogram finding","Snomed:301120008",4117134,,,,"Measurement","month 18",44789050,"follow-up 18 months","snomed:199591000000102"
"LVEDVI_12","left ventricular (LV) end-diastolic volume index (EDVI) at v12","FLOAT",,,,334,288,22.5122572631155,384.435783334572,,,,,"loinc:18026-5","Left ventricular End-diastolic volume by US",3036213,,,,,,,"Measurement","month 12",4081746,"follow-up 1 year","snomed:183627004"
"LVEDVI_18","left ventricular (LV) end-diastolic volume index (EDVI) at v18","FLOAT",,,,279,343,20.4525250568862,227.563573265718,,,,,"loinc:18026-5","Left ventricular End-diastolic volume by US",3036213,,,,,,,"Measurement","month 18",44789050,"follow-up 18 months","snomed:199591000000102"
"LVEDVI_BL","left ventricular (LV) end-diastolic volume index (EDVI) at BL","FLOAT",,,,451,171,14.8732585982915,326.289823502864,,,,,"loinc:18026-5","Left ventricular End-diastolic volume by US",3036213,,,,,,,"Measurement","month 0/ baseline",40766819,"Baseline time","loinc:64103-5"
"LVESVI_12","left ventricular (LV) end-systolic volume index (ESVI) at v12","FLOAT",,,,334,288,5.70532485785858,339.328651423315,,,,,"loinc:18148-7","Left ventricular End-systolic volume by US",3021550,"Echocardiography","snomed:40701008",4230911,,,,"Measurement","month 12",4081746,"follow-up 1 year","snomed:183627004"
"LVESVI_18","left ventricular (LV) end-systolic volume index (ESVI) atv18","FLOAT",,,,279,343,6.22762505539177,198.074895067471,,,,,"loinc:18148-7","Left ventricular End-systolic volume by US",3021550,"Echocardiography","snomed:40701008",4230911,,,,"Measurement","month 18",44789050,"follow-up 18 months","snomed:199591000000102"
"LVESVI_BL","left ventricular (LV) end-systolic volume index (ESVI) at BL","FLOAT",,,,450,172,6.50265326767016,292.55388052357,,,,,"loinc:18148-7","Left ventricular End-systolic volume by US",3021550,"Echocardiography","snomed:40701008",4230911,,,,"Measurement","month 0/ baseline",40766819,"Baseline time","loinc:64103-5"
"LVH","LVH criterium reached on ECG at baseline","INT",,"1=yes|0=no",,620,2,0,1,,"loinc:LA33-6|loinc:LA32-8","Yes|No","45877994|45878245","snomed:55827005","Left ventricular hypertrophy",4184746,"Electrocardiogram finding","Snomed:301120008",4117134,,,,"Measurement","month 0/ baseline",40766819,"Baseline time","loinc:64103-5"
"LVH_12","LVH criterium reached on ECG at visit12","INT",,"1=yes|0=no",,430,192,0,1,,"loinc:LA33-6|loinc:LA32-8","Yes|No","45877994|45878245","snomed:55827005","Left ventricular hypertrophy",4184746,"Electrocardiogram finding","Snomed:301120008",4117134,,,,"Measurement","month 12",4081746,"follow-up 1 year","snomed:183627004"
"LVH_18","LVH criterium reached on ECG at visit18","INT",,"1=yes|0=no",,395,227,0,1,,"loinc:LA33-6|loinc:LA32-8","Yes|No","45877994|45878245","snomed:55827005","Left ventricular hypertrophy",4184746,"Electrocardiogram finding","Snomed:301120008",4117134,,,,"Measurement","month 18",44789050,"follow-up 18 months","snomed:199591000000102"
"MACvisuell","Mitral annulus calcification visually at baseline","INT",,"0 = no | 1 = trivial| 2=mild | 3=moderate | 4=severe",9,528,94,0,4,,"LOINC:LA32-8|snomed:162466003|snomed:255604002|snomed:1255665007|snomed:24484000","No|Symptom trivial|Mild|Moderate|Severe","45878245|4037114|4116992|37165778|4087703","snomed:473372009","Calcification of mitral valve",43022047,"Echocardiography","snomed:40701008",4230911,,,,"Measurement","month 0/ baseline",40766819,"Baseline time","loinc:64103-5"
"MACvisuell_12","Mitral annulus calcification visually at visit12","INT",,"0 = no | 1 = trivial| 2=mild | 3=moderate | 4=severe",9,,,,,,"LOINC:LA32-8|snomed:162466003|snomed:255604002|snomed:1255665007|snomed:24484000","No|Symptom trivial|Mild|Moderate|Severe","45878245|4037114|4116992|37165778|4087703","snomed:473372009","Calcification of mitral valve",43022047,"Echocardiography","snomed:40701008",4230911,,,,"Measurement","month 12",4081746,"follow-up 1 year","snomed:183627004"
"MACvisuell_18","Mitral annulus calcification visually at visit18","INT",,"0 = no | 1 = trivial| 2=mild | 3=moderate | 4=severe",9,,,,,,"LOINC:LA32-8|snomed:162466003|snomed:255604002|snomed:1255665007|snomed:24484000","No|Symptom trivial|Mild|Moderate|Severe","45878245|4037114|4116992|37165778|4087703","snomed:473372009","Calcification of mitral valve",43022047,"Echocardiography","snomed:40701008",4230911,,,,"Measurement","month 18",44789050,"follow-up 18 months","snomed:199591000000102"
"Majorbleedings","bleed","INT",,"1=yes|0=no",,622,0,0,1,,"loinc:LA33-6|loinc:LA32-8","Yes|No","45877994|45878245","snomed:131148009","Bleeding",437312,,,,,,,"Condition_occurrence","month 0/ baseline",40766819,"Baseline time","loinc:64103-5"
"Married01","married y/n","INT",,"1=yes|0=no",,622,0,0,1,,"loinc:LA33-6|loinc:LA32-8","Yes|No","45877994|45878245","snomed:87915002","Married",4338692,,,,,,,"Person","month 0/ baseline",40766819,"Baseline time","loinc:64103-5"
"MaxallAESeverity","Maximum severity of all AE Adverse Event a person had ( across all events)","INT",,"1=mild| 2=moderately impacting daily life| 3=severely inpacting daily life| 4=required hospitalisation| 5=caused death",,587,35,1,5,,"snomed:255604002|snomed:1255665007|snomed:24484000|loinc:LA15417-1|snomed:419620001","Mild|Moderate|Severe|Hospitalization|death","4116992|37165778|4087703|45884746|4306655","loinc:LA7266-5 ","Adverse event ",45884383,"Severity score|Maximal","Snomed:278305009|snomed:56851009","4175713|4210743",,,,"Condition_occurrence","month 0/ baseline",2000000025,"end of study visit","icare:icv2000000025"
"MaxAnemiaAESeverity","Max Anemia AE-Severity adverse event-severity","INT",,"1=mild| 2=moderately impacting daily life| 3=severely inpacting daily life| 4=required hospitalisation| 5=caused death",,96,526,1,3,,"snomed:255604002|snomed:1255665007|snomed:24484000|loinc:LA15417-1|snomed:419620001","Mild|Moderate|Severe|Hospitalization|death","4116992|37165778|4087703|45884746|4306655","loinc:LA7266-5 ","Adverse event ",45884383,"Anemia|Severity score|Maximal","snomed:271737000|snomed:278305009|snomed:56851009","439777|4175713|4210743",,,,"Condition_occurrence","month 0/ baseline",2000000025,"end of study visit","icare:icv2000000025"
"MaxBacterialInfectionAESeverity","Max Bacterial Infection AE-Severity adverse event-severity","INT",,"1=mild| 2=moderately impacting daily life| 3=severely inpacting daily life| 4=required hospitalisation| 5=caused death",,248,374,1,5,,"snomed:255604002|snomed:1255665007|snomed:24484000|loinc:LA15417-1|snomed:419620001","Mild|Moderate|Severe|Hospitalization|death","4116992|37165778|4087703|45884746|4306655","loinc:LA7266-5 ","Adverse event ",45884383,"Bacterial infectious disease|Severity score|Maximal","snomed:87628006|snomed:278305009|snomed:56851009","432545|4175713|4210743",,,,"Condition_occurrence","month 0/ baseline",2000000025,"end of study visit","icare:icv2000000025"
"MaxBleedingAESeverity","Max Bleeding AE-Severity adverse event-severity","INT",,"1=mild| 2=moderately impacting daily life| 3=severely inpacting daily life| 4=required hospitalisation| 5=caused death",,65,557,1,5,,"snomed:255604002|snomed:1255665007|snomed:24484000|loinc:LA15417-1|snomed:419620001","Mild|Moderate|Severe|Hospitalization|death","4116992|37165778|4087703|45884746|4306655","loinc:LA7266-5 ","Adverse event ",45884383,"Bleeding|Severity score|Maximal","snomed:131148009|snomed:278305009|snomed:56851009","437312|4175713|4210743",,,,"Condition_occurrence","month 0/ baseline",2000000025,"end of study visit","icare:icv2000000025"
"MaxBradycardiaAESeverity","Max Bradycardia AE-Severity adverse event-severity","INT",,"1=mild| 2=moderately impacting daily life| 3=severely inpacting daily life| 4=required hospitalisation| 5=caused death",,74,548,1,4,,"snomed:255604002|snomed:1255665007|snomed:24484000|loinc:LA15417-1|snomed:419620001","Mild|Moderate|Severe|Hospitalization|death","4116992|37165778|4087703|45884746|4306655","loinc:LA7266-5 ","Adverse event ",45884383,"Bradycardia|Severity score|Maximal","snomed:48867003|snomed:278305009|snomed:56851009","4169095|4175713|4210743",,,,"Condition_occurrence","month 0/ baseline",2000000025,"end of study visit","icare:icv2000000025"
"MaxCADAESeverity","Max CAD AE-Severity coronary artery disease adverse event-severity","INT",,"1=mild| 2=moderately impacting daily life| 3=severely inpacting daily life| 4=required hospitalisation| 5=caused death",,111,511,1,5,,"snomed:255604002|snomed:1255665007|snomed:24484000|loinc:LA15417-1|snomed:419620001","Mild|Moderate|Severe|Hospitalization|death","4116992|37165778|4087703|45884746|4306655","loinc:LA7266-5","Adverse event ",45884383,"Disorder of coronary artery|Severity score|Maximal","snomed:414024009|snomed:278305009|snomed:56851009","4187067|4175713|4210743",,,,"Condition_occurrence","month 0/ baseline",2000000025,"end of study visit","icare:icv2000000025"
"MaxcerebrovascAESeverity","Max cerebrovascular AE-Severity adverse event-severity","INT",,"1=mild| 2=moderately impacting daily life| 3=severely inpacting daily life| 4=required hospitalisation| 5=caused death",,25,597,2,5,,"snomed:255604002|snomed:1255665007|snomed:24484000|loinc:LA15417-1|snomed:419620001","Mild|Moderate|Severe|Hospitalization|death","4116992|37165778|4087703|45884746|4306655","loinc:LA7266-5","Adverse event ",45884383,"Cerebrovascular disease|Severity score|Maximal","snomed:62914000|snomed:278305009|snomed:56851009","381591|4175713|4210743",,,,"Condition_occurrence","month 0/ baseline",2000000025,"end of study visit","icare:icv2000000025"
"MaxConstipationAESeverity","Max Constipation AE-Severity adverse event-severity","INT",,"1=mild| 2=moderately impacting daily life| 3=severely inpacting daily life| 4=required hospitalisation| 5=caused death",,85,537,1,3,,"snomed:255604002|snomed:1255665007|snomed:24484000|loinc:LA15417-1|snomed:419620001","Mild|Moderate|Severe|Hospitalization|death","4116992|37165778|4087703|45884746|4306655","loinc:LA7266-5","Adverse event ",45884383,"Constipation|Severity score|Maximal","snomed:14760008|snomed:278305009|snomed:56851009","75860|4175713|4210743",,,,"Condition_occurrence","month 0/ baseline",2000000025,"end of study visit","icare:icv2000000025"
"MaxCOPDAsthmaAESeverity","Max COPD Asthma AE-Severity adverse event-severity","INT",,"1=mild| 2=moderately impacting daily life| 3=severely inpacting daily life| 4=required hospitalisation| 5=caused death",,36,586,1,5,,"snomed:255604002|snomed:1255665007|snomed:24484000|loinc:LA15417-1|snomed:419620001","Mild|Moderate|Severe|Hospitalization|death","4116992|37165778|4087703|45884746|4306655","loinc:LA7266-5","Adverse event ",45884383,"Chronic obstructive lung disease|Asthma|Severity score|Maximal","snomed:13645005|snomed:195967001|snomed:278305009|snomed:56851009","255573|317009|4175713|4210743",,,,"Condition_occurrence","month 0/ baseline",2000000025,"end of study visit","icare:icv2000000025"
"MaxCVAESeverity","Max CV cardiovascular AE (Adverse Event)-Severity","INT",,"1=mild| 2=moderately impacting daily life| 3=severely inpacting daily life| 4=required hospitalisation| 5=caused death",,527,95,1,5,,"snomed:255604002|snomed:1255665007|snomed:24484000|loinc:LA15417-1|snomed:419620001","Mild|Moderate|Severe|Hospitalization|death","4116992|37165778|4087703|45884746|4306655","loinc:LA7266-5 ","Adverse event ",45884383,"Cardiovascular event|Severity score|Maximal","snomed:405617006|snomed:278305009|snomed:56851009","4236854|4175713|4210743",,,,"Condition_occurrence","month 0/ baseline",2000000025,"end of study visit","icare:icv2000000025"
"MaxDementiaAESeverity","Max Dementia AE-Severity adverse event-severity","INT",,"1=mild| 2=moderately impacting daily life| 3=severely inpacting daily life| 4=required hospitalisation| 5=caused death",,22,600,1,3,,"snomed:255604002|snomed:1255665007|snomed:24484000|loinc:LA15417-1|snomed:419620001","Mild|Moderate|Severe|Hospitalization|death","4116992|37165778|4087703|45884746|4306655","loinc:LA7266-5","Adverse event ",45884383,"Dementia|Severity score|Maximal","snomed:52448006|snomed:278305009|snomed:56851009","4182210|4175713|4210743",,,,"Condition_occurrence","month 0/ baseline",2000000025,"end of study visit","icare:icv2000000025"
"MaxDepressionAESeverity","Max Depression AE-Severity adverse event-severity","INT",,"1=mild| 2=moderately impacting daily life| 3=severely inpacting daily life| 4=required hospitalisation| 5=caused death",,76,546,1,3,,"snomed:255604002|snomed:1255665007|snomed:24484000|loinc:LA15417-1|snomed:419620001","Mild|Moderate|Severe|Hospitalization|death","4116992|37165778|4087703|45884746|4306655","loinc:LA7266-5","Adverse event ",45884383,"Depressive disorder|Severity score|Maximal","Snomed:35489007|snomed:278305009|snomed:56851009","440383|4175713|4210743",,,,"Condition_occurrence","month 0/ baseline",2000000025,"end of study visit","icare:icv2000000025"
"MaxDiabetesAESeverity","Max Diabetes AE-Severity adverse event-severity","INT",,"1=mild| 2=moderately impacting daily life| 3=severely inpacting daily life| 4=required hospitalisation| 5=caused death",,65,557,1,5,,"snomed:255604002|snomed:1255665007|snomed:24484000|loinc:LA15417-1|snomed:419620001","Mild|Moderate|Severe|Hospitalization|death","4116992|37165778|4087703|45884746|4306655","loinc:LA7266-5","Adverse event ",45884383,"Diabetes mellitus|Severity score|Maximal","snomed:73211009|snomed:278305009|snomed:56851009","201820|4175713|4210743",,,,"Condition_occurrence","month 0/ baseline",2000000025,"end of study visit","icare:icv2000000025"
"MaxGoutAESeverity","Max Gout AE-Severity adverse event-severity","INT",,"1=mild| 2=moderately impacting daily life| 3=severely inpacting daily life| 4=required hospitalisation| 5=caused death",,64,558,1,3,,"snomed:255604002|snomed:1255665007|snomed:24484000|loinc:LA15417-1|snomed:419620001","Mild|Moderate|Severe|Hospitalization|death","4116992|37165778|4087703|45884746|4306655","loinc:LA7266-5","Adverse event ",45884383,"Acute gout|Severity score|Maximal","snomed:770924008|snomed:278305009|snomed:56851009","36674930|4175713|4210743",,,,"Condition_occurrence","month 0/ baseline",2000000025,"end of study visit","icare:icv2000000025"
"MaxHFAESeverity","Max HF AE-Severity heart failure adverse event severity","INT",,"1=mild| 2=moderately impacting daily life| 3=severely inpacting daily life| 4=required hospitalisation| 5=caused death",,405,217,1,5,,"snomed:255604002|snomed:1255665007|snomed:24484000|loinc:LA15417-1|snomed:419620001","Mild|Moderate|Severe|Hospitalization|death","4116992|37165778|4087703|45884746|4306655","loinc:LA7266-5","Adverse event ",45884383,"Heart failure|Severity score|Maximal","snomed:84114007|snomed:278305009|snomed:56851009","316139|4175713|4210743",,,,"Condition_occurrence","month 0/ baseline",2000000025,"end of study visit","icare:icv2000000025"
"MaxHyperkalemiaAESeverity","Max Hyperkalemia AE-Severity adverse event-severity","INT",,"1=mild| 2=moderately impacting daily life| 3=severely inpacting daily life| 4=required hospitalisation| 5=caused death",,130,492,1,5,,"snomed:255604002|snomed:1255665007|snomed:24484000|loinc:LA15417-1|snomed:419620001","Mild|Moderate|Severe|Hospitalization|death","4116992|37165778|4087703|45884746|4306655","loinc:LA7266-5","Adverse event ",45884383,"Hyperkalemia|Severity score|Maximal","snomed:14140009|snomed:278305009|snomed:56851009","434610|4175713|4210743",,,,"Condition_occurrence","month 0/ baseline",2000000025,"end of study visit","icare:icv2000000025"
"MaxHypertensionAESeverity","Max Hypertension AE-Severity adverse events severity","INT",,"1=mild| 2=moderately impacting daily life| 3=severely inpacting daily life| 4=required hospitalisation| 5=caused death",,85,537,1,3,,"snomed:255604002|snomed:1255665007|snomed:24484000|loinc:LA15417-1|snomed:419620001","Mild|Moderate|Severe|Hospitalization|death","4116992|37165778|4087703|45884746|4306655","loinc:LA7266-5","Adverse event ",45884383,"Hypertensive disorder|Severity score|Maximal","snomed:38341003|snomed:278305009|snomed:56851009","316866|4175713|4210743",,,,"Condition_occurrence","month 0/ baseline",2000000025,"end of study visit","icare:icv2000000025"
"MaxHypokalemiaAESeverity","Max Hypokalemia AE-Severity adverse events-severity","INT",,"1=mild| 2=moderately impacting daily life| 3=severely inpacting daily life| 4=required hospitalisation| 5=caused death",,79,543,1,3,,"snomed:255604002|snomed:1255665007|snomed:24484000|loinc:LA15417-1|snomed:419620001","Mild|Moderate|Severe|Hospitalization|death","4116992|37165778|4087703|45884746|4306655","loinc:LA7266-5","Adverse event ",45884383,"Hypokalemia|Severity score|Maximal","snomed:43339004|snomed:278305009|snomed:56851009","437833|4175713|4210743",,,,"Condition_occurrence","month 0/ baseline",2000000025,"end of study visit","icare:icv2000000025"
"MaxHypotensionAESeverity","Max Hypotension AE-Severity adverse event-severity","INT",,"1=mild| 2=moderately impacting daily life| 3=severely inpacting daily life| 4=required hospitalisation| 5=caused death",,232,390,1,4,,"snomed:255604002|snomed:1255665007|snomed:24484000|loinc:LA15417-1|snomed:419620001","Mild|Moderate|Severe|Hospitalization|death","4116992|37165778|4087703|45884746|4306655","loinc:LA7266-5","Adverse event ",45884383,"Hypotensive episode|Severity score|Maximal","snomed:67763001|snomed:278305009|snomed:56851009","4285144|4175713|4210743",,,,"Condition_occurrence","month 0/ baseline",2000000025,"end of study visit","icare:icv2000000025"
"MaxnonCVAESeverity","Max non-CV AE-Severity non-cardiovascular adverse event","INT",,"1=mild| 2=moderately impacting daily life| 3=severely inpacting daily life| 4=required hospitalisation| 5=caused death",,546,76,1,5,,"snomed:255604002|snomed:1255665007|snomed:24484000|loinc:LA15417-1|snomed:419620001","Mild|Moderate|Severe|Hospitalization|death","4116992|37165778|4087703|45884746|4306655","loinc:LA7266-5 ","Adverse event ",45884383,"non-cardiovascular disease|Severity score|Maximal","icare:icv2000000021|snomed:278305009|snomed:56851009","2000000021|4175713|4210743",,,,"Condition_occurrence","month 0/ baseline",2000000025,"end of study visit","icare:icv2000000025"
"MaxPsychiatricAESeverity","Max Psychiatric AE-Severity adverse event-severity","INT",,"1=mild| 2=moderately impacting daily life| 3=severely inpacting daily life| 4=required hospitalisation| 5=caused death",,113,509,1,5,,"snomed:255604002|snomed:1255665007|snomed:24484000|loinc:LA15417-1|snomed:419620001","Mild|Moderate|Severe|Hospitalization|death","4116992|37165778|4087703|45884746|4306655","loinc:LA7266-5","Adverse event ",45884383,"Mental disorder|Severity score|Maximal","snomed:74732009|snomed:278305009|snomed:56851009","432586|4175713|4210743",,,,"Condition_occurrence","month 0/ baseline",2000000025,"end of study visit","icare:icv2000000025"
"MaxRenalFailureAESeverity","Max Renal Failure AE-Severity adverse event-severity","INT",,"1=mild| 2=moderately impacting daily life| 3=severely inpacting daily life| 4=required hospitalisation| 5=caused death",,190,432,1,5,,"snomed:255604002|snomed:1255665007|snomed:24484000|loinc:LA15417-1|snomed:419620001","Mild|Moderate|Severe|Hospitalization|death","4116992|37165778|4087703|45884746|4306655","loinc:LA7266-5","Adverse event ",45884383,"Acute renal failure|Severity score|Maximal","loinc:LA27519-0|snomed:278305009|snomed:56851009","36210235|4175713|4210743",,,,"Condition_occurrence","month 0/ baseline",2000000025,"end of study visit","icare:icv2000000025"
"MaxRheumaAESeverity","Max Rheuma AE-Severity adverse event-severity","INT",,"1=mild| 2=moderately impacting daily life| 3=severely inpacting daily life| 4=required hospitalisation| 5=caused death",,171,451,1,3,,"snomed:255604002|snomed:1255665007|snomed:24484000|loinc:LA15417-1|snomed:419620001","Mild|Moderate|Severe|Hospitalization|death","4116992|37165778|4087703|45884746|4306655","loinc:LA7266-5","Adverse event ",45884383,"Rheumatism|Severity score|Maximal","snomed:396332003|snomed:278305009|snomed:56851009","138845|4175713|4210743",,,,"Condition_occurrence","month 0/ baseline",2000000025,"end of study visit","icare:icv2000000025"
"MaxSVTAESeverity","Max SVT AE-Severity supraventricular tachycardia adverse event-severity","INT",,"1=mild| 2=moderately impacting daily life| 3=severely inpacting daily life| 4=required hospitalisation| 5=caused death",,68,554,1,4,,"snomed:255604002|snomed:1255665007|snomed:24484000|loinc:LA15417-1|snomed:419620001","Mild|Moderate|Severe|Hospitalization|death","4116992|37165778|4087703|45884746|4306655","loinc:LA7266-5","Adverse event ",45884383,"Supraventricular tachycardia|Severity score|Maximal","snomed:6456007|snomed:278305009|snomed:56851009","4275423|4175713|4210743",,,,"Condition_occurrence","month 0/ baseline",2000000025,"end of study visit","icare:icv2000000025"
"MaxTraumaFallAESeverity","Max Trauma Fall AE-Severity adverse event-severity","INT",,"1=mild| 2=moderately impacting daily life| 3=severely inpacting daily life| 4=required hospitalisation| 5=caused death",,105,517,1,5,,"snomed:255604002|snomed:1255665007|snomed:24484000|loinc:LA15417-1|snomed:419620001","Mild|Moderate|Severe|Hospitalization|death","4116992|37165778|4087703|45884746|4306655","loinc:LA7266-5","Adverse event ",45884383,"Accidental fall|Severity score|Maximal","snomed:217082002|snomed:278305009|snomed:56851009","435991|4175713|4210743",,,,"Condition_occurrence","month 0/ baseline",2000000025,"end of study visit","icare:icv2000000025"
"MaxUlcerDiseaseAESeverity","Max Ulcer Disease AE-Severity adverse event-severity","INT",,"1=mild| 2=moderately impacting daily life| 3=severely inpacting daily life| 4=required hospitalisation| 5=caused death",,58,564,1,5,,"snomed:255604002|snomed:1255665007|snomed:24484000|loinc:LA15417-1|snomed:419620001","Mild|Moderate|Severe|Hospitalization|death","4116992|37165778|4087703|45884746|4306655","loinc:LA7266-5","Adverse event ",45884383,"Peptic ulcer|Severity score|Maximal","snomed:13200003|snomed:278305009|snomed:56851009","4027663|4175713|4210743",,,,"Condition_occurrence","month 0/ baseline",2000000025,"end of study visit","icare:icv2000000025"
"MaxVascularAESeverity","Max Vascular AE-Severity adverse event-severity","INT",,"1=mild| 2=moderately impacting daily life| 3=severely inpacting daily life| 4=required hospitalisation| 5=caused death",,49,573,1,5,,"snomed:255604002|snomed:1255665007|snomed:24484000|loinc:LA15417-1|snomed:419620001","Mild|Moderate|Severe|Hospitalization|death","4116992|37165778|4087703|45884746|4306655","loinc:LA7266-5","Adverse event ",45884383,"Vascular disorder|Severity score|Maximal","Snomed:27550009|snomed:278305009|snomed:56851009","443784|4175713|4210743",,,,"Condition_occurrence","month 0/ baseline",2000000025,"end of study visit","icare:icv2000000025"
"MaxVTAESeverity","Max VT AE-Severity ventricular tachycardia adverse event-severity","INT",,"1=mild| 2=moderately impacting daily life| 3=severely inpacting daily life| 4=required hospitalisation| 5=caused death",,51,571,1,5,,"snomed:255604002|snomed:1255665007|snomed:24484000|loinc:LA15417-1|snomed:419620001","Mild|Moderate|Severe|Hospitalization|death","4116992|37165778|4087703|45884746|4306655","loinc:LA7266-5","Adverse event ",45884383,"Ventricular tachycardia|Severity score|Maximal","Snomed:25569003|snomed:278305009|snomed:56851009","4103295|4175713|4210743",,,,"Condition_occurrence","month 0/ baseline",40766819,"Baseline time","loinc:64103-5"
"MCS12","Mental part SF12 of SF 36 (36-items short form healt survey) at Month12","FLOAT",,,,374,248,24.63781,66.90781,,,,,"omop:OMOP5117458","MOS SF-36 (Medical Outcomes Study 36-Item Short Form Health Survey): Mental component score",738837,"PROM SF-12 (short form 12 questionnaire MOS)","icare:icv2000000026",2000000026,,,,"Observation","month 12",4081746,"follow-up 1 year","snomed:183627004"
"MCS18","Mental part SF12 of SF 36 at (36-items short form healt survey) Month18","FLOAT",,,,343,279,19.84781,69.38781,,,,,"omop:OMOP5117458","MOS SF-36 (Medical Outcomes Study 36-Item Short Form Health Survey): Mental component score",738837,"PROM SF-12 (short form 12 questionnaire MOS)","icare:icv2000000026",2000000026,,,,"Observation","month 18",44789050,"follow-up 18 months","snomed:199591000000102"
"MCSBL","Mental part SF12 of SF36 (36-items short form healt survey) at Baseline","FLOAT",,,,515,107,18.5226,70.3089,,,,,"omop:OMOP5117458","MOS SF-36 (Medical Outcomes Study 36-Item Short Form Health Survey): Mental component score",738837,"PROM SF-12 (short form 12 questionnaire MOS)","icare:icv2000000026",2000000026,,,,"Observation","month 0/ baseline",40766819,"Baseline time","loinc:64103-5"
"Meals","needs help cooking meals at baseline","INT",,"0= independent|1= minor|2= considerable|3= dependent",9,618,4,0,3,,"snomed:371153006|snomed:255606000|snomed:255603008|snomed:371154000","Independent|Minor|Major|Dependent","4153378|4115473|4115472|4159760","snomed:400986007","Needs help with cooking",4268888,"Severity score","snomed:278305009",4175713,,,,"Observation","month 0/ baseline",40766819,"Baseline time","loinc:64103-5"
"Meals01","needs any help cooking at baseline y/n","INT",,"1=yes|0=no",,618,4,0,1,,"loinc:LA33-6|loinc:LA32-8","Yes|No","45877994|45878245","snomed:400986007","Needs help with cooking",4268888,,,,,,,"Observation","month 0/ baseline",40766819,"Baseline time","loinc:64103-5"
"Memory_12","10 questions on memory at Month12","INT",,,,434,188,4,10,"7 or below ( 3 wrong) = severe cognitive impairment",,,,"snomed:273255001","Abbreviated Mental Test",4167593,,,,,,,"Observation","month 12",4081746,"follow-up 1 year","snomed:183627004"
"Memory_18","10 questions on memory at Month18","INT",,,,394,228,3,10,"7 or below ( 3 wrong) = severe cognitive impairment",,,,"snomed:273255001","Abbreviated Mental Test",4167593,,,,,,,"Observation","month 18",44789050,"follow-up 18 months","snomed:199591000000102"
"Memory_BL","10 questions on memory at Baseline","INT",,,,611,11,1,10,"7 or below ( 3 wrong) = severe cognitive impairment",,,,"snomed:273255001","Abbreviated Mental Test",4167593,,,,,,,"Observation","month 0/ baseline",40766819,"Baseline time","loinc:64103-5"
"Metastasis","history of metastasis Y/N","INT",,"1=yes|0=no",,622,0,0,1,"metastasis = The spread of cancer cells from the place where they first formed to another part of the body","loinc:LA33-6|loinc:LA32-8","Yes|No","45877994|45878245","snomed:396787000","Tumor metastasis to non-regional lymph nodes present",4245697,"Medical history [PhenX]","loinc:66480-5",40769143,,,,"Condition_occurrence","month 0/ baseline",40766819,"Baseline time","loinc:64103-5"
"MI","mitral valve insufficiency at baseline","INT",,"0 = no | 1 = trivial| 2=mild | 3=moderate | 4=severe",9,511,111,0,4,,"LOINC:LA32-8|snomed:162466003|snomed:255604002|snomed:1255665007|snomed:24484000","No|Symptom trivial|Mild|Moderate|Severe","45878245|4037114|4116992|37165778|4087703","snomed:48724000","Mitral valve regurgitation",443962,"Echocardiography","snomed:40701008",4230911,,,,"Measurement","month 0/ baseline",40766819,"Baseline time","loinc:64103-5"
"MI_12","mitral valve insufficiency at visit12","INT",,"0 = no | 1 = trivial| 2=mild | 3=moderate | 4=severe",9,,,,,,"LOINC:LA32-8|snomed:162466003|snomed:255604002|snomed:1255665007|snomed:24484000","No|Symptom trivial|Mild|Moderate|Severe","45878245|4037114|4116992|37165778|4087703","snomed:48724000","Mitral valve regurgitation",443962,"Echocardiography","snomed:40701008",4230911,,,,"Measurement","month 12",4081746,"follow-up 1 year","snomed:183627004"
"MI_18","mitral valve insufficiency at visit18","INT",,"0 = no | 1 = trivial| 2=mild | 3=moderate | 4=severe",9,,,,,,"LOINC:LA32-8|snomed:162466003|snomed:255604002|snomed:1255665007|snomed:24484000","No|Symptom trivial|Mild|Moderate|Severe","45878245|4037114|4116992|37165778|4087703","snomed:48724000","Mitral valve regurgitation",443962,"Echocardiography","snomed:40701008",4230911,,,,"Measurement","month 18",44789050,"follow-up 18 months","snomed:199591000000102"
"Mimecan.BL","Mimecan at BL","FLOAT",,,,462,160,8.535,415.94,,,,,"omopgenomic:8126","OGN (osteoglycin) gene variant measurement",35948758,,,,,,,"Measurement","month 0/ baseline",40766819,"Baseline time","loinc:64103-5"
"Mimecan.V1","Mimecan at V1","FLOAT",,,,430,192,14.33,408.59,,,,,"omopgenomic:8126","OGN (osteoglycin) gene variant measurement",35948758,,,,,,,"Measurement","month 1",4081745,"follow-up 1 month","snomed:183623000"
"Mimecan.V12","Mimecan at V12","FLOAT",,,,364,258,18.687,421.63,,,,,"omopgenomic:8126","OGN (osteoglycin) gene variant measurement",35948758,,,,,,,"Measurement","month 12",4081746,"follow-up 1 year","snomed:183627004"
"Mimecan.V18","Mimecan at V18","FLOAT",,,,334,288,32.742,448.73,,,,,"omopgenomic:8126","OGN (osteoglycin) gene variant measurement",35948758,,,,,,,"Measurement","month 18",44789050,"follow-up 18 months","snomed:199591000000102"
"Mimecan.V3","Mimecan at V3","FLOAT",,,,417,205,9.28,461.89,,,,,"omopgenomic:8126","OGN (osteoglycin) gene variant measurement",35948758,,,,,,,"Measurement","month 3",44789369,"follow-up 3 months","snomed:200521000000107"
"Mimecan.V6","Mimecan at V6","FLOAT",,,,396,226,36.666,438.6,,,,,"omopgenomic:8126","OGN (osteoglycin) gene variant measurement",35948758,,,,,,,"Measurement","month 6",4103967,"follow-up 6 months","snomed:300042001"
"Minn_12","Minnesota Living with heart failure questionnaire at month12","INT",,,,434,188,0,85,,,,,"loinc:71939-3","Minnesota Living with Heart Failure Questionnaire [MLHFQ]",42869694,,,,,,,"Observation","month 12",4081746,"follow-up 1 year","snomed:183627004"
"Minn_18","Minnesota Living with heart failure questionnaire at month18","INT",,,,393,229,0,86,,,,,"loinc:71939-3","Minnesota Living with Heart Failure Questionnaire [MLHFQ]",42869694,,,,,,,"Observation","month 18",44789050,"follow-up 18 months","snomed:199591000000102"
"Minn_BL","Minnesota Living with heart failure questionnaire at baseline","INT",,,,600,22,0,95,,,,,"loinc:71939-3","Minnesota Living with Heart Failure Questionnaire [MLHFQ]",42869694,,,,,,,"Observation","month 0/ baseline",40766819,"Baseline time","loinc:64103-5"
"MissedTxAdj","number of Tx Adjustments not done during visits (cumulativetotal)","INT",,,,622,0,0,4,,,,,"snomed:428791000124100","Recommendation to change medication dose",765697,"Missing|Total","loinc:LA14698-7|snomed:255619001","45882933|4112438",,,,"Observation","end of study",2000000025,"end of study visit","icare:icv2000000025"
"MissedTxAdj01","any missed Tx adjustments Y/N","INT",,"1=yes|0=no",,622,0,0,1,,"loinc:LA33-6|loinc:LA32-8","Yes|No","45877994|45878245","snomed:428791000124100","Recommendation to change medication dose",765697,"Missing","loinc:LA14698-7",45882933,,,,"Observation","end of study",2000000025,"end of study visit","icare:icv2000000025"
"MitralklappeMorphologie","Mitral valve Morphology at baseline","INT",,"0 = native | 1 = repaired | 2 =prothesis",,529,93,0,2,,"snomed:263818007|snomed:50826004|snomed:53350007","Native|Repaired|Prosthesis","4135608|4179924|4205702","snomed:91134007","Mitral valve structure",4237831,"Echocardiography","snomed:40701008",4230911,,,,"Measurement","month 0/ baseline",40766819,"Baseline time","loinc:64103-5"
"MitralklappeMorphologie_12","Mitral valve Morphology at visit12","INT",,"0 = native | 1 = repaired | 2 =prothesis",,,,,,,"snomed:263818007|snomed:50826004|snomed:53350007","Native|Repaired|Prosthesis","4135608|4179924|4205702","snomed:91134007","Mitral valve structure",4237831,"Echocardiography","snomed:40701008",4230911,,,,"Measurement","month 12",4081746,"follow-up 1 year","snomed:183627004"
"MitralklappeMorphologie_18","Mitral valve Morphology at visit18","INT",,"0 = native | 1 = repaired | 2 =prothesis",,,,,,,"snomed:263818007|snomed:50826004|snomed:53350007","Native|Repaired|Prosthesis","4135608|4179924|4205702","snomed:91134007","Mitral valve structure",4237831,"Echocardiography","snomed:40701008",4230911,,,,"Measurement","month 18",44789050,"follow-up 18 months","snomed:199591000000102"
"MParkinson","history of M Parkinson Y/N","INT",,"1=yes|0=no",,622,0,0,1,,"loinc:LA33-6|loinc:LA32-8","Yes|No","45877994|45878245","snomed:49049000","Parkinson's disease",381270,"Medical history [PhenX]","loinc:66480-5",40769143,,,,"Condition_occurrence","month 0/ baseline",40766819,"Baseline time","loinc:64103-5"
"MS","mitral valve stenosis at baseline","INT",,"0 = no | 1 = trivial| 2=mild | 3=moderate | 4=severe",9,530,92,0,9,,"LOINC:LA32-8|snomed:162466003|snomed:255604002|snomed:1255665007|snomed:24484000","No|Symptom trivial|Mild|Moderate|Severe","45878245|4037114|4116992|37165778|4087703","snomed:79619009","Mitral valve stenosis",315273,"Echocardiography","snomed:40701008",4230911,,,,"Measurement","month 0/ baseline",40766819,"Baseline time","loinc:64103-5"
"MS_12","mitral valve stenosis at visit12","INT",,"0 = no | 1 = trivial| 2=mild | 3=moderate | 4=severe",9,,,,,,"LOINC:LA32-8|snomed:162466003|snomed:255604002|snomed:1255665007|snomed:24484000","No|Symptom trivial|Mild|Moderate|Severe","45878245|4037114|4116992|37165778|4087703","snomed:79619009","Mitral valve stenosis",315273,"Echocardiography","snomed:40701008",4230911,,,,"Measurement","month 12",4081746,"follow-up 1 year","snomed:183627004"
"MS_18","mitral valve stenosis at visit18","INT",,"0 = no | 1 = trivial| 2=mild | 3=moderate | 4=severe",9,,,,,,"LOINC:LA32-8|snomed:162466003|snomed:255604002|snomed:1255665007|snomed:24484000","No|Symptom trivial|Mild|Moderate|Severe","45878245|4037114|4116992|37165778|4087703","snomed:79619009","Mitral valve stenosis",315273,"Echocardiography","snomed:40701008",4230911,,,,"Measurement","month 18",44789050,"follow-up 18 months","snomed:199591000000102"
"MyxoideDegant","Myxoide Degeneration anterior y/n at baseline","INT",,"1=yes|0=no",,532,90,0,1,,"loinc:LA33-6|loinc:LA32-8","Yes|No","45877994|45878245","snomed:9831005","Myxoid degeneration",4321751,"Anterior|Echocardiography","snomed:255549009|snomed:40701008","4115458|4230911",,,,"Measurement","month 0/ baseline",40766819,"Baseline time","loinc:64103-5"
"MyxoideDegant_12","Myxoide Degeneration anterior y/n at visit12","INT",,"1=yes|0=no",,,,,,,"loinc:LA33-6|loinc:LA32-8","Yes|No","45877994|45878245","snomed:9831005","Myxoid degeneration",4321751,"Anterior|Echocardiography","snomed:255549009|snomed:40701008","4115458|4230911",,,,"Measurement","month 12",4081746,"follow-up 1 year","snomed:183627004"
"MyxoideDegant_18","Myxoide Degeneration anterior y/n at visit18","INT",,"1=yes|0=no",,,,,,,"loinc:LA33-6|loinc:LA32-8","Yes|No","45877994|45878245","snomed:9831005","Myxoid degeneration",4321751,"Anterior|Echocardiography","snomed:255549009|snomed:40701008","4115458|4230911",,,,"Measurement","month 18",44789050,"follow-up 18 months","snomed:199591000000102"
"MyxoideDegpost","Myxoide Degeneration post at baseline","INT",,"1=yes|0=no",,532,90,0,1,,"loinc:LA33-6|loinc:LA32-8","Yes|No","45877994|45878245","snomed:9831005","Myxoid degeneration",4321751,"Posterior|Echocardiography","snomed:255551008|snomed:40701008","4116868|4230911",,,,"Measurement","month 0/ baseline",40766819,"Baseline time","loinc:64103-5"
"MyxoideDegpost_12","Myxoide Degeneration posterior at visit12","INT",,"1=yes|0=no",,,,,,,"loinc:LA33-6|loinc:LA32-8","Yes|No","45877994|45878245","snomed:9831005","Myxoid degeneration",4321751,"Posterior|Echocardiography","snomed:255551008|snomed:40701008","4116868|4230911",,,,"Measurement","month 12",4081746,"follow-up 1 year","snomed:183627004"
"MyxoideDegpost_18","Myxoide Degeneration post at visit18","INT",,"1=yes|0=no",,,,,,,"loinc:LA33-6|loinc:LA32-8","Yes|No","45877994|45878245","snomed:9831005","Myxoid degeneration",4321751,"Posterior|Echocardiography","snomed:255551008|snomed:40701008","4116868|4230911",,,,"Measurement","month 18",44789050,"follow-up 18 months","snomed:199591000000102"
"NegatieveTinaVLI","Negative T-wave in lead aVL-I at baseline","INT",,"1=yes|0=no",,620,2,0,1,,"loinc:LA33-6|loinc:LA32-8","Yes|No","45877994|45878245","snomed:59931005","Inverted T wave",4245977,"aVL|Lead I|Electrocardiogram finding","snomed:257473000|snomed:272729005|snomed:301120008","4107144|4157985|4117134",,,,"Measurement","month 0/ baseline",40766819,"Baseline time","loinc:64103-5"
"NegatieveTinaVLI_12","Negative T-wave in lead aVL-I at visit12","INT",,"1=yes | 0=no",,430,192,0,1,,"loinc:LA33-6|loinc:LA32-8","Yes|No","45877994|45878245","snomed:59931005","Inverted T wave",4245977,"aVL|Lead I|Electrocardiogram finding","snomed:257473000|snomed:272729005|snomed:301120008","4107144|4157985|4117134",,,,"Measurement","month 12",4081746,"follow-up 1 year","snomed:183627004"
"NegatieveTinaVLI_18","Negative T-wave in lead aVL-I at visit18","INT",,"1=yes | 0=no",,395,227,0,1,,"loinc:LA33-6|loinc:LA32-8","Yes|No","45877994|45878245","snomed:59931005","Inverted T wave",4245977,"aVL|Lead I|Electrocardiogram finding","snomed:257473000|snomed:272729005|snomed:301120008","4107144|4157985|4117134",,,,"Measurement","month 18",44789050,"follow-up 18 months","snomed:199591000000102"
"NegatieveTinIIIIIaVF","Negative T-wave in lead II-III-aVF at baseline","INT",,"1=yes | 0=no",,620,2,0,1,,"loinc:LA33-6|loinc:LA32-8","Yes|No","45877994|45878245","snomed:59931005","Inverted T wave",4245977,"aVF|Lead II|Lead III|Electrocardiogram finding","snomed:257472005|snomed:272730000|snomed:272731001|snomed:301120008","4107143|4165927|4157986|4117134",,,,"Measurement","month 0/ baseline",40766819,"Baseline time","loinc:64103-5"
"NegatieveTinIIIIIaVF_12","Negative T-wave in lead II-III-aVF at visit12","INT",,"1=yes | 0=no",,430,192,0,1,,"loinc:LA33-6|loinc:LA32-8","Yes|No","45877994|45878245","snomed:59931005","Inverted T wave",4245977,"aVF|Lead II|Lead III|Electrocardiogram finding","snomed:257472005|snomed:272730000|snomed:272731001|snomed:301120008","4107143|4165927|4157986|4117134",,,,"Measurement","month 12",4081746,"follow-up 1 year","snomed:183627004"
"NegatieveTinIIIIIaVF_18","Negative T-wave in lead II-III-aVF at visit18","INT",,"1=yes | 0=no",,395,227,0,1,,"loinc:LA33-6|loinc:LA32-8","Yes|No","45877994|45878245","snomed:59931005","Inverted T wave",4245977,"aVF|Lead II|Lead III|Electrocardiogram finding","snomed:257472005|snomed:272730000|snomed:272731001|snomed:301120008","4107143|4165927|4157986|4117134",,,,"Measurement","month 18",44789050,"follow-up 18 months","snomed:199591000000102"
"NegatieveTinV2V3","Negative T-wave in lead V2-V3 at baseline","INT",,"1=yes | 0=no",,620,2,0,1,,"loinc:LA33-6|loinc:LA32-8","Yes|No","45877994|45878245","snomed:59931005","Inverted T wave",4245977,"Lead site V2|Lead site V3|Electrocardiogram finding","snomed:257476008|snomed:257477004|snomed:301120008","4105372|4107145|4117134",,,,"Measurement","month 0/ baseline",40766819,"Baseline time","loinc:64103-5"
"NegatieveTinV2V3_12","Negative T-wave in lead V2-V3 at visit12","INT",,"1=yes | 0=no",,430,192,0,1,,"loinc:LA33-6|loinc:LA32-8","Yes|No","45877994|45878245","snomed:59931005","Inverted T wave",4245977,"Lead site V2|Lead site V3|Electrocardiogram finding","snomed:257476008|snomed:257477004|snomed:301120008","4105372|4107145|4117134",,,,"Measurement","month 12",4081746,"follow-up 1 year","snomed:183627004"
"NegatieveTinV2V3_18","Negative T-wave in lead V2-V3 at visit18","INT",,"1=yes | 0=no",,395,227,0,1,,"loinc:LA33-6|loinc:LA32-8","Yes|No","45877994|45878245","snomed:59931005","Inverted T wave",4245977,"Lead site V2|Lead site V3|Electrocardiogram finding","snomed:257476008|snomed:257477004|snomed:301120008","4105372|4107145|4117134",,,,"Measurement","month 18",44789050,"follow-up 18 months","snomed:199591000000102"
"NegatieveTinV4V6","Negative T-wave in lead V4-V6 at baseline","INT",,"1=yes | 0=no",,620,2,0,1,,"loinc:LA33-6|loinc:LA32-8","Yes|No","45877994|45878245","snomed:59931005","Inverted T wave",4245977,"Lead site V4|Lead site V5|Lead site V6|Electrocardiogram finding","snomed:257478009|snomed:257479001|snomed:257480003|snomed:301120008","4121564|4107146|4119701|4117134",,,,"Measurement","month 0/ baseline",40766819,"Baseline time","loinc:64103-5"
"NegatieveTinV4V6_12","Negative T-wave in lead V4-V6 at visit12","INT",,"1=yes | 0=no",,430,192,0,1,,"loinc:LA33-6|loinc:LA32-8","Yes|No","45877994|45878245","snomed:59931005","Inverted T wave",4245977,"Lead site V4|Lead site V5|Lead site V6|Electrocardiogram finding","snomed:257478009|snomed:257479001|snomed:257480003|snomed:301120008","4121564|4107146|4119701|4117134",,,,"Measurement","month 12",4081746,"follow-up 1 year","snomed:183627004"
"NegatieveTinV4V6_18","Negative T-wave in lead V4-V6 at visit18","INT",,"1=yes | 0=no",,395,227,0,1,,"loinc:LA33-6|loinc:LA32-8","Yes|No","45877994|45878245","snomed:59931005","Inverted T wave",4245977,"Lead site V4|Lead site V5|Lead site V6|Electrocardiogram finding","snomed:257478009|snomed:257479001|snomed:257480003|snomed:301120008","4121564|4107146|4119701|4117134",,,,"Measurement","month 18",44789050,"follow-up 18 months","snomed:199591000000102"
"Neuropathien","history of neuropathy ( nerve-damage) Y/N","INT",,"1=yes | 0=no",,622,0,0,1,,"loinc:LA33-6|loinc:LA32-8","Yes|No","45877994|45878245","snomed:386033004","Neuropathy",4301699,"Medical history [PhenX]","loinc:66480-5",,,,,"Condition_occurrence","month 0/ baseline",40766819,"Baseline time","loinc:64103-5"
"Nierenerkrankungen","history of kidney disease Y/N","INT",,"1=yes | 0=no",,622,0,0,1,,"loinc:LA33-6|loinc:LA32-8","Yes|No","45877994|45878245","snomed:90708001","Kidney disease",198124,"Medical history [PhenX]","loinc:66480-5",40769143,,,,"Condition_occurrence","month 0/ baseline",40766819,"Baseline time","loinc:64103-5"
"NitratAdj1","Nitrate adjustment at Visit1","INT",,"0 = no adjustment| 1= 1 times uptitration| 2= increase more than once| 3= reduction| 4= stop| 5= no adjustment due to side-effect| 6= other",,563,59,0,5,,"loinc:LA32-8|snomed:422114001|icare:icv2000000032|snomed:260400001|snomed:422117008|snomed:395009001|snomed:74964007","No|once|more than once|Reduced|stop|Medication stopped - side effect|other","45878245|4226232|2000000032|4127781|4226233|4216319|9177","atc:C01DA","Organic nitrates",21600316,"Adjustment","snomed:410617001",4253750,,,,"Drug_Exposure","month 1",4081745,"follow-up 1 month","snomed:183623000"
"NitratAdj12","Nitrate adjustment at Visit12","INT",,"0 = no adjustment| 1= 1 times uptitration| 2= increase more than once| 3= reduction| 4= stop| 5= no adjustment due to side-effect| 6= other",,447,175,0,5,,"loinc:LA32-8|snomed:422114001|icare:icv2000000032|snomed:260400001|snomed:422117008|snomed:395009001|snomed:74964007","No|once|more than once|Reduced|stop|Medication stopped - side effect|other","45878245|4226232|2000000032|4127781|4226233|4216319|9177","atc:C01DA","Organic nitrates",21600316,"Adjustment","snomed:410617001",4253750,,,,"Drug_Exposure","month 12",4081746,"follow-up 1 year","snomed:183627004"
"NitratAdj3","Nitrate adjustment at Visit3","INT",,"0 = no adjustment| 1= 1 times uptitration| 2= increase more than once| 3= reduction| 4= stop| 5= no adjustment due to side-effect| 6= other",,524,98,0,6,,"loinc:LA32-8|snomed:422114001|icare:icv2000000032|snomed:260400001|snomed:422117008|snomed:395009001|snomed:74964007","No|once|more than once|Reduced|stop|Medication stopped - side effect|other","45878245|4226232|2000000032|4127781|4226233|4216319|9177","atc:C01DA","Organic nitrates",21600316,"Adjustment","snomed:410617001",4253750,,,,"Drug_Exposure","month 3",44789369,"follow-up 3 months","snomed:200521000000107"
"NitratAdj6","Nitrate adjustment at Visit6","INT",,"0 = no adjustment| 1= 1 times uptitration| 2= increase more than once| 3= reduction| 4= stop| 5= no adjustment due to side-effect| 6= other",,490,132,0,5,,"loinc:LA32-8|snomed:422114001|icare:icv2000000032|snomed:260400001|snomed:422117008|snomed:395009001|snomed:74964007","No|once|more than once|Reduced|stop|Medication stopped - side effect|other","45878245|4226232|2000000032|4127781|4226233|4216319|9177","atc:C01DA","Organic nitrates",21600316,"Adjustment","snomed:410617001",4253750,,,,"Drug_Exposure","month 6",4103967,"follow-up 6 months","snomed:300042001"
"NitratAdjBL","Nitrate adjustment at Baseline","INT",,"0 = no adjustment| 1= 1 times uptitration| 2= increase more than once| 3= reduction| 4= stop| 5= no adjustment due to side-effect| 6= other",,621,1,0,6,,"loinc:LA32-8|snomed:422114001|icare:icv2000000032|snomed:260400001|snomed:422117008|snomed:395009001|snomed:74964007","No|once|more than once|Reduced|stop|Medication stopped - side effect|other","45878245|4226232|2000000032|4127781|4226233|4216319|9177","atc:C01DA","Organic nitrates",21600316,"Adjustment","snomed:410617001",4253750,,,,"Drug_Exposure","month 0/ baseline",40766819,"Baseline time","loinc:64103-5"
"Nocturia","Nocturia ( times needed to get up to pee at night) at baseline","INT",,"0= not daily |1= 1-2x per night|2= 3 or more times per night",9,612,10,0,2,,"LOINC:LA32-8|LOINC:LA14664-9|LOINC:LA14665-6","No|Twice|3 or more times","45878245|45876696|45882029","snomed:203211000000106","Frequency of nocturia",44789714,,,,,,,"Observation","month 0/ baseline",40766819,"Baseline time","loinc:64103-5"
"Nocturia1","Nocturia ( times needed to get up to pee at night) at Visit1","INT",,"0= not daily |1= 1-2x per night|2= 3 or more times per night ",9,551,71,0,2,,"LOINC:LA32-8|LOINC:LA14664-9|LOINC:LA14665-6","No|Twice|3 or more times","45878245|45876696|45882029","snomed:203211000000106","Frequency of nocturia",44789714,,,,,,,"Observation","month 1",4081745,"follow-up 1 month","snomed:183623000"
"Nocturia12","Nocturia ( times needed to get up to pee at night) at Visit12","INT",,"0= not daily |1= 1-2x per night|2= 3 or more times per night ",9,441,181,0,2,,"LOINC:LA32-8|LOINC:LA14664-9|LOINC:LA14665-6","No|Twice|3 or more times","45878245|45876696|45882029","snomed:203211000000106","Frequency of nocturia",44789714,,,,,,,"Observation","month 12",4081746,"follow-up 1 year","snomed:183627004"
"Nocturia18","Nocturia ( times needed to get up to pee at night) at Visit18","INT",,"0= not daily |1= 1-2x per night|2= 3 or more times per night",9,398,224,0,2,,"LOINC:LA32-8|LOINC:LA14664-9|LOINC:LA14665-6","No|Twice|3 or more times","45878245|45876696|45882029","snomed:203211000000106","Frequency of nocturia",44789714,,,,,,,"Observation","month 18",44789050,"follow-up 18 months","snomed:199591000000102"
"Nocturia3","Nocturia ( times needed to get up to pee at night) at Visit3","INT",,"0= not daily |1= 1-2x per night|2= 3 or more times per night",9,515,107,0,2,,"LOINC:LA32-8|LOINC:LA14664-9|LOINC:LA14665-6","No|Twice|3 or more times","45878245|45876696|45882029","snomed:203211000000106","Frequency of nocturia",44789714,,,,,,,"Observation","month 3",44789369,"follow-up 3 months","snomed:200521000000107"
"Nocturia6","Nocturia ( times needed to get up to pee at night) at Visit6","INT",,"0= not daily |1= 1-2x per night|2= 3 or more times per night",9,486,136,0,2,,"LOINC:LA32-8|LOINC:LA14664-9|LOINC:LA14665-6","No|Twice|3 or more times","45878245|45876696|45882029","snomed:203211000000106","Frequency of nocturia",44789714,,,,,,,"Observation","month 6",4103967,"follow-up 6 months","snomed:300042001"
"NonCV_death","Death non-cardiovascular","INT",,"1=yes|0=no",,622,0,0,1,,"loinc:LA33-6|loinc:LA32-8","Yes|No","45877994|45878245","snomed:184305005","cause of death",4083743,"non-cardiovascular","icare:icv2000000021",2000000021,,,,"Death","month 0/ baseline",40766819,"Baseline time","loinc:64103-5"
"nonCVAEs","non-CardioVascular Aes Adverse Events","INT",,,,622,0,0,32,,,,,"loinc:LA7266-5 ","Adverse event ",45884383,"non-cardiovascular disease","icare:icv2000000021",2000000021,,,,"Condition_occurrence","month 0/ baseline",2000000025,"end of study visit","icare:icv2000000025"
"NSAR","Non steriodal anti inflammatory drug useat Baseline y/n","INT",,"1=yes | 0=no",,622,0,0,1,,"loinc:LA33-6|loinc:LA32-8","Yes|No","45877994|45878245","Snomed:372665008"," Non-steroidal anti-inflammatory agent",4156857," Finding related to substance use","snomed:409069009",4254479,,,,"Drug_Exposure","month 0/ baseline",40766819,"Baseline time","loinc:64103-5"
"NSAR_vor_BL","NSAID use before baseline","INT",,"1=yes | 0=no",,622,0,0,1,,"loinc:LA33-6|loinc:LA32-8","Yes|No","45877994|45878245","Snomed:372665008"," Non-steroidal anti-inflammatory agent",4156857," Finding related to substance use|prior to baseline visit","snomed:409069009|icare:icv2000000024","4254479|2000000024",,,,"Drug_Exposure","prior baseline",2000000024,"prior to baseline visit","icare:icv2000000024"
"Number_events_all_hosp","Number of hosp and death all-cause","INT",,,,622,0,0,13,"death counted as extra event",,,,"cdisc:C25212","Study Endpoint",37538258,"Number of admissions|Death|History of Hospitalization","snomed:298060002|snomed:419620001|loinc:11337-3","4177621|4306655|3019044",,,,"Death","end of study",2000000025,"end of study visit","icare:icv2000000025"
"Number_events_death_HFhosp","Number Hospitalization due to HeartFailure and death","INT",,,,622,0,0,8,"death counted as extra event",,,,"cdisc:C25212","Study Endpoint",37538258,"Number of admissions|Emergency hospital admission for heart failure|Death","snomed:298060002|snomed:416683003|snomed:419620001","4177621|4215511|4306655",,,,"Death","end of study",2000000025,"end of study visit","icare:icv2000000025"
"NumberHosp_all","Number Hospistalisations all-cause","INT",,,,433,189,1,13,,,,,"snomed:298060002","Number of admissions",4177621,"Medical history [PhenX]","loinc:66480-5",,,,,"Observation","month 0/ baseline",2000000025,"end of study visit","icare:icv2000000025"
"NumberHosp_cardiac","Number Hospistalisations cardiac","INT",,,,277,345,0,7,,,,,"snomed:298060002","Number of admissions",4177621,"Heart disease","snomed:56265001",321588,,,,"Observation","month 0/ baseline",2000000025,"end of study visit","icare:icv2000000025"
"NumberHosp_CV","Number Hospistalisations CV","INT",,"1=yes | 0=no",,622,0,0,1,,"loinc:LA33-6|loinc:LA32-8","Yes|No","45877994|45878245","snomed:298060002","Number of admissions",4177621,"Disorder of cardiovascular system","snomed:298060002",13405,,,,"Observation","end of study",2000000025,"end of study visit","icare:icv2000000025"
"NumberHosp_EP","Number Hospistalisations w/o cancer","INT",,,,429,193,1,13,,,,,"snomed:298060002","Number of admissions",4177621,"Non-cancer","icare:icv2000000020",2000000020,,,,"Observation","end of study",2000000025,"end of study visit","icare:icv2000000025"
"NumberHosp_HF","Number Hospistalisations due to HeartFailure","INT",,,,622,0,0,7,,,,,"snomed:416683003","Emergency hospital admission for heart failure",4215511,"Number of admissions","snomed:298060002",4177621,,,,"Condition_occurrence","end of study visit",2000000025,"end of study visit","icare:icv2000000025"
"NYHA_class","NYHA class at baseline in full increments","INT",,"1=NYHA class I | 2=NYHA class II | 3= NYHA class III | 4= NYHA class IV",9,622,0,2,4,,"snomed:420300004|snomed:421704003|snomed:420913000|snomed:422293003","New York Heart Association Classification - Class I| New York Heart Association Classification - Class II| New York Heart Association Classification - Class III| New York Heart Association Classification - Class IV","4220607|4226789|4227345|4228881","snomed:420816009","new york heart association classification",4223299,,,,,,,"Observation","month 0/ baseline",40766819,"Baseline time","loinc:64103-5"
"NYHA1_class","NYHA class at visit1","INT",,"1=NYHA class I | 2=NYHA class II | 3= NYHA class III | 4= NYHA class IV",9,553,69,1,4,,"snomed:420300004|snomed:421704003|snomed:420913000|snomed:422293003","New York Heart Association Classification - Class I| New York Heart Association Classification - Class II| New York Heart Association Classification - Class III| New York Heart Association Classification - Class IV","4220607|4226789|4227345|4228881","snomed:420816009","new york heart association classification",4223299,,,,,,,"Observation","month 1",4081745,"follow-up 1 month","snomed:183623000"
"NYHA12_class","NYHA class at Visit12","INT",,"1=NYHA class I | 2=NYHA class II | 3= NYHA class III | 4= NYHA class IV",9,438,184,1,4,,"snomed:420300004|snomed:421704003|snomed:420913000|snomed:422293003","New York Heart Association Classification - Class I| New York Heart Association Classification - Class II| New York Heart Association Classification - Class III| New York Heart Association Classification - Class IV","4220607|4226789|4227345|4228881","snomed:420816009","new york heart association classification",4223299,,,,,,,"Observation","month 12",4081746,"follow-up 1 year","snomed:183627004"
"NYHA18_class","NYHA class at Visit18","INT",,"1=NYHA class I | 2=NYHA class II | 3= NYHA class III | 4= NYHA class IV",9,402,220,1,4,,"snomed:420300004|snomed:421704003|snomed:420913000|snomed:422293003","New York Heart Association Classification - Class I| New York Heart Association Classification - Class II| New York Heart Association Classification - Class III| New York Heart Association Classification - Class IV","4220607|4226789|4227345|4228881","snomed:420816009","new york heart association classification",4223299,,,,,,,"Observation","month 18",44789050,"follow-up 18 months","snomed:199591000000102"
"NYHA3_class","NYHA class at visit3","INT",,"1=NYHA class I | 2=NYHA class II | 3= NYHA class  III | 4= NYHA class IV",9,513,109,1,4,,"snomed:420300004|snomed:421704003|snomed:420913000|snomed:422293003","New York Heart Association Classification - Class I| New York Heart Association Classification - Class II| New York Heart Association Classification - Class III| New York Heart Association Classification - Class IV","4220607|4226789|4227345|4228881","snomed:420816009","new york heart association classification",4223299,,,,,,,"Observation","month 3",44789369,"follow-up 3 months","snomed:200521000000107"
"NYHA6_class","NYHA class at visit6","INT",,"1=NYHA class I | 2=NYHA class II | 3= NYHA class III | 4= NYHA class IV",9,484,138,1,4,,"snomed:420300004|snomed:421704003|snomed:420913000|snomed:422293003","New York Heart Association Classification - Class I| New York Heart Association Classification - Class II| New York Heart Association Classification - Class III| New York Heart Association Classification - Class IV","4220607|4226789|4227345|4228881","snomed:420816009","new york heart association classification",4223299,,,,,,,"Observation","month 6",4103967,"follow-up 6 months","snomed:300042001"
"OAK_BL","oral anticoagulation medication y/n at baseline","INT",,"1=yes | 0=no",,622,0,0,1,,"loinc:LA33-6|loinc:LA32-8","Yes|No","45877994|45878245","atc:B01A","ANTITHROMBOTIC AGENTS",21600961,,,,,,,"Drug_Exposure","month 0/ baseline",40766819,"Baseline time","loinc:64103-5"
"OAK_V1","oral anticoagulation medication y/n at visit1","INT",,"1=yes | 0=no",,564,58,0,1,,"loinc:LA33-6|loinc:LA32-8","Yes|No","45877994|45878245","atc:B01A","ANTITHROMBOTIC AGENTS",21600961,,,,,,,"Drug_Exposure","month 1",4081745,"follow-up 1 month","snomed:183623000"
"OAK_V12","oral anticoagulation medication y/n at visit12","INT",,"1=yes | 0=no",,445,177,0,1,,"loinc:LA33-6|loinc:LA32-8","Yes|No","45877994|45878245","atc:B01A","ANTITHROMBOTIC AGENTS",21600961,,,,,,,"Drug_Exposure","month 12",4081746,"follow-up 1 year","snomed:183627004"
"OAK_V18","oral anticoagulation medication y/n at visit18","INT",,"1=yes | 0=no",,406,216,0,1,,"loinc:LA33-6|loinc:LA32-8","Yes|No","45877994|45878245","atc:B01A","ANTITHROMBOTIC AGENTS",21600961,,,,,,,"Drug_Exposure","month 18",44789050,"follow-up 18 months","snomed:199591000000102"
"OAK_V3","oral anticoagulation medication y/n at visit3","INT",,"1=yes | 0=no",,521,101,0,1,,"loinc:LA33-6|loinc:LA32-8","Yes|No","45877994|45878245","atc:B01A","ANTITHROMBOTIC AGENTS",21600961,,,,,,,"Drug_Exposure","month 3",44789369,"follow-up 3 months","snomed:200521000000107"
"OAK_V6","oral anticoagulation medication y/n at visit6","INT",,"1=yes | 0=no",,489,133,0,1,,"loinc:LA33-6|loinc:LA32-8","Yes|No","45877994|45878245","atc:B01A","ANTITHROMBOTIC AGENTS",21600961,,,,,,,"Drug_Exposure","month 6",4103967,"follow-up 6 months","snomed:300042001"
"Obstipation","obstipation at baseline","INT",,"0= no |1= subjectively not disturbing|2= subjectively disturbing |3= needs therapy ",9,617,5,0,3,,"LOINC:LA32-8|snomed:255604002|snomed:1255665007|snomed:24484000","No|Mild|Moderate|Severe","45878245|4116992|37165778|4087703","snomed:111360009","Obstipation",4008552,,,,,,,"Observation","month 0/ baseline",40766819,"Baseline time","loinc:64103-5"
"ObstruktiveSchlafapnoe","history of obstructive sleep apnea syndrome Y/N","INT",,"1=yes | 0=no",,622,0,0,1,,"loinc:LA33-6|loinc:LA32-8","Yes|No","45877994|45878245","snomed:78275009","Obstructive sleep apnea syndrome",442588,"Medical history [PhenX]","loinc:66480-5",40769143,,,,"Condition_occurrence","month 0/ baseline",40766819,"Baseline time","loinc:64103-5"
"OPN.BL","osteopontin (OPN) at BL","FLOAT",,,,462,160,5.7,239.16,,,,,"omopgenomic:11255","SPP1 (secreted phosphoprotein 1) gene variant measurement",35963185,,,,,,,"Measurement","month 0/ baseline",40766819,"Baseline time","loinc:64103-5"
"OPN.V1","osteopontin (OPN) at v1","FLOAT",,,,429,193,0.405,235.55,,,,,"omopgenomic:11255","SPP1 (secreted phosphoprotein 1) gene variant measurement",35963185,,,,,,,"Measurement","month 1",4081745,"follow-up 1 month","snomed:183623000"
"OPN.V12","osteopontin (OPN) at v12","FLOAT",,,,364,258,0.6,254.97,,,,,"omopgenomic:11255","SPP1 (secreted phosphoprotein 1) gene variant measurement",35963185,,,,,,,"Measurement","month 12",4081746,"follow-up 1 year","snomed:183627004"
"OPN.V18","osteopontin (OPN) at v18","FLOAT",,,,334,288,5.727,253.61,,,,,"omopgenomic:11255","SPP1 (secreted phosphoprotein 1) gene variant measurement",35963185,,,,,,,"Measurement","month 18",44789050,"follow-up 18 months","snomed:199591000000102"
"OPN.V3","osteopontin (OPN) at v3","FLOAT",,,,416,206,0.785,270.79,,,,,"omopgenomic:11255","SPP1 (secreted phosphoprotein 1) gene variant measurement",35963185,,,,,,,"Measurement","month 3",44789369,"follow-up 3 months","snomed:200521000000107"
"OPN.V6","osteopontin (OPN) at v6","FLOAT",,,,396,226,3.097,238.03,,,,,"omopgenomic:11255","SPP1 (secreted phosphoprotein 1) gene variant measurement",35963185,,,,,,,"Measurement","month 6",4103967,"follow-up 6 months","snomed:300042001"
"Orthopnea","orthopnea at baseline","INT",,"0=none|1=at less than 20degree incline|2=at between 20-30 degree incline|3= >30 degree incline",,619,3,0,3,,"LOINC:LA32-8|snomed:255604002|snomed:1255665007|snomed:24484000","No|Mild|Moderate|Severe","45878245|4116992|37165778|4087703","snomed:62744007","Orthopnea",315361,,,,,,,"Observation","month 0/ baseline",40766819,"Baseline time","loinc:64103-5"
"Orthopnea_01","orthopnea at baseline","INT",,"1=yes | 0=no",,619,3,0,1,,"loinc:LA33-6|loinc:LA32-8","Yes|No","45877994|45878245","snomed:62744007","Orthopnea",315361,,,,,,,"Observation","month 0/ baseline",40766819,"Baseline time","loinc:64103-5"
"Orthopnea1","orthopnea at visit1","INT",,"0=none|1=at less than 20degree incline|2=at between 20-30 degree incline|3= >30 degree incline",,558,64,0,3,,"LOINC:LA32-8|snomed:255604002|snomed:1255665007|snomed:24484000","No|Mild|Moderate|Severe","45878245|4116992|37165778|4087703","snomed:62744007","Orthopnea",315361,,,,,,,"Observation","month 1",4081745,"follow-up 1 month","snomed:183623000"
"Orthopnea1_01","orthopnea at visit1","INT",,"1=yes | 0=no",,558,64,0,1,,"loinc:LA33-6|loinc:LA32-8","Yes|No","45877994|45878245","snomed:62744007","Orthopnea",315361,,,,,,,"Observation","month 1",4081745,"follow-up 1 month","snomed:183623000"
"Orthopnea12","orthopnea at Visit12","INT",,"0=none|1=at less than 20degree incline|2=at between 20-30 degree incline|3= >30 degree incline",,443,179,0,3,,"LOINC:LA32-8|snomed:255604002|snomed:1255665007|snomed:24484000","No|Mild|Moderate|Severe","45878245|4116992|37165778|4087703","snomed:62744007","Orthopnea",315361,,,,,,,"Observation","month 12",4081746,"follow-up 1 year","snomed:183627004"
"Orthopnea18","orthopnea at Visit18","INT",,"0=none|1=at less than 20degree incline|2=at between 20-30 degree incline|3= >30 degree incline",,406,216,0,3,,"LOINC:LA32-8|snomed:255604002|snomed:1255665007|snomed:24484000","No|Mild|Moderate|Severe","45878245|4116992|37165778|4087703","snomed:62744007","Orthopnea",315361,,,,,,,"Observation","month 18",44789050,"follow-up 18 months","snomed:199591000000102"
"Orthopnea3","orthopnea at visit3","INT",,"0=none|1=at less than 20degree incline|2=at between 20-30 degree incline|3= >30 degree incline",,518,104,0,3,,"LOINC:LA32-8|snomed:255604002|snomed:1255665007|snomed:24484000","No|Mild|Moderate|Severe","45878245|4116992|37165778|4087703","snomed:62744007","Orthopnea",315361,,,,,,,"Observation","month 3",44789369,"follow-up 3 months","snomed:200521000000107"
"Orthopnea3_01","orthopnea at visit3","INT",,"1=yes | 0=no",,518,104,0,1,,"loinc:LA33-6|loinc:LA32-8","Yes|No","45877994|45878245","snomed:62744007","Orthopnea",315361,,,,,,,"Observation","month 3",44789369,"follow-up 3 months","snomed:200521000000107"
"Orthopnea6","orthopnea at visit6","INT",,"0=none|1=at less than 20degree incline|2=at between 20-30 degree incline|3= >30 degree incline",,488,134,0,3,,"LOINC:LA32-8|snomed:255604002|snomed:1255665007|snomed:24484000","No|Mild|Moderate|Severe","45878245|4116992|37165778|4087703","snomed:62744007","Orthopnea",315361,,,,,,,"Observation","month 6",4103967,"follow-up 6 months","snomed:300042001"
"Orthopnea6_01","orthopnea at visit6","INT",,"1=yes | 0=no",,488,134,0,1,,"loinc:LA33-6|loinc:LA32-8","Yes|No","45877994|45878245","snomed:62744007","Orthopnea",315361,,,,,,,"Observation","month 6",4103967,"follow-up 6 months","snomed:300042001"
"Orthostasis","degree of orthostasis at baseline","INT",,"0= no |1= subjectively not disturbing|2= subjectively disturbing |3= so severe it needs intervention",9,619,3,0,3,,"LOINC:LA32-8|snomed:255604002|snomed:1255665007|snomed:24484000","No|Mild|Moderate|Severe","45878245|4116992|37165778|4087703","snomed:28651003","Orthostatic hypotension",319041,"Symptom severity","snomed:162465004",4037113,,,,"Observation","month 0/ baseline",40766819,"Baseline time","loinc:64103-5"
"Orthostasis1","degree of orthostasis at visit1","INT",,"0= no |1= subjectively not disturbing|2= subjectively disturbing |3= so severe it needs intervention",9,558,64,0,3,,"LOINC:LA32-8|snomed:255604002|snomed:1255665007|snomed:24484000","No|Mild|Moderate|Severe","45878245|4116992|37165778|4087703","snomed:28651003","Orthostatic hypotension",319041,"Symptom severity","snomed:162465004",4037113,,,,"Observation","month 1",4081745,"follow-up 1 month","snomed:183623000"
"Orthostasis12","degree of orthostasis at Visit12","INT",,"0= no |1= subjectively not disturbing|2= subjectively disturbing |3= so severe it needs intervention",9,444,178,0,3,,"LOINC:LA32-8|snomed:255604002|snomed:1255665007|snomed:24484000","No|Mild|Moderate|Severe","45878245|4116992|37165778|4087703","snomed:28651003","Orthostatic hypotension",319041,"Symptom severity","snomed:162465004",4037113,,,,"Observation","month 12",4081746,"follow-up 1 year","snomed:183627004"
"Orthostasis18","degree of orthostasis at Visit18","INT",,"0= no |1= subjectively not disturbing|2= subjectively disturbing |3= so severe it needs intervention",9,406,216,0,3,,"LOINC:LA32-8|snomed:255604002|snomed:1255665007|snomed:24484000","No|Mild|Moderate|Severe","45878245|4116992|37165778|4087703","snomed:28651003","Orthostatic hypotension",319041,"Symptom severity","snomed:162465004",4037113,,,,"Observation","month 18",44789050,"follow-up 18 months","snomed:199591000000102"
"Orthostasis3","degree of orthostasis at visit3","INT",,"0= no |1= subjectively not disturbing|2= subjectively disturbing |3= so severe it needs intervention",9,518,104,0,3,,"LOINC:LA32-8|snomed:255604002|snomed:1255665007|snomed:24484000","No|Mild|Moderate|Severe","45878245|4116992|37165778|4087703","snomed:28651003","Orthostatic hypotension",319041,"Symptom severity","snomed:162465004",4037113,,,,"Observation","month 3",44789369,"follow-up 3 months","snomed:200521000000107"
"Orthostasis6","degree of orthostasis at visit6","INT",,"0= no |1= subjectively not disturbing|2= subjectively disturbing |3= so severe it needs intervention",9,486,136,0,3,,"LOINC:LA32-8|snomed:255604002|snomed:1255665007|snomed:24484000","No|Mild|Moderate|Severe","45878245|4116992|37165778|4087703","snomed:28651003","Orthostatic hypotension",319041,"Symptom severity","snomed:162465004",4037113,,,,"Observation","month 6",4103967,"follow-up 6 months","snomed:300042001"
"Osteoporosis","history of osteoporosis Y/N","INT",,"1=yes | 0=no",,622,0,0,1,"osteoporosis = brittle bone disease","loinc:LA33-6|loinc:LA32-8","Yes|No","45877994|45878245","snomed:64859006","Osteoporosis",80502,"Medical history [PhenX]","loinc:66480-5",40769143,,,,"Condition_occurrence","month 0/ baseline",40766819,"Baseline time","loinc:64103-5"
"Other_MI","History of other myocardial infarction","INT",,"1=yes | 0=no",,622,0,0,1,,"loinc:LA33-6|loinc:LA32-8","Yes|No","45877994|45878245","snomed:22298006","Myocardial infarction",4329847,"Other","snomed:74964007",9177,,,,"Condition_occurrence","month 0/ baseline",40766819,"Baseline time","loinc:64103-5"
"OtherHD","Other heart disease Y/N","INT",,"1=yes | 0=no",,622,0,0,1,,"loinc:LA33-6|loinc:LA32-8","Yes|No","45877994|45878245","Snomed:56265001","Heart disease",321588,"Other","snomed:74964007",9177,,,,"Condition_occurrence","month 0/ baseline",40766819,"Baseline time","loinc:64103-5"
"PAHT","history of pulmonary hypertension Y/N","INT",,"1=yes | 0=no",,622,0,0,1,,"loinc:LA33-6|loinc:LA32-8","Yes|No","45877994|45878245","snomed:70995007","Pulmonary hypertension",4322024,"Medical history [PhenX]","loinc:66480-5",40769143,,,,"Condition_occurrence","month 0/ baseline",40766819,"Baseline time","loinc:64103-5"
"PAOD","history of peripheral arterial occlusive disease","INT",,"0=no|1=diagnosed but no symptoms|2=symptoms walking >200m|3=symptoms walking < 200m|4=symptoms at rest|5=necrosis of lower extremities",,622,0,0,5,,"LOINC:LA32-8|snomed:84387000|snomed:255604002|snomed:1255665007|snomed:24484000|snomed:51274000","No|Asymptomatic|Mild|Moderate|Severe|Atherosclerosis of arteries of the extremities","45878245|4309345|4116992|37165778|4087703|315558","snomed:840580004","Peripheral arterial disease",3654996,"Symptom severity","snomed:162465004",4037113,,,,"Condition_occurrence","month 0/ baseline",40766819,"Baseline time","loinc:64103-5"
"PAOD01","history of peripheral arterial occlusive disease Y/N","INT",,"1=yes | 0=no",,622,0,0,1,,"loinc:LA33-6|loinc:LA32-8","Yes|No","45877994|45878245","snomed:840580004","Peripheral arterial disease",3654996,"Medical history [PhenX]","loinc:66480-5",40769143,,,,"Condition_occurrence","month 0/ baseline",40766819,"Baseline time","loinc:64103-5"
"PatComp1","patient compliant with therapy at Visit month 1","INT",,"1=yes | 0=no",,556,66,0,1,,"loinc:LA33-6|loinc:LA32-8","Yes|No","45877994|45878245","snomed:182884001","Drug compliance good",4056965,,,,,,,"Observation","month 1",4081745,"follow-up 1 month","snomed:183623000"
"PatComp12","patient compliant with therapy at Visit month 12","INT",,"1=yes | 0=no",,442,180,0,1,,"loinc:LA33-6|loinc:LA32-8","Yes|No","45877994|45878245","snomed:182884001","Drug compliance good",4056965,,,,,,,"Observation","month 12",4081746,"follow-up 1 year","snomed:183627004"
"PatComp18","patient compliant with therapy at Visit month 18","INT",,"1=yes | 0=no",,404,218,0,1,,"loinc:LA33-6|loinc:LA32-8","Yes|No","45877994|45878245","snomed:182884001","Drug compliance good",4056965,,,,,,,"Observation","month 18",44789050,"follow-up 18 months","snomed:199591000000102"
"PatComp3","patient compliant with therapy at Visit month 3","INT",,"1=yes | 0=no",,517,105,0,1,,"loinc:LA33-6|loinc:LA32-8","Yes|No","45877994|45878245","snomed:182884001","Drug compliance good",4056965,,,,,,,"Observation","month 3",44789369,"follow-up 3 months","snomed:200521000000107"
"PatComp6","patient compliant with therapy at Visit month 6","INT",,"1=yes | 0=no",,484,138,0,1,,"loinc:LA33-6|loinc:LA32-8","Yes|No","45877994|45878245","snomed:182884001","Drug compliance good",4056965,,,,,,,"Observation","month 6",4103967,"follow-up 6 months","snomed:300042001"
"PathologischeQinaVLI","Pathological Q-wave in lead aVL-I at baseline","INT",,"1=yes | 0=no",,620,2,0,1,,"loinc:LA33-6|loinc:LA32-8","Yes|No","45877994|45878245","snomed:164918000","Pathological Q wave",4065387,"aVL|Lead I|Electrocardiogram finding","snomed:257473000|snomed:272729005|snomed:301120008","4107144|4157985|4117134",,,,"Measurement","month 0/ baseline",40766819,"Baseline time","loinc:64103-5"
"PathologischeQinaVLI_12","Pathological Q-wave in lead aVL-I at visit12","INT",,"1=yes | 0=no",,430,192,0,1,,"loinc:LA33-6|loinc:LA32-8","Yes|No","45877994|45878245","snomed:164918000","Pathological Q wave",4065387,"aVL|Lead I|Electrocardiogram finding","snomed:257473000|snomed:272729005|snomed:301120008","4107144|4157985|4117134",,,,"Measurement","month 12",4081746,"follow-up 1 year","snomed:183627004"
"PathologischeQinaVLI_18","Pathological Q-wave in lead aVL-I at visit18","INT",,"1=yes | 0=no",,395,227,0,1,,"loinc:LA33-6|loinc:LA32-8","Yes|No","45877994|45878245","snomed:164918000","Pathological Q wave",4065387,"aVL|Lead I|Electrocardiogram finding","snomed:257473000|snomed:272729005|snomed:301120008","4107144|4157985|4117134",,,,"Measurement","month 18",44789050,"follow-up 18 months","snomed:199591000000102"
"PathologischeQinIIIIIaVF","Pathological Q-wave in lead II-III-aVF at baseline","INT",,"1=yes | 0=no",,620,2,0,1,,"loinc:LA33-6|loinc:LA32-8","Yes|No","45877994|45878245","snomed:164918000","Pathological Q wave",4065387,"aVF|Lead II|Lead III|Electrocardiogram finding","snomed:257472005|snomed:272730000|snomed:272731001|snomed:301120008","4107143|4165927|4157986|4117134",,,,"Measurement","month 0/ baseline",40766819,"Baseline time","loinc:64103-5"
"PathologischeQinIIIIIaVF_12","Pathological Q-wave in lead II-III-aVF at visit12","INT",,"1=yes | 0=no",,430,192,0,1,,"loinc:LA33-6|loinc:LA32-8","Yes|No","45877994|45878245","snomed:164918000","Pathological Q wave",4065387,"aVF|Lead II|Lead III|Electrocardiogram finding","snomed:257472005|snomed:272730000|snomed:272731001|snomed:301120008","4107143|4165927|4157986|4117134",,,,"Measurement","month 12",4081746,"follow-up 1 year","snomed:183627004"
"PathologischeQinIIIIIaVF_18","Pathological Q-wave in lead II-III-aVF at visit18","INT",,"1=yes | 0=no",,395,227,0,1,,"loinc:LA33-6|loinc:LA32-8","Yes|No","45877994|45878245","snomed:164918000","Pathological Q wave",4065387,"aVF|Lead II|Lead III|Electrocardiogram finding","snomed:257472005|snomed:272730000|snomed:272731001|snomed:301120008","4107143|4165927|4157986|4117134",,,,"Measurement","month 18",44789050,"follow-up 18 months","snomed:199591000000102"
"PathologischeQinV2V3","Pathological Q-wave in lead V2-V3 at baseline","INT",,"1=yes | 0=no",,620,2,0,1,,"loinc:LA33-6|loinc:LA32-8","Yes|No","45877994|45878245","snomed:164918000","Pathological Q wave",4065387,"Lead site V2|Lead site V3|Electrocardiogram finding","snomed:257476008|snomed:257477004|snomed:301120008","4105372|4107145|4117134",,,,"Measurement","month 0/ baseline",40766819,"Baseline time","loinc:64103-5"
"PathologischeQinV2V3_12","Pathological Q-wave in lead V2-V3 at visit12","INT",,"1=yes | 0=no",,430,192,0,1,,"loinc:LA33-6|loinc:LA32-8","Yes|No","45877994|45878245","snomed:164918000","Pathological Q wave",4065387,"Lead site V2|Lead site V3|Electrocardiogram finding","snomed:257476008|snomed:257477004|snomed:301120008","4105372|4107145|4117134",,,,"Measurement","month 12",4081746,"follow-up 1 year","snomed:183627004"
"PathologischeQinV2V3_18","Pathological Q-wave in lead V2-V3 at visit18","INT",,"1=yes | 0=no",,395,227,0,1,,"loinc:LA33-6|loinc:LA32-8","Yes|No","45877994|45878245","snomed:164918000","Pathological Q wave",4065387,"Lead site V2|Lead site V3|Electrocardiogram finding","snomed:257476008|snomed:257477004|snomed:301120008","4105372|4107145|4117134",,,,"Measurement","month 18",44789050,"follow-up 18 months","snomed:199591000000102"
"PathologischeQinV4V6","Pathological Q-wave in lead V4-V6 at baseline","INT",,"1=yes | 0=no",,620,2,0,1,,"loinc:LA33-6|loinc:LA32-8","Yes|No","45877994|45878245","snomed:164918000","Pathological Q wave",4065387,"Lead site V4|Lead site V5|Lead site V6|Electrocardiogram finding","snomed:257478009|snomed:257479001|snomed:257480003|snomed:301120008","4121564|4107146|4119701|4117134",,,,"Measurement","month 0/ baseline",40766819,"Baseline time","loinc:64103-5"
"PathologischeQinV4V6_12","Pathological Q-wave in lead V4-V6 at visit12","INT",,"1=yes | 0=no",,430,192,0,1,,"loinc:LA33-6|loinc:LA32-8","Yes|No","45877994|45878245","snomed:164918000","Pathological Q wave",4065387,"Lead site V4|Lead site V5|Lead site V6|Electrocardiogram finding","snomed:257478009|snomed:257479001|snomed:257480003|snomed:301120008","4121564|4107146|4119701|4117134",,,,"Measurement","month 12",4081746,"follow-up 1 year","snomed:183627004"
"PathologischeQinV4V6_18","Pathological Q-wave in lead V4-V6 at visit18","INT",,"1=yes | 0=no",,395,227,0,1,,"loinc:LA33-6|loinc:LA32-8","Yes|No","45877994|45878245","snomed:164918000","Pathological Q wave",4065387,"Lead site V4|Lead site V5|Lead site V6|Electrocardiogram finding","snomed:257478009|snomed:257479001|snomed:257480003|snomed:301120008","4121564|4107146|4119701|4117134",,,,"Measurement","month 18",44789050,"follow-up 18 months","snomed:199591000000102"
"PatientID","Patient ID","STR",,,,622,0,,,,,,,"snomed:184107009","Patient hospital number",4086934,,,,,,,"Person","month 0/ baseline",40766819,"Baseline time","loinc:64103-5"
"PC1","patient compliance at visit month 1","INT",,"1=yes | 2=partly | 3=no ",9,556,66,1,3,,"loinc:LA33-6|snomed:255609007|loinc:LA32-8","Yes|Partial|No","45877994|4116993|45878245","snomed:182884001","Drug compliance good",4056965,,,,,,,"Observation","month 1",4081745,"follow-up 1 month","snomed:183623000"
"PC12","patient compliance at visit month 12","INT",,"1=yes | 2=partly | 3=no ",9,442,180,1,3,,"loinc:LA33-6|snomed:255609007|loinc:LA32-8","Yes|Partial|No","45877994|4116993|45878245","snomed:182884001","Drug compliance good",4056965,,,,,,,"Observation","month 12",4081746,"follow-up 1 year","snomed:183627004"
"PC18","patient compliance at visit month 18","INT",,"1=yes | 2=partly | 3=no ",9,404,218,1,3,,"loinc:LA33-6|snomed:255609007|loinc:LA32-8","Yes|Partial|No","45877994|4116993|45878245","snomed:182884001","Drug compliance good",4056965,,,,,,,"Observation","month 18",44789050,"follow-up 18 months","snomed:199591000000102"
"PC3","patient compliance at visit month 3","INT",,"1=yes | 2=partly | 3=no ",9,517,105,1,3,,"loinc:LA33-6|snomed:255609007|loinc:LA32-8","Yes|Partial|No","45877994|4116993|45878245","snomed:182884001","Drug compliance good",4056965,,,,,,,"Observation","month 3",44789369,"follow-up 3 months","snomed:200521000000107"
"PC6","patient compliance at visit month 6","INT",,"1=yes | 2=partly | 3=no ",9,484,138,1,3,,"loinc:LA33-6|snomed:255609007|loinc:LA32-8","Yes|Partial|No","45877994|4116993|45878245","snomed:182884001","Drug compliance good",4056965,,,,,,,"Observation","month 6",4103967,"follow-up 6 months","snomed:300042001"
"PCI","Percutaneous coronary intervention","INT",,"1=yes | 0=no",,622,0,0,1,,"loinc:LA33-6|loinc:LA32-8","Yes|No","45877994|45878245","Snomed:415070008","Percutaneous coronary intervention",4216130,,,,,,,"Procedure_Occurrence","month 0/ baseline",40766819,"Baseline time","loinc:64103-5"
"PCS12","Physical part SF12 of SF36 (36-items short form healt survey) at Month12","FLOAT",,,,374,248,14.10706,60.76706,,,,,"omop:OMOP5117457","MOS SF-36 (Medical Outcomes Study 36-Item Short Form Health Survey): Physical component score",738843,"PROM SF-12 (short form 12 questionnaire MOS)","icare:icv2000000026",2000000026,,,,"Observation","month 12",4081746,"follow-up 1 year","snomed:183627004"
"PCS18","Physical part SF12 of SF36 (36-items short form healt survey) atMonth18","FLOAT",,,,343,279,17.64706,59.86706,,,,,"omop:OMOP5117457","MOS SF-36 (Medical Outcomes Study 36-Item Short Form Health Survey): Physical component score",738843,"PROM SF-12 (short form 12 questionnaire MOS)","icare:icv2000000026",2000000026,,,,"Observation","month 18",44789050,"follow-up 18 months","snomed:199591000000102"
"PCSBL","Physical part SF12 of SF36 (36-items short form healt survey) at Baseline","FLOAT",,,,515,107,13.20307,57.70834,,,,,"omop:OMOP5117457","MOS SF-36 (Medical Outcomes Study 36-Item Short Form Health Survey): Physical component score",738843,"PROM SF-12 (short form 12 questionnaire MOS)","icare:icv2000000026",2000000026,,,,"Observation","month 0/ baseline",40766819,"Baseline time","loinc:64103-5"
"Perikarderguss","pericardial effusion on echocardiography at baseline","INT",,,,532,90,0,8,,,,,"snomed:373945007","Pericardial effusion",4161701,"Echocardiography","snomed:40701008",4230911,,,,"Measurement","month 0/ baseline",40766819,"Baseline time","loinc:64103-5"
"Perikarderguss_12","pericardial effusion on echocardiography at visit12","INT",,,,,,,,,,,,"snomed:373945007","Pericardial effusion",4161701,"Echocardiography","snomed:40701008",4230911,,,,"Measurement","month 12",4081746,"follow-up 1 year","snomed:183627004"
"Perikarderguss_18","pericardial effusion on echocardiography at visit18","INT",,,,,,,,,,,,"snomed:373945007","Pericardial effusion",4161701,"Echocardiography","snomed:40701008",4230911,,,,"Measurement","month 18",44789050,"follow-up 18 months","snomed:199591000000102"
"Pet01","having a pet y/n","INT",,"1=yes | 0=no",,615,7,0,1,,"loinc:LA33-6|loinc:LA32-8","Yes|No","45877994|45878245","snomed:224150009","Pet ownership",4072598,,,,,,,"Person","month 0/ baseline",40766819,"Baseline time","loinc:64103-5"
"PI","pulmonary valve insufficiencyat baseline","INT",,"0 = no | 1 = trivial| 2=mild | 3=moderate | 4=severe",9,529,93,0,9,,"LOINC:LA32-8|snomed:162466003|snomed:255604002|snomed:1255665007|snomed:24484000","No|Symptom trivial|Mild|Moderate|Severe","45878245|4037114|4116992|37165778|4087703","snomed:91434003","Pulmonic valve regurgitation",4237202,"Echocardiography","snomed:40701008",4230911,,,,"Measurement","month 0/ baseline",40766819,"Baseline time","loinc:64103-5"
"PI_12","pulmonary valve insufficiency at visit12","INT",,"0 = no | 1 = trivial| 2=mild | 3=moderate | 4=severe",9,,,,,,"LOINC:LA32-8|snomed:162466003|snomed:255604002|snomed:1255665007|snomed:24484000","No|Symptom trivial|Mild|Moderate|Severe","45878245|4037114|4116992|37165778|4087703","snomed:91434003","Pulmonic valve regurgitation",4237202,"Echocardiography","snomed:40701008",4230911,,,,"Measurement","month 12",4081746,"follow-up 1 year","snomed:183627004"
"PI_18","pulmonary valve insufficiency at visit18","INT",,"0 = no | 1 = trivial| 2=mild | 3=moderate | 4=severe",9,,,,,,"LOINC:LA32-8|snomed:162466003|snomed:255604002|snomed:1255665007|snomed:24484000","No|Symptom trivial|Mild|Moderate|Severe","45878245|4037114|4116992|37165778|4087703","snomed:91434003","Pulmonic valve regurgitation",4237202,"Echocardiography","snomed:40701008",4230911,,,,"Measurement","month 18",44789050,"follow-up 18 months","snomed:199591000000102"
"PM01","Having a pacemaker at baseline","INT",,"1=yes|0=no",,612,10,0,1,,"loinc:LA33-6|loinc:LA32-8","Yes|No","45877994|45878245","snomed:14106009","Cardiac pacemaker",4030875,,,,,,,"Measurement","month 0/ baseline",40766819,"Baseline time","loinc:64103-5"
"PND","paroxysmal nocturnal dyspnea at baseline","INT",,"0=never|1=less than 1x per week|2=1-2 times per week|3=more than 3 times per week",9,616,6,0,3,,"loinc:LA32-8|snomed:444711000124104|snomed:1371000175106|loinc:LA6396-1","No|Once a week or less|One to two times per week|Three or more times per week","45878245|763680|761038|45877752","snomed:55442000","Paroxysmal nocturnal dyspnea",4206307,,,,,,,"Observation","month 0/ baseline",40766819,"Baseline time","loinc:64103-5"
"PND1","paroxysmal nocturnal dyspnea at Visit1","INT",,"0=never|1=less than 1x per week|2=1-2 times per week|3=more than 3 times per week",9,555,67,0,3,,"loinc:LA32-8|snomed:444711000124104|snomed:1371000175106|loinc:LA6396-1","No|Once a week or less|One to two times per week|Three or more times per week","45878245|763680|761038|45877752","snomed:55442000","Paroxysmal nocturnal dyspnea",4206307,,,,,,,"Observation","month 1",4081745,"follow-up 1 month","snomed:183623000"
"PND12","paroxysmal nocturnal dyspnea at Visit12","INT",,"0=never|1=less than 1x per week|2=1-2 times per week|3=more than 3 times per week",9,443,179,0,3,,"loinc:LA32-8|snomed:444711000124104|snomed:1371000175106|loinc:LA6396-1","No|Once a week or less|One to two times per week|Three or more times per week","45878245|763680|761038|45877752","snomed:55442000","Paroxysmal nocturnal dyspnea",4206307,,,,,,,"Observation","month 12",4081746,"follow-up 1 year","snomed:183627004"
"PND18","paroxysmal nocturnal dyspnea at Visit18","INT",,"0=never|1=less than 1x per week|2=1-2 times per week|3=more than 3 times per week",9,405,217,0,3,,"loinc:LA32-8|snomed:444711000124104|snomed:1371000175106|loinc:LA6396-1","No|Once a week or less|One to two times per week|Three or more times per week","45878245|763680|761038|45877752","snomed:55442000","Paroxysmal nocturnal dyspnea",4206307,,,,,,,"Observation","month 18",44789050,"follow-up 18 months","snomed:199591000000102"
"PND3","paroxysmal nocturnal dyspnea at Visit3","INT",,"0=never|1=less than 1x per week|2=1-2 times per week|3=more than 3 times per week",9,516,106,0,3,,"loinc:LA32-8|snomed:444711000124104|snomed:1371000175106|loinc:LA6396-1","No|Once a week or less|One to two times per week|Three or more times per week","45878245|763680|761038|45877752","snomed:55442000","Paroxysmal nocturnal dyspnea",4206307,,,,,,,"Observation","month 3",44789369,"follow-up 3 months","snomed:200521000000107"
"PND6","paroxysmal nocturnal dyspnea at Visit6","INT",,"0=never|1=less than 1x per week|2=1-2 times per week|3=more than 3 times per week",9,488,134,0,3,,"loinc:LA32-8|snomed:444711000124104|snomed:1371000175106|loinc:LA6396-1","No|Once a week or less|One to two times per week|Three or more times per week","45878245|763680|761038|45877752","snomed:55442000","Paroxysmal nocturnal dyspnea",4206307,,,,,,,"Observation","month 6",4103967,"follow-up 6 months","snomed:300042001"
"Pred","uses anyprednison useat Baseline y/n ","INT",,"1=yes | 0=no",,622,0,0,1,,"loinc:LA33-6|loinc:LA32-8","Yes|No","45877994|45878245","rxnorm:8640","prednisone",1551099,,,,,,,"Drug_Exposure","month 0/ baseline",40766819,"Baseline time","loinc:64103-5"
"PrevHosp","Prev Hosp for HeartFailure prior to study inclusion","INT",,"1=yes | 0=no",,622,0,0,1,,"loinc:LA33-6|loinc:LA32-8","Yes|No","45877994|45878245","snomed:416683003","Emergency hospital admission for heart failure",4215511,"prior to baseline visit","icare:icv2000000024",2000000024,,,,"Condition_occurrence","prior baseline",2000000024,"prior to baseline visit","icare:icv2000000024"
"Prolaps","mitral valve prolaps at baseline","INT",,"0=none |1=meso-telesyst|2=holosyst",9,529,93,0,2,,"loinc:LA32-8|icare:icv200000096|snomed:71201008","No|meso-telesystolic murmur|Pansystolic murmur","45878245|2000000096|4324835","snomed:409712001","Mitral valve prolapse",4252872,"Echocardiography","snomed:40701008",4230911,,,,"Measurement","month 0/ baseline",40766819,"Baseline time","loinc:64103-5"
"Prolaps_12","mitral valve prolaps at visit12","INT",,"0=none |1=meso-telesyst|2=holosyst",9,,,,,,"loinc:LA32-8|icare:icv200000096|snomed:71201008","No|meso-telesystolic murmur|Pansystolic murmur","45878245|2000000096|4324835","snomed:409712001","Mitral valve prolapse",4252872,"Echocardiography","snomed:40701008",4230911,,,,"Measurement","month 12",4081746,"follow-up 1 year","snomed:183627004"
"Prolaps_18","mitral valve prolaps at visit18","INT",,"0=none |1=meso-telesyst|2=holosyst",9,,,,,,"loinc:LA32-8|icare:icv200000096|snomed:71201008","No|meso-telesystolic murmur|Pansystolic murmur","45878245|2000000096|4324835","snomed:409712001","Mitral valve prolapse",4252872,"Echocardiography","snomed:40701008",4230911,,,,"Measurement","month 18",44789050,"follow-up 18 months","snomed:199591000000102"
"Prostata","history of prostate problems Y/N","INT",,"1=yes | 0=no",,622,0,0,1,,"loinc:LA33-6|loinc:LA32-8","Yes|No","45877994|45878245","snomed:30281009","Disorder of prostate",196734,"Medical history [PhenX]","loinc:66480-5",40769143,,,,"Condition_occurrence","month 0/ baseline",40766819,"Baseline time","loinc:64103-5"
"PsychiatricAEs","Psychiatric Aes adverse events","INT",,,,622,0,0,5,,,,,"loinc:LA7266-5 ","Adverse event ",45884383,"Mental disorder","snomed:74732009",432586,,,,"Condition_occurrence","month 0/ baseline",2000000025,"end of study visit","icare:icv2000000025"
"PsychiatrischeErkrankungen","history of psychiatric disease Y/N","INT",,"1=yes | 0=no",,622,0,0,1,,"loinc:LA33-6|loinc:LA32-8","Yes|No","45877994|45878245","snomed:74732009","Mental disorder",432586,"Medical history [PhenX]","loinc:66480-5",40769143,,,,"Condition_occurrence","month 0/ baseline",40766819,"Baseline time","loinc:64103-5"
"QinIII","Q-wave present in lead III at baseline","INT",,"1=yes | 0=no",,620,2,0,1,,"loinc:LA33-6|loinc:LA32-8","Yes|No","45877994|45878245","snomed:365412003","Q wave - finding",4268536,"Lead III","Snomed:272731001",4157986,,,,"Measurement","month 0/ baseline",40766819,"Baseline time","loinc:64103-5"
"QinIII_12","Q-wave present in lead III at visit12","INT",,"1=yes | 0=no",,430,192,0,1,,"loinc:LA33-6|loinc:LA32-8","Yes|No","45877994|45878245","snomed:365412003","Q wave - finding",4268536,"Lead III","Snomed:272731001",4157986,,,,"Measurement","month 12",4081746,"follow-up 1 year","snomed:183627004"
"QinIII_18","Q-wave present in lead III at visit18","INT",,"1=yes | 0=no",,395,227,0,1,,"loinc:LA33-6|loinc:LA32-8","Yes|No","45877994|45878245","snomed:365412003","Q wave - finding",4268536,"Lead III","Snomed:272731001",4157986,,,,"Measurement","month 18",44789050,"follow-up 18 months","snomed:199591000000102"
"RA_overbelasting","right atrium overload on ECG at baseline","INT",,"1=yes | 0=no",,620,2,0,1,,"loinc:LA33-6|loinc:LA32-8","Yes|No","45877994|45878245","snomed:253350005","Right atrial dilatation",4100135,"Electrocardiogram finding","Snomed:301120008",4117134,,,,"Measurement","month 0/ baseline",40766819,"Baseline time","loinc:64103-5"
"RA_overbelasting_12","right atrium overload on ECG at visit12","INT",,"1=yes | 0=no",,430,192,0,1,,"loinc:LA33-6|loinc:LA32-8","Yes|No","45877994|45878245","snomed:253350005","Right atrial dilatation",4100135,"Electrocardiogram finding","Snomed:301120008",4117134,,,,"Measurement","month 12",4081746,"follow-up 1 year","snomed:183627004"
"RA_overbelasting_18","right atrium overload on ECG at visit18","INT",,"1=yes | 0=no",,395,227,0,1,,"loinc:LA33-6|loinc:LA32-8","Yes|No","45877994|45878245","snomed:253350005","Right atrial dilatation",4100135,"Electrocardiogram finding","Snomed:301120008",4117134,,,,"Measurement","month 18",44789050,"follow-up 18 months","snomed:199591000000102"
"Rales","Rales on pulmonary auscultation at baseline","INT",,"0=absent | 1= few basal | 2=less than lower third of thorax | 3= more than thord of thorax",9,620,2,0,3,,"LOINC:LA32-8|snomed:281394001|snomed:281393007|snomed:281392002","No|Lower zone of lung|Middle zone of lung|Upper zone of lung","45878245|4084911|4084910|4084276","snomed:48409008","Respiratory crackles",4167669,"Cardiac auscultation pulmonic area","snomed:718479005",37399418,,,,"Observation","month 0/ baseline",40766819,"Baseline time","loinc:64103-5"
"Rales_01","Rales at baseline","INT",,"1=yes | 0=no",,620,2,0,1,,"loinc:LA33-6|loinc:LA32-8","Yes|No","45877994|45878245","snomed:48409008","Respiratory crackles",4167669,,,,,,,"Observation","month 0/ baseline",40766819,"Baseline time","loinc:64103-5"
"Rales1","Rales on pulmonary auscultation at visit1","INT",,"0=absent | 1= few basal | 2=less than lower third of thorax | 3= more than thord of thorax",9,559,63,0,3,,"LOINC:LA32-8|snomed:281394001|snomed:281393007|snomed:281392002","No|Lower zone of lung|Middle zone of lung|Upper zone of lung","45878245|4084911|4084910|4084276","snomed:48409008","Respiratory crackles",4167669,"Cardiac auscultation pulmonic area","snomed:718479005",37399418,,,,"Observation","month 1",4081745,"follow-up 1 month","snomed:183623000"
"Rales1_01","rales at visit1","INT",,"1=yes | 0=no",,559,63,0,1,,"loinc:LA33-6|loinc:LA32-8","Yes|No","45877994|45878245","snomed:48409008","Respiratory crackles",4167669,,,,,,,"Observation","month 1",4081745,"follow-up 1 month","snomed:183623000"
"Rales12","Rales on pulmonary auscultation at Visit12","INT",,"0=absent | 1= few basal | 2=less than lower third of thorax | 3= more than thord of thorax",9,441,181,0,2,,"LOINC:LA32-8|snomed:281394001|snomed:281393007|snomed:281392002","No|Lower zone of lung|Middle zone of lung|Upper zone of lung","45878245|4084911|4084910|4084276","snomed:48409008","Respiratory crackles",4167669,"Cardiac auscultation pulmonic area","snomed:718479005",37399418,,,,"Observation","month 12",4081746,"follow-up 1 year","snomed:183627004"
"Rales18","Rales on pulmonary auscultation at Visit18","INT",,"0=absent | 1= few basal | 2=less than lower third of thorax | 3= more than thord of thorax",9,404,218,0,3,,"LOINC:LA32-8|snomed:281394001|snomed:281393007|snomed:281392002","No|Lower zone of lung|Middle zone of lung|Upper zone of lung","45878245|4084911|4084910|4084276","snomed:48409008","Respiratory crackles",4167669,"Cardiac auscultation pulmonic area","snomed:718479005",37399418,,,,"Observation","month 18",44789050,"follow-up 18 months","snomed:199591000000102"
"Rales3","Rales on pulmonary auscultation at visit3","INT",,"0=absent | 1= few basal | 2=less than lower third of thorax | 3= more than thord of thorax",9,520,102,0,3,,"LOINC:LA32-8|snomed:281394001|snomed:281393007|snomed:281392002","No|Lower zone of lung|Middle zone of lung|Upper zone of lung","45878245|4084911|4084910|4084276","snomed:48409008","Respiratory crackles",4167669,"Cardiac auscultation pulmonic area","snomed:718479005",37399418,,,,"Observation","month 3",44789369,"follow-up 3 months","snomed:200521000000107"
"Rales3_01","rales at visit3","INT",,"1=yes | 0=no",,520,102,0,1,,"loinc:LA33-6|loinc:LA32-8","Yes|No","45877994|45878245","snomed:48409008","Respiratory crackles",4167669,,,,,,,"Observation","month 3",44789369,"follow-up 3 months","snomed:200521000000107"
"Rales6","Rales on pulmonary auscultation at visit6","INT",,"0=absent | 1= few basal | 2=less than lower third of thorax | 3= more than thord of thorax",9,486,136,0,3,,"LOINC:LA32-8|snomed:281394001|snomed:281393007|snomed:281392002","No|Lower zone of lung|Middle zone of lung|Upper zone of lung","45878245|4084911|4084910|4084276","snomed:48409008","Respiratory crackles",4167669,"Cardiac auscultation pulmonic area","snomed:718479005",37399418,,,,"Observation","month 6",4103967,"follow-up 6 months","snomed:300042001"
"Rales6_01","rales at visit6","INT",,"1=yes | 0=no",,486,136,0,1,,"loinc:LA33-6|loinc:LA32-8","Yes|No","45877994|45878245","snomed:48409008","Respiratory crackles",4167669,,,,,,,"Observation","month 6",4103967,"follow-up 6 months","snomed:300042001"
"RAS_at_BL","ACE-inhibitor or ATII-antagonist use at Baseline","INT",,"1=yes | 0=no",,622,0,0,1,,"loinc:LA33-6|loinc:LA32-8","Yes|No","45877994|45878245","atc:C09","AGENTS ACTING ON THE RENIN-ANGIOTENSIN SYSTEM",21601782,,,,,,,"Drug_Exposure","month 0/ baseline",40766819,"Baseline time","loinc:64103-5"
"RAS_at_V1","ACE-inhibitor or ATII-antagonist use at visit1","INT",,"1=yes | 0=no",,567,55,0,1,,"loinc:LA33-6|loinc:LA32-8","Yes|No","45877994|45878245","atc:C09","AGENTS ACTING ON THE RENIN-ANGIOTENSIN SYSTEM",21601782,,,,,,,"Drug_Exposure","month 1",4081745,"follow-up 1 month","snomed:183623000"
"RAS_at_V12","ACE-inhibitor or ATII-antagonist use at visit12","INT",,"1=yes | 0=no",,446,176,0,1,,"loinc:LA33-6|loinc:LA32-8","Yes|No","45877994|45878245","atc:C09","AGENTS ACTING ON THE RENIN-ANGIOTENSIN SYSTEM",21601782,,,,,,,"Drug_Exposure","month 12",4081746,"follow-up 1 year","snomed:183627004"
"RAS_at_V18","ACE-inhibitor or ATII-antagonist use at visit18","INT",,"1=yes | 0=no",,406,216,0,1,,"loinc:LA33-6|loinc:LA32-8","Yes|No","45877994|45878245","atc:C09","AGENTS ACTING ON THE RENIN-ANGIOTENSIN SYSTEM",21601782,,,,,,,"Drug_Exposure","month 18",44789050,"follow-up 18 months","snomed:199591000000102"
"RAS_at_V3","ACE-inhibitor or ATII-antagonist use at visit3","INT",,"1=yes | 0=no",,523,99,0,1,,"loinc:LA33-6|loinc:LA32-8","Yes|No","45877994|45878245","atc:C09","AGENTS ACTING ON THE RENIN-ANGIOTENSIN SYSTEM",21601782,,,,,,,"Drug_Exposure","month 3",44789369,"follow-up 3 months","snomed:200521000000107"
"RAS_at_V6","ACE-inhibitor or ATII-antagonist use at visit6","INT",,"1=yes | 0=no",,489,133,0,1,,"loinc:LA33-6|loinc:LA32-8","Yes|No","45877994|45878245","atc:C09","AGENTS ACTING ON THE RENIN-ANGIOTENSIN SYSTEM",21601782,,,,,,,"Drug_Exposure","month 6",4103967,"follow-up 6 months","snomed:300042001"
"RASDose_BL","Sum of ACE-inh and ARB-dose Baseline in percentage of target dose","INT","%",,,621,1,0,250,,,,,"atc:C09","AGENTS ACTING ON THE RENIN-ANGIOTENSIN SYSTEM",21601782,"Dosage","snomed:260911001",4118853,"percent","ucum:%",8554,"Drug_Exposure","month 0/ baseline",40766819,"Baseline time","loinc:64103-5"
"RASDose_V1","Sum of ACE-inh and ARB-dose Visit1 in percentage of target dose","INT","%",,,567,55,0,200,,,,,"atc:C09","AGENTS ACTING ON THE RENIN-ANGIOTENSIN SYSTEM",21601782,"Dosage","snomed:260911001",4118853,"percent","ucum:%",8554,"Drug_Exposure","month 1",4081745,"follow-up 1 month","snomed:183623000"
"RASDose_V12","Sum of ACE-inh and ARB-dose Visit12in percentage of target dose","INT","%",,,446,176,0,300,,,,,"atc:C09","AGENTS ACTING ON THE RENIN-ANGIOTENSIN SYSTEM",21601782,"Dosage","snomed:260911001",4118853,"percent","ucum:%",8554,"Drug_Exposure","month 12",4081746,"follow-up 1 year","snomed:183627004"
"RASDose_V18","Sum of ACE-inh and ARB-dose Visit18in percentage of target dose","INT","%",,,406,216,0,250,,,,,"atc:C09","AGENTS ACTING ON THE RENIN-ANGIOTENSIN SYSTEM",21601782,"Dosage","snomed:260911001",4118853,"percent","ucum:%",8554,"Drug_Exposure","month 18",44789050,"follow-up 18 months","snomed:199591000000102"
"RASDose_V3","Sum of ACE-inh and ARB-dose Visit3in percentage of target dose","INT","%",,,523,99,0,250,,,,,"atc:C09","AGENTS ACTING ON THE RENIN-ANGIOTENSIN SYSTEM",21601782,"Dosage","snomed:260911001",4118853,"percent","ucum:%",8554,"Drug_Exposure","month 3",44789369,"follow-up 3 months","snomed:200521000000107"
"RASDose_V6","Sum of ACE-inh and ARB-dose Visit6in percentage of target dose","INT","%",,,489,133,0,250,,,,,"atc:C09","AGENTS ACTING ON THE RENIN-ANGIOTENSIN SYSTEM",21601782,"Dosage","snomed:260911001",4118853,"percent","ucum:%",8554,"Drug_Exposure","month 6",4103967,"follow-up 6 months","snomed:300042001"
"Recurr_stroke","history of Recurring stroke event ( more than 1 stroke in history)","INT",,"1=yes | 0=no",,622,0,0,1,,"loinc:LA33-6|loinc:LA32-8","Yes|No","45877994|45878245","loinc:LA12362-2","Stroke (CVA) or TIA",45881969,"Recurrent","snomed:255227004",4113136,,,,"Condition_occurrence","month 0/ baseline",40766819,"Baseline time","loinc:64103-5"
"Reducedmemory","Reduced memory at baseline","INT",,"0= subjectively no |1= slightlypatient unsure|2= moderatenoticed by patient in daily life|3= severely affecting daily life",9,617,5,0,3,,"LOINC:LA32-8|snomed:255604002|snomed:1255665007|snomed:24484000","No|Mild|Moderate|Severe","45878245|4116992|37165778|4087703","snomed:386807006","Memory impairment",4304008,,,,,,,"Observation","month 0/ baseline",40766819,"Baseline time","loinc:64103-5"
"RenalFailureAEs","Renal Failure Aes adverse events","INT",,,,622,0,0,5,,,,,"loinc:LA7266-5 ","Adverse event ",45884383,"Acute renal failure","loinc:LA27519-0",36210235,,,,"Condition_occurrence","month 0/ baseline",2000000025,"end of study visit","icare:icv2000000025"
"RestriktivePneumopathien","history of restrictive pulmonary disease Y/N","INT",,"1=yes | 0=no",,622,0,0,1,,"loinc:LA33-6|loinc:LA32-8","Yes|No","45877994|45878245","snomed:36485005","Restrictive lung disease",4266931,"Medical history [PhenX]","loinc:66480-5",40769143,,,,"Condition_occurrence","month 0/ baseline",40766819,"Baseline time","loinc:64103-5"
"RheumaAEs","Rheuma Aes adverse events","INT",,,,622,0,0,5,,,,,"loinc:LA7266-5 ","Adverse event ",45884383,"Rheumatism","snomed:396332003",138845,,,,"Condition_occurrence","month 0/ baseline",2000000025,"end of study visit","icare:icv2000000025"
"Rhythm","Rhythm on ECG at baseline according to including centre","INT",,"0 = Sinus rhythm | 1 = Atrial fibrillation | 2=Atrial flutter | 3=Pacemaker | 4 = Other",9,620,2,0,4,,"snomed:251150006|snomed:49436004|snomed:5370000|snomed:10370003|snomed:74964007","Sinus rhythm|Atrial fibrillation|Atrial flutter|Rhythm from artificial pacing|other","4091898|313217|314665|4304202|9177","snomed:301112006","Finding of heart rhythm",4114162,"Electrocardiogram finding","Snomed:301120008",4117134,,,,"Measurement","month 0/ baseline",40766819,"Baseline time","loinc:64103-5"
"Rhythm12","Rhythm on ECG at Visit12","INT",,"0 = Sinus rhythm | 1 = Atrial fibrillation | 2=Atrial flutter | 3=Pacemaker | 4 = Other",9,432,190,0,4,,"snomed:251150006|snomed:49436004|snomed:5370000|snomed:10370003|snomed:74964007","Sinus rhythm|Atrial fibrillation|Atrial flutter|Rhythm from artificial pacing|other","4091898|313217|314665|4304202|9177","snomed:301112006","Finding of heart rhythm",4114162,"Electrocardiogram finding","Snomed:301120008",4117134,,,,"Measurement","month 12",4081746,"follow-up 1 year","snomed:183627004"
"RinV1V2","R-wave present in lead V1/V2 at baseline","INT",,"1=yes | 0=no",,620,2,0,1,,"loinc:LA33-6|loinc:LA32-8","Yes|No","45877994|45878245","snomed:365413008","R wave - finding",4273020,"Lead site V1|Lead site V2|Electrocardiogram finding","snomed:257475007|snomed:257476008|Snomed:301120008","4121563|4105372|4117134",,,,"Measurement","month 0/ baseline",40766819,"Baseline time","loinc:64103-5"
"RinV1V2_12","R-wave present in lead V1/V2 at visit12","INT",,"1=yes | 0=no",,430,192,0,1,,"loinc:LA33-6|loinc:LA32-8","Yes|No","45877994|45878245","snomed:365413008","R wave - finding",4273020,"Lead site V1|Lead site V2|Electrocardiogram finding","snomed:257475007|snomed:257476008|Snomed:301120008","4121563|4105372|4117134",,,,"Measurement","month 12",4081746,"follow-up 1 year","snomed:183627004"
"RinV1V2_18","R-wave present in lead V1/V2 at visit18","INT",,"1=yes | 0=no",,395,227,0,1,,"loinc:LA33-6|loinc:LA32-8","Yes|No","45877994|45878245","snomed:365413008","R wave - finding",4273020,"Lead site V1|Lead site V2|Electrocardiogram finding","snomed:257475007|snomed:257476008|Snomed:301120008","4121563|4105372|4117134",,,,"Measurement","month 18",44789050,"follow-up 18 months","snomed:199591000000102"
"Ritme","Heart rhythm on ECG at baseline","INT",,"1=sinusrythm| 2= pacemaker-rythm| 3= atrialfibbrilation| 4= atrialflutter| 5= atrial rythm| 6= AV-nodal re-entry tachycardia| 7= AV re-entry tachycardia| 8= ventricular tachycardia| 9= sinus arrest| 10= nodal escape rythm| 11= ventricular escape rythm| 16= wolff-parkinson-white",,620,2,1,10,,"snomed:251150006|snomed:10370003|snomed:49436004|snomed:5370000|snomed:106068003|snomed:233896004|snomed:233897008|snomed:25569003|snomed:5609005|snomed:47830009|snomed:81898007|snomed:74390002","sinus rythm|rhythm from artificial pacing|atrial fibrillation|atrial flutter|Atrial rhythm|Re-entrant atrioventricular node tachycardia|Re-entrant atrioventricular tachycardia|Ventricular tachycardia|sinus arrest|Junctional escape beats|Ventricular escape rhythm|Wolff-Parkinson-White pattern","4091898|4304202|313217|314665|4021776|4124698|4124699|4103295|4210313|4166380|4218242|4253363","snomed:301112006","Finding of heart rhythm",4114162,,,,,,,"Measurement","month 0/ baseline",40766819,"Baseline time","loinc:64103-5"
"Ritme_12","Heart rhythm on ECG at visit12","INT",,"1=sinusrythm| 2= pacemaker-rythm| 3= atrialfibbrilation| 4= atrialflutter| 5= atrial rythm| 6= AV-nodal re-entry tachycardia| 7= AV re-entry tachycardia| 8= ventricular tachycardia| 9= sinus arrest| 10= nodal escape rythm| 11= ventricular escape rythm| 16= wolff-parkinson-white",,430,192,1,5,,"snomed:251150006|snomed:10370003|snomed:49436004|snomed:5370000|snomed:106068003|snomed:233896004|snomed:233897008|snomed:25569003|snomed:5609005|snomed:47830009|snomed:81898007|snomed:74390002","sinus rythm|rhythm from artificial pacing|atrial fibrillation|atrial flutter|Atrial rhythm|Re-entrant atrioventricular node tachycardia|Re-entrant atrioventricular tachycardia|Ventricular tachycardia|sinus arrest|Junctional escape beats|Ventricular escape rhythm|Wolff-Parkinson-White pattern","4091898|4304202|313217|314665|4021776|4124698|4124699|4103295|4210313|4166380|4218242|4253363","snomed:301112006","Finding of heart rhythm",4114162,,,,,,,"Measurement","month 12",4081746,"follow-up 1 year","snomed:183627004"
"Ritme_18","Heart rhythm on ECG at visit18","INT",,"1=sinusrythm| 2= pacemaker-rythm| 3= atrialfibbrilation| 4= atrialflutter| 5= atrial rythm| 6= AV-nodal re-entry tachycardia| 7= AV re-entry tachycardia| 8= ventricular tachycardia| 9= sinus arrest| 10= nodal escape rythm| 11= ventricular escape rythm| 16= wolff-parkinson-white",,395,227,1,5,,"snomed:251150006|snomed:10370003|snomed:49436004|snomed:5370000|snomed:106068003|snomed:233896004|snomed:233897008|snomed:25569003|snomed:5609005|snomed:47830009|snomed:81898007|snomed:74390002","sinus rythm|rhythm from artificial pacing|atrial fibrillation|atrial flutter|Atrial rhythm|Re-entrant atrioventricular node tachycardia|Re-entrant atrioventricular tachycardia|Ventricular tachycardia|sinus arrest|Junctional escape beats|Ventricular escape rhythm|Wolff-Parkinson-White pattern","4091898|4304202|313217|314665|4021776|4124698|4124699|4103295|4210313|4166380|4218242|4253363","snomed:301112006","Finding of heart rhythm",4114162,,,,,,,"Measurement","month 18",44789050,"follow-up 18 months","snomed:199591000000102"
"RP1","Reason for non compliance of patient at visit month 1","INT",,"1=More CHF symptoms | 2=Hypotension without symptoms |3=Orthostasis / symptomatic hypotension | 4=Fatigue / Exercise intolerance | 5=Renal failure| 6=Hyperkaliaemia | 7=Bradycardia / AV-block | 8=Cough | 9=Diarrhea | 10=Obstipation | 11=Headache | 12= Noctural leg pain | 13=Digitalis-Intoxication | 14=Allergy | 15=Psychological reason | 16=Other reason |17=Not specified / unknown",0,60,562,1,17,,"icare:icv2000000051|icare:icv2000000052|snomed:28651003|snomed:84229001|snomed:42399005|snomed:14140009|snomed:48867003|snomed:49727002|snomed:62315008|snomed:111360009|snomed:25064002|snomed:102549009|snomed:297060000|snomed:609328004|snomed:721731000000107|snomed:74964007|loinc:LA4489-6","one or more chronic heart failure symptoms|Hypotension without symptoms|Orthostatic hypotension|Fatigue|Renal failure syndrome|Hyperkalemia|Bradycardia|Cough|Diarrhea|Obstipation|Headache|Cramp in lower leg associated with rest|Cardiac inotropic agent overdose|Allergic disposition|Psychological determinant|other|unknown","2000000051|2000000052|319041|4223659|192359|434610|4169095|254761|196523|4008552|378253|4010963|4178256|43530807|44803594|9177|45877986","snomed:400978007","Drug compliance poor",4292063,,,,,,,"Observation","month 1",4081745,"follow-up 1 month","snomed:183623000"
"RP12","Reason for non compliance of patient at visit month 12","INT",,"1=More CHF symptoms|2=Hypotension without symptoms|3=Orthostasis / symptomatic hypotension|4=Fatigue / Exercise intolerance|5=Renal failure|6=Hyperkaliaemia|7=Bradycardia / AV-block| 8=Cough| 9=Diarrhea| 10=Obstipation| 11=Headache |12= Noctural leg pain| 13=Digitalis-Intoxication |14=Allergy| 15=Psychological reason |16=Other reason |17=Not specified / unknown",0,62,560,1,17,,"icare:icv2000000051|icare:icv2000000052|snomed:28651003|snomed:84229001|snomed:42399005|snomed:14140009|snomed:48867003|snomed:49727002|snomed:62315008|snomed:111360009|snomed:25064002|snomed:102549009|snomed:297060000|snomed:609328004|snomed:721731000000107|snomed:74964007|loinc:LA4489-6","one or more chronic heart failure symptoms|Hypotension without symptoms|Orthostatic hypotension|Fatigue|Renal failure syndrome|Hyperkalemia|Bradycardia|Cough|Diarrhea|Obstipation|Headache|Cramp in lower leg associated with rest|Cardiac inotropic agent overdose|Allergic disposition|Psychological determinant|other|unknown","2000000051|2000000052|319041|4223659|192359|434610|4169095|254761|196523|4008552|378253|4010963|4178256|43530807|44803594|9177|45877986","snomed:400978007","Drug compliance poor",4292063,,,,,,,"Observation","month 12",4081746,"follow-up 1 year","snomed:183627004"
"RP18","Reason for non compliance of patient at visit month 18","INT",,"1=More CHF symptoms | 2=Hypotension without symptoms |3=Orthostasis / symptomatic hypotension | 4=Fatigue / Exercise intolerance | 5=Renal failure| 6=Hyperkaliaemia | 7=Bradycardia / AV-block | 8=Cough | 9=Diarrhea | 10=Obstipation | 11=Headache | 12= Noctural leg pain | 13=Digitalis-Intoxication | 14=Allergy | 15=Psychological reason | 16=Other reason |17=Not specified / unknown",0,55,567,0,17,,"icare:icv2000000051|icare:icv2000000052|snomed:28651003|snomed:84229001|snomed:42399005|snomed:14140009|snomed:48867003|snomed:49727002|snomed:62315008|snomed:111360009|snomed:25064002|snomed:102549009|snomed:297060000|snomed:609328004|snomed:721731000000107|snomed:74964007|loinc:LA4489-6","one or more chronic heart failure symptoms|Hypotension without symptoms|Orthostatic hypotension|Fatigue|Renal failure syndrome|Hyperkalemia|Bradycardia|Cough|Diarrhea|Obstipation|Headache|Cramp in lower leg associated with rest|Cardiac inotropic agent overdose|Allergic disposition|Psychological determinant|other|unknown","2000000051|2000000052|319041|4223659|192359|434610|4169095|254761|196523|4008552|378253|4010963|4178256|43530807|44803594|9177|45877986","snomed:400978007","Drug compliance poor",4292063,,,,,,,"Observation","month 18",44789050,"follow-up 18 months","snomed:199591000000102"
"RP3","Reason for non compliance of patient at visit month 3","INT",,"1=More CHF symptoms|2=Hypotension without symptoms|3=Orthostasis / symptomatic hypotension|4=Fatigue / Exercise intolerance|5=Renal failure|6=Hyperkaliaemia|7=Bradycardia / AV-block| 8=Cough| 9=Diarrhea| 10=Obstipation| 11=Headache |12= Noctural leg pain| 13=Digitalis-Intoxication |14=Allergy| 15=Psychological reason |16=Other reason |17=Not specified / unknown",0,50,572,0,17,,"icare:icv2000000051|icare:icv2000000052|snomed:28651003|snomed:84229001|snomed:42399005|snomed:14140009|snomed:48867003|snomed:49727002|snomed:62315008|snomed:111360009|snomed:25064002|snomed:102549009|snomed:297060000|snomed:609328004|snomed:721731000000107|snomed:74964007|loinc:LA4489-6","one or more chronic heart failure symptoms|Hypotension without symptoms|Orthostatic hypotension|Fatigue|Renal failure syndrome|Hyperkalemia|Bradycardia|Cough|Diarrhea|Obstipation|Headache|Cramp in lower leg associated with rest|Cardiac inotropic agent overdose|Allergic disposition|Psychological determinant|other|unknown","2000000051|2000000052|319041|4223659|192359|434610|4169095|254761|196523|4008552|378253|4010963|4178256|43530807|44803594|9177|45877986","snomed:400978007","Drug compliance poor",4292063,,,,,,,"Observation","month 3",44789369,"follow-up 3 months","snomed:200521000000107"
"RP6","Reason for non compliance of patient at visit month 6","INT",,"1=More CHF symptoms | 2=Hypotension without symptoms |3=Orthostasis / symptomatic hypotension | 4=Fatigue / Exercise intolerance | 5=Renal failur| 6=Hyperkaliaemia | 7=Bradycardia / AV-block | 8=Cough | 9=Diarrhea | 10=Obstipation | 11=Headache | 12= Noctural leg pain | 13=Digitalis-Intoxication | 14=Allergy | 15=Psychological reason | 16=Other reason |17=Not specified / unknown",0,60,562,1,17,,"icare:icv2000000051|icare:icv2000000052|snomed:28651003|snomed:84229001|snomed:42399005|snomed:14140009|snomed:48867003|snomed:49727002|snomed:62315008|snomed:111360009|snomed:25064002|snomed:102549009|snomed:297060000|snomed:609328004|snomed:721731000000107|snomed:74964007|loinc:LA4489-6","one or more chronic heart failure symptoms|Hypotension without symptoms|Orthostatic hypotension|Fatigue|Renal failure syndrome|Hyperkalemia|Bradycardia|Cough|Diarrhea|Obstipation|Headache|Cramp in lower leg associated with rest|Cardiac inotropic agent overdose|Allergic disposition|Psychological determinant|other|unknown","2000000051|2000000052|319041|4223659|192359|434610|4169095|254761|196523|4008552|378253|4010963|4178256|43530807|44803594|9177|45877986","snomed:400978007","Drug compliance poor",4292063,,,,,,,"Observation","month 6",4103967,"follow-up 6 months","snomed:300042001"
"RV_area_shortening","right ventricle area shortening at BL echocardiogram","STR",,,,451,171,-1.11111111111111,0.9,,,,,"loinc:LP407888-9","Fractional area changeHeart.ventricle Right Cardiac ultrasound",37070798,"Fractional shortening|Echocardiography","loinc:LP72609-8|snomed:40701008","37057590|4230911",,,,"Measurement","month 0/ baseline",40766819,"Baseline time","loinc:64103-5"
"RV_area_shortening_12","right ventricle area shortening at V12 echocardiogram","STR",,,,308,314,-0.95263162352702,0.8125,,,,,"loinc:LP407888-9","Fractional area changeHeart.ventricle Right Cardiac ultrasound",37070798,"Fractional shortening|Echocardiography","loinc:LP72609-8|snomed:40701008","37057590|4230911",,,,"Measurement","month 12",4081746,"follow-up 1 year","snomed:183627004"
"RV_area_shortening_18","right ventricle area shortening at V18 echocardiogram","STR",,,,278,344,-1.74193556822302,0.945454547931622,,,,,"loinc:LP407888-9","Fractional area changeHeart.ventricle Right Cardiac ultrasound",37070798,"Fractional shortening|Echocardiography","loinc:LP72609-8|snomed:40701008","37057590|4230911",,,,"Measurement","month 18",44789050,"follow-up 18 months","snomed:199591000000102"
"RVEFvisuell","Right ventricle Ejection Fraction estimated at baseline","INT",,"0= normal | 1= mildly reduced | 2=moderately reduced | 3=severely reduced",9,513,109,0,9,,"snomed:17621005|snomed:255604002|snomed:1255665007|snomed:24484000","Normal|Mild|Moderate|Severe","4069590|4116992|37165778|4087703","loinc:8814-6","Right ventricular Ejection fraction by 2D echo.visual estimate",3000004,"Echocardiography","snomed:40701008",4230911,,,,"Measurement","month 0/ baseline",40766819,"Baseline time","loinc:64103-5"
"RVEFvisuell_12","Right ventricle Ejection Fraction estimated at visit12","INT",,"0= normal | 1= mildly reduced | 2=moderately reduced | 3=severely reduced",9,,,,,,"snomed:17621005|snomed:255604002|snomed:1255665007|snomed:24484000","Normal|Mild|Moderate|Severe","4069590|4116992|37165778|4087703","loinc:8814-6","Right ventricular Ejection fraction by 2D echo.visual estimate",3000004,"Echocardiography","snomed:40701008",4230911,,,,"Measurement","month 12",4081746,"follow-up 1 year","snomed:183627004"
"RVEFvisuell_18","Right ventricle Ejection Fraction estimated at visit18","INT",,"0= normal | 1= mildly reduced | 2=moderately reduced | 3=severely reduced",9,,,,,,"snomed:17621005|snomed:255604002|snomed:1255665007|snomed:24484000","Normal|Mild|Moderate|Severe","4069590|4116992|37165778|4087703","loinc:8814-6","Right ventricular Ejection fraction by 2D echo.visual estimate",3000004,"Echocardiography","snomed:40701008",4230911,,,,"Measurement","month 18",44789050,"follow-up 18 months","snomed:199591000000102"
"RVRA_12","RV/RA at visit12","INT",,,,,,,,,,,,"loinc:18065-3","Tricuspid valve Maximum regurgitant pressure gradient dur systole by US.doppler",3013108,"Echocardiography","snomed:40701008",4230911,,,,"Measurement","month 12",4081746,"follow-up 1 year","snomed:183627004"
"RVRA_18","RV/RA at visit18","INT",,,,,,,,,,,,"loinc:18065-3","Tricuspid valve Maximum regurgitant pressure gradient dur systole by US.doppler",3013108,"Echocardiography","snomed:40701008",4230911,,,,"Measurement","month 18",44789050,"follow-up 18 months","snomed:199591000000102"
"RVRAmean_12","RV/RA mean at visit12","INT",,,,,,,,,,,,"loinc:18056-2","Tricuspid valve Mean pressure gradient dur diastole by US.doppler",3024549,"Echocardiography","snomed:40701008",4230911,,,,"Measurement","month 12",4081746,"follow-up 1 year","snomed:183627004"
"RVRAmean_18","RV/RA mean at visit18","INT",,,,,,,,,,,,"loinc:18056-2","Tricuspid valve Mean pressure gradient dur diastole by US.doppler",3024549,"Echocardiography","snomed:40701008",4230911,,,,"Measurement","month 18",44789050,"follow-up 18 months","snomed:199591000000102"
"S_V5V6","S-wave present in lead V5 and lead V6 at baseline","INT",,"1=yes | 0=no",,620,2,0,1,,"loinc:LA33-6|loinc:LA32-8","Yes|No","45877994|45878245","snomed:365414002","S wave - finding",4267230,"Lead site V4|Lead site V5|Lead site V6|Electrocardiogram finding","snomed:257478009|snomed:257479001|snomed:257480003|Snomed:301120008","4121564|4107146|4119701|4117134",,,,"Measurement","month 0/ baseline",40766819,"Baseline time","loinc:64103-5"
"S_V5V6_12","S-wave present in lead V5 and lead V6 at visit12","INT",,"1=yes | 0=no",,430,192,0,1,,"loinc:LA33-6|loinc:LA32-8","Yes|No","45877994|45878245","snomed:365414002","S wave - finding",4267230,"Lead site V4|Lead site V5|Lead site V6|Electrocardiogram finding","snomed:257478009|snomed:257479001|snomed:257480003|Snomed:301120008","4121564|4107146|4119701|4117134",,,,"Measurement","month 12",4081746,"follow-up 1 year","snomed:183627004"
"S_V5V6_18","S-wave present in lead V5 and lead V6 at visit18","INT",,"1=yes | 0=no",,395,227,0,1,,"loinc:LA33-6|loinc:LA32-8","Yes|No","45877994|45878245","snomed:365414002","S wave - finding",4267230,"Lead site V4|Lead site V5|Lead site V6|Electrocardiogram finding","snomed:257478009|snomed:257479001|snomed:257480003|Snomed:301120008","4121564|4107146|4119701|4117134",,,,"Measurement","month 18",44789050,"follow-up 18 months","snomed:199591000000102"
"S3","3rd heart sound present at baseline heartauscultation Y/N","INT",,"1=yes | 0=no",9,613,9,0,1,,"loinc:LA33-6|loinc:LA32-8","Yes|No","45877994|45878245","snomed:277455002","Third heart sound",4173821,,,,,,,"Observation","month 0/ baseline",40766819,"Baseline time","loinc:64103-5"
"S4","4th heart sound present at baseline heartauscultation Y/N","INT",,"1=yes | 0=no",9,613,9,0,1,,"loinc:LA33-6|loinc:LA32-8","Yes|No","45877994|45878245","snomed:48038003","Fourth heart sound S-4",4173095,,,,,,,"Observation","month 0/ baseline",40766819,"Baseline time","loinc:64103-5"
"SAM","systolic anterior movement of mitral valveat baseline y/n","INT",,"1=yes | 0=no",,532,90,0,0,,"loinc:LA33-6|loinc:LA32-8","Yes|No","45877994|45878245","snomed:417081007","Systolic anterior movement of mitral valve",4218343,"Echocardiography","snomed:40701008",4230911,,,,"Measurement","month 0/ baseline",40766819,"Baseline time","loinc:64103-5"
"SAM_12","systolic anterior movement of mitral valve y/n at visit12","INT",,"1=yes | 0=no",,,,,,,"loinc:LA33-6|loinc:LA32-8","Yes|No","45877994|45878245","snomed:417081007","Systolic anterior movement of mitral valve",4218343,"Echocardiography","snomed:40701008",4230911,,,,"Measurement","month 12",4081746,"follow-up 1 year","snomed:183627004"
"SAM_18","systolic anterior movement of mitral valve y/n at visit18","INT",,"1=yes | 0=no",,,,,,,"loinc:LA33-6|loinc:LA32-8","Yes|No","45877994|45878245","snomed:417081007","Systolic anterior movement of mitral valve",4218343,"Echocardiography","snomed:40701008",4230911,,,,"Measurement","month 18",44789050,"follow-up 18 months","snomed:199591000000102"
"Sehnenfadenrupturant","mitral valve chordal rupture anteriorat baseline","INT",,"1=yes | 0=no",,532,90,0,1,,"loinc:LA33-6|loinc:LA32-8","Yes|No","45877994|45878245","snomed:270906004","Mitral chordae rupture",4148905,"Anterior|Echocardiography","snomed:255549009|snomed:40701008","4115458|4230911",,,,"Measurement","month 0/ baseline",40766819,"Baseline time","loinc:64103-5"
"Sehnenfadenrupturant_12","mitral valve chordal rupture anteriorat visit12","INT",,"1=yes | 0=no",,,,,,,"loinc:LA33-6|loinc:LA32-8","Yes|No","45877994|45878245","snomed:270906004","Mitral chordae rupture",4148905,"Anterior|Echocardiography","snomed:255549009|snomed:40701008","4115458|4230911",,,,"Measurement","month 12",4081746,"follow-up 1 year","snomed:183627004"
"Sehnenfadenrupturant_18","mitral valve chordal rupture anteriorat visit18","INT",,"1=yes | 0=no",,,,,,,"loinc:LA33-6|loinc:LA32-8","Yes|No","45877994|45878245","snomed:270906004","Mitral chordae rupture",4148905,"Anterior|Echocardiography","snomed:255549009|snomed:40701008","4115458|4230911",,,,"Measurement","month 18",44789050,"follow-up 18 months","snomed:199591000000102"
"Sehnenfadenrupturpost","mitral valve chordal rupture posterior at baseline","INT",,"1=yes | 0=no",,532,90,0,0,,"loinc:LA33-6|loinc:LA32-8","Yes|No","45877994|45878245","snomed:270906004","Mitral chordae rupture",4148905,"Posterior|Echocardiography","snomed:255551008|snomed:40701008","4116868|4230911",,,,"Measurement","month 0/ baseline",40766819,"Baseline time","loinc:64103-5"
"Sehnenfadenrupturpost_12","mitral valve chordal rupture posterior at visit12","INT",,"1=yes | 0=no",,,,,,,"loinc:LA33-6|loinc:LA32-8","Yes|No","45877994|45878245","snomed:270906004","Mitral chordae rupture",4148905,"Posterior|Echocardiography","snomed:255551008|snomed:40701008","4116868|4230911",,,,"Measurement","month 12",4081746,"follow-up 1 year","snomed:183627004"
"Sehnenfadenrupturpost_18","mitral valve chordal rupture posterior at visit18","INT",,"1=yes | 0=no",,,,,,,"loinc:LA33-6|loinc:LA32-8","Yes|No","45877994|45878245","snomed:270906004","Mitral chordae rupture",4148905,"Posterior|Echocardiography","snomed:255551008|snomed:40701008","4116868|4230911",,,,"Measurement","month 18",44789050,"follow-up 18 months","snomed:199591000000102"
"Septum","septum hypokinesia at baseline","INT",,"0=normal| 1 = hypokinetic | 2=severely hypokin | 3=akinetic| 4 = dyskinetic",9,480,142,0,4,,"snomed:17621005|snomed:37706002|snomed:371870001|snomed:255326006|snomed:255340007","Normal|Hypokinesis of cardiac wall|Severe hypokinesis of cardiac wall|Akinetic|Dyskinetic","4069590|4291798|4162728|4113277|4113280","snomed:359061000009104","Segmental hypokinesis of ventricular septum",42599765,"Echocardiography","snomed:40701008",4230911,,,,"Measurement","month 0/ baseline",40766819,"Baseline time","loinc:64103-5"
"Septum_12","septum hypokinesia at visit12","INT",,"0=normal| 1 = hypokinetic | 2=severely hypokin | 3=akinetic| 4 = dyskinetic",9,480,142,0,9,,"snomed:17621005|snomed:37706002|snomed:371870001|snomed:255326006|snomed:255340007","Normal|Hypokinesis of cardiac wall|Severe hypokinesis of cardiac wall|Akinetic|Dyskinetic","4069590|4291798|4162728|4113277|4113280","snomed:359061000009104","Segmental hypokinesis of ventricular septum",42599765,"Echocardiography","snomed:40701008",4230911,,,,"Measurement","month 12",4081746,"follow-up 1 year","snomed:183627004"
"Septum_18","septum hypokinesia at visit18","INT",,"0=normal| 1 = hypokinetic | 2=severely hypokin | 3=akinetic| 4 = dyskinetic",9,480,142,0,9,,"snomed:17621005|snomed:37706002|snomed:371870001|snomed:255326006|snomed:255340007","Normal|Hypokinesis of cardiac wall|Severe hypokinesis of cardiac wall|Akinetic|Dyskinetic","4069590|4291798|4162728|4113277|4113280","snomed:359061000009104","Segmental hypokinesis of ventricular septum",42599765,"Echocardiography","snomed:40701008",4230911,,,,"Measurement","month 18",44789050,"follow-up 18 months","snomed:199591000000102"
"SI_QIII","S-wave present in lead IQ-wave present in lead III at baseline","INT",,"1=yes | 0=no",,620,2,0,1,,"loinc:LA33-6|loinc:LA32-8","Yes|No","45877994|45878245","omop:OMOP5117510","Electrocardiogram (EKG): S1Q3T3 pattern",738824,"Electrocardiogram finding","Snomed:301120008",4117134,,,,"Measurement","month 0/ baseline",40766819,"Baseline time","loinc:64103-5"
"SI_QIII_12","S-wave present in IQ-wave present in lead III at visit12","INT",,"1=yes | 0=no",,430,192,0,1,,"loinc:LA33-6|loinc:LA32-8","Yes|No","45877994|45878245","omop:OMOP5117510","Electrocardiogram (EKG): S1Q3T3 pattern",738824,"Electrocardiogram finding","Snomed:301120008",4117134,,,,"Measurement","month 12",4081746,"follow-up 1 year","snomed:183627004"
"SI_QIII_18","S-wave present in lead IQ-wave present in lead III at visit18","INT",,"1=yes | 0=no",,395,227,0,1,,"loinc:LA33-6|loinc:LA32-8","Yes|No","45877994|45878245","omop:OMOP5117510","Electrocardiogram (EKG): S1Q3T3 pattern",738824,"Electrocardiogram finding","Snomed:301120008",4117134,,,,"Measurement","month 18",44789050,"follow-up 18 months","snomed:199591000000102"
"SinI","S-wave present in lead I at baseline","INT",,"1=yes | 0=no",,620,2,0,1,,"loinc:LA33-6|loinc:LA32-8","Yes|No","45877994|45878245","snomed:365414002","S wave - finding",4267230,"Lead I|Electrocardiogram finding","snomed:272729005|Snomed:301120008","4157985|4117134",,,,"Measurement","month 0/ baseline",40766819,"Baseline time","loinc:64103-5"
"SinI_12","S-wave present in lead I at visit12","INT",,"1=yes | 0=no",,430,192,0,1,,"loinc:LA33-6|loinc:LA32-8","Yes|No","45877994|45878245","snomed:365414002","S wave - finding",4267230,"Lead I|Electrocardiogram finding","snomed:272729005|Snomed:301120008","4157985|4117134",,,,"Measurement","month 12",4081746,"follow-up 1 year","snomed:183627004"
"SinI_18","S-wave present in lead I at visit18","INT",,"1=yes | 0=no",,395,227,0,1,,"loinc:LA33-6|loinc:LA32-8","Yes|No","45877994|45878245","snomed:365414002","S wave - finding",4267230,"Lead I|Electrocardiogram finding","snomed:272729005|Snomed:301120008","4157985|4117134",,,,"Measurement","month 18",44789050,"follow-up 18 months","snomed:199591000000102"
"Sleeping_pill","uses any sleeping pills useat Baseline y/n ","INT",,"1=yes | 0=no",,622,0,0,1,,"loinc:LA33-6|loinc:LA32-8","Yes|No","45877994|45878245","loinc:LA31127-6","Sedatives or sleeping pills (Valium Serepax Ativan Xanax Librium Rohypnol GHB etc.)",36032437,,,,,,,"Drug_Exposure","month 0/ baseline",40766819,"Baseline time","loinc:64103-5"
"Smoking","Smoking status","INT",,"0=Never|1=Previous|2=Current",9,620,2,0,2,,"loinc:LA18978-9| loinc:LA15920-4| loinc:LA20356-4","Never smoker| Former smoker| Current smoker","45879404| 45883458| 36309332","snomed:1311000175101","Smoking assessment",761009,,,,,,,"Condition_occurrence","month 0/ baseline",40766819,"Baseline time","loinc:64103-5"
"Socialstatus","Social status","INT",,"1=married | 2=widowed |3=single | 4=divorced| 5=married separated",9,622,0,1,9,,"snomed:87915002|snomed:33553000|snomed:125725006|snomed:20295000|snomed:13184001","Married|Widowed|Single never married|Divorced|Separated","4338692|4143188|4053854|4069297|4027529","loinc:45404-1","Marital status",3046344,,,,,,,"Person","month 0/ baseline",40766819,"Baseline time","loinc:64103-5"
"SpiroAdj1","Spironolacton (=MRA) adjustment at Visit1","INT",,"0 = no adjustment| 1= 1 times uptitration| 2= increase more than once| 3= reduction| 4= stop| 5= no adjustment due to side-effect| 6= other",,563,59,0,5,,"loinc:LA32-8|snomed:422114001|icare:icv2000000032|snomed:260400001|snomed:422117008|snomed:395009001|snomed:74964007","No|once|more than once|Reduced|stop|Medication stopped - side effect|other","45878245|4226232|2000000032|4127781|4226233|4216319|9177","rxnorm:9997","Spironolactone",970250,"Adjustment","snomed:410617001",4253750,,,,"Drug_Exposure","month 1",4081745,"follow-up 1 month","snomed:183623000"
"SpiroAdj12","Spironolacton (=MRA) adjustment at Visit12","INT",,"0 = no adjustment| 1= 1 times uptitration| 2= increase more than once| 3= reduction| 4= stop| 5= no adjustment due to side-effect| 6= other",,447,175,0,6,,"loinc:LA32-8|snomed:422114001|icare:icv2000000032|snomed:260400001|snomed:422117008|snomed:395009001|snomed:74964007","No|once|more than once|Reduced|stop|Medication stopped - side effect|other","45878245|4226232|2000000032|4127781|4226233|4216319|9177","rxnorm:9997","Spironolactone",970250,"Adjustment","snomed:410617001",4253750,,,,"Drug_Exposure","month 12",4081746,"follow-up 1 year","snomed:183627004"
"SpiroAdj3","Spironolacton (=MRA) adjustment at Visit3","INT",,"0 = no adjustment| 1= 1 times uptitration| 2= increase more than once| 3= reduction| 4= stop| 5= no adjustment due to side-effect| 6= other",,523,99,0,5,,"loinc:LA32-8|snomed:422114001|icare:icv2000000032|snomed:260400001|snomed:422117008|snomed:395009001|snomed:74964007","No|once|more than once|Reduced|stop|Medication stopped - side effect|other","45878245|4226232|2000000032|4127781|4226233|4216319|9177","rxnorm:9997","Spironolactone",970250,"Adjustment","snomed:410617001",4253750,,,,"Drug_Exposure","month 3",44789369,"follow-up 3 months","snomed:200521000000107"
"SpiroAdj6","Spironolacton (=MRA) adjustment at Visit6","INT",,"0 = no adjustment| 1= 1 times uptitration| 2= increase more than once| 3= reduction| 4= stop| 5= no adjustment due to side-effect| 6= other",,490,132,0,5,,"loinc:LA32-8|snomed:422114001|icare:icv2000000032|snomed:260400001|snomed:422117008|snomed:395009001|snomed:74964007","No|once|more than once|Reduced|stop|Medication stopped - side effect|other","45878245|4226232|2000000032|4127781|4226233|4216319|9177","rxnorm:9997","Spironolactone",970250,"Adjustment","snomed:410617001",4253750,,,,"Drug_Exposure","month 6",4103967,"follow-up 6 months","snomed:300042001"
"SpiroAdjBL","Spironolacton (=MRA) adjustment at Baseline","INT",,"0 = no adjustment| 1= 1 times uptitration| 2= increase more than once| 3= reduction| 4= stop| 5= no adjustment due to side-effect| 6= other",,621,1,0,5,,"loinc:LA32-8|snomed:422114001|icare:icv2000000032|snomed:260400001|snomed:422117008|snomed:395009001|snomed:74964007","No|once|more than once|Reduced|stop|Medication stopped - side effect|other","45878245|4226232|2000000032|4127781|4226233|4216319|9177","rxnorm:9997","Spironolactone",970250,"Adjustment","snomed:410617001",4253750,,,,"Drug_Exposure","month 0/ baseline",40766819,"Baseline time","loinc:64103-5"
"Spiroat_BL","MRA use at Baseline","INT",,"1=yes | 0=no",,621,1,0,1,,"loinc:LA33-6|loinc:LA32-8","Yes|No","45877994|45878245","atc:C03DA","Aldosterone antagonists",21601533,,,,,,,"Drug_Exposure","month 0/ baseline",40766819,"Baseline time","loinc:64103-5"
"Spiroat_V1","MRA use at visit1","INT",,"1=yes | 0=no",,567,55,0,1,,"loinc:LA33-6|loinc:LA32-8","Yes|No","45877994|45878245","atc:C03DA","Aldosterone antagonists",21601533,,,,,,,"Drug_Exposure","month 1",4081745,"follow-up 1 month","snomed:183623000"
"Spiroat_V12","MRA use at visit12","INT",,"1=yes | 0=no",,446,176,0,1,,"loinc:LA33-6|loinc:LA32-8","Yes|No","45877994|45878245","atc:C03DA","Aldosterone antagonists",21601533,,,,,,,"Drug_Exposure","month 12",4081746,"follow-up 1 year","snomed:183627004"
"Spiroat_V18","MRA use at visit18","INT",,"1=yes | 0=no",,406,216,0,1,,"loinc:LA33-6|loinc:LA32-8","Yes|No","45877994|45878245","atc:C03DA","Aldosterone antagonists",21601533,,,,,,,"Drug_Exposure","month 18",44789050,"follow-up 18 months","snomed:199591000000102"
"Spiroat_V3","MRA use at visit3","INT",,"1=yes | 0=no",,521,101,0,1,,"loinc:LA33-6|loinc:LA32-8","Yes|No","45877994|45878245","atc:C03DA","Aldosterone antagonists",21601533,,,,,,,"Drug_Exposure","month 3",44789369,"follow-up 3 months","snomed:200521000000107"
"Spiroat_V6","MRA use at visit6","INT",,"1=yes | 0=no",,489,133,0,1,,"loinc:LA33-6|loinc:LA32-8","Yes|No","45877994|45878245","atc:C03DA","Aldosterone antagonists",21601533,,,,,,,"Drug_Exposure","month 6",4103967,"follow-up 6 months","snomed:300042001"
"Statin_at_BL","which statin used at BL","INT",,"0=none | 1=Pravastatin | 2=Simvastatin | 3=Atorvastatin| 4=Lovastatin",,622,0,0,4,,"LOINC:LA32-8|rxnorm:42463|rxnorm:36567|rxnorm:83367|rxnorm:6472","No|Pravastatin|simvastatin|atorvastatin|lovastatin","45878245|1551860|1539403|1545958|1592085","atc:C10AA","HMG-CoA reductase inhibitor",21601855,"Type","snomed:410656007",4259643,,,,"Measurement","month 0/ baseline",40766819,"Baseline time","loinc:64103-5"
"Statin01","uses anystatin useat Baseline y/n ","INT",,"1=yes | 0=no",,622,0,0,1,,"loinc:LA33-6|loinc:LA32-8","Yes|No","45877994|45878245","atc:C10AA","HMG-CoA reductase inhibitor",21601855,,,,,,,"Drug_Exposure","month 0/ baseline",40766819,"Baseline time","loinc:64103-5"
"STdepressieinaVLI","Stsegment-depression in lead aVL-I at baseline","INT",,"1=yes | 0=no",,620,2,0,1,,"loinc:LA33-6|loinc:LA32-8","Yes|No","45877994|45878245","snomed:26141007","ST segment depression",4095285,"aVL|Lead I|Electrocardiogram finding","snomed:257473000|snomed:272729005|Snomed:301120008","4107144|4157985|4117134",,,,"Measurement","month 0/ baseline",40766819,"Baseline time","loinc:64103-5"
"STdepressieinaVLI_12","Stsegment-depression in lead aVL-I at visit12","INT",,"1=yes | 0=no",,430,192,0,1,,"loinc:LA33-6|loinc:LA32-8","Yes|No","45877994|45878245","snomed:26141007","ST segment depression",4095285,"aVL|Lead I|Electrocardiogram finding","snomed:257473000|snomed:272729005|Snomed:301120008","4107144|4157985|4117134",,,,"Measurement","month 12",4081746,"follow-up 1 year","snomed:183627004"
"STdepressieinaVLI_18","Stsegment-depression in lead aVL-I at visit18","INT",,"1=yes | 0=no",,395,227,0,1,,"loinc:LA33-6|loinc:LA32-8","Yes|No","45877994|45878245","snomed:26141007","ST segment depression",4095285,"aVL|Lead I|Electrocardiogram finding","snomed:257473000|snomed:272729005|Snomed:301120008","4107144|4157985|4117134",,,,"Measurement","month 18",44789050,"follow-up 18 months","snomed:199591000000102"
"STdepressieinIIIIIaVF","ST-segement depression in lead II-III-aVF at baseline","INT",,"1=yes | 0=no",,620,2,0,1,,"loinc:LA33-6|loinc:LA32-8","Yes|No","45877994|45878245","snomed:26141007","ST segment depression",4095285,"aVF|Lead II|Lead III|Electrocardiogram finding","snomed:257472005|snomed:272730000|snomed:272731001|Snomed:301120008","4107143|4165927|4157986|4117134",,,,"Measurement","month 0/ baseline",40766819,"Baseline time","loinc:64103-5"
"STdepressieinIIIIIaVF_12","ST-segement depression in lead II-III-aVF at visit12","INT",,"1=yes | 0=no",,430,192,0,1,,"loinc:LA33-6|loinc:LA32-8","Yes|No","45877994|45878245","snomed:26141007","ST segment depression",4095285,"aVF|Lead II|Lead III|Electrocardiogram finding","snomed:257472005|snomed:272730000|snomed:272731001|Snomed:301120008","4107143|4165927|4157986|4117134",,,,"Measurement","month 12",4081746,"follow-up 1 year","snomed:183627004"
"STdepressieinIIIIIaVF_18","ST-segement depression in lead II-III-aVF at visit18","INT",,"1=yes | 0=no",,395,227,0,1,,"loinc:LA33-6|loinc:LA32-8","Yes|No","45877994|45878245","snomed:26141007","ST segment depression",4095285,"aVF|Lead II|Lead III|Electrocardiogram finding","snomed:257472005|snomed:272730000|snomed:272731001|Snomed:301120008","4107143|4165927|4157986|4117134",,,,"Measurement","month 18",44789050,"follow-up 18 months","snomed:199591000000102"
"STdepressieinV2V3","ST-segment depression in lead V2-V3 at baseline","INT",,"1=yes | 0=no",,620,2,0,1,,"loinc:LA33-6|loinc:LA32-8","Yes|No","45877994|45878245","snomed:26141007","ST segment depression",4095285,"Lead site V2|Lead site V3|Electrocardiogram finding","snomed:257476008|snomed:257477004|Snomed:301120008","4105372|4107145|4117134",,,,"Measurement","month 0/ baseline",40766819,"Baseline time","loinc:64103-5"
"STdepressieinV2V3_12","ST-segment depression in lead V2-V3 at visit12","INT",,"1=yes | 0=no",,430,192,0,1,,"loinc:LA33-6|loinc:LA32-8","Yes|No","45877994|45878245","snomed:26141007","ST segment depression",4095285,"Lead site V2|Lead site V3|Electrocardiogram finding","snomed:257476008|snomed:257477004|Snomed:301120008","4105372|4107145|4117134",,,,"Measurement","month 12",4081746,"follow-up 1 year","snomed:183627004"
"STdepressieinV2V3_18","ST-segment depression in lead V2-V3 at visit18","INT",,"1=yes | 0=no",,395,227,0,1,,"loinc:LA33-6|loinc:LA32-8","Yes|No","45877994|45878245","snomed:26141007","ST segment depression",4095285,"Lead site V2|Lead site V3|Electrocardiogram finding","snomed:257476008|snomed:257477004|Snomed:301120008","4105372|4107145|4117134",,,,"Measurement","month 18",44789050,"follow-up 18 months","snomed:199591000000102"
"STdepressieinV4V6","ST-segment depression in lead V4-V6 at baseline","INT",,"1=yes | 0=no",,620,2,0,1,,"loinc:LA33-6|loinc:LA32-8","Yes|No","45877994|45878245","snomed:26141007","ST segment depression",4095285,"Lead site V4|Lead site V5|Lead site V6|Electrocardiogram finding","snomed:257478009|snomed:257479001|snomed:257480003|Snomed:301120008","4121564|4107146|4119701|4117134",,,,"Measurement","month 0/ baseline",40766819,"Baseline time","loinc:64103-5"
"STdepressieinV4V6_12","ST-segment depression in lead V4-V6 at visit12","INT",,"1=yes | 0=no",,430,192,0,1,,"loinc:LA33-6|loinc:LA32-8","Yes|No","45877994|45878245","snomed:26141007","ST segment depression",4095285,"Lead site V4|Lead site V5|Lead site V6|Electrocardiogram finding","snomed:257478009|snomed:257479001|snomed:257480003|Snomed:301120008","4121564|4107146|4119701|4117134",,,,"Measurement","month 12",4081746,"follow-up 1 year","snomed:183627004"
"STdepressieinV4V6_18","ST-segment depression in lead V4-V6 at visit18","INT",,"1=yes | 0=no",,395,227,0,1,,"loinc:LA33-6|loinc:LA32-8","Yes|No","45877994|45878245","snomed:26141007","ST segment depression",4095285,"Lead site V4|Lead site V5|Lead site V6|Electrocardiogram finding","snomed:257478009|snomed:257479001|snomed:257480003|Snomed:301120008","4121564|4107146|4119701|4117134",,,,"Measurement","month 18",44789050,"follow-up 18 months","snomed:199591000000102"
"sTFR_logFerritin_BL","calculated variable sTFR/logferritin at baseline","FLOAT",,,,509,113,0.4989882820009,18.7210456674604,"sTRF/logferritin",,,,"loinc:74807-9","Transferrin receptor.soluble/log Ferritin index [Mass Ratio] in Serum or Plasma",44816699,,,,,,,"Measurement","month 0/ baseline",40766819,"Baseline time","loinc:64103-5"
"sTFR_logFerritin_V1","calculated variable sTFR/logferritin at visit1","FLOAT",,,,444,178,0.308195130016758,8.2215695010019,,,,,"loinc:74807-9","Transferrin receptor.soluble/log Ferritin index [Mass Ratio] in Serum or Plasma",44816699,,,,,,,"Measurement","month 1",4081745,"follow-up 1 month","snomed:183623000"
"sTFR_logFerritin_V12","calculated variable sTFR/logferritin at visit12","FLOAT",,,,371,251,0.588407502956044,23.2412275803191,,,,,"loinc:74807-9","Transferrin receptor.soluble/log Ferritin index [Mass Ratio] in Serum or Plasma",44816699,,,,,,,"Measurement","month 12",4081746,"follow-up 1 year","snomed:183627004"
"sTFR_logFerritin_V18","calculated variable sTFR/logferritin at visit18","FLOAT",,,,344,278,0.423669855462982,30.8690994994788,,,,,"loinc:74807-9","Transferrin receptor.soluble/log Ferritin index [Mass Ratio] in Serum or Plasma",44816699,,,,,,,"Measurement","month 18",44789050,"follow-up 18 months","snomed:199591000000102"
"sTFR_logFerritin_V3","calculated variable sTFR/logferritin at visit3","FLOAT",,,,437,185,0.0253827768896135,10.9629958654907,,,,,"loinc:74807-9","Transferrin receptor.soluble/log Ferritin index [Mass Ratio] in Serum or Plasma",44816699,,,,,,,"Measurement","month 3",44789369,"follow-up 3 months","snomed:200521000000107"
"sTFR_logFerritin_V6","calculated variable sTFR/logferritin at visit6","FLOAT",,,,421,201,0.244281666561985,7.8472611141739,,,,,"loinc:74807-9","Transferrin receptor.soluble/log Ferritin index [Mass Ratio] in Serum or Plasma",44816699,,,,,,,"Measurement","month 6",4103967,"follow-up 6 months","snomed:300042001"
"StnAbdominalOP","history of abdominal operation Y/N","INT",,"1=yes | 0=no",,622,0,0,1,,"loinc:LA33-6|loinc:LA32-8","Yes|No","45877994|45878245","snomed:386671008","Abdominal cavity operation",4304932,"Medical history [PhenX]","loinc:66480-5",40769143,,,,"Condition_occurrence","month 0/ baseline",40766819,"Baseline time","loinc:64103-5"
"StnKlappenOP","History of valve replacement Y/N","INT",,"1=yes | 0=no",,622,0,0,1,,"loinc:LA33-6|loinc:LA32-8","Yes|No","45877994|45878245","snomed:34068001","Heart valve replacement",4145119,"Medical history [PhenX]","loinc:66480-5",40769143,,,,"Condition_occurrence","month 0/ baseline",40766819,"Baseline time","loinc:64103-5"
"StörungLVGeometrie","Left ventricular contraction dyssynchrony at baseline","INT",,"1=yes | 0=no",,532,90,0,1,,"loinc:LA33-6|loinc:LA32-8","Yes|No","45877994|45878245","icare:icv2000000023","Left ventricular dyssynchrony",2000000023,"Echocardiography","snomed:40701008",4230911,,,,"Measurement","month 0/ baseline",40766819,"Baseline time","loinc:64103-5"
"StörungLVGeometrie_12","Left ventricular contraction dyssynchrony at visit12","INT",,"1=yes | 0=no",,,,,,,"loinc:LA33-6|loinc:LA32-8","Yes|No","45877994|45878245","icare:icv2000000023","Left ventricular dyssynchrony",2000000023,"Echocardiography","snomed:40701008",4230911,,,,"Measurement","month 12",4081746,"follow-up 1 year","snomed:183627004"
"StörungLVGeometrie_18","Left ventricular contraction dyssynchrony at visit18","INT",,"1=yes | 0=no",,,,,,,"loinc:LA33-6|loinc:LA32-8","Yes|No","45877994|45878245","icare:icv2000000023","Left ventricular dyssynchrony",2000000023,"Echocardiography","snomed:40701008",4230911,,,,"Measurement","month 18",44789050,"follow-up 18 months","snomed:199591000000102"
"StörungRVGeometrie","Dysfunction right ventricular geometry at baseline","INT",,"1=yes | 0=no",,532,90,0,1,,"loinc:LA33-6|loinc:LA32-8","Yes|No","45877994|45878245","snomed:196437005","Ventricular asynergy",4055761,"Finding of right ventricle|Echocardiography","snomed:301097002|snomed:40701008","4116633|4230911",,,,"Measurement","month 0/ baseline",40766819,"Baseline time","loinc:64103-5"
"StörungRVGeometrie_12","Dysfunction right ventricular geometryat visit12","INT",,"1=yes | 0=no",,,,,,,"loinc:LA33-6|loinc:LA32-8","Yes|No","45877994|45878245","snomed:196437005","Ventricular asynergy",4055761,"Finding of right ventricle|Echocardiography","snomed:301097002|snomed:40701008","4116633|4230911",,,,"Measurement","month 12",4081746,"follow-up 1 year","snomed:183627004"
"StörungRVGeometrie_18","Dysfunction right ventricular geometryat visit18","INT",,"1=yes | 0=no",,,,,,,"loinc:LA33-6|loinc:LA32-8","Yes|No","45877994|45878245","snomed:196437005","Ventricular asynergy",4055761,"Finding of right ventricle|Echocardiography","snomed:301097002|snomed:40701008","4116633|4230911",,,,"Measurement","month 18",44789050,"follow-up 18 months","snomed:199591000000102"
"Stroke","history of stroke type","INT",,"0=no | 1=TIA| 2=minor stroke | 3=major stroke",,622,0,0,3,,"LOINC:LA32-8|snomed:255604002|snomed:1255665007|snomed:24484000","No|Mild|Moderate|Severe","45878245|4116992|37165778|4087703","loinc:LA12362-2","Stroke (CVA) or TIA",45881969,"Medical history [PhenX]","loinc:66480-5",40769143,,,,"Condition_occurrence","month 0/ baseline",40766819,"Baseline time","loinc:64103-5"
"stroke01","history of severe stroke event Y/N (0-1 vs 2-3)","INT",,"1=yes | 0=no",,622,0,0,1,,"loinc:LA33-6|loinc:LA32-8","Yes|No","45877994|45878245","loinc:LA12362-2","Stroke (CVA) or TIA",45881969,"Severe","snomed:24484000",4087703,,,,"Condition_occurrence","month 0/ baseline",40766819,"Baseline time","loinc:64103-5"
"SumallAESeverity","Sum all AE (Adverse Event)-Severity","INT",,,,587,35,1,104,,,,,"loinc:LA7266-5 ","Adverse event ",45884383,"Severity score|Total","snomed:278305009|snomed:255619001","4175713|4112438",,,,"Condition_occurrence","month 0/ baseline",2000000025,"end of study visit","icare:icv2000000025"
"SumAnemiaAESeverity","Sum Anemia AE-Severity adverse events severity","INT",,,,96,526,1,11,,,,,"loinc:LA7266-5 ","Adverse event ",45884383,"Anemia|Severity score|Total","snomed:271737000|snomed:278305009|snomed:255619001","439777|4175713|4112438",,,,"Condition_occurrence","month 0/ baseline",2000000025,"end of study visit","icare:icv2000000025"
"SumBacterialInfectionAESeverity","Sum Bacterial Infection AE-Severity adverse events severities","INT",,,,248,374,1,17,,,,,"loinc:LA7266-5 ","Adverse event ",45884383,"Bacterial infectious disease|Severity score|Total","snomed:87628006|snomed:278305009|snomed:255619001","432545|4175713|4112438",,,,"Condition_occurrence","month 0/ baseline",2000000025,"end of study visit","icare:icv2000000025"
"SumBleedingAESeverity","Sum Bleeding AE-Severity adverse events severities","INT",,,,65,557,1,13,,,,,"loinc:LA7266-5 ","Adverse event ",45884383,"Bleeding|Severity score|Total","snomed:131148009|snomed:278305009|snomed:255619001","437312|4175713|4112438",,,,"Condition_occurrence","month 0/ baseline",2000000025,"end of study visit","icare:icv2000000025"
"SumBradycardiaAESeverity","Sum Bradycardia AE-Severity adverse event-severity","INT",,,,74,548,1,8,,,,,"loinc:LA7266-5 ","Adverse event ",45884383,"Bradycardia|Severity score|Total","snomed:48867003|snomed:278305009|snomed:255619001","4169095|4175713|4112438",,,,"Condition_occurrence","month 0/ baseline",2000000025,"end of study visit","icare:icv2000000025"
"SumCADAESeverity","Sum CAD AE-Severity coronary artery disease adverse events","INT",,,,111,511,1,18,,,,,"loinc:LA7266-5 ","Adverse event ",45884383,"Disorder of coronary artery|Severity score|Total","snomed:414024009|snomed:278305009|snomed:255619001","4187067|4175713|4112438",,,,"Condition_occurrence","month 0/ baseline",2000000025,"end of study visit","icare:icv2000000025"
"SumcerebrovascAESeverity","Sum cerebrovascular AE-Severity adverse events severities","INT",,,,25,597,2,7,,,,,"loinc:LA7266-5","Adverse event ",45884383,"Cerebrovascular disease|Severity score|Total","snomed:62914000|snomed:278305009|snomed:255619001","381591|4175713|4112438",,,,"Condition_occurrence","month 0/ baseline",2000000025,"end of study visit","icare:icv2000000025"
"SumConstipationAESeverity","Sum Constipation AE-Severity adverse events severities","INT",,,,85,537,1,4,,,,,"loinc:LA7266-5","Adverse event ",45884383,"Constipation|Severity score|Total","snomed:14760008|snomed:278305009|snomed:255619001","75860|4175713|4112438",,,,"Condition_occurrence","month 0/ baseline",2000000025,"end of study visit","icare:icv2000000025"
"SumCOPDAsthmaAESeverity","Sum COPD Asthma AE-Severity adverse events severities","INT",,,,36,586,1,11,,,,,"loinc:LA7266-5","Adverse event ",45884383,"Chronic obstructive lung disease|Asthma|Severity score|Total","snomed:13645005|snomed:195967001|snomed:278305009|snomed:255619001","255573|317009|4175713|4112438",,,,"Condition_occurrence","month 0/ baseline",2000000025,"end of study visit","icare:icv2000000025"
"SumCVAESeverity","Sum CV cardiovascular AE (Adverse Event)-Severity","INT",,,,527,95,1,45,,,,,"loinc:LA7266-5 ","Adverse event ",45884383,"Cardiovascular event|Severity score|Total","snomed:405617006|snomed:278305009|snomed:255619001","4236854|4175713|4112438",,,,"Condition_occurrence","month 0/ baseline",2000000025,"end of study visit","icare:icv2000000025"
"SumDementiaAESeverity","Sum Dementia AE-Severity adverse events severities","INT",,,,22,600,1,8,,,,,"loinc:LA7266-5","Adverse event ",45884383,"Dementia|Severity score|Total","snomed:52448006|snomed:278305009|snomed:255619001","4182210|4175713|4112438",,,,"Condition_occurrence","month 0/ baseline",2000000025,"end of study visit","icare:icv2000000025"
"SumDepressionAESeverity","Sum Depression AE-Severity adverse events severities","INT",,,,76,546,1,12,,,,,"loinc:LA7266-5","Adverse event ",45884383,"Depressive disorder|Severity score|Total","Snomed:35489007|snomed:278305009|snomed:255619001","440383|4175713|4112438",,,,"Condition_occurrence","month 0/ baseline",2000000025,"end of study visit","icare:icv2000000025"
"SumDiabetesAESeverity","Sum Diabetes AE-Severity adverse events severities","INT",,,,65,557,1,11,,,,,"loinc:LA7266-5","Adverse event ",45884383,"Diabetes mellitus|Severity score|Total","snomed:73211009|snomed:278305009|snomed:255619001","201820|4175713|4112438",,,,"Condition_occurrence","month 0/ baseline",2000000025,"end of study visit","icare:icv2000000025"
"SumGoutAESeverity","Sum Gout AE-Severity adverse events severities","INT",,,,64,558,1,11,,,,,"loinc:LA7266-5 ","Adverse event ",45884383,"Acute gout|Severity score|Total","snomed:770924008|snomed:278305009|snomed:255619001","36674930|4175713|4112438",,,,"Condition_occurrence","month 0/ baseline",2000000025,"end of study visit","icare:icv2000000025"
"SumHFAESeverity","Sum HF AE-Severity heart failure adverse event severity","INT",,,,405,217,1,28,,,,,"loinc:LA7266-5","Adverse event ",45884383,"Heart failure|Severity score|Total","snomed:84114007|snomed:278305009|snomed:255619001","316139|4175713|4112438",,,,"Condition_occurrence","month 0/ baseline",2000000025,"end of study visit","icare:icv2000000025"
"SumHyperkalemiaAESeverity","Sum Hyperkalemia AE-Severity adverse events severities","INT",,,,130,492,1,7,,,,,"loinc:LA7266-5","Adverse event ",45884383,"Hyperkalemia|Severity score|Total","snomed:14140009|snomed:278305009|snomed:255619001","434610|4175713|4112438",,,,"Condition_occurrence","month 0/ baseline",2000000025,"end of study visit","icare:icv2000000025"
"SumHypertensionAESeverity","Sum Hypertension AE-Severity adverse events severity","INT",,,,85,537,1,9,,,,,"loinc:LA7266-5 ","Adverse event ",45884383,"Hypertensive disorder|Severity score|Total","snomed:38341003|snomed:278305009|snomed:255619001","316866|4175713|4112438",,,,"Condition_occurrence","month 0/ baseline",2000000025,"end of study visit","icare:icv2000000025"
"SumHypokalemiaAESeverity","Sum Hypokalemia AE-Severity adverse events severities","INT",,,,79,543,1,5,,,,,"loinc:LA7266-5","Adverse event ",45884383,"Hypokalemia|Severity score|Total","snomed:43339004|snomed:278305009|snomed:255619001","437833|4175713|4112438",,,,"Condition_occurrence","month 0/ baseline",2000000025,"end of study visit","icare:icv2000000025"
"SumHypotensionAESeverity","Sum Hypotension AE-Severity adverse events severities","INT",,,,232,390,1,13,,,,,"loinc:LA7266-5","Adverse event ",45884383,"Hypotensive episode|Severity score|Total","snomed:67763001|snomed:278305009|snomed:255619001","4285144|4175713|4112438",,,,"Condition_occurrence","month 0/ baseline",2000000025,"end of study visit","icare:icv2000000025"
"SumnonCVAESeverity","Sum non-CV AE-Severity non-cardiovascular adverse event","INT",,,,546,76,1,69,,,,,"loinc:LA7266-5 ","Adverse event ",45884383,"non-cardiovascular disease|Severity score|Total","icare:icv2000000021|snomed:278305009|snomed:255619001","2000000021|4175713|4112438",,,,"Condition_occurrence","month 0/ baseline",2000000025,"end of study visit","icare:icv2000000025"
"SumPsychiatricAESeverity","Sum Psychiatric AE-Severity adverse events severities","INT",,,,113,509,1,12,,,,,"loinc:LA7266-5","Adverse event ",45884383,"Mental disorder|Severity score|Total","snomed:74732009|snomed:278305009|snomed:255619001","432586|4175713|4112438",,,,"Condition_occurrence","month 0/ baseline",2000000025,"end of study visit","icare:icv2000000025"
"SumRenalFailureAESeverity","Sum Renal Failure AE-Severity adverse events severeties","INT",,,,190,432,1,13,,,,,"loinc:LA7266-5 ","Adverse event ",45884383,"Acute renal failure|Severity score|Total","loinc:LA27519-0|snomed:278305009|snomed:255619001","36210235|4175713|4112438",,,,"Condition_occurrence","month 0/ baseline",2000000025,"end of study visit","icare:icv2000000025"
"SumRheumaAESeverity","Sum Rheuma AE-Severity adverse events severities","INT",,,,171,451,1,16,,,,,"loinc:LA7266-5","Adverse event ",45884383,"Rheumatism|Severity score|Total","snomed:396332003|snomed:278305009|snomed:255619001","138845|4175713|4112438",,,,"Condition_occurrence","month 0/ baseline",2000000025,"end of study visit","icare:icv2000000025"
"SumSVTAESeverity","Sum SVT AE-Severity supraventricular tachycardia adverse events severity","INT",,,,68,554,1,18,,,,,"loinc:LA7266-5","Adverse event ",45884383,"Supraventricular tachycardia|Severity score|Total","snomed:6456007|snomed:278305009|snomed:255619001","4275423|4175713|4112438",,,,"Condition_occurrence","month 0/ baseline",2000000025,"end of study visit","icare:icv2000000025"
"SumTraumaFallAESeverity","Sum Trauma Fall AE-Severity adverse events severities","INT",,,,105,517,1,19,,,,,"loinc:LA7266-5 ","Adverse event ",45884383,"Accidental fall|Severity score|Total","snomed:217082002|snomed:278305009|snomed:255619001","435991|4175713|4112438",,,,"Condition_occurrence","month 0/ baseline",2000000025,"end of study visit","icare:icv2000000025"
"SumUlcerDiseaseAESeverity","Sum Ulcer Disease AE-Severity adverse events severities","INT",,,,58,564,1,9,,,,,"loinc:LA7266-5","Adverse event ",45884383,"Peptic ulcer|Severity score|Total","snomed:13200003|snomed:278305009|snomed:255619001","4027663|4175713|4112438",,,,"Condition_occurrence","month 0/ baseline",2000000025,"end of study visit","icare:icv2000000025"
"SumVascularAESeverity","Sum Vascular AE-Severity adverse events severities","INT",,,,49,573,1,13,,,,,"loinc:LA7266-5","Adverse event ",45884383,"Vascular disorder|Severity score|Total","Snomed:27550009|snomed:278305009|snomed:255619001","443784|4175713|4112438",,,,"Condition_occurrence","month 0/ baseline",2000000025,"end of study visit","icare:icv2000000025"
"SumVTAESeverity","Sum VT AE-Severity ventricular tachycardia adverse events","INT",,,,51,571,1,12,,,,,"loinc:LA7266-5","Adverse event ",45884383,"Ventricular tachycardia|Severity score|Total","Snomed:25569003|snomed:278305009|snomed:255619001","4103295|4175713|4112438",,,,"Condition_occurrence","month 0/ baseline",2000000025,"end of study visit","icare:icv2000000025"
"Supraventriculaireextrasystole","Supraventricular extrasystoly at baseline","INT",,"1=yes | 0=no",,620,2,0,1,,"loinc:LA33-6|loinc:LA32-8","Yes|No","45877994|45878245","snomed:63593006","Supraventricular premature beats",441872,"Electrocardiogram finding","Snomed:301120008",4117134,,,,"Measurement","month 0/ baseline",40766819,"Baseline time","loinc:64103-5"
"Supraventriculaireextrasystole_12","Supraventricular extrasystoly at visit12","INT",,"1=yes | 0=no",,430,192,0,1,,"loinc:LA33-6|loinc:LA32-8","Yes|No","45877994|45878245","snomed:63593006","Supraventricular premature beats",441872,"Electrocardiogram finding","Snomed:301120008",4117134,,,,"Measurement","month 12",4081746,"follow-up 1 year","snomed:183627004"
"Supraventriculaireextrasystole_18","Supraventricular extrasystoly at visit18","INT",,"1=yes | 0=no",,395,227,0,1,,"loinc:LA33-6|loinc:LA32-8","Yes|No","45877994|45878245","snomed:63593006","Supraventricular premature beats",441872,"Electrocardiogram finding","Snomed:301120008",4117134,,,,"Measurement","month 18",44789050,"follow-up 18 months","snomed:199591000000102"
"SVTAEs","SVT Aes supraventricular tachycardia adverse events","INT",,,,622,0,0,4,,,,,"loinc:LA7266-5 ","Adverse event ",45884383,"Supraventricular tachycardia","snomed:6456007",4275423,,,,"Condition_occurrence","month 0/ baseline",2000000025,"end of study visit","icare:icv2000000025"
"Syncope","Syncope at baseline Y/N","INT",,"1=yes | 0=no",9,620,2,0,1,,"loinc:LA33-6|loinc:LA32-8","Yes|No","45877994|45878245","snomed:271594007","Syncope",135360,,,,,,,"Observation","month 0/ baseline",40766819,"Baseline time","loinc:64103-5"
"Syncope1","Syncope at visit1 Y/N","INT",,"1=yes | 0=no",9,559,63,0,1,,"loinc:LA33-6|loinc:LA32-8","Yes|No","45877994|45878245","snomed:271594007","Syncope",135360,,,,,,,"Observation","month 1",4081745,"follow-up 1 month","snomed:183623000"
"Syncope12","Syncope at Visit12 Y/N","INT",,"1=yes | 0=no",9,442,180,0,1,,"loinc:LA33-6|loinc:LA32-8","Yes|No","45877994|45878245","snomed:271594007","Syncope",135360,,,,,,,"Observation","month 12",4081746,"follow-up 1 year","snomed:183627004"
"Syncope18","Syncope at Visit18 Y/N","INT",,"1=yes | 0=no",9,406,216,0,1,,"loinc:LA33-6|loinc:LA32-8","Yes|No","45877994|45878245","snomed:271594007","Syncope",135360,,,,,,,"Observation","month 18",44789050,"follow-up 18 months","snomed:199591000000102"
"Syncope3","Syncope at visit3 Y/N","INT",,"1=yes | 0=no",9,519,103,0,1,,"loinc:LA33-6|loinc:LA32-8","Yes|No","45877994|45878245","snomed:271594007","Syncope",135360,,,,,,,"Observation","month 3",44789369,"follow-up 3 months","snomed:200521000000107"
"Syncope6","Syncope at visit6 Y/N","INT",,"1=yes | 0=no",9,487,135,0,1,,"loinc:LA33-6|loinc:LA32-8","Yes|No","45877994|45878245","snomed:271594007","Syncope",135360,,,,,,,"Observation","month 6",4103967,"follow-up 6 months","snomed:300042001"
"Synkope","History of syncope Y/N","INT",,"1=yes | 0=no",,622,0,0,1,,"loinc:LA33-6|loinc:LA32-8","Yes|No","45877994|45878245","snomed:271594007","Syncope",135360,"Medical history [PhenX]","loinc:66480-5",40769143,,,,"Condition_occurrence","month 0/ baseline",40766819,"Baseline time","loinc:64103-5"
"SystmurmurMR","Systolic murmur at baseline","INT",,"0= no|1= soft|2= moderate|3= severe",9,610,12,0,3,,"LOINC:LA32-8|snomed:255604002|snomed:1255665007|snomed:24484000","No|Mild|Moderate|Severe","45878245|4116992|37165778|4087703","snomed:31574009","Systolic murmur",4135718,,,,,,,"Observation","month 0/ baseline",40766819,"Baseline time","loinc:64103-5"
"TDIAlat","tissue Doppler imaging (TDI) A lateral at baseline","FLOAT",,,0,166,456,1,22,,,,,"icare:icv2000000009","A lateral,Doppler ultrasonography of heart tissue",2000000009,,,,,,,"Measurement","month 0/ baseline",40766819,"Baseline time","loinc:64103-5"
"TDIAlat_12","tissue Doppler imaging (TDI) A lateral at visit12","FLOAT",,,0,,,,,,,,,"icare:icv2000000009","A lateral,Doppler ultrasonography of heart tissue",2000000009,,,,,,,"Measurement","month 12",4081746,"follow-up 1 year","snomed:183627004"
"TDIAlat_18","tissue Doppler imaging (TDI) A lat at visit18","FLOAT",,,0,,,,,,,,,"icare:icv2000000009","A lateral,Doppler ultrasonography of heart tissue",2000000009,,,,,,,"Measurement","month 18",44789050,"follow-up 18 months","snomed:199591000000102"
"TDIARV","tissue Doppler imaging (TDI) A Rvight ventricalat baseline","FLOAT",,,0,115,507,2,24,,,,,"icare:icv2000000010","A right ventricular (RV), Doppler ultrasonography of heart tissue",2000000010,,,,,,,"Measurement","month 0/ baseline",40766819,"Baseline time","loinc:64103-5"
"TDIARV_12","tissue Doppler imaging (TDI) A Right Ventricalat visit12","FLOAT",,,0,,,,,,,,,"icare:icv2000000010","A right ventricular (RV), Doppler ultrasonography of heart tissue",2000000010,,,,,,,"Measurement","month 12",4081746,"follow-up 1 year","snomed:183627004"
"TDIARV_18","tissue Doppler imaging (TDI) A RV at visit18","FLOAT",,,0,,,,,,,,,"icare:icv2000000010","A right ventricular (RV), Doppler ultrasonography of heart tissue",2000000010,,,,,,,"Measurement","month 18",44789050,"follow-up 18 months","snomed:199591000000102"
"TDIAsept","tissue Doppler imaging (TDI) A septal at baseline","FLOAT",,,0,165,457,1,17.6000003814697,,,,,"icare:icv2000000011","A septal,Doppler ultrasonography of heart tissue",2000000011,,,,,,,"Measurement","month 0/ baseline",40766819,"Baseline time","loinc:64103-5"
"TDIAsept_12","tissue Doppler imaging (TDI) A septal at visit12","FLOAT",,,0,,,,,,,,,"icare:icv2000000011","A septal,Doppler ultrasonography of heart tissue",2000000011,,,,,,,"Measurement","month 12",4081746,"follow-up 1 year","snomed:183627004"
"TDIAsept_18","tissue Doppler imaging (TDI) A sept at visit18","FLOAT",,,0,,,,,,,,,"icare:icv2000000011","A septal,Doppler ultrasonography of heart tissue",2000000011,,,,,,,"Measurement","month 18",44789050,"follow-up 18 months","snomed:199591000000102"
"TDIElat","tissue Doppler imaging (TDI) E lateral at baseline","FLOAT",,,0,243,379,2,28.3999996185303,,,,,"icare:icv2000000019","E lateral,Doppler ultrasonography of heart tissue",2000000019,,,,,,,"Measurement","month 0/ baseline",40766819,"Baseline time","loinc:64103-5"
"TDIElat_12","tissue Doppler imaging (TDI) E lateral at visit12","FLOAT",,,0,,,,,,,,,"icare:icv2000000019","E lateral,Doppler ultrasonography of heart tissue",2000000019,,,,,,,"Measurement","month 12",4081746,"follow-up 1 year","snomed:183627004"
"TDIElat_18","tissue Doppler imaging (TDI) E lat at visit18","FLOAT",,,0,,,,,,,,,"icare:icv2000000019","E lateral,Doppler ultrasonography of heart tissue",2000000019,,,,,,,"Measurement","month 18",44789050,"follow-up 18 months","snomed:199591000000102"
"TDIERV","tissue Doppler imaging (TDI) E Right ventrical at baseline","FLOAT",,,0,173,449,2,27,,,,,"icare:icv2000000012","E right ventricular (RV),Doppler ultrasonography of heart tissue",2000000012,,,,,,,"Measurement","month 0/ baseline",40766819,"Baseline time","loinc:64103-5"
"TDIERV_12","tissue Doppler imaging (TDI) E Right ventrical at visit12","FLOAT",,,0,,,,,,,,,"icare:icv2000000012","E right ventricular (RV),Doppler ultrasonography of heart tissue",2000000012,,,,,,,"Measurement","month 12",4081746,"follow-up 1 year","snomed:183627004"
"TDIERV_18","tissue Doppler imaging (TDI) E RV at visit18","FLOAT",,,0,,,,,,,,,"icare:icv2000000012","E right ventricular (RV),Doppler ultrasonography of heart tissue",2000000012,,,,,,,"Measurement","month 18",44789050,"follow-up 18 months","snomed:199591000000102"
"TDIEsept","tissue Doppler imaging (TDI) E septal at baseline","FLOAT",,,0,248,374,1,16,,,,,"icare:icv2000000013","E septal,Doppler ultrasonography of heart tissue",2000000013,,,,,,,"Measurement","month 0/ baseline",40766819,"Baseline time","loinc:64103-5"
"TDIEsept_12","tissue Doppler imaging (TDI) E septal at visit12","FLOAT",,,0,,,,,,,,,"icare:icv2000000013","E septal,Doppler ultrasonography of heart tissue",2000000013,,,,,,,"Measurement","month 12",4081746,"follow-up 1 year","snomed:183627004"
"TDIEsept_18","tissue Doppler imaging (TDI) E sept at visit18","FLOAT",,,0,,,,,,,,,"icare:icv2000000013","E septal,Doppler ultrasonography of heart tissue",2000000013,,,,,,,"Measurement","month 18",44789050,"follow-up 18 months","snomed:199591000000102"
"TDISystlat","tissue Doppler imaging (TDI) lateral at baseline","FLOAT",,,0,246,376,2,25,,,,,"icare:icv200000064","Peak Doppler systolic|Lateral| ultrasonography of heart tissue",2000000064,,,,,,,"Measurement","month 0/ baseline",40766819,"Baseline time","loinc:64103-5"
"TDISystlat_12","tissue Doppler imaging (TDI) lateral at visit12","FLOAT",,,0,,,,,,,,,"icare:icv200000064","Peak Doppler systolic|Lateral| ultrasonography of heart tissue",2000000064,,,,,,,"Measurement","month 12",4081746,"follow-up 1 year","snomed:183627004"
"TDISystlat_18","tissue Doppler imaging (TDI) lat at visit18","FLOAT",,,0,,,,,,,,,"icare:icv200000064","Peak Doppler systolic|Lateral| ultrasonography of heart tissue",2000000064,,,,,,,"Measurement","month 18",44789050,"follow-up 18 months","snomed:199591000000102"
"TDISystRV","tissue Doppler imaging (TDI) Systolic Right Ventricalat baseline","FLOAT",,,0,173,449,3,25,,,,,"snomed:255236000","Peak systolic",4113137,"Right ventricular recording|Doppler ultrasonography of heart tissue","snomed:71869000|snomed:439858009","4215796|4208906",,,,"Measurement","month 0/ baseline",40766819,"Baseline time","loinc:64103-5"
"TDISystRV_12","tissue Doppler imaging (TDI) Systolic Right Ventricalat visit12","FLOAT",,,0,,,,,,,,,"snomed:255236000","Peak systolic",4113137,"Right ventricular recording|Doppler ultrasonography of heart tissue","snomed:71869000|snomed:439858009","4215796|4208906",,,,"Measurement","month 12",4081746,"follow-up 1 year","snomed:183627004"
"TDISystRV_18","tissue Doppler imaging (TDI) Syst RV at visit18","FLOAT",,,0,,,,,,,,,"snomed:255236000","Peak systolic",4113137,"Right ventricular recording|Doppler ultrasonography of heart tissue","snomed:71869000|snomed:439858009","4215796|4208906",,,,"Measurement","month 18",44789050,"follow-up 18 months","snomed:199591000000102"
"TDISystsept","tissue Doppler imaging (TDI)Syst septal at baseline","FLOAT",,,0,249,373,1,22,,,,,"icare:icv2000000014","systolic septal, Doppler ultrasonography of heart tissue",2000000014,,,,,,,"Measurement","month 0/ baseline",40766819,"Baseline time","loinc:64103-5"
"TDISystsept_12","tissue Doppler imaging (TDI)Systolic septal at visit12","FLOAT",,,0,,,,,,,,,"icare:icv2000000014","systolic septal, Doppler ultrasonography of heart tissue",2000000014,,,,,,,"Measurement","month 12",4081746,"follow-up 1 year","snomed:183627004"
"TDISystsept_18","tissue Doppler imaging (TDI)Syst sept at visit18","FLOAT",,,0,,,,,,,,,"icare:icv2000000014","systolic septal, Doppler ultrasonography of heart tissue",2000000014,,,,,,,"Measurement","month 18",44789050,"follow-up 18 months","snomed:199591000000102"
"TI","tricuspid valve insufficiencyat baseline","INT",,"0 = no | 1 = trivial| 2=mild | 3=moderate | 4=severe",9,428,194,0,4,,"LOINC:LA32-8|snomed:162466003|snomed:255604002|snomed:1255665007|snomed:24484000","No|Symptom trivial|Mild|Moderate|Severe","45878245|4037114|4116992|37165778|4087703","snomed:111287006","Tricuspid valve regurgitation",4006971,"Echocardiography","snomed:40701008",4230911,,,,"Measurement","month 0/ baseline",40766819,"Baseline time","loinc:64103-5"
"TI_12","tricuspid valve insufficiencyat visit12","INT",,"0 = no | 1 = trivial| 2=mild | 3=moderate | 4=severe",9,,,,,,"LOINC:LA32-8|snomed:162466003|snomed:255604002|snomed:1255665007|snomed:24484000","No|Symptom trivial|Mild|Moderate|Severe","45878245|4037114|4116992|37165778|4087703","snomed:111287006","Tricuspid valve regurgitation",4006971,"Echocardiography","snomed:40701008",4230911,,,,"Measurement","month 12",4081746,"follow-up 1 year","snomed:183627004"
"TI_18","tricuspid valve insufficiency at visit18","INT",,"0 = no | 1 = trivial| 2=mild | 3=moderate | 4=severe",9,,,,,,"LOINC:LA32-8|snomed:162466003|snomed:255604002|snomed:1255665007|snomed:24484000","No|Symptom trivial|Mild|Moderate|Severe","45878245|4037114|4116992|37165778|4087703","snomed:111287006","Tricuspid valve regurgitation",4006971,"Echocardiography","snomed:40701008",4230911,,,,"Measurement","month 18",44789050,"follow-up 18 months","snomed:199591000000102"
"TIAnulusdilatation","tricuspid valve anulus dilatation y/nat baseline","INT",,"1=yes | 0=no",,532,90,0,1,,"loinc:LA33-6|loinc:LA32-8","Yes|No","45877994|45878245","snomed:253377001","Dilatation of tricuspid annulus",4102857,"Echocardiography","snomed:40701008",4230911,,,,"Measurement","month 0/ baseline",40766819,"Baseline time","loinc:64103-5"
"TIAnulusdilatation_12","tricuspid valve anulus dilatation y/n at visit12","INT",,"1=yes | 0=no",,,,,,,"loinc:LA33-6|loinc:LA32-8","Yes|No","45877994|45878245","snomed:253377001","Dilatation of tricuspid annulus",4102857,"Echocardiography","snomed:40701008",4230911,,,,"Measurement","month 12",4081746,"follow-up 1 year","snomed:183627004"
"TIAnulusdilatation_18","tricuspid valve anulus dilatation y/n at visit18","INT",,"1=yes | 0=no",,,,,,,"loinc:LA33-6|loinc:LA32-8","Yes|No","45877994|45878245","snomed:253377001","Dilatation of tricuspid annulus",4102857,"Echocardiography","snomed:40701008",4230911,,,,"Measurement","month 18",44789050,"follow-up 18 months","snomed:199591000000102"
"TIKoaptationsstörung","Tricuspid leaflet noncoaptation at baseline","INT",,"1=yes | 0=no",,532,90,0,1,,"loinc:LA33-6|loinc:LA32-8","Yes|No","45877994|45878245","snomed:446630000","Tricuspid leaflet noncoapting",40488797,"Echocardiography","snomed:40701008",4230911,,,,"Measurement","month 0/ baseline",40766819,"Baseline time","loinc:64103-5"
"TIKoaptationsstörung_12","Tricuspid leaflet noncoaptationat visit12","INT",,"1=yes | 0=no",,,,,,,"loinc:LA33-6|loinc:LA32-8","Yes|No","45877994|45878245","snomed:446630000","Tricuspid leaflet noncoapting",40488797,"Echocardiography","snomed:40701008",4230911,,,,"Measurement","month 12",4081746,"follow-up 1 year","snomed:183627004"
"TIKoaptationsstörung_18","Tricuspid leaflet noncoaptation at visit18","INT",,"1=yes | 0=no",,,,,,,"loinc:LA33-6|loinc:LA32-8","Yes|No","45877994|45878245","snomed:446630000","Tricuspid leaflet noncoapting",40488797,"Echocardiography","snomed:40701008",4230911,,,,"Measurement","month 18",44789050,"follow-up 18 months","snomed:199591000000102"
"TISehnenfadenruptur","TI Sehnenfadenruptur at baseline","INT",,"1=yes | 0=no",,532,90,0,0,,"loinc:LA33-6|loinc:LA32-8","Yes|No","45877994|45878245","snomed:297197008","Ruptured tricuspid chordae",4175580,"Echocardiography","snomed:40701008",4230911,,,,"Measurement","month 0/ baseline",40766819,"Baseline time","loinc:64103-5"
"TISehnenfadenruptur_12","TI Sehnenfadenruptur at visit12","INT",,"1=yes | 0=no",,,,,,,"loinc:LA33-6|loinc:LA32-8","Yes|No","45877994|45878245","snomed:297197008","Ruptured tricuspid chordae",4175580,"Echocardiography","snomed:40701008",4230911,,,,"Measurement","month 12",4081746,"follow-up 1 year","snomed:183627004"
"TISehnenfadenruptur_18","TI Sehnenfadenruptur at visit18","INT",,"1=yes | 0=no",,,,,,,"loinc:LA33-6|loinc:LA32-8","Yes|No","45877994|45878245","snomed:297197008","Ruptured tricuspid chordae",4175580,"Echocardiography","snomed:40701008",4230911,,,,"Measurement","month 18",44789050,"follow-up 18 months","snomed:199591000000102"
"TraumaFallAEs","Trauma Fall Aes adverse events","INT",,,,622,0,0,4,,,,,"loinc:LA7266-5 ","Adverse event ",45884383,"Accidental fall","snomed:217082002",435991,,,,"Condition_occurrence","month 0/ baseline",40766819,"Baseline time","loinc:64103-5"
"Trifasciculairblok","trifascicular block at baseline","INT",,"1=yes | 0=no",,620,2,0,1,,"loinc:LA33-6|loinc:LA32-8","Yes|No","45877994|45878245","snomed:445309007","Trifascicular block on electrocardiogram",40482938,"Electrocardiogram finding","Snomed:301120008",4117134,,,,"Measurement","month 0/ baseline",40766819,"Baseline time","loinc:64103-5"
"Trifasciculairblok_12","trifascicular block at visit12","INT",,"1=yes | 0=no",,430,192,0,1,,"loinc:LA33-6|loinc:LA32-8","Yes|No","45877994|45878245","snomed:445309007","Trifascicular block on electrocardiogram",40482938,"Electrocardiogram finding","Snomed:301120008",4117134,,,,"Measurement","month 12",4081746,"follow-up 1 year","snomed:183627004"
"Trifasciculairblok_18","trifascicular block at visit18","INT",,"1=yes | 0=no",,395,227,0,1,,"loinc:LA33-6|loinc:LA32-8","Yes|No","45877994|45878245","snomed:445309007","Trifascicular block on electrocardiogram",40482938,"Electrocardiogram finding","Snomed:301120008",4117134,,,,"Measurement","month 18",44789050,"follow-up 18 months","snomed:199591000000102"
"TxAdj_BL","Any therapy adjustment at Baseline","INT",,"1=yes | 0=no",,622,0,0,1,,"loinc:LA33-6|loinc:LA32-8","Yes|No","45877994|45878245","snomed:432701000124107 ","Medication therapy changed",762843,,,,,,,"Observation","month 0/ baseline",40766819,"Baseline time","loinc:64103-5"
"TxAdj1","Any therapy adjustment at Visit1","INT",,"1=yes | 0=no",,563,59,0,1,,"loinc:LA33-6|loinc:LA32-8","Yes|No","45877994|45878245","snomed:432701000124107","Medication therapy changed",762843,"Adjustment","snomed:410617001",4253750,,,,"Observation","month 1",4081745,"follow-up 1 month","snomed:183623000"
"TxAdj12","Any therapy adjustment at Visit12","INT",,"1=yes | 0=no",,444,178,0,1,,"loinc:LA33-6|loinc:LA32-8","Yes|No","45877994|45878245","snomed:432701000124107","Medication therapy changed",762843,"Adjustment","snomed:410617001",4253750,,,,"Observation","month 12",4081746,"follow-up 1 year","snomed:183627004"
"TxAdj3","Any therapy adjustment at Visit3","INT",,"1=yes | 0=no",,521,101,0,1,,"loinc:LA33-6|loinc:LA32-8","Yes|No","45877994|45878245","snomed:432701000124107","Medication therapy changed",762843,"Adjustment","snomed:410617001",4253750,,,,"Observation","month 3",44789369,"follow-up 3 months","snomed:200521000000107"
"TxAdj6","Any therapy adjustment at Visit6","INT",,"1=yes | 0=no",,489,133,0,1,,"loinc:LA33-6|loinc:LA32-8","Yes|No","45877994|45878245","snomed:432701000124107","Medication therapy changed",762843,"Adjustment","snomed:410617001",4253750,,,,"Observation","month 6",4103967,"follow-up 6 months","snomed:300042001"
"TypMitral","Type Mitral valve replacement at baseline","STR",,,,,,,,,,,,"snomed:53059001","Replacement of mitral valve",4203153,"Echocardiography","snomed:40701008",4230911,,,,"Measurement","month 0/ baseline",40766819,"Baseline time","loinc:64103-5"
"TypMitral_12","Type Mitral valve replacement at visit12","STR",,,,,,,,,,,,"snomed:53059001","Replacement of mitral valve",4203153,"Echocardiography","snomed:40701008",4230911,,,,"Measurement","month 12",4081746,"follow-up 1 year","snomed:183627004"
"TypMitral_18","Type Mitral valve replacement at visit18","STR",,,,,,,,,,,,"snomed:53059001","Replacement of mitral valve",4203153,"Echocardiography","snomed:40701008",4230911,,,,"Measurement","month 18",44789050,"follow-up 18 months","snomed:199591000000102"
"Ulcer","history of peptic ulcer Y/N","INT",,"1=yes | 0=no",,622,0,0,1,,"loinc:LA33-6|loinc:LA32-8","Yes|No","45877994|45878245","snomed:429040005","Ulcer",4177703,"Medical history [PhenX]","loinc:66480-5",40769143,,,,"Condition_occurrence","month 0/ baseline",40766819,"Baseline time","loinc:64103-5"
"UlcerDiseaseAEs","Ulcer Disease Aes adverse events","INT",,,,622,0,0,2,,,,,"loinc:LA7266-5 ","Adverse event ",45884383,"Peptic ulcer","snomed:13200003",4027663,,,,"Condition_occurrence","month 0/ baseline",40766819,"Baseline time","loinc:64103-5"
"V126mWT","Visit12 6mWT (6 minute walking test) performed Y/N","INT",,"1=yes|0=no",,404,218,0,1,,"loinc:LA33-6|loinc:LA32-8","Yes|No","45877994|45878245","snomed:252478000","6-minute walk test",4099101,,,,,,,"Observation","month 12",4081746,"follow-up 1 year","snomed:183627004"
"V126mWTnoncard","Visit12 6mWT (6 minute walking test) stopped because noncardial reason","INT",,"1=yes|0=no",,404,218,0,1,,"loinc:LA33-6|loinc:LA32-8","Yes|No","45877994|45878245","snomed:252478000","6-minute walk test",4099101,"Stopped or paused before 6 minutes","Loinc:64104-3",40766820,,,,"Observation","month 12",4081746,"follow-up 1 year","snomed:183627004"
"V126mWTreasonable","Visit12 6mWT (6 minute walking test) reasonable effort","INT",,"1=yes|0=no",,404,218,0,1,,"loinc:LA33-6|loinc:LA32-8","Yes|No","45877994|45878245","snomed:252478000","6-minute walk test",4099101,"Performance indicator","snomed:724961000000102",44804241,,,,"Observation","month 12",4081746,"follow-up 1 year","snomed:183627004"
"V12ACE","Visit12 which ACE-inhibitor","INT",,"0=none | 1=Quinapril |2=Spirapril | 3=Benazapril | 4=Perindopril | 5=Fosinopril | 6=Trandolapril |7=Cilazapril | 8=Captopril | 9=Enalapril | 10=Ramipril |11=Lisinopril | 12=other",,446,176,0,11,,"loinc:LA32-8|rxnorm:35208|rxnorm:36908|rxnorm:18867|rxnorm:54552|rxnorm:50166|rxnorm:38454|rxnorm:21102|rxnorm:1998|rxnorm:3827|rxnorm:35296|rxnorm:29046|snomed:74964007","No|quinapril|Spirapril|Benazapril|Perindopril|Fosinopril|Trandolapril|Cilazapril|Captopril|Enalapril|Ramipril|Lisinopril|other","45878245|1331235|19040051|1335471|1373225|1363749|1342439|19050216|1340128|1341927|1334456|1308216|9177","atc:C09AA","""ACE inhibitors, plain""",21601784,"Type","snomed:410656007",4259643,,,,"Drug_Exposure","month 12",4081746,"follow-up 1 year","snomed:183627004"
"V12ATII","Visit12 BL which ATII-antagonist","INT",,"0=none |1=Candesartan | 2=Eprosartan | 3=Irbesartan | 4=Losartan | 5=Telmisartan| 6=Valsartan | 7=other",,448,174,0,7,,"loinc:LA32-8|rxnorm:214354|rxnorm:83515|rxnorm:83818|rxnorm:52175|rxnorm:73494|rxnorm:69749|snomed:74964007","No|candesartan|eprosartan|Irbesartan|Losartan|Telmisartan|Valsartan|other","45878245|1351557|1346686|1347384|1367500|1317640|1308842|9177","atc:C09CA","""Angiotensin II receptor blockers (ARBs), plain""",21601823,"Type","snomed:410656007",4259643,,,,"Drug_Exposure","month 12",4081746,"follow-up 1 year","snomed:183627004"
"V12BB","Visit12 which Beta blocker","INT",,"0=none | 1=Bisoprolol | 2=Carvedilol |3=Metoprolol | 4=Atenolol |5=Nebivolol |6=Bucindolol | 9=other",,446,176,0,5,,"loinc:LA32-8|rxnorm:19484|rxnorm:20352|rxnorm:6918|rxnorm:1202|rxnorm:31555|rxnorm:19605|snomed:74964007","No|Bisoprolol|Carvedilol|Metoprolol|Atenolol|Nebivolol|Bucindolol|other","45878245|1338005|1346823|1307046|1314002|1314577|19018640|9177","atc:C07A","BETA BLOCKING AGENTS",21601665,"Type","snomed:410656007",4259643,,,,"Drug_Exposure","month 12",4081746,"follow-up 1 year","snomed:183627004"
"V12Digoxin","Visit12 Digoxin","INT",,"1=yes | 0=no",,446,176,0,1,,"loinc:LA33-6|loinc:LA32-8","Yes|No","45877994|45878245","RxNorm:3407","digoxin",1326303,,,,,,,"Drug_Exposure","month 12",4081746,"follow-up 1 year","snomed:183627004"
"V12Furo","Visit12 Furosemide","INT",,"1=yes | 0=no",,446,176,0,1,,"loinc:LA33-6|loinc:LA32-8","Yes|No","45877994|45878245","RxNorm:4603","furosemide",956874,,,,,,,"Drug_Exposure","month 12",4081746,"follow-up 1 year","snomed:183627004"
"V12Nitrat","Visit12 which Nitrate","INT",,"0=none | 1=Nitroglycerin | 2=IS-di-nitrate | 3=IS-mono-nitrate | 4=PE-tetra-nitrate | 5=other",,445,177,0,4,,"loinc:LA32-8|rxnorm:4917|rxnorm:6058|rxnorm:6057|rxnorm:33055|snomed:74964007","No|nitroglycerin|isosorbide dinitrate|isosorbide|pentaerythritol|other","45878245|1361711|1383925|1383815|19022446|9177","atc:C01DA","Organic nitrates",21600316,"Type","snomed:410656007",4259643,,,,"Drug_Exposure","month 12",4081746,"follow-up 1 year","snomed:183627004"
"V12Spiro","Visit12 which MRA (Mineralocorticoid receptor antagonist)","INT",,"0=none | 1=Spironolactone | 2=Eplerenone",,446,176,0,2,,"loinc:LA32-8|rxnorm:9997|rxnorm:298869","No|spironolactone|eplerenone","45878245|970250|1309799","atc:C03DA","Aldosterone antagonists",21601533,,,,,,,"Drug_Exposure","month 12",4081746,"follow-up 1 year","snomed:183627004"
"V12Tora","Visit12 Torasemide","INT",,"1=yes | 0=no",,446,176,0,1,,"loinc:LA33-6|loinc:LA32-8","Yes|No","45877994|45878245","RxNorm:38413","torsemide",942350,,,,,,,"Drug_Exposure","month 12",4081746,"follow-up 1 year","snomed:183627004"
"V186mWT","Visit18 6mWT (6 minute walking test) performed Y/N","INT",,"1=yes|0=no",,404,218,0,1,,"loinc:LA33-6|loinc:LA32-8","Yes|No","45877994|45878245","snomed:252478000","6-minute walk test",4099101,,,,,,,"Observation","month 18",44789050,"follow-up 18 months","snomed:199591000000102"
"V186mWTnoncard","Visit18 6mWT (6 minute walking test) stopped because noncardial reason","INT",,"1=yes|0=no",,404,218,0,1,,"loinc:LA33-6|loinc:LA32-8","Yes|No","45877994|45878245","snomed:252478000","6-minute walk test",4099101,"Stopped or paused before 6 minutes","Loinc:64104-3",40766820,,,,"Observation","month 18",44789050,"follow-up 18 months","snomed:199591000000102"
"V186mWTreasonable","Visit18 6mWT (6 minute walking test) reasonable effort","INT",,"1=yes|0=no",,404,218,0,1,,"loinc:LA33-6|loinc:LA32-8","Yes|No","45877994|45878245","snomed:252478000","6-minute walk test",4099101,"Performance indicator","snomed:724961000000102",44804241,,,,"Observation","month 18",44789050,"follow-up 18 months","snomed:199591000000102"
"V18ACE","Visit18 which ACE-inhibitor","INT",,"0=none | 1=Quinapril |2=Spirapril | 3=Benazapril | 4=Perindopril | 5=Fosinopril | 6=Trandolapril |7=Cilazapril | 8=Captopril | 9=Enalapril | 10=Ramipril |11=Lisinopril | 12=other",,406,216,0,11,,"loinc:LA32-8|rxnorm:35208|rxnorm:36908|rxnorm:18867|rxnorm:54552|rxnorm:50166|rxnorm:38454|rxnorm:21102|rxnorm:1998|rxnorm:3827|rxnorm:35296|rxnorm:29046|snomed:74964007","No|quinapril|Spirapril|Benazapril|Perindopril|Fosinopril|Trandolapril|Cilazapril|Captopril|Enalapril|Ramipril|Lisinopril|other","45878245|1331235|19040051|1335471|1373225|1363749|1342439|19050216|1340128|1341927|1334456|1308216|9177","atc:C09AA","""ACE inhibitors, plain""",21601784,"Type","snomed:410656007",4259643,,,,"Drug_Exposure","month 18",44789050,"follow-up 18 months","snomed:199591000000102"
"V18ATII","Visit18 BL which ATII-antagonist","INT",,"0=none |1=Candesartan | 2=Eprosartan | 3=Irbesartan | 4=Losartan | 5=Telmisartan| 6=Valsartan | 7=other",,406,216,0,7,,"loinc:LA32-8|rxnorm:214354|rxnorm:83515|rxnorm:83818|rxnorm:52175|rxnorm:73494|rxnorm:69749|snomed:74964007","No|candesartan|eprosartan|Irbesartan|Losartan|Telmisartan|Valsartan|other","45878245|1351557|1346686|1347384|1367500|1317640|1308842|9177","atc:C09CA","""Angiotensin II receptor blockers (ARBs), plain""",21601823,"Type","snomed:410656007",4259643,,,,"Drug_Exposure","month 18",44789050,"follow-up 18 months","snomed:199591000000102"
"V18BB","Visit18 which Betablocker","INT",,"0=none | 1=Bisoprolol | 2=Carvedilol |3=Metoprolol | 4=Atenolol |5=Nebivolol |6=Bucindolol | 9=other",,406,216,0,9,,"loinc:LA32-8|rxnorm:19484|rxnorm:20352|rxnorm:6918|rxnorm:1202|rxnorm:31555|rxnorm:19605|snomed:74964007","No|Bisoprolol|Carvedilol|Metoprolol|Atenolol|Nebivolol|Bucindolol|other","45878245|1338005|1346823|1307046|1314002|1314577|19018640|9177","atc:C07A","BETA BLOCKING AGENTS",21601665,"Type","snomed:410656007",4259643,,,,"Drug_Exposure","month 18",44789050,"follow-up 18 months","snomed:199591000000102"
"V18Digoxin","Visit18 Digoxin","INT",,"1=yes | 0=no",,406,216,0,1,,"loinc:LA33-6|loinc:LA32-8","Yes|No","45877994|45878245","RxNorm:3407","digoxin",1326303,,,,,,,"Drug_Exposure","month 18",44789050,"follow-up 18 months","snomed:199591000000102"
"V18Furo","Visit18 Furosemide","INT",,"1=yes | 0=no",,406,216,0,1,,"loinc:LA33-6|loinc:LA32-8","Yes|No","45877994|45878245","RxNorm:4603","furosemide",956874,,,,,,,"Drug_Exposure","month 18",44789050,"follow-up 18 months","snomed:199591000000102"
"V18Nitrat","Visit18 which Nitrate","INT",,"0=none | 1=Nitroglycerin | 2=IS-di-nitrate | 3=IS-mono-nitrate | 4=PE-tetra-nitrate | 5=other",,405,217,0,4,,"loinc:LA32-8|rxnorm:4917|rxnorm:6058|rxnorm:6057|rxnorm:33055|snomed:74964007","No|nitroglycerin|isosorbide dinitrate|isosorbide|pentaerythritol|other","45878245|1361711|1383925|1383815|19022446|9177","atc:C01DA","Organic nitrates",21600316,"Type","snomed:410656007",4259643,,,,"Drug_Exposure","month 18",44789050,"follow-up 18 months","snomed:199591000000102"
"V18Spiro","Visit18 which MRA (Mineralocorticoid receptor antagonist)","INT",,"0=none | 1=Spironolactone | 2=Eplerenone",,406,216,0,2,,"loinc:LA32-8|rxnorm:9997|rxnorm:298869","No|spironolactone|eplerenone","45878245|970250|1309799","atc:C03DA","Aldosterone antagonists",21601533,,,,,,,"Drug_Exposure","month 18",44789050,"follow-up 18 months","snomed:199591000000102"
"V18Tora","Visit18 Torasemide","INT",,"1=yes | 0=no",,406,216,0,1,,"loinc:LA33-6|loinc:LA32-8","Yes|No","45877994|45878245","RxNorm:38413","torsemide",942350,,,,,,,"Drug_Exposure","month 18",44789050,"follow-up 18 months","snomed:199591000000102"
"V1ACE","Visit1 which ACE-inhibitor","INT",,"0=none | 1=Quinapril |2=Spirapril | 3=Benazapril | 4=Perindopril | 5=Fosinopril | 6=Trandolapril |7=Cilazapril | 8=Captopril | 9=Enalapril | 10=Ramipril |11=Lisinopril | 12=other",,567,55,0,11,,"loinc:LA32-8|rxnorm:35208|rxnorm:36908|rxnorm:18867|rxnorm:54552|rxnorm:50166|rxnorm:38454|rxnorm:21102|rxnorm:1998|rxnorm:3827|rxnorm:35296|rxnorm:29046|snomed:74964007","No|quinapril|Spirapril|Benazapril|Perindopril|Fosinopril|Trandolapril|Cilazapril|Captopril|Enalapril|Ramipril|Lisinopril|other","45878245|1331235|19040051|1335471|1373225|1363749|1342439|19050216|1340128|1341927|1334456|1308216|9177","atc:C09AA","""ACE inhibitors, plain""",21601784,"Type","snomed:410656007",4259643,,,,"Drug_Exposure","month 1",4081745,"follow-up 1 month","snomed:183623000"
"V1ATII","Visit1 BL which ATII-antagonist","INT",,"0=none |1=Candesartan | 2=Eprosartan | 3=Irbesartan | 4=Losartan | 5=Telmisartan| 6=Valsartan | 7=other",,567,55,0,7,,"loinc:LA32-8|rxnorm:214354|rxnorm:83515|rxnorm:83818|rxnorm:52175|rxnorm:73494|rxnorm:69749|snomed:74964007","No|candesartan|eprosartan|Irbesartan|Losartan|Telmisartan|Valsartan|other","45878245|1351557|1346686|1347384|1367500|1317640|1308842|9177","atc:C09CA","""Angiotensin II receptor blockers (ARBs), plain""",21601823,"Type","snomed:410656007",4259643,,,,"Drug_Exposure","month 1",4081745,"follow-up 1 month","snomed:183623000"
"V1BB","Visit1 which Betablocker","INT",,"0=none | 1=Bisoprolol | 2=Carvedilol |3=Metoprolol | 4=Atenolol |5=Nebivolol |6=Bucindolol | 9=other",,567,55,0,9,,"loinc:LA32-8|rxnorm:19484|rxnorm:20352|rxnorm:6918|rxnorm:1202|rxnorm:31555|rxnorm:19605|snomed:74964007","No|Bisoprolol|Carvedilol|Metoprolol|Atenolol|Nebivolol|Bucindolol|other","45878245|1338005|1346823|1307046|1314002|1314577|19018640|9177","atc:C07A","BETA BLOCKING AGENTS",21601665,"Type","snomed:410656007",4259643,,,,"Drug_Exposure","month 1",4081745,"follow-up 1 month","snomed:183623000"
"V1Digoxin","Visit1 Digoxin","INT",,"1=yes | 0=no",,567,55,0,1,,"loinc:LA33-6|loinc:LA32-8","Yes|No","45877994|45878245","RxNorm:3407","digoxin",1326303,,,,,,,"Drug_Exposure","month 1",4081745,"follow-up 1 month","snomed:183623000"
"V1Furo","Visit1 Furosemide","INT",,"1=yes | 0=no",,567,55,0,1,,"loinc:LA33-6|loinc:LA32-8","Yes|No","45877994|45878245","RxNorm:4603","furosemide",956874,,,,,,,"Drug_Exposure","month 1",4081745,"follow-up 1 month","snomed:183623000"
"V1Nitrat","Visit1 which Nitrate","INT",,"0=none | 1=Nitroglycerin | 2=IS-di-nitrate | 3=IS-mono-nitrate | 4=PE-tetra-nitrate | 5=other",,566,56,0,4,,"loinc:LA32-8|rxnorm:4917|rxnorm:6058|rxnorm:6057|rxnorm:33055|snomed:74964007","No|nitroglycerin|isosorbide dinitrate|isosorbide|pentaerythritol|other","45878245|1361711|1383925|1383815|19022446|9177","atc:C01DA","Organic nitrates",21600316,"Type","snomed:410656007",4259643,,,,"Drug_Exposure","month 1",4081745,"follow-up 1 month","snomed:183623000"
"V1Spiro","Visit1 which MRA (Mineralocorticoid receptor antagonist)","INT",,"0=none | 1=Spironolactone | 2=Eplerenone",,567,55,0,2,,"loinc:LA32-8|rxnorm:9997|rxnorm:298869","No|spironolactone|eplerenone","45878245|970250|1309799","atc:C03DA","Aldosterone antagonists",21601533,,,,,,,"Drug_Exposure","month 1",4081745,"follow-up 1 month","snomed:183623000"
"V1Tora","Visit1 Torasemide","INT",,"1=yes | 0=no",,567,55,0,1,,"loinc:LA33-6|loinc:LA32-8","Yes|No","45877994|45878245","RxNorm:38413","torsemide",942350,,,,,,,"Drug_Exposure","month 1",4081745,"follow-up 1 month","snomed:183623000"
"V3ACE","Visit3 which ACE-inhibitor","INT",,"0=none | 1=Quinapril |2=Spirapril | 3=Benazapril | 4=Perindopril | 5=Fosinopril | 6=Trandolapril |7=Cilazapril | 8=Captopril | 9=Enalapril | 10=Ramipril |11=Lisinopril | 12=other",,523,99,0,11,,"loinc:LA32-8|rxnorm:35208|rxnorm:36908|rxnorm:18867|rxnorm:54552|rxnorm:50166|rxnorm:38454|rxnorm:21102|rxnorm:1998|rxnorm:3827|rxnorm:35296|rxnorm:29046|snomed:74964007","No|quinapril|Spirapril|Benazapril|Perindopril|Fosinopril|Trandolapril|Cilazapril|Captopril|Enalapril|Ramipril|Lisinopril|other","45878245|1331235|19040051|1335471|1373225|1363749|1342439|19050216|1340128|1341927|1334456|1308216|9177","atc:C09AA","""ACE inhibitors, plain""",21601784,"Type","snomed:410656007",4259643,,,,"Drug_Exposure","month 3",44789369,"follow-up 3 months","snomed:200521000000107"
"V3ATII","Visit3 BL which ATII-antagonist","INT",,"0=none |1=Candesartan | 2=Eprosartan | 3=Irbesartan | 4=Losartan | 5=Telmisartan| 6=Valsartan | 7=other",,523,99,0,7,,"loinc:LA32-8|rxnorm:214354|rxnorm:83515|rxnorm:83818|rxnorm:52175|rxnorm:73494|rxnorm:69749|snomed:74964007","No|candesartan|eprosartan|Irbesartan|Losartan|Telmisartan|Valsartan|other","45878245|1351557|1346686|1347384|1367500|1317640|1308842|9177","atc:C09CA","""Angiotensin II receptor blockers (ARBs), plain""",21601823,"Type","snomed:410656007",4259643,,,,"Drug_Exposure","month 3",44789369,"follow-up 3 months","snomed:200521000000107"
"V3BB","Visit3 which Betablocker","INT",,"0=none | 1=Bisoprolol | 2=Carvedilol |3=Metoprolol | 4=Atenolol |5=Nebivolol |6=Bucindolol | 9=other",,522,100,0,9,,"loinc:LA32-8|rxnorm:19484|rxnorm:20352|rxnorm:6918|rxnorm:1202|rxnorm:31555|rxnorm:19605|snomed:74964007","No|Bisoprolol|Carvedilol|Metoprolol|Atenolol|Nebivolol|Bucindolol|other","45878245|1338005|1346823|1307046|1314002|1314577|19018640|9177","atc:C07A","BETA BLOCKING AGENTS",21601665,"Type","snomed:410656007",4259643,,,,"Drug_Exposure","month 3",44789369,"follow-up 3 months","snomed:200521000000107"
"V3Digoxin","Visit3 Digoxin","INT",,"1=yes | 0=no",,522,100,0,1,,"loinc:LA33-6|loinc:LA32-8","Yes|No","45877994|45878245","RxNorm:3407","digoxin",1326303,,,,,,,"Drug_Exposure","month 3",44789369,"follow-up 3 months","snomed:200521000000107"
"V3Furo","Visit3 Furosemide","INT",,"1=yes | 0=no",,522,100,0,1,,"loinc:LA33-6|loinc:LA32-8","Yes|No","45877994|45878245","RxNorm:4603","furosemide",956874,,,,,,,"Drug_Exposure","month 3",44789369,"follow-up 3 months","snomed:200521000000107"
"V3Nitrat","Visit3 which Nitrate","INT",,"0=none | 1=Nitroglycerin | 2=IS-di-nitrate | 3=IS-mono-nitrate | 4=PE-tetra-nitrate | 5=other",,521,101,0,4,,"loinc:LA32-8|rxnorm:4917|rxnorm:6058|rxnorm:6057|rxnorm:33055|snomed:74964007","No|nitroglycerin|isosorbide dinitrate|isosorbide|pentaerythritol|other","45878245|1361711|1383925|1383815|19022446|9177","atc:C01DA","Organic nitrates",21600316,"Type","snomed:410656007",4259643,,,,"Drug_Exposure","month 3",44789369,"follow-up 3 months","snomed:200521000000107"
"V3Spiro","Visit3 which MRA (Mineralocorticoid receptor antagonist)","INT",,"0=none | 1=Spironolactone | 2=Eplerenone",,521,101,0,2,,"loinc:LA32-8|rxnorm:9997|rxnorm:298869","No|spironolactone|eplerenone","45878245|970250|1309799","atc:C03DA","Aldosterone antagonists",21601533,,,,,,,"Drug_Exposure","month 3",44789369,"follow-up 3 months","snomed:200521000000107"
"V3Tora","Visit3 Torasemide","INT",,"1=yes | 0=no",,522,100,0,1,,"loinc:LA33-6|loinc:LA32-8","Yes|No","45877994|45878245","RxNorm:38413","torsemide",942350,,,,,,,"Drug_Exposure","month 3",44789369,"follow-up 3 months","snomed:200521000000107"
"V6ACE","Visit6 which ACE-inhibitor","INT",,"0=none | 1=Quinapril |2=Spirapril | 3=Benazapril | 4=Perindopril | 5=Fosinopril | 6=Trandolapril |7=Cilazapril | 8=Captopril | 9=Enalapril | 10=Ramipril |11=Lisinopril | 12=other",,489,133,0,11,,"loinc:LA32-8|rxnorm:35208|rxnorm:36908|rxnorm:18867|rxnorm:54552|rxnorm:50166|rxnorm:38454|rxnorm:21102|rxnorm:1998|rxnorm:3827|rxnorm:35296|rxnorm:29046|snomed:74964007","No|quinapril|Spirapril|Benazapril|Perindopril|Fosinopril|Trandolapril|Cilazapril|Captopril|Enalapril|Ramipril|Lisinopril|other","45878245|1331235|19040051|1335471|1373225|1363749|1342439|19050216|1340128|1341927|1334456|1308216|9177","atc:C09AA","""ACE inhibitors, plain""",21601784,"Type","snomed:410656007",4259643,,,,"Drug_Exposure","month 6",4103967,"follow-up 6 months","snomed:300042001"
"V6ATII","Visit6 BL which ATII-antagonist","INT",,"0=none |1=Candesartan | 2=Eprosartan | 3=Irbesartan | 4=Losartan | 5=Telmisartan| 6=Valsartan | 7=other",,489,133,0,7,,"loinc:LA32-8|rxnorm:214354|rxnorm:83515|rxnorm:83818|rxnorm:52175|rxnorm:73494|rxnorm:69749|snomed:74964007","No|candesartan|eprosartan|Irbesartan|Losartan|Telmisartan|Valsartan|other","45878245|1351557|1346686|1347384|1367500|1317640|1308842|9177","atc:C09CA","""Angiotensin II receptor blockers (ARBs), plain""",21601823,"Type","snomed:410656007",4259643,,,,"Drug_Exposure","month 6",4103967,"follow-up 6 months","snomed:300042001"
"V6BB","Visit6 which Betablocker","INT",,"0=none | 1=Bisoprolol | 2=Carvedilol |3=Metoprolol | 4=Atenolol |5=Nebivolol |6=Bucindolol | 9=other",,489,133,0,5,,"loinc:LA32-8|rxnorm:19484|rxnorm:20352|rxnorm:6918|rxnorm:1202|rxnorm:31555|rxnorm:19605|snomed:74964007","No|Bisoprolol|Carvedilol|Metoprolol|Atenolol|Nebivolol|Bucindolol|other","45878245|1338005|1346823|1307046|1314002|1314577|19018640|9177","atc:C07A","BETA BLOCKING AGENTS",21601665,"Type","snomed:410656007",4259643,,,,"Drug_Exposure","month 6",4103967,"follow-up 6 months","snomed:300042001"
"V6Digoxin","Visit6 Digoxin","INT",,"1=yes | 0=no",,489,133,0,1,,"loinc:LA33-6|loinc:LA32-8","Yes|No","45877994|45878245","RxNorm:3407","digoxin",1326303,,,,,,,"Drug_Exposure","month 6",4103967,"follow-up 6 months","snomed:300042001"
"V6Furo","Visit6 Furosemide","INT",,"1=yes | 0=no",,489,133,0,1,,"loinc:LA33-6|loinc:LA32-8","Yes|No","45877994|45878245","RxNorm:4603","furosemide",956874,,,,,,,"Drug_Exposure","month 6",4103967,"follow-up 6 months","snomed:300042001"
"V6Nitrat","Visit6 which Nitrate","INT",,"0=none | 1=Nitroglycerin | 2=IS-di-nitrate | 3=IS-mono-nitrate | 4=PE-tetra-nitrate | 5=other",,488,134,0,4,,"loinc:LA32-8|rxnorm:4917|rxnorm:6058|rxnorm:6057|rxnorm:33055|snomed:74964007","No|nitroglycerin|isosorbide dinitrate|isosorbide|pentaerythritol|other","45878245|1361711|1383925|1383815|19022446|9177","atc:C01DA","Organic nitrates",21600316,"Type","snomed:410656007",4259643,,,,"Drug_Exposure","month 6",4103967,"follow-up 6 months","snomed:300042001"
"V6Spiro","Visit6 which MRA (Mineralocorticoid receptor antagonist)","INT",,"0=none | 1=Spironolactone | 2=Eplerenone",,489,133,0,2,,"loinc:LA32-8|rxnorm:9997|rxnorm:298869","No|spironolactone|eplerenone","45878245|970250|1309799","atc:C03DA","Aldosterone antagonists",21601533,,,,,,,"Drug_Exposure","month 6",4103967,"follow-up 6 months","snomed:300042001"
"V6Tora","Visit6 Torasemide","INT",,"1=yes | 0=no",,489,133,0,1,,"loinc:LA33-6|loinc:LA32-8","Yes|No","45877994|45878245","RxNorm:38413","torsemide",942350,,,,,,,"Drug_Exposure","month 6",4103967,"follow-up 6 months","snomed:300042001"
"ValvHD","History of Valvular heart disease y/n","INT",,"1=yes | 0=no",,622,0,0,1,,"loinc:LA33-6|loinc:LA32-8","Yes|No","45877994|45878245","snomed:368009","Heart valve disorder",4281749,"Medical history [PhenX]","loinc:66480-5",40769143,,,,"Condition_occurrence","month 0/ baseline",40766819,"Baseline time","loinc:64103-5"
"VascularAEs","Vascular adverse events (AEs)","INT",,,,622,0,0,4,,,,,"loinc:LA7266-5 ","Adverse event ",45884383,"Vascular disorder","snomed:27550009",443784,,,,"Condition_occurrence","month 0/ baseline",40766819,"Baseline time","loinc:64103-5"
"VCIgestaut","Vena cava inferior collapseat baseline","INT",,,,532,90,0,9,,,,,"loinc:93634-4","Inferior vena cava Collapse by US",1002245,"Echocardiography","snomed:40701008",4230911,,,,"Measurement","month 0/ baseline",40766819,"Baseline time","loinc:64103-5"
"VCIgestaut_12","Vena cava inferior collapse at visit12","INT",,,,,,,,,,,,"loinc:93634-4","Inferior vena cava Collapse by US",1002245,"Echocardiography","snomed:40701008",4230911,,,,"Measurement","month 12",4081746,"follow-up 1 year","snomed:183627004"
"VCIgestaut_18","Vena cava inferior collapse at visit18","INT",,,,,,,,,,,,"loinc:93634-4","Inferior vena cava Collapse by US",1002245,"Echocardiography","snomed:40701008",4230911,,,,"Measurement","month 18",44789050,"follow-up 18 months","snomed:199591000000102"
"Venenthrombosen","History of venous thrombosis Y/N","INT",,"1=yes | 0=no",,622,0,0,1,,"loinc:LA33-6|loinc:LA32-8","Yes|No","45877994|45878245","snomed:111293003","Venous thrombosis",444247,"Medical history [PhenX]","loinc:66480-5",40769143,,,,"Condition_occurrence","month 0/ baseline",40766819,"Baseline time","loinc:64103-5"
"Ventriculaireextrasystole","Ventricular extra systoly at baseline","INT",,"1=yes | 0=no",,620,2,0,1,,"loinc:LA33-6|loinc:LA32-8","Yes|No","45877994|45878245","snomed:251175005","Ventricular premature complex",4089462,"Electrocardiogram finding","Snomed:301120008",4117134,,,,"Measurement","month 0/ baseline",40766819,"Baseline time","loinc:64103-5"
"Ventriculaireextrasystole_12","Ventricular extra systoly at visit12","INT",,"1=yes | 0=no",,430,192,0,1,,"loinc:LA33-6|loinc:LA32-8","Yes|No","45877994|45878245","snomed:251175005","Ventricular premature complex",4089462,"Electrocardiogram finding","Snomed:301120008",4117134,,,,"Measurement","month 12",4081746,"follow-up 1 year","snomed:183627004"
"Ventriculaireextrasystole_18","Ventricular extra systoly at visit18","INT",,"1=yes | 0=no",,395,227,0,1,,"loinc:LA33-6|loinc:LA32-8","Yes|No","45877994|45878245","snomed:251175005","Ventricular premature complex",4089462,"Electrocardiogram finding","Snomed:301120008",4117134,,,,"Measurement","month 18",44789050,"follow-up 18 months","snomed:199591000000102"
"VerdickteMitralsegelant","thickened anterior mitral leaflet y/n at baseline","INT",,"1=yes | 0=no",,532,90,0,1,,"loinc:LA33-6|loinc:LA32-8","Yes|No","45877994|45878245","snomed:448820003","Thickened mitral leaflet",40491968,"Anterior|Echocardiography","snomed:255549009|snomed:40701008","4115458|4230911",,,,"Measurement","month 0/ baseline",40766819,"Baseline time","loinc:64103-5"
"VerdickteMitralsegelant_12","thickened anterior mitral leaflet y/n at visit12","INT",,"1=yes | 0=no",,,,0,1,,"loinc:LA33-6|loinc:LA32-8","Yes|No","45877994|45878245","snomed:448820003","Thickened mitral leaflet",40491968,"Anterior|Echocardiography","snomed:255549009|snomed:40701008","4115458|4230911",,,,"Measurement","month 12",4081746,"follow-up 1 year","snomed:183627004"
"VerdickteMitralsegelant_18","thickened anterior mitral leaflet y/n at visit18","INT",,"1=yes | 0=no",,,,0,1,,"loinc:LA33-6|loinc:LA32-8","Yes|No","45877994|45878245","snomed:448820003","Thickened mitral leaflet",40491968,"Anterior|Echocardiography","snomed:255549009|snomed:40701008","4115458|4230911",,,,"Measurement","month 18",44789050,"follow-up 18 months","snomed:199591000000102"
"VerdickteMitralsegelpost","thickened posterior mitral leaflet at baseline","INT",,"1=yes | 0=no",,532,90,0,1,,"loinc:LA33-6|loinc:LA32-8","Yes|No","45877994|45878245","snomed:448820003","Thickened mitral leaflet",40491968,"Posterior|Echocardiography","snomed:255551008|snomed:40701008","4116868|4230911",,,,"Measurement","month 0/ baseline",40766819,"Baseline time","loinc:64103-5"
"VerdickteMitralsegelpost_12","thickened posterior mitral leaflet at visit12","INT",,"1=yes | 0=no",,,,0,1,,"loinc:LA33-6|loinc:LA32-8","Yes|No","45877994|45878245","snomed:448820003","Thickened mitral leaflet",40491968,"Posterior|Echocardiography","snomed:255551008|snomed:40701008","4116868|4230911",,,,"Measurement","month 12",4081746,"follow-up 1 year","snomed:183627004"
"VerdickteMitralsegelpost_18","thickened posterior mitral leaflet at visit18","INT",,"1=yes | 0=no",,,,0,1,,"loinc:LA33-6|loinc:LA32-8","Yes|No","45877994|45878245","snomed:448820003","Thickened mitral leaflet",40491968,"Posterior|Echocardiography","snomed:255551008|snomed:40701008","4116868|4230911",,,,"Measurement","month 18",44789050,"follow-up 18 months","snomed:199591000000102"
"VlakkeTtoppenextremiteitsafleidingen","flat T-tops on extremity leads at baseline","INT",,"1=yes | 0=no",,620,2,0,1,,"loinc:LA33-6|loinc:LA32-8","Yes|No","45877994|45878245","snomed:66812002","Flattened T wave",4281078,"Limb lead|Electrocardiogram finding","snomed:257486009|Snomed:301120008","4107150|4117134",,,,"Measurement","month 0/ baseline",40766819,"Baseline time","loinc:64103-5"
"VlakkeTtoppenextremiteitsafleidingen_12","flat T-tops on extremity leads at visit12","INT",,"1=yes | 0=no",,430,192,0,1,,"loinc:LA33-6|loinc:LA32-8","Yes|No","45877994|45878245","snomed:66812002","Flattened T wave",4281078,"Limb lead|Electrocardiogram finding","snomed:257486009|Snomed:301120008","4107150|4117134",,,,"Measurement","month 12",4081746,"follow-up 1 year","snomed:183627004"
"VlakkeTtoppenextremiteitsafleidingen_18","flat T-tops on extremity leads at visit18","INT",,"1=yes | 0=no",,395,227,0,1,,"loinc:LA33-6|loinc:LA32-8","Yes|No","45877994|45878245","snomed:66812002","Flattened T wave",4281078,"Limb lead|Electrocardiogram finding","snomed:257486009|Snomed:301120008","4107150|4117134",,,,"Measurement","month 18",44789050,"follow-up 18 months","snomed:199591000000102"
"VlakkeTtoppenprecordiaal","flat T-tops on precordial leads at baseline","INT",,"1=yes | 0=no",,620,2,0,1,,"loinc:LA33-6|loinc:LA32-8","Yes|No","45877994|45878245","snomed:66812002","Flattened T wave",4281078,"Chest lead|Electrocardiogram finding","snomed:257483001|Snomed:301120008","4107148|4117134",,,,"Measurement","month 0/ baseline",40766819,"Baseline time","loinc:64103-5"
"VlakkeTtoppenprecordiaal_12","flat T-tops on precordial leads at visit12","INT",,"1=yes | 0=no",,430,192,0,1,,"loinc:LA33-6|loinc:LA32-8","Yes|No","45877994|45878245","snomed:66812002","Flattened T wave",4281078,"Chest lead|Electrocardiogram finding","snomed:257483001|Snomed:301120008","4107148|4117134",,,,"Measurement","month 12",4081746,"follow-up 1 year","snomed:183627004"
"VlakkeTtoppenprecordiaal_18","flat T-tops on precordial leads at visit18","INT",,"1=yes | 0=no",,395,227,0,1,,"loinc:LA33-6|loinc:LA32-8","Yes|No","45877994|45878245","snomed:66812002","Flattened T wave",4281078,"Chest lead|Electrocardiogram finding","snomed:257483001|Snomed:301120008","4107148|4117134",,,,"Measurement","month 18",44789050,"follow-up 18 months","snomed:199591000000102"
"VTAEs","VT Aes ventricular tachycardia adverse events","INT",,,,622,0,0,4,,,,,"loinc:LA7266-5 ","Adverse event ",45884383,"Ventricular tachycardia","snomed:25569003",4103295,,,,"Condition_occurrence","month 0/ baseline",40766819,"Baseline time","loinc:64103-5"
"VTIpulmonalis","VTI pulmonary valve at baseline","INT",,,,409,213,3,31,,,,,"loinc:18174-3","Pulmonic valve Blood velocity-time integral by US.doppler",3037560,"Echocardiography","snomed:40701008",4230911,,,,"Measurement","month 0/ baseline",40766819,"Baseline time","loinc:64103-5"
"VTIpulmonalis_12","VTI pulmonary valve at visit12","INT",,,,,,,,,,,,"loinc:18174-3","Pulmonic valve Blood velocity-time integral by US.doppler",3037560,"Echocardiography","snomed:40701008",4230911,,,,"Measurement","month 12",4081746,"follow-up 1 year","snomed:183627004"
"VTIpulmonalis_18","VTI pulmonary valve at visit18","INT",,,,,,,,,,,,"loinc:18174-3","Pulmonic valve Blood velocity-time integral by US.doppler",3037560,"Echocardiography","snomed:40701008",4230911,,,,"Measurement","month 18",44789050,"follow-up 18 months","snomed:199591000000102"
"Withdrawn","Withdrawn from study","INT",,"1=yes | 0=no",,622,0,0,1,,"loinc:LA33-6|loinc:LA32-8","Yes|No","45877994|45878245","snomed:871401000000109","Withdrawn from research study ",44810920,,,,,,,"Observation","month 0/ baseline",2000000025,"end of study visit","icare:icv2000000025"
