source_attribute,target_attribute,similarity
weight,weight,1.0
bmi,bmi,1.0
gender,gender,1.0
name,name,1.0
height,height,1.0
comorbidities,comorbidities,1.0
age,age_at_index,0.9837255477905273
otheryear,figo_staging_edition_year,0.982232391834259
age70_80,age_at_diagnosis,0.9781217575073242
age02,relationship_age_at_diagnosis,0.9735612869262695
syst_dysf_age01,age_at_onset,0.9712287187576294
renalfailureaes,cog_renal_stage,0.9671536087989807
liver_dis,cog_liver_stage,0.9584767818450928
icd_all,icd_10_code,0.9561994671821594
weight3,current_weight,0.9442090392112732
diff_echo_ef_bl,pairs_on_diff_chr,0.9427937269210815
comorbidity_2,comorbidity_method_of_diagnosis,0.9425686597824097
icd,icd_10,0.926379919052124
weight1,initial_weight,0.9238718748092651
current_smoking,relative_smoker,0.9089118838310242
ef_centre_40_50,center_type,0.8955086469650269
centre,centers,0.8946055769920349
death_hosp_afterv6,days_to_death,0.8908023238182068
lateral,laterality,0.888171374797821
select_ef_bl_12,selected_normal_targeted_sequencing,0.8843445777893066
vascularaes,vascular_invasion_type,0.8841511011123657
daterecording_12,sequencing_date,0.8824275732040405
ulcerdiseaseaes,ulceration_indicator,0.8822741508483887
rinv1v2,rin,0.8810511827468872
diabetesaes,diabetes_treatment_type,0.8781100511550903
dateptcamonth,creation_datetime,0.8768268823623657
dateptcayear,year_of_diagnosis,0.8645793199539185
causemedigout,cause_of_response,0.8494601845741272
datecabgmonth,legacy_created_datetime,0.8488779067993164
number_events_death_hfhosp,cause_of_death_source,0.8477094173431396
lateral_18,biospecimen_laterality,0.8424131870269775
beat_kaufmann_selected,selected_normal_wxs,0.8413739800453186
smoking,years_smoked,0.8399909138679504
timeti_18,legacy_updated_datetime,0.8344436883926392
ef_centre_45,sequencing_center,0.8344002962112427
id_6,test_value,0.8330771923065186
timeti_12,updated_datetime,0.8312164545059204
nonadh_renalhypo_prop,pediatric_kidney_staging,0.8285461068153381
eosinophiles,percent_eosinophil_infiltration,0.8238758444786072
mean_bb_bl_6,mean_coverage,0.8218687772750854
minn_bl,shortest_dimension,0.8214222192764282
mitralklappemorphologie_12,mitotic_count,0.8198599815368652
mitralklappemorphologie_18,mitotic_total_area,0.8127204179763794
minn_18,fragment_minimum_length,0.8063512444496155
all_cause_death_hfhosp,cause_of_death,0.8053151965141296
costs_perday_lim,use_per_day,0.7951443195343018
dob,year_of_birth,0.7912327647209167
id_1,id,0.7902646064758301
days_hosplim_hf,days_to_sequencing,0.7837955951690674
gc1,percent_gc_content,0.7837247848510742
gal3bl_available,chipseq_target,0.7821276783943176
refdate,imaging_date,0.7777681350708008
ferritin_bl_z,fev1_fvc_pre_bronch_percent,0.7733752131462097
married01,marital_status,0.7647222876548767
qrsduur_groups,read_group_qcs,0.7603121399879456
ferritin_bl_median,fev1_ref_pre_bronch_percent,0.7591827511787415
dosespirobl,prescribed_dose,0.7575570940971375
metastasis,metastasis_at_diagnosis,0.7564998269081116
ef_centre,source_center,0.7562793493270874
bb_dose_bl,treatment_dose,0.7392218112945557
cysc_v6,cytoband,0.7385099530220032
filter_$,filtered_copy_number_segments,0.7374310493469238
delta_ferritin_bl_12,fev1_fvc_post_bronch_percent,0.736264169216156
days_hosplim,days_to_risk_factor,0.7354168891906738
nonadherence,state,0.7344561815261841
risk_estimate03,risk_factor_treatment,0.7334455847740173
changes_ras_06,aa_change,0.7296227216720581
relpossbacterialinfection,aids_risk_factors,0.7284125685691833
bb_mean_bl_1,average_base_quality,0.7266815900802612
fram_cong01_1,number_of_fractions,0.7257086634635925
tntaadi,inrg_stage,0.7199324369430542
date_first_hosp_hf,index_date,0.7194163203239441
cancer01,relative_with_cancer_history,0.718148410320282
costs_perday_outsidehosp,exposure_duration_hrs_per_day,0.713446855545044
prava_vs_atorva_bl,drug_category,0.7113500237464905
gc6,per_sequence_gc_content,0.7082479000091553
sample_nr_v1,samples,0.7077674865722656
la_overbelastingb_12,overrepresented_sequences,0.7050758600234985
hysterektomie,hysterectomy_type,0.7028008699417114
ov,ovarian_specimen_status,0.6982628107070923
vascularae_per_year,vascular_invasion_present,0.6980650424957275
maxcopdasthmaaeseverity,fragment_maximum_length,0.6954632997512817
glp2_bl_5groups,read_groups,0.6948351860046387
cancer,tumor_code_id,0.6909294724464417
lastfollowup,year_of_follow_up,0.690757691860199
glp2_bl_10groups,read_group_name,0.6900061964988708
analysis_12,expression_analysis_workflows,0.6881812810897827
max_bb_dose_diff2,treatment_dose_max,0.6849702000617981
rehab_duration,treatment_duration,0.6804827451705933
typmitral,type,0.6668047308921814
exerciseintolerance_01,exercise_frequency_weekly,0.6624510884284973
ortho_maj,sample_ordinal,0.6620874404907227
patadherent,test_value_range,0.6605856418609619
ep30,epithelioid_cell_percent,0.656146228313446
totalsae,amount,0.6531738042831421
maxbleedingaeseverity,longest_dimension,0.6531066298484802
v126mwtdistance,distance_normal_to_tumor,0.6511363387107849
sample_nr_v3,sample_type_id,0.6488324403762817
fu_yrs,occupation_duration_years,0.6393991708755493
var00002,short_name,0.6379514932632446
changes_bb_06,revision,0.6296441555023193
recurr_stroke,progression_or_recurrence_type,0.6294630169868469
dis_rea_pref03,per_base_sequence_content,0.6231467723846436
lvesd_diff18,inpc_grade,0.6156795620918274
eh_30,proportion_coverage_30x,0.613819420337677
meannyha3_12_ii_01,fragment_mean_length,0.611196756362915
totaldurationrenalfailure_per_year,exposure_duration_years,0.59821617603302
testosteron_bl_median,undescended_testis_history,0.5955062508583069
rs_ratio_v1,a260_a280_ratio,0.5953652262687683
lengthd4ch,read_length,0.5928367376327515
neuropathien,cog_neuroblastoma_risk_group,0.5909483432769775
nonadh_reasonrenalhypo,reason_treatment_not_given,0.5900743007659912
ms_12,msi_score,0.5869029760360718
clbtb_12,clonality,0.5863568782806396
causemedibacterialinfection,pathogenicity,0.583696186542511
lengthd4ch_12,sequence_length_distribution,0.5819529891014099
withdrawn,releasable,0.5743858814239502
uptitration_mg_per_y,therapeutic_target_level,0.5709181427955627
missedtxadj01,proportion_base_mismatch,0.5708763003349304
gal3_bl_med,chipseq_antibody,0.5693361163139343
dayshosp18_infection,days_to_adverse_event,0.5670618414878845
first_rehab,release_date,0.5591761469841003
@6mwt_distance,margin_distance,0.5564321279525757
dayshosp18_pulmonary,days_to_pathology_detail,0.5562622547149658
relatedsae,related_to_files,0.5532712340354919
other_surg_maj,basic_statistics,0.552858293056488
k_4_5_v3,kmer_content,0.5491978526115417
sumcopdasthmaaeseverity,aggregated_somatic_mutations,0.5489899516105652
withdrawn_followup_accept,days_to_last_follow_up,0.5482980012893677
strf_1_1.8,percent_stromal_cells,0.5473669171333313
myxoidedegpost_12,ploidy,0.5448159575462341
visit12_reason2,adverse_event,0.5419522523880005
pulmonalis,primary_disease,0.5405256152153015
analysis_18,analysis_metadata_files,0.538896918296814
bb.3.med,pmid,0.5371924638748169
lymph12,lymphatic_invasion_present,0.5364562273025513
prev_hosp,prior_malignancy,0.5342562794685364
ef_40_55,ajcc_staging_system_edition,0.532925546169281
tp1np_bl_z,ensat_pathologic_t,0.5277285575866699
visit18_reason2,comorbidity,0.5269922018051147
nameofcentre,country_of_residence_at_enrollment,0.5268742442131042
visit3_reason2,nononcologic_therapeutic_agents,0.5244513750076294
bifasciculairblok_18,doi,0.5217861533164978
totaldurationsvt,total_sequences,0.5208494663238525
sumvtaeseverity,somatic_aggregation_workflows,0.52058345079422
otherhdcomment,imaging_findings,0.5194411277770996
wrf_select,selected_normal_low_pass_wgs,0.5188838839530945
start_statin,initial_disease_status,0.5176733136177063
pathologischeqiniiiiiavf,pathology_details,0.5119929909706116
edtabloodtaken,uicc_staging_system_edition,0.5118411183357239
pq_bl,fastq_name,0.5111648440361023
syncope1,synchronous_malignancy,0.5095981359481812
fgf23c_changegroup_bl_v3,somatic_mutation_indexes,0.5043567419052124
linkervorhof_18,workflow_link,0.5026577711105347
helpbl,diagnoses,0.5021916031837463
plgf_bl_z,tumor_ploidy,0.5020994544029236
prevhosp,prior_treatment,0.5020949244499207
number_events_all_hosp,days_to_first_event,0.49996939301490784
uptitration_mg_1,treatment_dose_units,0.4983995854854584
gds_above_4_12,gleason_score,0.49765637516975403
visit3_reason1,first_symptom_prior_to_diagnosis,0.49477213621139526
tp1np_v18,extrathyroid_extension,0.49441343545913696
opmerkingenoverig_12,ajcc_clinical_stage,0.4929772615432739
gpnoncompmisswo1,gleason_grade_tertiary,0.49006620049476624
@24hours,exposure_duration,0.48956888914108276
lvesd_12,double_expressor_lymphoma,0.48322176933288574
famhist,family_histories,0.4830728769302368
loop_mean_1_3,average_read_length,0.4809124767780304
hhd,histone_variant,0.4801620841026306
cancercomment,site_of_resection_or_biopsy,0.4799818694591522
a1hospital,treatment_anatomic_sites,0.47645774483680725
r_v5v6_18,cog_rhabdomyosarcoma_risk_group,0.47593191266059875
hepatomegaly_bl01,hepatitis_sustained_virological_response,0.475411981344223
ms_18,msi_status,0.4736325740814209
hist_mi,inpc_histologic_group,0.4731350839138031
gout,barretts_esophagus_goblet_cells_present,0.4682766795158386
estimatedduration,treatment_outcome_duration,0.4667022228240967
zweittumor,zygosity,0.46510711312294006
meals01,portions,0.46341466903686523
bacterialinfectionaes,contamination,0.4632375240325928
syst_dysfunction,non_nodal_regional_disease,0.46317362785339355
causemedipsychiatric,ann_arbor_b_symptoms_described,0.46017399430274963
k_measured_at_fu,karnofsky_performance_status,0.4595929980278015
gdf15_bl_med_syst,morphology,0.45738571882247925
bb_at_v18,breslow_thickness,0.4529759883880615
nbnp_5000_9000,ajcc_clinical_n,0.45251867175102234
goodreason1,per_sequence_quality_score,0.4487978219985962
frequentie,treatment_frequency,0.44730159640312195
jv18,iss_stage,0.4463709890842438
blbb,per_base_n_content,0.4460599720478058
goutaes,goblet_cells_columnar_mucosa_present,0.4454197883605957
endostatinv12,workflow_end_datetime,0.44467291235923767
aathoraxdim,intermediate_dimension,0.44291743636131287
mimecanv3,file_name,0.4388415217399597
fluid_retention_12_01,analyte_volume,0.43852323293685913
pathologischeqinavli_12,ajcc_pathologic_stage,0.43699324131011963
lvesd_18,double_hit_lymphoma,0.43691566586494446
relpossulcerdisease,released,0.4360387623310089
sst2_bl_median,fragment_standard_deviation_length,0.4359986186027527
efgeschätzt_12,encoding,0.43591025471687317
tp1np_bl,ajcc_clinical_t,0.4326123893260956
causemedihypokalemia,risk_factor,0.43245214223861694
rekonstruierbar_18,flow_cell_barcode,0.4300273656845093
opn_bl_100,ovarian_surface_involvement,0.4276329278945923
red_mem01,channel,0.42719003558158875
rg18,rhabdoid_percent,0.42685961723327637
lost,days_to_lost_to_followup,0.4261573553085327
subvalvgradient_12,data_subtypes,0.42603516578674316
k41_atbl,mitosis_karyorrhexis_index,0.42600899934768677
poor_outcome_after6m,treatment_outcome,0.42549651861190796
allow_fu,status,0.422627717256546
duur_p_v1,proportion_reads_duplicated,0.4224502146244049
rales3_01,radiosensitizing_agent,0.42155057191848755
duur_p_v1_a,sequence_duplication_levels,0.4203619360923767
opmerkingenoverig,largest_extrapelvic_peritoneal_focus,0.41893085837364197
si_qiii,respirable_crystalline_silica_exposure,0.41679778695106506
patientnumber,other_clinical_attributes,0.4165537357330322
living,vital_status,0.416449636220932
rales18,radon_exposure,0.41564762592315674
ras.pca2.med,tissue_microarray_coordinates,0.4128424823284149
transferrin_bl_median,copy_number_liftover_workflows,0.41187700629234314
ti_18,uicc_clinical_t,0.41065657138824463
igfbp7.bl_01,igcccg_stage,0.41000139713287354
c1witnessedarr,child_pugh_classification,0.4098823666572571
missedvisits,proc_internal,0.40953341126441956
recording_12,transcript,0.4091532528400421
daysicu18_bleeding,blood_test_normal_range_lower,0.4063696265220642
bb_at_v1,bcr_id,0.4053769111633301
eotherpriorvascevent,preservation_method,0.4045432209968567
fluid_retention_18_01,biospecimen_volume,0.4010813534259796
name_18,demographics,0.40057510137557983
fulim_old,is_legacy,0.3974873423576355
hygiene,peritoneal_washing_results,0.3947601020336151
any_increase_ras_06,growth_rate,0.3946123421192169
sodium,analyte_quantity,0.3940925598144531
allergien,exposure_type,0.3933766782283783
anemia_severe01_bl,blood_test_normal_range_upper,0.3931128680706024
testosteron_bl,undescended_testis_corrected,0.3928418457508087
meals,portion_number,0.3924182951450348
housework,occupation_type,0.39190995693206787
firstconstipationae,columnar_mucosa_present,0.3910558819770813
mn12,ensat_clinical_m,0.39018648862838745
perc_plgf_bl_12,peritoneal_fluid_cytological_status,0.3885302245616913
bb.pca2.med,tumor_level_prostate,0.3883502781391144
@6mwt_effort,ecog_performance_status,0.3877490758895874
verdicktemitralsegelant_12,analytes,0.38717520236968994
opn_bl_z,oxygen_use_indicator,0.38568827509880066
name_12,namespace,0.38496533036231995
loop_at_v18,number_of_cycles,0.3842884600162506
nocturia_bl01,percent_neutrophil_infiltration,0.3817335367202759
mem8_bl,uicc_clinical_m,0.3806852102279663
ivrt,inss_stage,0.3780040144920349
nonadh_anytime,workflow_start_datetime,0.3774811327457428
subvalvgradient_18,submitter_id,0.3772897720336914
tdierv_12,copy_number_variation_workflows,0.37689465284347534
linkervorhof,related_files,0.37537962198257446
comp_packer_minn_12,pack_years_smoked,0.3736395835876465
hepatomegaly,histologic_progression_type,0.3733498454093933
visit18_lbbb,total_reads,0.3723130524158478
reapref18,archives,0.37218591570854187
withdrawal_12,lymph_nodes_removed,0.37194687128067017
d_cysc_18_01,dlco_ref_predictive_percent,0.3715038001537323
reaprefbl_yes_no,diagnosis_pathologically_confirmed,0.37127187848091125
rekonstruierbar_12,multiplex_barcode,0.3708202838897705
tranferrin_delta_bl_v6,chromosomal_translocation,0.3700876832008362
opn_v6_imputed,oxygen_use_type,0.3664432764053345
tnnt2_02,submitted_tangent_copy_numbers,0.3657923638820648
ralängs,ethnicity,0.36366283893585205
d_hr_sup_standing,therapeutic_level_achieved,0.3623626232147217
cerebrovascaes,supratentorial_localization,0.3623599410057068
downtitration_18,minor_version,0.360294908285141
gpl2_corr_bl_10groups,gleason_grade_group,0.3598187565803528
laxativum,prostatic_involvement_percent,0.35833871364593506
nitratat_bl,uicc_clinical_n,0.3578992187976837
aread2ch_18,body_surface_area,0.3567166328430176
eprecedingarrhythmia,category,0.35488131642341614
numberhosp18_infection,hiv_viral_load,0.3537863790988922
fgf23_pg_bl,gleason_patterns_percent,0.3526495099067688
rekonstruierbar,target_capture_kit,0.35251161456108093
laquer_12,locus,0.35093432664871216
diuretics.pca2.med,papillary_renal_cell_type,0.34810423851013184
bnp12_reached,therapeutic_levels_achieved,0.3472041189670563
sam_12,sarcomatoid_percent,0.34579935669898987
ralängs_18,transglottic_extension,0.34562861919403076
prolaps,days_to_progression,0.3454342484474182
mem8_12,ajcc_clinical_m,0.34288808703422546
hct,viral_hepatitis_serologies,0.3426426947116852
bypass,masked_somatic_mutations,0.34181880950927734
causemediall,treatment_intent_type,0.3416941165924072
edemahistory_01,days_to_last_known_disease_status,0.34141045808792114
tto_responding,classification,0.34119975566864014
lafläche_12,loci_count,0.3410545885562897
d_cysc_1_01,dysplasia_type,0.33988717198371887
relpossvascular,measurement_type,0.33520030975341797
macmm_12,uicc_pathologic_m,0.33413058519363403
ep_hosp_card,chip_id,0.3337562680244446
eothernonvascevent,first_event,0.3334587514400482
transferrin_v18,methylation_liftover_workflows,0.3328462839126587
fu_months,intended_release_date,0.3320067524909973
nyha12_improved,weiss_assessment_score,0.33174067735671997
any_new_spiro,tumor_descriptor,0.3312820494174957
safety_analysis,risk_factor_method_of_diagnosis,0.3311489224433899
xray,submitted_genotyping_arrays,0.33099862933158875
housework01,project,0.3299407958984375
oak_asp_v18,ann_arbor_pathologic_stage,0.3299347758293152
hypertensionaes,adrenal_hormone,0.3294117748737335
predicted_tto_33,tumor_regression_grade,0.3289821147918701
bnp6_2400,is_ffpe,0.32683122158050537
low_voltage_extr,no_matched_normal_low_pass_wgs,0.3251226246356964
traumafallaes,lesions_treated_number,0.324925035238266
delta_tp1np_bl_12,ajcc_pathologic_t,0.3232453167438507
biplan,read_pair_number,0.32201531529426575
lvot_12,in_review,0.32121163606643677
block_18,time_between_clamping_and_freezing,0.3190140724182129
oak_asp_bl,ann_arbor_clinical_stage,0.31887176632881165
typaorta_18,data_type,0.3182046711444855
totaldurationpsychiatric,timepoint_category,0.3157341480255127
barbed,library_strand,0.31548160314559937
firsthypokalemiaae,histone_family,0.3153764605522156
cad,figo_stage,0.3142692446708679
pc1,prostatic_chips_total_count,0.3135914206504822
syncope01,aligned_reads_indexes,0.3131820857524872
costs_other_surgery,method_of_sample_procurement,0.3110324740409851
main_cad,imaging_result,0.310335636138916
hyperthyreose,biospecimen_supplements,0.3086756467819214
backpain,residual_tumor,0.30858343839645386
visite_ext_home,sites_of_involvement,0.3052251935005188
visits_#_fu,sites_of_involvement_count,0.30455124378204346
macmm,treatment_arm,0.3038308322429657
numberhosp_hf,base_caller_name,0.3019121289253235
prolaps_18,days_to_progression_free,0.2984095811843872
numberhosp18_cad,oct_embedded,0.2978743016719818
hf_hosp,haart_treatment_indicator,0.29638925194740295
arthrosis,diagnosis_is_primary_disease,0.29554203152656555
vlakkettoppenextremiteitsafleidingen,lost_to_followup,0.2941494584083557
d_nyha1,dysplasia_degree,0.29246529936790466
block,per_tile_sequence_quality,0.29160940647125244
bun_to_crea_bl,pancreatitis_onset_year,0.2909121513366699
bnp18decrease_blmedian,dbgap_accession_number,0.28945085406303406
numberhosp18_pulmonary,smoking_frequency,0.2885020077228546
prea_bl,library_preparation_kit_version,0.28479525446891785
avblock,freezing_method,0.2847294807434082
prod_cough01,projects,0.28454241156578064
memory12_group,chip_position,0.28450706601142883
prea_v18,library_preparation_kit_catalog_number,0.28138843178749084
bandid,instrument_model,0.2796568274497986
totaldurationanemia,time_between_excision_and_freezing,0.2788776755332947
asthma,secondhand_smoke_as_child,0.27732929587364197
socialstatus,genomic_profile_harmonization_workflows,0.2761480212211609
pvd_12,aliquot_volume,0.27548307180404663
predicted_tto_20,copy_number_estimates,0.27172648906707764
lafläche_18,loci_abnormal_count,0.27142977714538574
gdf_increase_bl_6,magnification,0.27107807993888855
pvs_18,hpv_positive_type,0.270248681306839
preserved_lvef,residual_disease,0.26673051714897156
macvisuell,uicc_pathologic_stage,0.263593852519989
osteoporosis,menopause_status,0.2598949670791626
pp_40,protein_expressions,0.2592616379261017
confession,consent_type,0.2579536437988281
totaldurationtraumafall,average_insert_size,0.2531782388687134
end_organ_damage,mismatch_repair_mutation,0.2528685927391052
strf_logferritin_18_1.5,pathology_report_uuid,0.25190049409866333
jugularvein_bl01,eye_color,0.2515394985675812
il6_v3,uicc_clinical_stage,0.2512751519680023
numberhosp18_trauma,percent_inflam_infiltration,0.24853326380252838
endostatinv1,reason_treatment_ended,0.24842163920402527
sst2_log2_v12,coal_dust_exposure,0.24803893268108368
comp_eplim_packer,library_preparation_kit_vendor,0.246612086892128
mimican_blall_50,copy_number,0.24393363296985626
net_change_spiro_bl_6,simple_somatic_mutations,0.2428676038980484
mod_recode,recist_targeted_regions_number,0.24211713671684265
vcigestaut_18,major_version,0.2414371371269226
any_hyper_k60,clark_level,0.23751984536647797
ulcerdiseaseae_per_year,necrosis_percent,0.23699355125427246
costs_procedures_18,procedures_performed,0.23448124527931213
igfbp7_v6_100,ishak_fibrosis_score,0.23306144773960114
svtaes,percent_sarcomatoid_features,0.23296476900577545
hdl,md5sum,0.22685003280639648
hypertrophy_bl,extrascleral_extension,0.22625413537025452
urea_delta_bl_v6,fragmentation_enzyme,0.22576361894607544
loop_atv3,irs_stage,0.22526466846466064
spiro.pca.3.compl_poor,normal_tumor_genotype_snp_match,0.2230471521615982
delta_cysc_bl_18,passage_count,0.22076331079006195
ace_di_02,analyte_type_id,0.2203775942325592
roc_hfref_hfpef,risk_factors,0.21803782880306244
creatinine,mutation_codon,0.21768170595169067
voltage_r_v5v6_18,tumor_grade,0.2088157683610916
gradientmeanaortenklappe_18,primary_gleason_grade,0.20826460421085358
hoogste_complex_extr_voltage_18,tumor_grade_category,0.20808885991573334
sinus_vhf_pm,spectrophotometer_method,0.2051006704568863
d_memory_bl_18,file_size,0.20436739921569824
pacemaker_12,mirna_expressions,0.20072613656520844
spiro_increase_12,peripancreatic_lymph_nodes_positive,0.18989767134189606
pet02,relationship_primary_diagnosis,0.18616549670696259
stroke01,lane_number,0.1845918446779251
endostatin_blall250,scan_tracer_used,0.18433082103729248
opmerkingenoverig_18,tumor_depth_descriptor,0.18411894142627716
bun_to_crea_v1,target_capture_kit_target_region,0.17273779213428497
la_overbelastingb_18,contamination_error,0.1323775351047516
la_overbelastingb,error_type,0.11742669343948364
goodreason18,relationship_gender,0.0
oak_bl,ann_arbor_b_symptoms,0.0
costs_inhospital,relative_deceased,0.0
d_qrs_bl_12,first_symptom_longest_duration,0.0
rales1_01,uicc_pathologic_t,0.0
aantalsves,contiguous_organ_invaded,0.0
bnp_3_5000,measurement_unit,0.0
rales_01,progression_or_recurrence,0.0
pet01,country_of_birth,0.0
jv12,metastasis_at_diagnosis_site,0.0
la_overbelasting,proportion_base_mismatch,-0.001244126505128117
la_overbelasting_18,proportion_base_mismatch,-0.0012813564689988502
la_overbelasting_12,proportion_base_mismatch,-0.00132090036265251
ba_overbelastingb,proportion_base_mismatch,-0.001326167468750072
ba_overbelasting,proportion_base_mismatch,-0.0014649193280590132
spiro_decrease_bl,karnofsky_performance_status,-0.0016404714203378014
dog_or_cat_bl,clark_level,-0.0016539195768370083
ba_overbelastingb_12,proportion_base_mismatch,-0.0016705292111382122
ba_overbelastingb_18,blood_test_normal_range_upper,-0.00168304596783564
costst_digoxine_lim,oxygen_use_type,-0.001687751532582936
spiro_decrease_bl_3,secondhand_smoke_as_child,-0.0016950294120182477
dog_bl,read_group_qcs,-0.0016957436319086129
st_depression_any,primary_disease,-0.0016968970681956457
spiro_decrease_1,blood_test_normal_range_lower,-0.0017020861655759004
costs_spironolactone_lim,amount,-0.0017061280491543552
bun_to_crea_v6,target_capture_kit_target_region,-0.0017070146774160453
bun_to_crea_v3,target_capture_kit_target_region,-0.0017305270208234102
bun_to_crea_v12,target_capture_kit_target_region,-0.001741223928242179
bun_to_crea_v18,target_capture_kit_target_region,-0.001744894890993593
ba_overbelasting_12,proportion_base_mismatch,-0.0017697517465150136
steps_increase_spiro_bl_6,peripancreatic_lymph_nodes_positive,-0.0017820529927482854
costs_procedures_lim,amount,-0.0017975264923067622
ba_overbelasting_18,blood_test_normal_range_upper,-0.001801290944104599
gradientmaxaortenklappe,gleason_patterns_percent,-0.0018044615279825464
spiro_decrease_3,blood_test_normal_range_lower,-0.00180995841072992
spiro_decrease_6,blood_test_normal_range_lower,-0.0018262555548580976
gradientmaxaortenklappe_12,gleason_patterns_percent,-0.0018277755107021282
gradientmaxaortenklappe_18,gleason_patterns_percent,-0.0018387023465386409
spiro_min_bl_1,sarcomatoid_percent,-0.0018420819148596468
spiro_min_3_6,sarcomatoid_percent,-0.001852747102780522
spiro_decrease_12,blood_test_normal_range_lower,-0.0018532119679577827
p_voltage_v1,analyte_volume,-0.001858166432114386
loop_at_v12,year_of_follow_up,-0.001858181457139704
p_voltage_v1_a,tumor_level_prostate,-0.0018607455763593641
bnp_costs_lim,breslow_thickness,-0.0018695019789931326
anorexia_bl01,primary_disease,-0.0018707983806725845
p_voltage_v1_a_18,analyte_volume,-0.001870925258664158
spiro_increase_06,peripancreatic_lymph_nodes_positive,-0.0018717595269891344
loop_at_bl,year_of_follow_up,-0.0018744875555758993
ras_and_spiro_v1,sarcomatoid_percent,-0.001877223627863087
ras_and_spiro_v12,sarcomatoid_percent,-0.0018860627440200704
p_voltage_v1_12,hpv_positive_type,-0.0018889994535140288
hoogste_complex_precordiaal_voltage_18,centers,-0.0018894797990204049
ras_and_spiro_v18,blood_test_normal_range_upper,-0.001896564629645571
ras_and_spiro_v3,rin,-0.0018970880772447782
p_voltage_v1_18,tumor_level_prostate,-0.0018990226630804107
spiro_increase_bl_3,secondhand_smoke_as_child,-0.0018990583285445491
costs_nh_lim,ecog_performance_status,-0.0019046801163003738
spiro_increase_1,peripancreatic_lymph_nodes_positive,-0.0019083463742458804
spiro_increase_6,peripancreatic_lymph_nodes_positive,-0.001910831118836841
spiro.2.med,sarcomatoid_percent,-0.0019138015208118152
p_voltage_v1_a_12,hpv_positive_type,-0.001914497832086145
costs_xray_lim,ecog_performance_status,-0.0019177713146223303
spiro_increase_bl,growth_rate,-0.001918088661369197
bundeltakblok_12,state,-0.0019202589428040085
spiro_increase_3,peripancreatic_lymph_nodes_positive,-0.0019205955640783031
hoogste_complex_precordiaal_voltage,tumor_grade,-0.0019230142896186242
p_voltage_ii,hpv_positive_type,-0.0019256920830197303
depressionae_per_year,comorbidities,-0.0019270708946865318
mchc_12,viral_hepatitis_serologies,-0.001928287314665554
costs_outpatient,ecog_performance_status,-0.001929312355281688
loop_at_v1,days_to_last_follow_up,-0.0019293325404167111
mch_12,histone_variant,-0.0019317239477291814
loop_at_v6,days_to_last_follow_up,-0.0019335046408812545
spiro.3.med,smoking_frequency,-0.00193818410154416
group_spiro_delta,percent_sarcomatoid_features,-0.001938788137915527
spiro.1.med,sarcomatoid_percent,-0.0019414434696626223
criterium_p_voltage_ii_18,tumor_grade_category,-0.0019422144507597443
spiro.pca1.med,hpv_positive_type,-0.0019429139491606566
loop_80_or_more_bl,days_to_last_follow_up,-0.0019457485188360396
p_voltage_ii_18,tumor_level_prostate,-0.001947772799519782
framingham_congestionscore_18,classification,-0.001956290471195721
costs_total_lim2,ecog_performance_status,-0.001956989210756971
p_voltage_ii_12,hpv_positive_type,-0.0019570368658877774
hoogste_complex_extr_voltage_12,tumor_grade,-0.001964250699255572
framingham_congestionscore_3,classification,-0.0019710007298216338
hoogste_complex_precordiaal_voltage_12,tumor_grade_category,-0.0019712276228807278
depressionaes,ecog_performance_status,-0.0019743185285941104
ras_and_spiro_bl,blood_test_normal_range_upper,-0.0019746735137882382
coste_rehab_lim,days_to_lost_to_followup,-0.0019793226208646426
criterium_p_voltage_iib_18,aliquot_volume,-0.0019815516364893333
d_igfbp7_bl_6,dysplasia_degree,-0.0019855455614011166
statin_during_study,basic_statistics,-0.0019880142185912317
criterium_p_voltage_ii_12,aliquot_volume,-0.001992141395747754
any_spiro_bl_6,samples,-0.001995427930326135
spiro_group_v12,percent_sarcomatoid_features,-0.0020033735886644654
delta_loop_v3,simple_somatic_mutations,-0.0020050532043734905
framingham_congestionscore_1,classification,-0.0020085836300194056
d_endostatin_bl_6,reason_treatment_ended,-0.0020091697577747374
spiro_group_v3,sarcomatoid_percent,-0.002009758617352854
framingham_congestionscore_bl,classification,-0.002010992490644114
spiro_group_v6,percent_sarcomatoid_features,-0.002015298146889261
costs_loopdiuretics_lim,days_to_lost_to_followup,-0.0020157586107964792
spiro_group_v18,percent_sarcomatoid_features,-0.002016025722357687
delta_loop_v12_01,simple_somatic_mutations,-0.002016150930902003
framingham_congestionscore_12,classification,-0.0020282691450086744
framingham_congestionscore_6,classification,-0.0020287699791859386
pacemaker_18,mirna_expressions,-0.0020295792058020517
statin_dose_bl,percent_sarcomatoid_features,-0.0020318956397558647
loop.pca1.med,library_strand,-0.002035285224760416
gradientmeanpulmonalis,primary_gleason_grade,-0.002036681034435658
spiro_group_v1,sarcomatoid_percent,-0.0020382305850265275
criterium_p_voltage_iib_12,aliquot_volume,-0.0020393793165076526
criterium_p_voltage_ii,aliquot_volume,-0.002039395100372633
d_memory_bl_12,read_length,-0.0020432487917147824
fatigue_bl01,days_to_last_known_disease_status,-0.0020433891770523485
gradientmeanpulmonalis_18,primary_gleason_grade,-0.0020452106957782653
hyper_k_perc,undescended_testis_corrected,-0.0020453595801200523
gradientmeanpulmonalis_12,primary_gleason_grade,-0.002047685878989478
spiro.pcapoor.1,pmid,-0.0020478300585253574
pm_rhythm_ecg,number_of_cycles,-0.0020537523467875404
endostatin_v18,reason_treatment_ended,-0.002059605884176299
any_increase_spiro_bl_6,blood_test_normal_range_upper,-0.0020609440220371897
bundeltakblok_18,state,-0.0020662429994005773
costs_bblokker_lim,ecog_performance_status,-0.002070006995894617
mchc_bl,viral_hepatitis_serologies,-0.0020709242812786727
costs_rehab,ecog_performance_status,-0.0020719251907935386
mch_bl,breslow_thickness,-0.002075814395831894
costs_atii_antagonist_lim,ecog_performance_status,-0.0020770115412834882
hoogste_complex_extr_voltage,tumor_grade,-0.002080127792241599
depression,ecog_performance_status,-0.002087696762571454
delta_loop_v1,number_of_cycles,-0.0020904068825421834
endostatin_v12,reason_treatment_ended,-0.0020906069126772242
costs_thiazide_lim,ecog_performance_status,-0.0020953848707283246
fram_comb_1,total_sequences,-0.0020966858254457517
delta_loop_v18,number_of_cycles,-0.002097292593639904
gradientmeanaortenklappe,primary_gleason_grade,-0.002097948382876255
fatigue_01,days_to_last_known_disease_status,-0.002098194853998642
voltage_r_v5v6,analyte_volume,-0.0021093010795313746
voltage_r_v5v6_12,copy_number_variation_workflows,-0.0021130412484600108
gradientmeanaortenklappe_12,primary_gleason_grade,-0.002113057639396721
spiro_max_bl_1,sarcomatoid_percent,-0.0021140369978651717
delta_k1,karnofsky_performance_status,-0.0021159615670172586
pacemaker,pmid,-0.002119288471865686
d_igfbp7_all,dysplasia_degree,-0.0021241110496889428
criterium_p_voltage_iib,aliquot_volume,-0.0021248014420139046
mchc_18,viral_hepatitis_serologies,-0.0021261582473304933
mchc_6,amount,-0.00212798280141506
fram_comb_bl,total_sequences,-0.00213019360488785
delta_loop_v12,number_of_cycles,-0.002131012089347846
loop.3.med,rin,-0.0021321260659724274
delta_k12,karnofsky_performance_status,-0.002136801277133223
costs_extvisits_lim,amount,-0.0021376246181670586
delta_urea_bl_12,doi,-0.0021410063112391195
fatigue18,karnofsky_performance_status,-0.0021411086028256276
ras_and_spiro_v6,rin,-0.0021509190337506384
increase_endostatin,therapeutic_target_level,-0.0021520135840798595
delta_urea_bl_18,pmid,-0.0021544011971940174
fatigue12,karnofsky_performance_status,-0.0021568602930043847
igfbp7_v6all,inss_stage,-0.0021573351748651907
endostatin_blall,reason_treatment_ended,-0.002158303757810433
gradientmitralklappe,gleason_score,-0.002161754353523851
delta_hscrp_bl_18,margin_distance,-0.002165219974262587
insulin,blood_test_normal_range_upper,-0.0021655673710600895
igfbp7_v18,inss_stage,-0.0021757255023184675
hyper_k_any,kmer_content,-0.002177803053546519
loop.1.med,rin,-0.002179442906057228
loop.2.med,rin,-0.002182885002766426
endostatin_v1,reason_treatment_ended,-0.0021838807521715868
delta_shbg_bl_12,test_value_range,-0.0021859836486443664
delta_hstnt_bl_12,test_value_range,-0.002186185803530462
d_ln_igfbp7_6_bl,dbgap_accession_number,-0.0021869171731972005
costs_hosp_lim,ecog_performance_status,-0.0021889831900623814
sini_12,test_value,-0.002189065144745934
delta_k6,karnofsky_performance_status,-0.0021912736716997367
delta_hscrp_bl_12,margin_distance,-0.0021928921249319624
costs_eh_lim,ecog_performance_status,-0.0021931803322357882
fatigue1,karnofsky_performance_status,-0.002195306752738106
spiro_group_bl,smoking_frequency,-0.0021955219596663973
mch_18,icd_10,-0.002195684351354177
loop_increase_bl1,year_of_follow_up,-0.002195999876885853
bundeltakblok,test_value,-0.002198509663185677
delta_ras_v3,passage_count,-0.0021991017098903763
delta_gdf15_bl_12,pairs_on_diff_chr,-0.0022020994300932014
delta_k18,karnofsky_performance_status,-0.0022038729901524465
igfbp7_bl,inss_stage,-0.0022084460614946663
igfbp7.v6,ishak_fibrosis_score,-0.0022094380167015145
delta_plgf_bl_12,pairs_on_diff_chr,-0.002214078321237834
gdf15_delta_bl_v6,margin_distance,-0.0022153542342463976
any_spiro_fu,smoking_frequency,-0.002215561397474266
costs_aceremmer_lim,ecog_performance_status,-0.0022155940275797544
voltage_r_v1_18,analyte_volume,-0.0022165205708076932
statin_at_bl,rin,-0.0022168697888203855
igfbp7_v6,inss_stage,-0.002217802554533557
voltage_r_v1,analyte_volume,-0.002218575660381734
delta_ef_class,passage_count,-0.002219673397837538
delta_loop_v6,number_of_cycles,-0.002220805890149885
delta_ef_class_18,passage_count,-0.0022210092591794404
il6_bl_z,pmid,-0.002221140083137259
p_pv_12_18,days_to_progression,-0.0022235336152007846
voltage_r_v1_12,analyte_volume,-0.0022238172694666355
crea_10_v3,cytoband,-0.0022271188290703342
loop_increase_1_3,year_of_follow_up,-0.002229635293159188
fram_comb_3,total_sequences,-0.002229668226800541
creatinine10,rhabdoid_percent,-0.0022355877832399393
endostatin_v3,reason_treatment_ended,-0.002235860965518447
d_mimican_all,submitted_tangent_copy_numbers,-0.0022402701274935625
delta_il6_bl_12,pairs_on_diff_chr,-0.0022425817048735354
gradientmitralklappe_18,gleason_score,-0.0022429952724896097
igfbp7.v18,ishak_fibrosis_score,-0.002243608414936927
crea_10_v1,centers,-0.0022441280683378217
hyper_k_any60,kmer_content,-0.0022443241525066174
delta_cysc_bl_12,cytoband,-0.0022457735362620334
delta_ras_v12_01,passage_count,-0.0022466082598908074
delta_ras_v1,aa_change,-0.002247131707490015
fatigue01,karnofsky_performance_status,-0.002247349342705226
delta_k3,karnofsky_performance_status,-0.0022498380332624315
atheist,test_value,-0.002250066595768783
ln_igfbp7_6,blood_test_normal_range_upper,-0.002251972193929307
sini_18,test_value_range,-0.00225208996584493
igfbp7.v1,ishak_fibrosis_score,-0.0022528116223639884
totaldurationbradycardia,cause_of_death,-0.0022557319409212363
fatigue,current_weight,-0.0022576659196851387
crea_10_v6,cytoband,-0.002259422937039741
costs_cardiac_hosp,vascular_invasion_present,-0.0022602813364659856
delta_sflt_bl_18,test_value_range,-0.0022611444406981374
voltage_s_v5v6,copy_number_variation_workflows,-0.0022618835505294334
delta_bb_v12,aa_change,-0.002262492595242573
ln_igfbp7_1,blood_test_normal_range_upper,-0.0022651794947196294
vhf1,state,-0.0022653151752512883
igfbp7.bl,growth_rate,-0.002265315630555086
loop_decrease_bl1,minor_version,-0.0022655080722935013
endostatinv3,pmid,-0.0022663488666395753
delta_plgf_bl_18,pairs_on_diff_chr,-0.0022666141569855926
igfbp7.v12,ishak_fibrosis_score,-0.0022698213169352736
delta_gdf15_bl_18,pairs_on_diff_chr,-0.002270683510559831
delta_plgf_bl_6,pairs_on_diff_chr,-0.0022712230455598833
lvedvi_bl,test_value,-0.002272063688138025
fatigue3,karnofsky_performance_status,-0.002272618703467193
fram_comb_18,total_sequences,-0.0022730157283786245
costs_studyvisits_lim,amount,-0.0022782200025521296
delta_bb_v1,aa_change,-0.00227894241791085
own_congestionscore_exbnp_12,classification,-0.002279313186969958
own_congestionscore_exbnp_18,ecog_performance_status,-0.002281847407906915
igfbp7.v3,ishak_fibrosis_score,-0.0022823242627508437
lvedvi_12,hpv_positive_type,-0.0022848361738017223
own_congestionscore_exbnp_bl,classification,-0.0022848988539578468
igfbp7_v12,inss_stage,-0.0022858894432533023
voltage_s_v1v2_18,copy_number_variation_workflows,-0.0022903879965406626
delta_hstnt_bl_18,test_value_range,-0.002290449614321259
voltage_s_v5v6_12,copy_number_variation_workflows,-0.0022930378646421876
ant_mi,sample_type_id,-0.002293366290448127
voltage_s_v1v2_12,copy_number_variation_workflows,-0.002295767107372413
delta_ras_v12,test_value_range,-0.0022960601712500783
fram_comb_6,total_sequences,-0.0022971994931193884
delta_uric_acid_bl_12,pediatric_kidney_staging,-0.0022988540671195503
spiro.pca2.med,tissue_microarray_coordinates,-0.002299919022701933
steps_decrease_spiro_bl_6,minor_version,-0.0023000389193686115
septum_12,iss_stage,-0.0023005904440353323
delta_ras_v18,test_value_range,-0.0023016270190143366
costs_vasc_interventions,amount,-0.0023019501329426383
igfbp7_v3,inss_stage,-0.002302562516550293
anulusdilatation_12,a260_a280_ratio,-0.0023029314643942113
crp_sens_lg10,rin,-0.0023031923534701858
own_congestionscore_exbnp_3,ecog_performance_status,-0.0023032482040693477
delta_bb_v18,aa_change,-0.00230377013398923
visit18_qrs,sites_of_involvement_count,-0.002304052725879553
igfbp7_v1,inss_stage,-0.0023060020332046384
costs_total_lim_euro,ecog_performance_status,-0.002306268841229981
own_congestionscore_bl,ecog_performance_status,-0.0023079027747913224
voltage_s_v5v6_18,aliquot_volume,-0.002308038151787116
daysicu18_trauma,days_to_first_event,-0.002309210407297779
igfbp7_blall,inss_stage,-0.0023101578945004036
bradycardiaae_per_year,adrenal_hormone,-0.0023109574079688364
costs_hfmedication_total_lim,ecog_performance_status,-0.002311350031610225
delta_bb_v12_01,aa_change,-0.0023115978686440047
endostatin_bl,reason_treatment_ended,-0.002312392829074462
delta_il6_bl_18,pairs_on_diff_chr,-0.002312493602981645
ln_igfbp7_3,igcccg_stage,-0.0023138681651463365
own_congestionscore_exbnp_6,classification,-0.0023139196144754555
d_igfbp7_01,ishak_fibrosis_score,-0.0023152808210620867
endostatin_v6,reason_treatment_ended,-0.0023157575241380826
voltage_s_v1,copy_number_variation_workflows,-0.0023187239801468118
loop.pcapoor.1,test_value_range,-0.002319325891767124
voltage_s_v1v2,copy_number_variation_workflows,-0.0023199739408389175
loop_dosebl,test_value_range,-0.0023208188329191686
rasdose_bl,rhabdoid_percent,-0.0023209460144466075
p_pv_6_12,days_to_progression,-0.0023223023644593985
delta_bb_v6,aa_change,-0.0023312812588822183
own_congestionscore_exbnp_1,classification,-0.002331806679464548
delta_shbg_bl_18,test_value_range,-0.002332870117367606
crea_10_v12,cytoband,-0.00233450420269688
statin_max_bl_1,rin,-0.0023423298126005994
statin_min_bl_1,rin,-0.002342494936111164
endostatin_v6all,reason_treatment_ended,-0.0023431640809255757
rasdose_v6,rhabdoid_percent,-0.0023468130373267768
new_spiro,initial_disease_status,-0.002347071649883764
voltage_s_v1_18,aliquot_volume,-0.002347265761069437
spiro_dose_bl,prescribed_dose,-0.002347538791580012
fatigue6,karnofsky_performance_status,-0.002349702243457861
voltage_s_v1_12,aliquot_volume,-0.0023525462227450594
igfbp7_blall_100,ishak_fibrosis_score,-0.0023541343223907846
ace_di_01,aa_change,-0.0023549207838170216
costs_echo_lim,amount,-0.0023552435942094585
costs_othervisits_lim,ecog_performance_status,-0.0023624132631088943
own_congestionscore_18,ecog_performance_status,-0.002364529666927667
causemedianemia,non_nodal_regional_disease,-0.0023684886852149744
mimican_blall,copy_number,-0.002371316425333395
mcv_18,pmid,-0.002372532238240687
spiro.pca.2.compl_poor,fragment_standard_deviation_length,-0.002372691898105681
d_6mwt_bl_18,pmid,-0.002373028822915841
ace_at_v3,aa_change,-0.002374026848839989
fram_comb_12,total_sequences,-0.002374046426903282
delta_qrs_duur_bl12,test_value_range,-0.002376358156051188
any_spiro,state,-0.0023764029275912765
ace_at_v18,aa_change,-0.002383798123638414
ace_at_v12,aa_change,-0.0023847902306131947
own_congestionscore_12,classification,-0.0023875898936641018
vhf18,test_value,-0.0023890533918372405
gradientmitralklappe_12,gleason_score,-0.0023913979028585674
mimican_v6all,copy_number,-0.002393298947981116
own_congestionscore_6,classification,-0.0023951326081416333
ace_at_v1,aa_change,-0.002395292116238695
ln_igfbp7_12,blood_test_normal_range_upper,-0.002395662429994006
septum_18,ann_arbor_clinical_stage,-0.002396549058255696
osteopontin_bl,ovarian_specimen_status,-0.002398216836065986
strf_logferritin_1_1.5,pathology_report_uuid,-0.0023995490549775086
d_igfbp7.bl_6,dbgap_accession_number,-0.002399713267880478
lvedvi_18,pmid,-0.0024027005160959605
delta_bb_v3,aa_change,-0.0024037207001382545
ace_at_bl,aa_change,-0.002404466791294446
loop.pca.2.locf,test_value_range,-0.002405644206914814
delta_sflt_bl_12,test_value_range,-0.0024057870205393007
fu_hosp_lim,test_value_range,-0.002407020286758831
ace_at_v6,aa_change,-0.002407272221526788
delta_nbnp_bl_12,margin_distance,-0.0024075485909318783
own_congestionscore_3,classification,-0.0024077451304044713
loop_decrease_1_3,number_of_cycles,-0.002410389686628359
delta_sflt_bl_6,test_value_range,-0.002414997209291257
delta_prea_bl_12,aa_change,-0.0024198393651778073
visit12_lbbb,demographics,-0.0024198713882115654
spiro.pca.1.compl_poor,fragment_standard_deviation_length,-0.002421099646089323
crea_10,cytoband,-0.0024220600335662103
strf_logferritin_3_1.5,pathology_report_uuid,-0.002423144567211886
living_home_not_alone,family_histories,-0.0024238178097604752
rasdose_v12,rhabdoid_percent,-0.002424825093528506
delta_uric_acid_bl_18,tumor_level_prostate,-0.002427147446431687
il6_v6_lg10,double_hit_lymphoma,-0.0024304663075796914
spiroat_v18,state,-0.0024305151768539575
cough18,secondhand_smoke_as_child,-0.002432328803647384
delta_nbnp_bl_18,margin_distance,-0.0024331164792170813
ln_igfbp7_bl,blood_test_normal_range_upper,-0.002434475409284725
composite_eplim_packer,library_preparation_kit_catalog_number,-0.002434613821639169
mcv_6,hpv_positive_type,-0.002437768318116271
spiro_min_1_3,fragment_minimum_length,-0.0024415828533318343
fu_hosphf_lim,distance_normal_to_tumor,-0.002442544910255979
delta_prea_bl_18,aa_change,-0.002442584673454295
jugularvein_01,barretts_esophagus_goblet_cells_present,-0.0024435836099860387
statin_max_3_6,rin,-0.0024459050522816243
own_congestionscore_1,classification,-0.0024479609006953277
statin_min_3_6,rin,-0.002450336827678683
pvar_12,days_to_progression,-0.002450582388193475
strf_logferritin_6_1.5,pathology_report_uuid,-0.0024509590762019505
il6_v1_lg10,double_hit_lymphoma,-0.0024522823408054555
statin_min_1_3,rin,-0.002452472050721086
ln_glucagon_v1_corr,pancreatitis_onset_year,-0.0024526045441261623
costs_rehab_per_year,amount,-0.0024543447152402566
osteopontin_v6,ovarian_specimen_status,-0.0024549366101770235
il6_v12_lg10,double_hit_lymphoma,-0.0024555330581517653
mcv_12,hpv_positive_type,-0.002455573580189744
vlakkettoppenprecordiaal_18,state,-0.002455587694607467
cody_congestion_bl,classification,-0.0024586191072913078
igfbp7_bl_z,inss_stage,-0.00245983674141379
delta_prea_bl_6,aa_change,-0.0024600382892281556
pvar_18,analyte_volume,-0.002460779523810507
aread4ch_18,locus,-0.0024614316706164777
plgf_sflt1_v1,a260_a280_ratio,-0.0024641879280386885
fu_nursinghome,comorbidities,-0.0024649763624480484
plgf_sflt1_v3,a260_a280_ratio,-0.0024661885329249605
vhf3,test_value,-0.0024692723055455153
rasdose_v3,rhabdoid_percent,-0.0024709265760098124
aread2ch_12,locus,-0.0024729707382927127
plgf_sflt1_v18,a260_a280_ratio,-0.0024748330825924733
aread2ch,locus,-0.0024756972492001525
il6_v18_lg10,double_hit_lymphoma,-0.0024761272077529375
bnp1_decrease,aa_change,-0.0024786423059303987
il6_v18,icd_10,-0.0024788872593734606
sst2_log2_v3,coal_dust_exposure,-0.002478933093289077
memory_18,chip_id,-0.0024791141524325546
memory7_bl_or_12,chip_id,-0.0024799139694368522
d_mimecan.bl_6,pmid,-0.0024800719598545894
strf_logferritin_1_0.8,basic_statistics,-0.002480572035192191
sst2_log2_v6,pmid,-0.002482178802293614
d_mimecan_bl_6,dlco_ref_predictive_percent,-0.0024829517563738587
spiroat_bl,samples,-0.002483081366188217
statin_max_1_3,rin,-0.00248317789059329
any_hyper_k,fastq_name,-0.0024856039009943714
cough1,smoking_frequency,-0.0024867089233109353
hstnt_bl_lg10,test_value,-0.0024929869556069087
macvisuell_18,uicc_pathologic_stage,-0.002493340119585846
endostatinv6,pmid,-0.0024936149713116113
il6_delta_bl_v6,dlco_ref_predictive_percent,-0.002494949922045919
macvisuell_12,uicc_pathologic_stage,-0.0024988617405062178
spiroat_v1,state,-0.002500724995413573
sst2_log2_v18,ajcc_clinical_t,-0.0025010245853123365
bnp3_decrease,minor_version,-0.002505884042743192
aread4ch_12,locus,-0.0025059729787516396
anulusdilatation_18,analyte_quantity,-0.0025067620202327296
visit12_qrs,sites_of_involvement_count,-0.0025076591204817623
bradycardiaae_py03,mitosis_karyorrhexis_index,-0.002508163597089407
spiroat_v12,state,-0.0025085408921696126
numberhosp18_rhythm,cytoband,-0.002508851409359516
endostatinv18,pmid,-0.0025108362303808075
plgf_sflt1_v12,a260_a280_ratio,-0.002511319914781699
vlakkettoppenprecordiaal_12,test_value,-0.002512545896140469
p_pv_bl_6,biospecimen_volume,-0.002513479572461235
p_egfr_bl_1_mdrd,prostatic_involvement_percent,-0.0025159524791534605
efgeschätzt_delta_12,ajcc_staging_system_edition,-0.0025162775660648846
totaldurationhypokalemia_per_year,exposure_duration_years,-0.0025169327482295056
bnp_delta_bl_v6,pairs_on_diff_chr,-0.0025170004367274026
il6_v6,uicc_clinical_stage,-0.002517919543326649
d_bnp3,dlco_ref_predictive_percent,-0.0025189471639976355
p_pv_bl_12,biospecimen_volume,-0.0025231429402596496
sst2_log2_v1,ajcc_clinical_t,-0.002525763213614336
sum_increases_bl_6,total_sequences,-0.0025288063124289805
cody_congestion_18,classification,-0.00252977110117591
strf_logferritin_12_1.5,pathology_report_uuid,-0.002530072056986066
stroke,vascular_invasion_present,-0.0025302777025346095
septumdiast_12,ann_arbor_clinical_stage,-0.00253488234160679
cody_congestion_6,classification,-0.0025363509998896343
memory_12,chip_id,-0.0025364446407039895
cody_congestion_12,classification,-0.0025369448678095236
il6_v12,icd_10,-0.0025371046794424507
cody_congestion_3,classification,-0.0025393640486536424
cysc_delta_bl_v6,test_value_range,-0.002540732691868966
p_egfr_bl_3_cg,chipseq_antibody,-0.0025411838979323017
recording_18,sample_type_id,-0.0025443555441857766
hypothyreose,preservation_method,-0.002545970506755555
relpossbradycardia,primary_disease,-0.0025471564213801435
costs_total_wo_resid,ecog_performance_status,-0.002547265997827412
il6_v3_lg10,double_hit_lymphoma,-0.0025477498339962355
strf_logferritin_3_0.8,basic_statistics,-0.0025480230162747432
d_dasi_bl_12,dysplasia_type,-0.0025516645360472517
stfr_logferritin_v3,percent_stromal_cells,-0.0025517728983510597
bariche_hr,bcr_id,-0.0025531743234398045
d_bnp12,dlco_ref_predictive_percent,-0.0025543456683428728
bb.pca.2.compl_poor,tissue_microarray_coordinates,-0.002555518834461131
ln_opn_18,oxygen_use_indicator,-0.0025557756258029283
delta_ras_v6,test_value_range,-0.002557236543921215
septumdiast_18,iss_stage,-0.002558717495406592
coughproductive,smoking_frequency,-0.0025615680007148875
strf_logferritin_6_0.8,basic_statistics,-0.0025616636145123655
cvi01,copy_number_variation_workflows,-0.0025624473441158177
il6_bl,test_value_range,-0.002562717491035675
any_memory7,chip_id,-0.002562783661854247
aortenanulusdilatation_18,a260_a280_ratio,-0.002563198291845849
pvar,analyte_volume,-0.002563580443499895
mcv_bl,viral_hepatitis_serologies,-0.002564565417381848
p_egfr_bl_1_cg,prostatic_involvement_percent,-0.002564753609618153
costs_interventions,amount,-0.002566336245618308
plgf_sflt1_v6,a260_a280_ratio,-0.0025681729411374753
steps_increase_bb_bl_6,days_to_progression,-0.0025681878143948606
nyha3_improved,per_sequence_quality_score,-0.0025701623151967415
bradycardiaaes,mitosis_karyorrhexis_index,-0.00257150940736565
plgf_sflt1_bl,a260_a280_ratio,-0.002572215128251795
vormsves_a_18,ajcc_pathologic_stage,-0.0025733281942687813
osteopontin_v12,ovarian_specimen_status,-0.0025756056238639413
cody_congestion_1,classification,-0.002576469183399891
delta_qrs_duur_bl18,test_value_range,-0.00257715881688519
strf_logferritin_18_0.8,basic_statistics,-0.0025802421342019477
avblock_18,freezing_method,-0.0025820181225481133
memory_bl,chip_id,-0.00258296758273386
pvardur_12,sample_ordinal,-0.002583251085231778
crea1,cytoband,-0.0025836890874849855
memory18_group,chip_id,-0.0025838241609449143
combined_congestion_score_12,ecog_performance_status,-0.002583954681366868
strf_logferritin_12_0.8,basic_statistics,-0.0025841799049787046
bb.pca.1.compl_poor,tissue_microarray_coordinates,-0.0025843447249534043
fgf23_pg_v6_lg10,gleason_patterns_percent,-0.0025857279378902484
d_endostatin_all,test_value_range,-0.002585849959307982
numberhosp_cardiac,blood_test_normal_range_upper,-0.0025872741495866023
osteopontin_v18,ovarian_specimen_status,-0.00258772247205922
fgf23_pg_v12_lg10,fev1_fvc_post_bronch_percent,-0.0025891572860931157
combined_congestion_score_bl,ecog_performance_status,-0.0025893181601015706
memory7_bl,chip_id,-0.0025896726899919003
combined_congestion_score_1,ecog_performance_status,-0.002589761322464483
fgf23_c_pg_bl,percent_gc_content,-0.002590219965156511
d_crea6,test_value,-0.0025907341549118354
aortenanulusdilatation_12,pmid,-0.0025942412082961453
spiro.pca.1.locf,tissue_microarray_coordinates,-0.002595183080085267
glucose,analyte_quantity,-0.0025954954184903606
jugularvein,biospecimen_volume,-0.002595629581342695
mcs18,pmid,-0.0025970307028955744
spiro.pca.3.locf_poor,test_value_range,-0.0025973579145580536
statin_maxbl,rin,-0.002598530170068717
delta_bp_standing_lying,margin_distance,-0.0025991448301953594
grössemkprothese_18,gleason_grade_tertiary,-0.0025992622985751175
criterium_p_v1_a_12,ajcc_clinical_stage,-0.002603288094752727
p_egfr_bl_1_ckd,prostatic_involvement_percent,-0.002603846297208478
antidepress,other_clinical_attributes,-0.0026050452638752618
urea_bl_z,doi,-0.002605435003925933
diffabs_echo_ef_bl,dlco_ref_predictive_percent,-0.002607515438744702
vhf12,test_value,-0.0026094553364579723
d_bnp6,test_value,-0.0026106260742893104
constipation_per_year,comorbidity,-0.002611846288466645
loop.pca.1.compl_poor,tumor_level_prostate,-0.0026129232337156953
strf_logferritin_bl_1.5,basic_statistics,-0.0026149314269985923
bariche_nyha12,bcr_id,-0.002615222517893136
bb.pca.3.compl_poor,tissue_microarray_coordinates,-0.0026178921158258863
@6mwt_noncard_lim,fragment_standard_deviation_length,-0.0026186697747120386
sst2_log2_bl,uicc_clinical_t,-0.0026187693344757613
combined_congestion_score_6,ecog_performance_status,-0.0026194814296150717
tdi_e_lat_m,submitted_tangent_copy_numbers,-0.0026208525011173155
spiroat_v3,state,-0.002620949632594118
nyha_12,sample_ordinal,-0.002622140403792547
loop_dose_3_6,test_value_range,-0.0026228497671090725
hyperkalemiaae_per_year,blood_test_normal_range_lower,-0.002624747169801241
pulmonalisdiverses_18,diagnoses,-0.002625057079919415
hwsyst_18,iss_stage,-0.0026251411593540223
combined_congestion_score_18,ecog_performance_status,-0.002626472164122085
low_voltage_precor_18,no_matched_normal_low_pass_wgs,-0.002627376093928081
d_mcs12,pmid,-0.002628490677624392
hyperuricemia,tumor_level_prostate,-0.0026287347204598595
ln_gliclentin_v1_corr,gleason_patterns_percent,-0.002629184560611802
avblock_12,freezing_method,-0.0026305753619452715
bandid_12,instrument_model,-0.0026322259899791882
bariche_nyha,bcr_id,-0.002633056160569987
ln_igfbp7_18,blood_test_normal_range_upper,-0.002633762792063727
d_ln_opn_6_bl,pmid,-0.0026340198869413893
bariche_hr12,bcr_id,-0.002635064353852884
combined_congestion_score_3,ecog_performance_status,-0.0026371915331948642
firstbradycardiaae,adrenal_hormone,-0.002638483078300476
fgf23_c_pg_v3_lg10,fev1_fvc_pre_bronch_percent,-0.002639229472992532
mam_12,analyte_quantity,-0.0026398423119039847
statin_bl_01,rin,-0.0026410421891783636
ln_glucagon_v1,gleason_score,-0.00264144376712777
pvs_12,aliquot_volume,-0.002641604034064495
osteopontin_v1,ovarian_specimen_status,-0.002642284561473844
memorybl_group,chip_id,-0.002642741079414817
visit,sites_of_involvement_count,-0.002642781449684863
hscrp_delta_bl_v6,pairs_on_diff_chr,-0.0026434258563262764
bnp3_reached,dbgap_accession_number,-0.0026437797791448764
hf_ischemic,vascular_invasion_type,-0.0026448876850521576
coughproductive_bl01,transglottic_extension,-0.002644937768469884
criterium_p_v1b_a_12,ajcc_clinical_stage,-0.0026452613377019834
rasdose_v1,rhabdoid_percent,-0.0026454307107146584
vcimax_18,copy_number_variation_workflows,-0.0026466585132886183
orthostasis18,pmid,-0.0026467119356008597
loop.pca.2.compl_poor,tumor_level_prostate,-0.0026497770407657166
d_fram_com_1_3,dysplasia_type,-0.0026508272748586464
steps_increase_ras_bl_6,days_to_progression,-0.0026520052975507447
bariche_bpsyst,bcr_id,-0.002652331598605629
septumsyst_12,iss_stage,-0.002655846240386564
clinical_congestion_score_12,ecog_performance_status,-0.002656524643044858
orthostasis6,ovarian_surface_involvement,-0.002657719360209532
pulmonalisdiverses_12,diagnoses,-0.0026578781094669314
diuretics.pca.1.locf_poor,pediatric_kidney_staging,-0.002658800251424828
criterium_p_duur_iib_18,rhabdoid_percent,-0.0026595205420324934
clinical_congestion_score_bl,ecog_performance_status,-0.0026605938448511636
pm_bl,a260_a280_ratio,-0.00266221715465723
predicted_tto_25,test_value,-0.0026630810177290442
rasdose_v18,rhabdoid_percent,-0.0026633390232143014
stfr_logferritin_v18,pmid,-0.0026641810317038356
tdi_a_lat_m,submitted_tangent_copy_numbers,-0.0026641852812059456
wrf05_any_plus1,test_value,-0.0026642581298135476
cluster_3,clonality,-0.0026664405526829597
memory7_12,chip_id,-0.002666555289239933
aread4ch,locus,-0.0026687222317802292
prea_bl_z,a260_a280_ratio,-0.002669156288067192
il6_v1,test_value_range,-0.0026691805709363925
nh_2wk,state,-0.002669303199425856
d_tam12,dlco_ref_predictive_percent,-0.002669521745248662
dasi_bl,doi,-0.002669759110295099
d_bnp1,dlco_ref_predictive_percent,-0.002670930758734032
bandid_18,instrument_model,-0.0026714309858395665
endostatinbl,test_value_range,-0.002671696276185584
hwdiast_18,iss_stage,-0.0026718173869957223
tomslagpunt_12,ensat_pathologic_t,-0.002672186486607573
stfr_logferritin_v1,fragment_standard_deviation_length,-0.0026722195720168588
spiro.pca.3.locf,test_value_range,-0.00267244206380591
clinical_congestion_score_1,classification,-0.002673286804118229
spiro.pca.2,pmid,-0.0026742453703799264
tam_12,a260_a280_ratio,-0.002674742865662675
diuretics.pca.2.locf_poor,pediatric_kidney_staging,-0.0026762396010130327
mcs12,pmid,-0.0026766566592915544
p_crea3,rin,-0.002676838477274695
totaldurationconstipation_per_year,columnar_mucosa_present,-0.0026768870430130963
memory7_18,chip_id,-0.0026774722601608327
clinical_congestion_score_6,ecog_performance_status,-0.002678040479300129
dasi_12,doi,-0.002683501393047499
bariche_bpsyst12,bcr_id,-0.0026855678652164777
vtipulmonalis,vascular_invasion_present,-0.002686157331866324
rhythm,cytoband,-0.0026862760143895425
lc,double_hit_lymphoma,-0.002687169016904398
d_dasi_bl_18,dysplasia_type,-0.002688586225858123
sum_decreases_bl_6,aa_change,-0.0026895472204067406
nyha_18,sample_ordinal,-0.0026906180949384908
osteopontin_v3,ovarian_specimen_status,-0.002692458129352173
sumbradycardiaaeseverity,somatic_aggregation_workflows,-0.002693822523065387
vormsves_12,test_value,-0.0026938376998586373
relposshyperkalemia,rhabdoid_percent,-0.00269657953932726
orthostasis,ovarian_surface_involvement,-0.0026971204402387056
d_bnp18,dlco_ref_predictive_percent,-0.002697566941496133
relposshypokalemia,rhabdoid_percent,-0.0026986757580110096
glucagon_v1datafromplates,gleason_score,-0.002699169914399244
spiroat_v6,state,-0.002699421242095471
nyha1_iii,sample_ordinal,-0.0027012752391589435
stfr_logferritin_v6,pmid,-0.002701748451572492
criterium_p_duur_ii_12,sample_ordinal,-0.002701776680407938
clinical_congestion_score_3,ecog_performance_status,-0.002702954096028306
bnp6_red,blood_test_normal_range_upper,-0.002703695634146522
spiro.pca.3,pmid,-0.00270379549744611
d_fram_com_1_6,test_value_range,-0.002707349295353631
pvs,biospecimen_volume,-0.002707464942518199
clinical_congestion_score_18,ecog_performance_status,-0.0027079299594633924
costs_residence,ecog_performance_status,-0.0027082092124592005
e_e_lat_18,test_value_range,-0.0027085789191427807
orthostasis01,ovarian_surface_involvement,-0.002708947108147036
mam_18,analyte_quantity,-0.002710243206290623
max_delta_spiro_bl_6_03,longest_dimension,-0.0027105682932020473
d_crea18,test_value,-0.002711401802687361
bnp18_reached,therapeutic_levels_achieved,-0.002712426236231765
p_egfr_bl_3_ckd,tumor_level_prostate,-0.0027135383916411567
d_crea_3_incr_decr,test_value_range,-0.0027135702629069824
shbg_bl_z,fragment_standard_deviation_length,-0.0027149467980547965
costs_visits_per_year,ecog_performance_status,-0.0027175150150086343
low_voltage_precorb_18,no_matched_normal_low_pass_wgs,-0.00271771109917743
d_crea3,dlco_ref_predictive_percent,-0.0027199214473464226
block_12,per_tile_sequence_quality,-0.0027211398403085675
cluster_1,clonality,-0.0027214370019204106
ln_mimecan_18,test_value,-0.002722183396612467
cluster_2,clonality,-0.002724752827709765
p_crea1,test_value_range,-0.0027251956865368123
vcimax,test_value_range,-0.002726061977895547
tomslagpunt_18,uicc_clinical_t,-0.0027262480453807973
loop.pca.1.locf,test_value_range,-0.002726371584477856
urea_v12,pmid,-0.0027266077353808324
spiro.pca.2.locf,pmid,-0.0027271622954062034
mem_deter_bl_18,intermediate_dimension,-0.002728667529760781
grössemkprothese_12,gleason_grade_tertiary,-0.0027293829637946064
e_em_lat,source_center,-0.002729796986714478
nyha_6,inrg_stage,-0.0027304480711449215
criterium_p_v1_a_18,ajcc_clinical_stage,-0.002732084432993183
strf_logferritin_bl_0.8,basic_statistics,-0.002732186117507961
p_justas_bl_3,pmid,-0.0027324504972463834
glucagon_v1datawithcorrectionfactor,gleason_score,-0.002734024937778183
bnp1_reached,per_base_n_content,-0.002734150601626297
pci,chip_position,-0.0027345030067655717
loop.pca.3.locf,test_value_range,-0.0027349234039386085
totaldurationhypokalemia,histone_variant,-0.00273532225006523
d_crea_12,dlco_ref_predictive_percent,-0.002736000956259389
ln_opn_12,oxygen_use_type,-0.002736914599213065
prea_v12,test_value,-0.0027374573213397005
costs_hf_hosp,amount,-0.0027406914959813675
carotistea,blood_test_normal_range_upper,-0.0027412363428590577
orthostasis3,ovarian_surface_involvement,-0.002743818218926821
nocturia6,cog_renal_stage,-0.002743962701998565
diuretics.pca.3.locf_poor,therapeutic_target_level,-0.002744564613618877
criterium_p_duur_ii_18,sample_ordinal,-0.0027447121320492715
egfr_mdrd_18,a260_a280_ratio,-0.002745112799391083
d_dasi12,test_value_range,-0.002745537749602095
plgf_v18,test_value_range,-0.002746137840007217
vlakkettoppenextremiteitsafleidingen_18,iss_stage,-0.0027463679201928937
costs_hosp_total,ecog_performance_status,-0.002747443347762619
e_e_lat,test_value_range,-0.002748075005897702
stfr_logferritin_v12,fragment_standard_deviation_length,-0.00274906453281763
egfr_cg_1,epithelioid_cell_percent,-0.002749627288311356
tam_18,extrathyroid_extension,-0.002750463529619455
d_crea_1,dlco_ref_predictive_percent,-0.00275310186335811
p_egfr_bl_3_mdrd,tumor_level_prostate,-0.0027533817234256476
pvd_18,aliquot_volume,-0.0027545904032401118
d_crea_18,dlco_ref_predictive_percent,-0.0027551771380671737
lc18,dlco_ref_predictive_percent,-0.002755473692607287
mch_6,proportion_coverage_30x,-0.0027558464346495175
orthostasis12,ovarian_surface_involvement,-0.0027558482558647074
d_ef_bl_v18,test_value_range,-0.002756707565898547
p_justas_bl_1,days_to_progression,-0.002757072112472422
spiro_max_3_6,treatment_dose_max,-0.002757179564168635
edemahist18,ajcc_staging_system_edition,-0.002757263947139108
pbreedte_v1_18,pmid,-0.002757827613240429
d_crea1,dlco_ref_predictive_percent,-0.002758461092590702
bariche_6mwt,bcr_id,-0.002760557918346181
jv_1_02,ajcc_clinical_stage,-0.002761148599139488
cvaes,test_value,-0.002761465794118422
d_mcsbl_18,pmid,-0.0027626019288611494
crea3,test_value,-0.0027633519659835855
sleeping_pill,drug_category,-0.0027638822431397558
bsa_18,breslow_thickness,-0.002764292320093382
ras_increase_bl_3,growth_rate,-0.0027643090145659578
nyha_3,inrg_stage,-0.002765123097755911
totaldurationvascular,time_between_excision_and_freezing,-0.002765628181435285
vcimax_12,vascular_invasion_present,-0.0027661818308530608
plgf_v6,test_value_range,-0.0027668059005915187
tdi_syst_lat_m,submitted_tangent_copy_numbers,-0.002768825324701421
bnp_v6_lg10,test_value,-0.002768928830431389
bnp3_red,blood_test_normal_range_upper,-0.002771603588473845
ln_opn_6,oxygen_use_type,-0.0027719116773768284
egfr_cg_18,epithelioid_cell_percent,-0.0027726498766005294
bnp_bl_lg10,double_hit_lymphoma,-0.002772810750608984
loop.pca.3.compl_poor,tissue_microarray_coordinates,-0.0027739329227019207
ln_opn_1,oxygen_use_indicator,-0.002774113830077466
nbnp_barbed,library_strand,-0.0027756409190143245
pnd_1_01,a260_a280_ratio,-0.0027778691757993526
criterium_p_v1b_a_18,pmid,-0.0027779429350145496
stfr_logferritin_bl,pmid,-0.0027804398210401105
hstnt_v6_lg10,test_value,-0.0027815234440781915
hstnt_bl,hepatitis_sustained_virological_response,-0.002781941412964308
hscrp_bl_z,haart_treatment_indicator,-0.0027832120140952343
increase_igfbp7,growth_rate,-0.0027845539461544373
d_crea_6,dlco_ref_predictive_percent,-0.0027851877290405755
d_crea_3,test_value_range,-0.002786724227589249
maxconstipationaeseverity,longest_dimension,-0.0027867391008466343
lc12,test_value_range,-0.0027873449584331915
bnp6_ln,pmid,-0.0027879071068551875
pnd_bl_01,pmid,-0.0027887172440788956
shbg_bl,pmid,-0.0027894906534629373
bnp1,breslow_thickness,-0.002792183320121429
pvd,analyte_volume,-0.0027925190307881284
criterium_p_v1_12,pmid,-0.0027927014558429986
vtipulmonalis_18,copy_number_variation_workflows,-0.0027930174366784725
vcigestaut_12,copy_number_variation_workflows,-0.0027945129578853703
pnd_bl01,a260_a280_ratio,-0.002795005596594279
hstnt_v3_lg10,test_value,-0.002795260870256751
costs_card_interventions,ecog_performance_status,-0.002795460900391792
hstnt_v1_lg10,test_value,-0.002795918025404495
nh_30,state,-0.002798060078003861
d_mcsbl_12,pmid,-0.0027984012523161305
egfr_mdrd_6,a260_a280_ratio,-0.002798981005818297
egfr_mdrd_12,bcr_id,-0.002799829388560996
deltappi_12,aa_change,-0.002799859438611632
predicted_tto_01,test_value,-0.0028001723840884556
lc6,test_value,-0.002801136110459858
fgf23_c_pmol_bl_lg10,fev1_fvc_pre_bronch_percent,-0.00280384334683987
edemahist3_01,primary_disease,-0.0028038639872786904
dcm,test_value,-0.0028039432101394576
criterium_p_duur_iib_12,sample_ordinal,-0.002804481682763983
vormsves_a_12,ajcc_pathologic_stage,-0.002805820579464536
perc_uric_acid_bl_12,peritoneal_washing_results,-0.0028091121223846895
plgf_v1,test_value_range,-0.002810742717051516
pbreedte_v1_12,test_value,-0.0028116915701655327
egfr03_mdrd_18,a260_a280_ratio,-0.0028117498490516143
d_nyha6,dysplasia_type,-0.0028119665736592307
bnp0_ln,breslow_thickness,-0.0028125636287057026
nyha_bl,inrg_stage,-0.0028127466608323026
costs_fu_womedi,ecog_performance_status,-0.002813464219617183
bnp_v1_lg10,dbgap_accession_number,-0.0028135750102079114
vtiak_18,vascular_invasion_present,-0.0028147166085962087
hb12,test_value_range,-0.0028154411487059843
orthostasis1,ovarian_surface_involvement,-0.0028161617428495147
urea_v18,doi,-0.002816245822284122
numberhosp18_syncope,pmid,-0.0028220770497868024
vlakkettoppenextremiteitsafleidingen_12,vascular_invasion_present,-0.0028228762597193703
vtipulmonalis_12,vascular_invasion_present,-0.0028253182057533647
d_opn.bl_6,test_value,-0.002825569533449592
ln_opn_3,oxygen_use_type,-0.0028265132264539035
d_ef_bl_v12,dlco_ref_predictive_percent,-0.002828430055441433
areas4ch_12,locus,-0.0028285429707832163
cough12,state,-0.0028287736580406226
areas4ch_18,loci_count,-0.0028296599827664476
uric_acid_delta_bl_v6,tumor_level_prostate,-0.0028300312071293534
egfr03_mdrd_3,a260_a280_ratio,-0.0028305708938973387
uricacid_bl_z,doi,-0.0028316111113067233
vhf6,test_value,-0.0028329308852477805
spiro.pca.2.locf_poor,test_value_range,-0.002833303323754146
d_nyha3,dlco_ref_predictive_percent,-0.0028335995747583945
dasi_18,doi,-0.0028343784477880066
egfr03_mdrd_12,test_value_range,-0.002834563301129797
deltappi_18,aa_change,-0.002835420486412581
na18,test_value,-0.0028359814206911174
spiro.pca.1,pmid,-0.0028365159473493972
egfr_mdrd_1,bcr_id,-0.0028368027887418303
d_bnp_03,dlco_ref_predictive_percent,-0.0028368027887418303
pp_18_standing,tumor_level_prostate,-0.00283784027432843
pbreedte_v1b_18,pmid,-0.002839041669282134
egfr03_mdrd_6,test_value_range,-0.0028394471931977856
d_fram_com_bl_1,test_value_range,-0.002839782296792755
mimecan_v12,pmid,-0.002839924048041714
urea_v1,doi,-0.0028403250189193907
bnp_v3_lg10,pmid,-0.002840738434767532
pp_6_standing,tumor_level_prostate,-0.002840796106581884
bsa_12,per_base_n_content,-0.0028409937084300043
edemahist1_01,primary_disease,-0.0028423286591643124
d_nyha12,dysplasia_type,-0.00284278123113904
mimecanbl,pmid,-0.002843436261535729
bnp_lg10,test_value,-0.0028434614550125244
urea_v3,doi,-0.002843783203029434
areas2ch_12,locus,-0.0028437877560674087
fgf23_pg_bl_lg10,gleason_patterns_percent,-0.0028441601945737743
fgf23_c_pmol_v6_lg10,fev1_fvc_pre_bronch_percent,-0.0028442813053839128
bnp1_ln,dbgap_accession_number,-0.002844858023527429
low_voltage_precor_12,no_matched_normal_low_pass_wgs,-0.0028454678270802315
egfr_mdrd_3,a260_a280_ratio,-0.002846971240219619
bnp6decrease_blmedian,dbgap_accession_number,-0.0028470890121352426
egfr03_cg_18,epithelioid_cell_percent,-0.0028504294243296624
pulmonalisdiverses,pathology_details,-0.0028526546457560407
cough3,inrg_stage,-0.0028527551161273584
nh_1wk,state,-0.0028535072780008497
bnp12decrease_blmedian,is_ffpe,-0.0028554007347267735
rvareasyst_18,rin,-0.002856294040777494
septumsyst_18,iss_stage,-0.00285633683933446
fu_hosp_card,chip_position,-0.0028567730203724775
bnp12_ln,pmid,-0.002857014331385159
ln_mimecan_12,double_hit_lymphoma,-0.0028599580222040126
d_nyha18,dlco_ref_predictive_percent,-0.002860142875545803
vtilvot_18,chromosomal_translocation,-0.002860489817039508
bariche_6mwt12,test_value,-0.002861021004803273
uric_acid_v3,tumor_level_prostate,-0.0028625629669975167
ln_mimecan_bl,double_hit_lymphoma,-0.002862605765554483
d_ln_mimecan_6_bl,pmid,-0.0028635178908288338
pbreedte_v1b_12,test_value,-0.0028655534023395816
bnp1decrease_blmedian,per_base_n_content,-0.0028656213943733435
loop.pca.2.locf_poor,tissue_microarray_coordinates,-0.002865698492483056
pvardur_18,sample_ordinal,-0.0028658244598670345
crea18,pmid,-0.0028662670151582167
ras_increase_06,growth_rate,-0.002867567059268049
bb.pca.3.locf_poor,no_matched_normal_low_pass_wgs,-0.0028683717328461867
bnp1_red,blood_test_normal_range_upper,-0.002868693177327231
d_gds12,gleason_grade_tertiary,-0.0028690741148378164
bnp6,test_value,-0.0028693900956732908
bnp_v12_lg10,breslow_thickness,-0.002869396773462321
loop.pca.1,tissue_microarray_coordinates,-0.002869837507538313
trifasciculairblok,chipseq_antibody,-0.0028704072443569346
uptitration_rel_per_y,aa_change,-0.0028704491323063054
vtaes,state,-0.002871687862171406
loop_dose_1_6,treatment_dose,-0.002872439113437302
uric_acid_bl,tumor_level_prostate,-0.0028725265317664245
uric_acid_v1,tumor_level_prostate,-0.0028731612252601577
bnp12_red,blood_test_normal_range_upper,-0.002873678753909997
pp_12_standing,tumor_level_prostate,-0.002875123888163303
pp_bl_standing,tumor_level_prostate,-0.002875289922281463
prea_v6,library_preparation_kit_version,-0.0028758368939102085
pp_18,tumor_level_prostate,-0.002876270343125441
nocturia01,cog_renal_stage,-0.002876562648163444
nyha3_mis,sample_ordinal,-0.002877506644703621
vcimin_18,vascular_invasion_present,-0.0028778444801213754
dementiaae_per_year,supratentorial_localization,-0.0028793576064084433
loop_change_total_1_3,aa_change,-0.002879440471699591
ln_opn_bl,double_hit_lymphoma,-0.0028798927401384538
plgf_v3,test_value_range,-0.0028800958056321444
septumdiast,iss_stage,-0.00288240085699102
relpossanemia,cog_rhabdomyosarcoma_risk_group,-0.002882567194645045
diuretics.pca.2,tumor_level_prostate,-0.002884789684248638
nyha6_improved,sample_ordinal,-0.0028849633067634228
prea_v3,a260_a280_ratio,-0.0028850665089575254
diuretics.pca.3,tumor_level_prostate,-0.0028850844175735612
vcimin_12,vascular_invasion_present,-0.002885506939497653
hstnt_v12_lg10,test_value_range,-0.0028865808493880535
p_crea12,test_value_range,-0.002886957537396529
mimecan_bl_z,test_value,-0.002887195813050561
orthostasis_bl01,ovarian_surface_involvement,-0.002887439248814298
pp_3_standing,days_to_progression,-0.0028879589022151927
köfmitralplanimetrie_18,kmer_content,-0.002888104295894532
ibp7v1,test_value,-0.0028882706335485566
hstnt_v12,hepatitis_sustained_virological_response,-0.0028889028987553697
hba1c,hepatitis_sustained_virological_response,-0.002889832325574026
shbg_v12,fragment_standard_deviation_length,-0.002890581148553002
d_fram_com_bl_3,dlco_ref_predictive_percent,-0.0028907147043336057
nsar_ir,test_value,-0.0028907213821226362
edemahist6_01,primary_disease,-0.002891066502401151
vtiak_12,vascular_invasion_present,-0.0028924955492536115
bariche_bnp,bcr_id,-0.002893349092106016
pnd_3_01,a260_a280_ratio,-0.0028942508971609563
mem7_12,uicc_clinical_m,-0.0028946385124605724
bnp3decrease_blmedian,chipseq_antibody,-0.0028947453570850553
cluster,clonality,-0.0028957257779290333
totaldurationbradycardiaae_per_year,year_of_birth,-0.0028957968053214453
bnp18_ln,dbgap_accession_number,-0.002895905471161118
egfr_cg_3,chipseq_target,-0.0028961564953214804
egfr_cg_12,epithelioid_cell_percent,-0.002896533486865821
cysc_uptitr_6,aa_change,-0.0028981297819799016
edema_hist01,ajcc_staging_system_edition,-0.0028986248489757302
bariche_bnp12,bcr_id,-0.002898950542958885
hscrp_v12,morphology,-0.0028995111737015558
exerciseintolerance,bmi,-0.0028995363671783514
egfr_cg_bl,epithelioid_cell_percent,-0.002900045093288106
typmitral_12,ensat_pathologic_t,-0.0029001759172459242
dayshosp18_hypotension,exposure_duration_hrs_per_day,-0.0029010276388831387
egfr_cg_6,epithelioid_cell_percent,-0.002901106558208041
prea_v1,a260_a280_ratio,-0.0029020672492207932
loop.pca.3,tissue_microarray_coordinates,-0.002902803020157574
blace,amount,-0.0029036334942842378
oak_v1,ann_arbor_clinical_stage,-0.0029037288045458505
pqduur_18,read_group_qcs,-0.002904183197735768
bb.pca.2.locf_poor,no_matched_normal_low_pass_wgs,-0.0029051715105122364
rehabs,released,-0.0029053624345713267
hstnt_v18,hepatitis_sustained_virological_response,-0.00290688618461367
rvareadiast_18,a260_a280_ratio,-0.002909589475027437
areas2ch_18,loci_count,-0.0029102241685211696
jv_bl_02,ajcc_clinical_stage,-0.002910351046512743
d_fram_com_bl_6,dlco_ref_predictive_percent,-0.002910980883432636
statin_mean_3_6,average_base_quality,-0.0029109869541499365
ventriculaireextrasystole_18,vascular_invasion_type,-0.002912954473626922
hscrp_v18,morphology,-0.0029130598005720804
diu_decrease_bl,fragment_minimum_length,-0.0029141935070278874
diuretics.pca.1,cog_renal_stage,-0.002914678253804306
urea_v6,a260_a280_ratio,-0.002914745031694608
costs_visits,ecog_performance_status,-0.002915412810597627
nursinghome,treatment_anatomic_sites,-0.002916539232192674
fgf23_c_pg_bl_lg10,fev1_fvc_pre_bronch_percent,-0.0029169766273741513
d_ef_bl_12,dlco_ref_predictive_percent,-0.002917245256614684
p_bnp3,pmid,-0.002917460463542975
mi_18,msi_status,-0.0029178875385050423
bnp3,test_value,-0.002918304900319429
numberhosp18_cardiac,blood_test_normal_range_upper,-0.0029184636495768286
criterium_rs_v1_12,sample_ordinal,-0.002919002425737219
costs_nitrates_lim,analyte_quantity,-0.0029195229897457085
fgf23_c_pmol_v12_lg10,fev1_fvc_pre_bronch_percent,-0.002919738196674
pp_bl,tumor_level_prostate,-0.0029205034105896865
hstnt_v18_lg10,test_value_range,-0.002921335402395675
pp_12,tumor_level_prostate,-0.002923445583729215
costs_hosp,ecog_performance_status,-0.002923538769239773
fgf23_c_pg_v3,fev1_fvc_post_bronch_percent,-0.00292361677795708
bnp18,dbgap_accession_number,-0.002924326748345335
ventriculaireextrasystole_12,vascular_invasion_type,-0.0029244175055689724
plgf_bl,test_value_range,-0.0029247389500500166
rhythm12,number_of_cycles,-0.002924955067585903
d_crea12,pmid,-0.002924964477197718
edema18_01,ajcc_staging_system_edition,-0.002925774614421426
urea_bl,doi,-0.0029261667827590173
criterium_p_v1_a,test_value,-0.00292679358432026
bnp1decrease_median,sample_ordinal,-0.0029273056493245297
loop_dose_bl6,treatment_dose,-0.002929469860042041
fgf23_c_pg_v6_lg10,fev1_fvc_pre_bronch_percent,-0.0029301245869028645
bariche_egfr,bcr_id,-0.0029303294736117455
egfr03_cg_bl,epithelioid_cell_percent,-0.0029303707544893866
loop.pca.1.locf_poor,tissue_microarray_coordinates,-0.0029304038398986726
edema,ajcc_staging_system_edition,-0.0029308958715358515
mem_deter_bl_12,morphology,-0.002931901485856625
ibp7v12,test_value,-0.002932330989105612
nocturia12,cog_renal_stage,-0.00293331140994959
loop.pca.2,tissue_microarray_coordinates,-0.0029333669570128867
bariche_egfr12,bcr_id,-0.0029346694294096385
vcimin,test_value_range,-0.00293752934432975
hstnt_delta_bl_v6,pairs_on_diff_chr,-0.002938141272633607
ln_mimecan_6,double_hit_lymphoma,-0.0029401868008279
köfmitralpht_12,state,-0.0029406915809714095
prolaps_12,days_to_progression_free,-0.0029416149370727657
bb.pca.1.locf_poor,no_matched_normal_low_pass_wgs,-0.002942498529975806
typmitral_18,ensat_pathologic_t,-0.0029433979067438262
fgf23_pg_v3_lg10,gleason_patterns_percent,-0.0029437818796130624
egfr03_mdrd_1,bcr_id,-0.002944825739452827
last_crea,index_date,-0.002946169189191355
p_bnp1,pmid,-0.002947657425537492
hr_tert_corr,karnofsky_performance_status,-0.0029481282096641206
bpdiaststanding,pmid,-0.0029482957614616052
ras_increase_bl,aa_change,-0.0029492221529216116
ras.pca.1.compl_poor,tissue_microarray_coordinates,-0.002949656512744439
loop.pca2.med,number_of_cycles,-0.0029497026501959203
hscrp_bl_lg10,pmid,-0.002951482280972466
uric_acid_v18,tumor_level_prostate,-0.0029516744191750164
epilepsie,non_nodal_regional_disease,-0.002951840149757311
lvedv_18,copy_number_variation_workflows,-0.00295197400907378
triglyc,test_value,-0.0029539272623651104
perc_urea_bl_12,pmid,-0.0029546648545170813
gdf15_bl_z,morphology,-0.002954862152829337
numberhosp_all,base_caller_name,-0.002955688073918025
atherosklerose,test_value,-0.00295585926814589
hypokalemiaaes,hysterectomy_type,-0.002955970665808348
hstnt_v6,hepatitis_sustained_virological_response,-0.002956327927521463
pp_3,days_to_progression,-0.002956813888441342
criterium_p_duur_ii,sample_ordinal,-0.002957026363546848
hf_12,hepatitis_sustained_virological_response,-0.0029579882687030606
vlakkettoppenprecordiaal,state,-0.0029583364243402255
tikoaptationsstörung,extrathyroid_extension,-0.002960402896509204
psychiatricae_per_year,year_of_birth,-0.002961270402011399
criterium_p_v1_18,pmid,-0.0029627565136064807
oak_v3,ann_arbor_clinical_stage,-0.0029639072180707286
criterium_p_v1b_12,pmid,-0.002963914199395624
totaldurationhypotension,treatment_outcome_duration,-0.0029643191162395453
any_increase_loop_bl_6,aa_change,-0.002967311676332665
ras.pca.3.compl_poor,tissue_microarray_coordinates,-0.0029679096419867323
uric_acid_v12,tumor_level_prostate,-0.002968127580737808
bnp_guided,per_base_n_content,-0.002968721903961495
diuretics.pca.3.locf,tumor_level_prostate,-0.0029710084396326053
na12,uicc_clinical_n,-0.0029711304610503387
numberhosp_cv,base_caller_name,-0.002971284960805628
any_digoxin,dlco_ref_predictive_percent,-0.0029733763229155374
ras_increase_3,growth_rate,-0.0029741345555063287
pp_6,tumor_level_prostate,-0.0029743342821055047
loop_dose_1_3,treatment_dose,-0.002974489692468389
ras.pca.2.compl_poor,tissue_microarray_coordinates,-0.0029750123812279337
hscrp_v3,morphology,-0.0029760104071520823
bnp3_ln,is_ffpe,-0.0029765130625445365
egfr03_cg_12,epithelioid_cell_percent,-0.00297680779586946
vormsves_18,sample_ordinal,-0.002977090691295648
bnp_v18_lg10,breslow_thickness,-0.002977871689076315
mimecan_bl,pmid,-0.0029787470865109997
hstnt_bl_z,hepatitis_sustained_virological_response,-0.002978975041945621
aortenanulusdilatation,test_value,-0.002979992797700995
stfr_c_18,igcccg_stage,-0.002980233805177812
criterium_p_duur_iib,sample_ordinal,-0.002981263398831921
d_ef_bl_18,dlco_ref_predictive_percent,-0.0029824760246126305
edema_01,ajcc_staging_system_edition,-0.0029826930527561118
nocturia1,ajcc_clinical_n,-0.0029827188533046375
oak_v12,ann_arbor_clinical_stage,-0.0029828235731780657
bronchialobstruction_bl01,ajcc_clinical_stage,-0.0029829671456422144
pcis,tumor_level_prostate,-0.0029831650510262
loop_change_total_bl_1,aa_change,-0.0029832190804101716
nyha1_class,sample_ordinal,-0.002983226061735067
hscrp_bl_ln,pmid,-0.0029833289603933047
diuretics.pca.2.locf,tumor_level_prostate,-0.0029833596175156706
relposstraumafall,revision,-0.002983713236798406
d_ef12,pmid,-0.0029837699980051623
fgf23_c_pmol_v3_lg10,fev1_fvc_pre_bronch_percent,-0.0029842765993638616
criterium_p_v1b_a,test_value,-0.0029854100022838038
diu_increase_bl,aa_change,-0.002985946350157274
pp_1,tumor_level_prostate,-0.002986901881060321
causesbycec,treatment_intent_type,-0.002986963195305053
low_voltage_precorb_12,shortest_dimension,-0.002987942098469706
hf_18,viral_hepatitis_serologies,-0.0029899861089846737
uptitration_per_y,aa_change,-0.0029908187078623925
pnd_18_01,a260_a280_ratio,-0.002991579368740104
pulmonalis_12,primary_disease,-0.002991820376216921
p_bnp6,pmid,-0.0029925124379891403
sst2_v3,uicc_clinical_t,-0.0029957457020232123
pp_1_standing,tumor_level_prostate,-0.0029964705456688528
hb18,pmid,-0.0029974403427575555
hstnt_v1,hepatitis_sustained_virological_response,-0.0029979372309685746
nocturia3,cog_renal_stage,-0.0029983254533399203
totaldurationnoncv,workflow_end_datetime,-0.0029996267115932123
hscrp_v1,morphology,-0.002999710487491955
pc3,prostatic_chips_total_count,-0.0029997639098041963
uric_acid_v6,tumor_level_prostate,-0.003001217543061723
loop_dose_bl,prescribed_dose,-0.003001684684757971
bpdiaststand18,test_value,-0.0030022744549436826
oak_v6,ann_arbor_clinical_stage,-0.0030029804793656927
nh_bl,test_value,-0.0030040571210788783
mcsbl,pmid,-0.0030043976883194178
cysc_uptitr_1,inrg_stage,-0.0030044942127244907
nsar_vor_bl,test_value,-0.0030054382092646673
criterium_rs_v1_18,pmid,-0.0030056834662435944
ln_glicentin_v1,gleason_patterns_percent,-0.0030069883669272663
spiro.pca.1.locf_poor,fragment_standard_deviation_length,-0.0030070681968597636
loop.pca.3.locf_poor,tissue_microarray_coordinates,-0.003008206152817681
ras_increase_6,growth_rate,-0.0030083943450539864
visits_total,sites_of_involvement_count,-0.0030084307693577874
pnd_6_01,a260_a280_ratio,-0.0030092415136532256
predicted_tto_50,test_value_range,-0.003009625182986596
low_voltage_extrb_18,no_matched_normal_low_pass_wgs,-0.003009835836876912
hosp60_cardiac,vascular_invasion_present,-0.003009997014421232
help_var,state,-0.003010005513425452
diu_decrease_bl_3,fragment_minimum_length,-0.0030101308737377004
bnp_3med_delta03,pmid,-0.0030107886359571744
ln_mimecan_3,double_hit_lymphoma,-0.003012359434058594
bnp_3000_bl_delta03,per_base_n_content,-0.0030128013822780463
oak_v18,ann_arbor_clinical_stage,-0.0030135064960924614
ras_decrease_bl,shortest_dimension,-0.0030136039311051293
p_bnp18,pmid,-0.003016556727999933
ras.pca.3.locf_poor,tissue_microarray_coordinates,-0.0030189328067512203
bronchialobstruction,inrg_stage,-0.0030195972467597244
fgf23_c_pg_v6,fev1_fvc_pre_bronch_percent,-0.0030198039546837953
ibp7bl,pmid,-0.0030200097520002712
clbtb_18,test_value,-0.003021566890987765
areas2ch,locus,-0.0030223172316460665
costs_fu_womedi_per_year,occupation_duration_years,-0.003022619553367615
bnp1_1000,breslow_thickness,-0.003023528643283316
ras_increase_12,growth_rate,-0.003023811842245369
numberhosp_ep,namespace,-0.0030259019902118185
vtilvot_12,chromosomal_translocation,-0.003027753862524236
bb.pca.1.locf,tumor_level_prostate,-0.003028030687233124
na6,sample_ordinal,-0.0030280570948533793
mem7_18,morphology,-0.0030287273020433185
causemedibradycardia,comorbidity,-0.00302930310957924
il6_bl_lg10,double_expressor_lymphoma,-0.0030299053247354168
bnp_5000_bl_delta03,per_base_n_content,-0.0030300328097987205
numberhosp_18,pmid,-0.0030304492610055125
hscrp_v3_lg10,pmid,-0.0030310645282038847
p_crea18,test_value_range,-0.0030311234141616964
stfr_delta_bl_v6,test_value_range,-0.003031531366364268
stfr_c_12,igcccg_stage,-0.003032506930634406
diuretics.pca.1.locf,tumor_level_prostate,-0.0030373625938669487
p_crea6,pmid,-0.0030377505127024296
mi_12,msi_status,-0.0030380306763058327
trifasciculairblok_18,chipseq_antibody,-0.0030404450005761113
d_justas_bl_6,test_value,-0.0030404580526183066
tam,a260_a280_ratio,-0.00304303992868607
rwt_bl,weight,-0.0030433474105173233
pulmonalis_18,primary_disease,-0.003043578401310595
hscrp_v1_lg10,pmid,-0.003044174242213607
v3digoxin,chipseq_antibody,-0.0030445023644836812
hstnt_v3,hepatitis_sustained_virological_response,-0.0030451461640533645
tdiarv_18,test_value,-0.0030465867452686953
areas4ch,body_surface_area,-0.0030479833137836
qrs_bl,per_sequence_quality_score,-0.0030508808671509723
mam,amount,-0.0030510642028134375
divertikulose,analyte_quantity,-0.0030516849336573804
nyha18_improved,sample_ordinal,-0.0030521280960202927
diu_increase_3,growth_rate,-0.003054110185218799
bnp12,test_value,-0.0030552848690163824
anulusdilatation,test_value,-0.0030557562602147406
syncope_bl01,aligned_reads_indexes,-0.003056753679067159
costs_hosp_per_year,exposure_duration_years,-0.00305679010337096
totaldurationconstipation,columnar_mucosa_present,-0.003057598722915343
störungrvgeometrie_18,fragment_standard_deviation_length,-0.0030581086631685577
ras.pca.1.locf,tumor_level_prostate,-0.0030584622824512925
trikuspidalisdiverses,chipseq_antibody,-0.0030588936069154697
d_bnp_bl_3_04,dysplasia_type,-0.003059928664215149
bnp6_reached,therapeutic_levels_achieved,-0.0030612168704262457
sflt_bl_z,test_value,-0.0030613722807891304
mimecan_v1,doi,-0.0030615222275064444
mimecan_v3,doi,-0.0030624346563166605
invest_decision,selected_normal_low_pass_wgs,-0.0030624464942153955
pbreedte_v1b,test_value,-0.0030642494972535467
d_bnp_03_median01,test_value,-0.0030652639141144056
sst2_v12,ajcc_clinical_t,-0.003065531329211478
testosteron_v3,undescended_testis_history,-0.00306594353091616
d_pcs12,test_value_range,-0.0030672053295070006
low_voltage_extr_18,no_matched_normal_low_pass_wgs,-0.0030675200961990147
fgf23_pg_v12,figo_stage,-0.0030682734722159663
ibp7v18,test_value,-0.003068552421675909
tdierv_18,hiv_viral_load,-0.003068734543194914
ln_mimecan_1,double_hit_lymphoma,-0.003070347229245705
lvedv_12,hiv_viral_load,-0.0030710304884778395
lvesvi_bl,double_hit_lymphoma,-0.0030743517779127636
edemahistory,days_to_last_known_disease_status,-0.003074682328469758
downtitration_per_y,fragment_minimum_length,-0.003074831971651207
ef_delta_12,percent_eosinophil_infiltration,-0.0030752126056259282
edemahist6,ajcc_staging_system_edition,-0.0030753716584191924
pcs18,pmid,-0.0030754657545373452
vormves_18,test_value,-0.0030765272194572804
lvot_18,in_review,-0.0030777407558455847
egfr03_ckd_18,icd_10,-0.0030780367033139684
firsthypotensionae,test_value,-0.0030785138616937617
cci_bl,cytoband,-0.0030797747496770075
bnp1_d33,breslow_thickness,-0.003079904055955501
trifasciculairblok_12,chipseq_antibody,-0.0030800925517276718
jv1_01,ajcc_clinical_stage,-0.0030829057221245714
jv_3_02,ajcc_clinical_stage,-0.003083632994057132
causehosp,treatment_intent_type,-0.0030846334482682006
hscrp_v6,test_value,-0.003085258125078388
diabetesae_per_year,primary_disease,-0.00308566425606577
pnd_12_01,a260_a280_ratio,-0.003086164179635439
bariche_bmi12,body_surface_area,-0.0030862673818295417
pi_12,doi,-0.003089894028344665
ai_18,a260_a280_ratio,-0.0030900491351716843
glp2_baselinedatafromplates,gleason_grade_tertiary,-0.003090353581644288
ibp7v6,test_value,-0.0030905575577455735
syncope3,aligned_reads_indexes,-0.0030908592723953923
sini,test_value,-0.003091907381737267
ras.pca.2.locf_poor,test_value_range,-0.0030921040729777927
d_nyhaclass_6,test_value,-0.0030921614412562793
inferior_12,test_value_range,-0.00309325234915512
fgf23_c_pg_v12_lg10,fev1_fvc_pre_bronch_percent,-0.0030938032667501107
bnp_blmed_delta03,per_base_n_content,-0.003094063700522288
dayshosp18_trauma,days_to_pathology_detail,-0.0030966437553748612
ras.pca.2.locf,tumor_level_prostate,-0.00309748363911334
uptitration_18,revision,-0.003097757731999443
rafläche_18,a260_a280_ratio,-0.003097801441164004
bpsyst_10_v1,test_value,-0.003098259476784302
egfr03_cg_6,epithelioid_cell_percent,-0.003098815554488998
loop_dose_bl1,treatment_dose,-0.0031002749549279593
ras_decrease_bl_3,shortest_dimension,-0.00310064344746808
diu_increase_6,growth_rate,-0.003100991603105245
qrsas,read_group_qcs,-0.003101028027409046
shbg_v18,fragment_standard_deviation_length,-0.003103004652961982
pvardur,sample_ordinal,-0.003103045630303758
traumafallae_per_year,exposure_duration_years,-0.0031061978502618724
crea12,test_value,-0.0031074614700679036
ras_increase_1,growth_rate,-0.0031079286117641517
ras.pca.1.locf_poor,tissue_microarray_coordinates,-0.0031084282317979557
pc12,prostatic_chips_total_count,-0.0031091615744478166
mimecan_v18,pmid,-0.0031093312509963564
egfr03_cg_3,epithelioid_cell_percent,-0.003110712946253876
bariche_bmi,body_surface_area,-0.003110939687545037
ventriculaireextrasystole,vascular_invasion_type,-0.003112593047401739
ras.pca.3.locf,test_value_range,-0.0031127041415283324
bnp_5000_bl_delta06,per_base_n_content,-0.003113506690355415
oak_asp_v6,ann_arbor_clinical_stage,-0.0031136657431486796
nyha_iii,weiss_assessment_score,-0.003114134098988388
relposshypotension,releasable,-0.0031151843330813177
elevatedjv01,ajcc_clinical_stage,-0.0031164767887945245
bpdiaststand1,test_value,-0.0031167265988114264
cause,treatment_intent_type,-0.003117059881191206
pp_02,tumor_level_prostate,-0.003119138494794785
bb.pca.3,tumor_level_prostate,-0.0031192911733348844
uptitration_rel,test_value,-0.003119664522448845
edemahist12,ajcc_staging_system_edition,-0.0031211694532675576
inferior_18,test_value_range,-0.003121223179115664
shbg_v1,test_value,-0.003121522161942698
low_voltage_precor,no_matched_normal_low_pass_wgs,-0.003121957735908985
dasim18,state,-0.0031221859948794713
jv3_01,iss_stage,-0.0031242558059429654
pre_1,test_value,-0.003124283427706681
nyha3_iii,weiss_assessment_score,-0.0031261128383650878
d_cysc_1,pmid,-0.0031265128986351694
ivrt_12,test_value_range,-0.0031267833490908918
shbg_v3,test_value,-0.0031269858075128527
sodium_groups,analyte_quantity,-0.0031271903906858684
cysc_uptitr_3,inrg_stage,-0.003128050611327303
bnp18_red,blood_test_normal_range_upper,-0.0031281049442471393
stfr_fer_18,pmid,-0.0031286397744412844
pqduur_12,read_group_qcs,-0.0031298244749224133
d_justas_bl_3,test_value,-0.0031300809627283458
diu_increase_bl_3,aa_change,-0.0031306859097073076
vormves_12,sample_ordinal,-0.0031307214234035136
bb.pca1.med,tissue_microarray_coordinates,-0.0031317968509732394
urea,doi,-0.003132428205572457
spirobl_02,pmid,-0.003132911131133686
aspirin_bl,drug_category,-0.00313323743218857
hwdiast_12,pmid,-0.0031337419087962143
fgf23_pg_v6,gleason_patterns_percent,-0.0031355118264250795
syncope18,aligned_reads_indexes,-0.0031361671603576335
as_18,a260_a280_ratio,-0.0031363854026445746
loop_change_bl1,aa_change,-0.0031368079245686666
low_voltage_extrb_12,no_matched_normal_low_pass_wgs,-0.003138374169632111
d_opn_01,diagnoses,-0.003138732645488686
oak_asp_v1,ann_arbor_clinical_stage,-0.0031388810745266752
dosenitratv1,a260_a280_ratio,-0.003142776957354061
rvramean_18,rhabdoid_percent,-0.0031430237320123127
edema01,ajcc_staging_system_edition,-0.0031431245059194957
totaldurationgout,total_sequences,-0.003143482678240206
diuretics.pca.1.compl_poor,tumor_level_prostate,-0.0031439212875651436
bnp_blmed_delta06,per_base_n_content,-0.0031439464810419392
d_nyhaclass_12,test_value,-0.003145594377253071
bb.pca.3.locf,tumor_level_prostate,-0.0031457989604260867
pht_12,extrathyroid_extension,-0.0031459725829408717
potassium,analyte_quantity,-0.0031470680438776878
d_pcsbl_12,pmid,-0.0031472689846203236
oak_asp_v3,ann_arbor_clinical_stage,-0.0031486895324685637
fu_hf_v1,pmid,-0.0031491138756078456
trikuspidalisdiverses_12,chipseq_antibody,-0.0031495139358779273
tdisystrv_18,test_value,-0.003150359283261976
edema_bl01,ajcc_staging_system_edition,-0.0031505854174814075
egfr03_ckd_bl,icd_10,-0.0031516323126798223
glp1_v1datawithcorrectionfactor,gleason_grade_tertiary,-0.0031529490512622296
low_voltage_extr_12,no_matched_normal_low_pass_wgs,-0.0031532641214901086
relpossdiabetes,primary_disease,-0.0031534492783677637
hct6,viral_hepatitis_serologies,-0.0031535363931610213
uptitration_6,revision,-0.0031538605694648504
bb_decrease_bl_3,fragment_minimum_length,-0.0031540994521906123
nyha18_mis,pmid,-0.00315525440615697
hwsyst_12,histone_variant,-0.003155389479616899
bnp3_1000,test_value,-0.003156382345431342
hypokalemiaae_per_year,hysterectomy_type,-0.0031564284828828233
hfae_py03,exposure_duration_years,-0.003156971205009459
causemedihypotension,imaging_findings,-0.003157744917929366
diu_increase_12,aa_change,-0.0031582290576340545
increase_mimican,aa_change,-0.003158878624385173
mimecan.v12,doi,-0.003159055889330338
bb.pca.2,tumor_level_prostate,-0.0031594705193219398
glicentin_v1datawithcorrectionfactor,gleason_patterns_percent,-0.0031595773639464227
tdialat_18,test_value,-0.0031596732812797655
criterium_p_v1b_18,pmid,-0.0031604500295583228
bnp_6_5000,per_base_n_content,-0.0031618132091280763
oak_asp_v12,ann_arbor_clinical_stage,-0.0031618554006133124
rrti_12,pmid,-0.003162267298782129
qtc_18,fastq_name,-0.0031636426197864834
d_justas_bl_1,test_value,-0.0031649001688752137
pc18,prostatic_chips_total_count,-0.0031649818200229014
fgf23_c_pmol_v6,fev1_fvc_pre_bronch_percent,-0.0031659428145715185
loop_change_3_6,number_of_cycles,-0.0031662156933141613
charlson_score_0_6,sample_ordinal,-0.0031668989525462958
uptitration_3,revision,-0.003167679950326963
egfr03_ckd_6,epithelioid_cell_percent,-0.0031677379256771793
low_voltage_precorb,no_matched_normal_low_pass_wgs,-0.0031684181495506636
jv_6_02,ajcc_clinical_stage,-0.0031687259349177824
bldigoxin,pmid,-0.003169411318900972
trikuspidalisdiverses_18,chipseq_antibody,-0.003170444858521326
glp2korrigiert_baselinedatawithcorrectionfactorv3,gleason_grade_tertiary,-0.003170835205643727
bb.pca.1,test_value_range,-0.0031711217435002955
totaldurationhyperkalemia,karnofsky_performance_status,-0.003171734885947613
som_r_s_18,somatic_mutation_indexes,-0.003173251654665061
totaldurationall,workflow_end_datetime,-0.0031733724619393343
hypotensionae_py03,blood_test_normal_range_lower,-0.003174137068783291
bb_decrease_bl,fragment_minimum_length,-0.0031743012816862607
criterium_p_v1b,test_value,-0.0031743583464288825
shbg_v6,fragment_standard_deviation_length,-0.0031748485568508715
hb6,test_value_range,-0.0031757376133994815
glp2_baselinedatafromplatesv3,gleason_grade_tertiary,-0.0031759476602180674
köfmitralplanimetrie_12,mitosis_karyorrhexis_index,-0.0031777506632562186
uptitration_1,revision,-0.003178258175222513
syncope6,aligned_reads_indexes,-0.0031789141162267965
mimecanv12,pmid,-0.0031790734725559264
loop_dose_v6,prescribed_dose,-0.0031791578555263986
relposscerebrovasc,a260_a280_ratio,-0.003179695721079194
vormsves_a,inrg_stage,-0.0031803838368851685
mimecan_v6,pmid,-0.003180514357307122
vasc_maj,test_value,-0.003181852646935945
bnp_3000_bl_6,per_base_n_content,-0.0031833463469276525
firstvascularae,vascular_invasion_present,-0.0031838268442019612
stdepressieinavli_18,test_value,-0.0031844821781345147
nyha_class,sample_ordinal,-0.003184729863400362
d_cysc_6,pmid,-0.003185169079797029
diuretics.pca.2.compl_poor,cog_renal_stage,-0.0031874064426580077
hr_1_tertiles,average_base_quality,-0.0031875967596453683
aspirin_v1,drug_category,-0.003187695105265631
sst2_v18,uicc_clinical_t,-0.0031877506523289275
numberhosp,namespace,-0.0031889204795526706
ivrt_18,test_value_range,-0.003189216730556919
bb.pca.2.locf,tumor_level_prostate,-0.003189217641164514
bnp_3000_bl_3,per_base_n_content,-0.0031909201738313476
uptitration_12,revision,-0.003192267569536121
bnp_3000_bl_delta06,test_value_range,-0.003192901655958124
egfr03_ckd_12,icd_10,-0.003192986038928596
sst2_bl_z,ajcc_clinical_t,-0.003193439825046784
bl6mwtnoncard,state,-0.003194466686878108
tdiarv_12,test_value_range,-0.0031945799057557563
egfr03_mdrd_bl,bcr_id,-0.0031946755195532343
mi,msi_score,-0.0031964484725407493
bpdiaststand3,test_value,-0.0031964782190555202
bpdiaststand6,test_value,-0.0031974826192328336
lvedd_18,double_hit_lymphoma,-0.003197662008929054
hscrp_v18_lg10,pmid,-0.003198581419064165
pcs12,pmid,-0.003198827890186552
d_crea_3_01,dysplasia_type,-0.0031992246115621183
macmm_18,uicc_pathologic_m,-0.003199956132996789
rv1_sv5,rhabdoid_percent,-0.003199958561283709
aspirin_v3,drug_category,-0.0032007532181783016
sst2_bl_lg10,ajcc_clinical_t,-0.0032024351104063143
spiro_max_1_3,treatment_dose_max,-0.00320387053151194
bnp_bl_v6,breslow_thickness,-0.0032065140253603004
sam_18,state,-0.003207183625478509
edemahist1,ajcc_staging_system_edition,-0.0032084311578836947
bnp6_red02,state,-0.003209116541866884
obstipation_bl01,columnar_mucosa_present,-0.003209396705470287
nyha12_mis,sample_ordinal,-0.0032102247513100305
p_bnp12,pmid,-0.0032117770337236847
@6mwt_barbed,inrg_stage,-0.00321214097322583
causemedivt,treatment_intent_type,-0.0032121971273608566
gal3_v1,pmid,-0.003212273921934704
fgf23_pmol_bl_lg10,fev1_fvc_post_bronch_percent,-0.00321250096676173
predicted_tto_40,tumor_regression_grade,-0.003212916810896792
ras_decrease_6,shortest_dimension,-0.0032134731921373526
bb_increase_bl_3,aa_change,-0.0032139500469812814
glp2korrigiert_baselinedatawithcorrectionfactor,gleason_grade_tertiary,-0.0032139542964833914
d_justas_3_6,test_value,-0.0032145240333020125
ulcer,columnar_mucosa_present,-0.003215870214863326
deltappi,aa_change,-0.003215981916061649
bpdiaststand12,test_value,-0.003217110158871886
pi,test_value_range,-0.0032171578140026925
d_justas_1_3,test_value,-0.003217393964905669
d_cysc_12,pmid,-0.0032175955127200346
lafläche,loci_count,-0.003218664566036595
diastdurvals_12,test_value,-0.003218904359369952
bsa,per_base_n_content,-0.0032192516043995215
loop_change_1_3,number_of_cycles,-0.003219970073791997
mimecanv1,test_value,-0.003220106968467116
delta_tp1np_bl_18,uicc_clinical_t,-0.003220703416441858
gal3_bl,pmid,-0.003220710397766753
bnp_bl_3000,per_base_n_content,-0.003221195751614902
qt_bl,fastq_name,-0.0032214680232858146
low_voltage_extrb,no_matched_normal_low_pass_wgs,-0.0032216589473449053
cci3_1,cytoband,-0.0032222957655896932
bariche12,test_value_range,-0.003223412777572925
pre_2,test_value,-0.003224642401362075
egfr03_cg_1,epithelioid_cell_percent,-0.0032255017113959144
pbreedte_v1,test_value,-0.003228423244096622
lvesvi_18,double_hit_lymphoma,-0.0032285813862822916
constipation01,comorbidity,-0.003229964902755001
mimecanv18,pmid,-0.0032301500596326562
sst2_bl,ajcc_clinical_t,-0.003230500036485011
egfr03_ckd_1,epithelioid_cell_percent,-0.0032307477217508583
d_crea_12_01,dysplasia_type,-0.0032308318011854656
hscrp_v12_lg10,pmid,-0.003231334153042055
rafläche_12,test_value,-0.0032315445033965057
etaorta_12,sample_ordinal,-0.003232848189936718
bnp_1_3000,per_base_n_content,-0.0032329957083671117
d_crea_18_01,dysplasia_type,-0.0032340119464431606
nyha6_mis,sample_ordinal,-0.003234725559261796
fgf23_c_pmol_bl,fev1_fvc_pre_bronch_percent,-0.0032362954467556205
gdf15_bl_lg10,morphology,-0.003236876414401247
egfr60_mdrd_1,epithelioid_cell_percent,-0.003237756971945637
fu_hf_v3,fev1_fvc_pre_bronch_percent,-0.0032385085267473985
aspirin_v18,drug_category,-0.0032392461188993694
pi_18,doi,-0.003239541762831888
bpdiast18,test_value,-0.0032407589416505725
fu_hf_v18,pmid,-0.003241526280317314
broch_obstr01,bcr_id,-0.003241674709355303
d_ef12_10,dysplasia_type,-0.0032427410308490784
afib_18,pmid,-0.00324349258565084
orthopnea_bl01,pmid,-0.0032436662081656246
edemahist3,ajcc_staging_system_edition,-0.0032441239402500577
grössemkprothese,gleason_grade_tertiary,-0.003244836642461098
mem7_bl,uicc_clinical_m,-0.003246105422376834
stfr_c_bl,percent_gc_content,-0.0032471583882925487
anemiaae_per_year,blood_test_normal_range_upper,-0.0032472148459634404
causemedinoncv,reason_treatment_not_given,-0.0032475457000563
bnp6_red50,is_ffpe,-0.003248291487676626
fgf23_c_pmol_v12,fev1_fvc_pre_bronch_percent,-0.003248853636098622
supraventriculaireextrasystole_18,pmid,-0.003250051388621946
hosp18_hf_p,a260_a280_ratio,-0.0032502407950017113
tikoaptationsstörung_12,ensat_pathologic_t,-0.0032517700086896247
qt_12,fastq_name,-0.003253083408377517
hct12,histone_variant,-0.0032547874587236757
totaldurationcv,workflow_end_datetime,-0.0032548584861160873
rvareadiast_12,test_value,-0.0032548660745127128
efgeschätzt_18,percent_eosinophil_infiltration,-0.003255130454251135
d_crea_6_01,dysplasia_type,-0.003255366301618247
aspirin_v12,drug_category,-0.00325687851729772
copdasthmaaes,doi,-0.0032576413029264863
bnp_6_3000,pmid,-0.003257806729972916
ras_decrease_1,shortest_dimension,-0.0032586035116185636
bnp_3_3000,test_value,-0.003258761046732503
loop_dose_bl3,treatment_dose,-0.003258853625171331
bpsyst_10_v12,test_value,-0.003259417594808517
egfr_ckd_3,epithelioid_cell_percent,-0.0032598565076693196
pc6,test_value,-0.003259987938698868
negatievetinavli_18,state,-0.003260451741500601
criterium_p_v1,test_value,-0.0032625470495767557
qrsas_12,test_value_range,-0.0032637317500578845
totaldurationrenalfailure,treatment_duration,-0.003265545983923041
egfr03_ckd_3,epithelioid_cell_percent,-0.0032658914077374206
gal3_v18,pmid,-0.003266368262581349
trikuspidalis_12,chipseq_antibody,-0.003266886094767054
constipationaes,comorbidity,-0.0032691635243622136
rvra_12,test_value_range,-0.0032704711568686705
d_mimecan_01,doi,-0.003270727948210468
crea6,test_value,-0.0032727288566326046
ae60_all,pmid,-0.0032728526992655284
ras.pca.1,test_value_range,-0.0032747783307931428
perc_hstnt_bl_12,peritoneal_fluid_cytological_status,-0.003275000215510464
bnp_1_5000,per_base_n_content,-0.0032753954192067053
bnp_bl_5000,per_base_n_content,-0.0032754233445062863
qt_18,fastq_name,-0.0032779730457723586
hypertensionae_per_year,adrenal_hormone,-0.0032782756710297723
nyha1,state,-0.0032787716486331964
ep_hflim,histone_variant,-0.0032798276499075613
bnp_5000_bl_3,per_base_n_content,-0.0032807546484392974
bpdiast12,test_value,-0.0032811765632916596
tto_bl,ensat_pathologic_t,-0.003281289782169308
tto_12,ensat_pathologic_t,-0.0032823655132748985
bnp_bl_10000_3000,per_base_n_content,-0.003282860580270727
tdisystrv_12,test_value,-0.0032836397568362045
bnp_18_5000,pmid,-0.003284357922692815
cadaes,test_value,-0.0032843715818067403
laquer_18,loci_count,-0.0032844869254354436
dis_rel,test_value,-0.003285378713806839
egfr60_mdrd_18,epithelioid_cell_percent,-0.0032855851181950446
köfmitralplanimetrie,karnofsky_performance_status,-0.003285662519840622
ras.pca.2,tumor_level_prostate,-0.0032872724740686276
bnp_12_5000,pmid,-0.003287470682988478
eo18,pmid,-0.0032880935385834757
edema1_01,ajcc_staging_system_edition,-0.0032882938722543814
ras.pca.3,tumor_level_prostate,-0.003288741284119404
pht_18,extrathyroid_extension,-0.0032897736095962985
hct18,viral_hepatitis_serologies,-0.0032900203842545508
fgf23_pg_v3,gleason_patterns_percent,-0.0032905342704740103
d_cysc_3_01,dysplasia_type,-0.003290597709469797
barbed_groups,read_group_name,-0.0032918088175711816
mimecan.v1,doi,-0.003291973030474151
cci3_3,cytoband,-0.003292795916204189
exerciseintolerance_bl01,bmi,-0.0032935295623899154
bnp_5000_bl_6,per_base_n_content,-0.003293551416972196
fgf23_c_pmol_v3,fev1_fvc_pre_bronch_percent,-0.0032963582131159304
syncope,test_value,-0.003296701512179255
edema18,ajcc_staging_system_edition,-0.0032967060652172304
maxbradycardiaaeseverity,longest_dimension,-0.0032967773961455073
wrfp25_any,test_value_range,-0.0032973777900864943
hr_barbed,inrg_stage,-0.003298064084677279
egfr_r25_bl_1_mdrd,bcr_id,-0.003299146190036035
bnp6_1000,state,-0.0032994476011499884
tto_18,test_value_range,-0.0032998437154538244
bpdiast6,pmid,-0.0033016989266607573
diu_increase_1,growth_rate,-0.0033027597845089623
mimecanv6,pmid,-0.003303007469774809
ras_decrease_12,shortest_dimension,-0.0033042237379858987
syncope12,test_value,-0.0033053987253193473
bpsyst_10_v3,test_value,-0.0033057723779691727
bariche,breslow_thickness,-0.003306485687251943
diu_decrease_6,fragment_minimum_length,-0.0033065324317751543
cci3_6,cytoband,-0.0033068945500621095
d_cysc_3,pmid,-0.003306945544087431
baseline_qrs,average_base_quality,-0.0033088481068893052
mimecan.v3,test_value_range,-0.0033099924371003875
tdiasept_18,test_value,-0.0033100240048303483
nocturia18,cog_renal_stage,-0.0033101672737586327
d_justas_1_6,test_value,-0.003310983178163776
longterm_fu,occupation_duration_years,-0.0033110803096405785
egfr_ckd_bl,epithelioid_cell_percent,-0.003311732911750347
gal3_bl_lg10,chipseq_antibody,-0.003311914729733487
ras_decrease_3,shortest_dimension,-0.003312964963826417
tomslagpunt,short_name,-0.003313675237750537
d_crea_1_01,dysplasia_type,-0.0033147133304088664
transferrin_v12,methylation_liftover_workflows,-0.0033159053157507555
no_medi_increase_06,aa_change,-0.0033161657495229327
diuretics.pca1.med,pediatric_kidney_staging,-0.0033165415269238133
diastdurvals_18,test_value,-0.003318329960240444
edemahistory_bl01,other_clinical_attributes,-0.0033200774162152986
tdi_syst_rv_m,ensat_pathologic_t,-0.0033205976766879234
hyperkalemiaaes,blood_test_normal_range_upper,-0.0033207115026373016
ae60_hf,pmid,-0.0033219426441057766
tas_18,test_value,-0.0033238989327557572
echo_at_bl,test_value,-0.003324955844637717
romslagpunt_18,iss_stage,-0.0033259441574141854
spiroadjbl,test_value,-0.0033261942709669526
fgf23_pmol_v6_lg10,fev1_fvc_pre_bronch_percent,-0.0033266225600724797
diuretics.pca.3.compl_poor,tumor_level_prostate,-0.0033266410757602453
noncv_hosp18,hiv_viral_load,-0.0033269634308488844
comorb_wo_hypertension,vascular_invasion_present,-0.0033279499224101623
biplan_12,pmid,-0.0033282391920895155
rrmitral_12,rhabdoid_percent,-0.0033284589520557817
egfr_mdrd_bl,test_value_range,-0.0033287931450431563
transferrin_v3,methylation_liftover_workflows,-0.0033296482055748854
septumsyst,iss_stage,-0.0033321466092797714
diu_decrease_1,fragment_minimum_length,-0.0033324613759717855
dsr12,test_value,-0.003332770679018229
ras.pca1.med,tissue_microarray_coordinates,-0.0033340819539550664
ralängs_12,ethnicity,-0.0033349315508412252
edema3_01,ajcc_staging_system_edition,-0.003335763846183079
plgf_v12,test_value_range,-0.003336089843702098
sst2_v1,uicc_clinical_t,-0.003336572162191597
vtiak,test_value_range,-0.003337387155989145
transferrin_v6,methylation_liftover_workflows,-0.003339067834073698
copd,non_nodal_regional_disease,-0.0033405308769430394
numberhosp18_cv,pmid,-0.003345061149728293
relpossconstipation,columnar_mucosa_present,-0.003345560769762097
pre_3,test_value,-0.0033464264540491017
cysc_bl_z,test_value_range,-0.003346541190606075
bl_availabe,double_expressor_lymphoma,-0.0033467020646145294
diuretics.1.med,pediatric_kidney_staging,-0.003348246758631558
gal3_v12,pmid,-0.0033483639234754515
py,test_value,-0.00334848989085943
atii_at_v3,test_value,-0.0033488498843953305
leukämien,state,-0.003349745011661241
d_cysc_12_01,dysplasia_type,-0.0033500063560410135
causemedicad,reason_treatment_not_given,-0.003350199404851159
diu_decrease_3,fragment_minimum_length,-0.0033514004962689977
glp1_v1datafromplates,gleason_grade_tertiary,-0.0033515908132563583
jv_12_02,pmid,-0.0033520971110791928
egfr_ckd_18,epithelioid_cell_percent,-0.003352430089923107
perc_il6_bl_12,peritoneal_fluid_cytological_status,-0.0033530717647417352
gal3_v3_17.8,pmid,-0.0033556202518643477
rrti_18,pmid,-0.0033557859824466423
fu_hf_v12,a260_a280_ratio,-0.0033576105365312092
mem8_18,ajcc_clinical_m,-0.003361053543848002
obstipation,ann_arbor_b_symptoms_described,-0.0033612365759746023
ae60_cv,pmid,-0.0033615604487425665
d_cysc_18,pmid,-0.0033617492480506016
fgf23_c_ru_v6_lg10,fev1_fvc_post_bronch_percent,-0.003361757747054822
laquer,test_value_range,-0.003362956410185741
egfr_ckd_12,epithelioid_cell_percent,-0.003363142781206856
nitratadj6,ajcc_clinical_n,-0.0033650213646753946
köfmitralpht_18,state,-0.0033650550571564107
fgf23_c_pg_v12,fev1_fvc_pre_bronch_percent,-0.003365421424945476
urea18,a260_a280_ratio,-0.0033657210148442395
cci3_12,cytoband,-0.003366760018110164
cci3_bl,cytoband,-0.0033701933122792763
numberhosp18_hypotension,blood_test_normal_range_lower,-0.0033706261544227786
causemedihypertension,reason_treatment_not_given,-0.0033709315115029773
koaptationsstörung_18,kmer_content,-0.003373778374380893
bnp_12_3000,pmid,-0.0033742461231488713
diuretics.2.med,pediatric_kidney_staging,-0.0033744549558239975
pre_4,test_value,-0.00337472479920799
statin01,rin,-0.0033754423579928704
fgf23_pmol_v12_lg10,fev1_fvc_pre_bronch_percent,-0.0033757252534190583
causemedirenalfailure,reason_treatment_not_given,-0.0033782646344657206
causemedivascular,reason_treatment_not_given,-0.003379520969410991
tdi_e_rv_m,ensat_pathologic_t,-0.003379552537140952
dsrbl,diagnoses,-0.0033811272812086166
transferrin_v1,methylation_liftover_workflows,-0.003381176150482883
tianulusdilatation_18,test_value,-0.0033825517750231023
nyha,inrg_stage,-0.003385153987993821
daysicu18_hypotension,blood_test_normal_range_upper,-0.003385574688702723
totaldurationbleeding,total_sequences,-0.003387534923318949
causemedicopdasthma,reason_treatment_not_given,-0.0033875461541459538
hr_65_75,test_value_range,-0.0033876942796480783
diu_decrease_12,fragment_minimum_length,-0.003387872455200838
k6,karnofsky_performance_status,-0.0033879638194962056
aspirin_v6,drug_category,-0.003387966854854856
atii_at_v12,iss_stage,-0.0033884412814118646
relpossrheuma,rhabdoid_percent,-0.0033902901183656318
causemedicv,reason_treatment_not_given,-0.0033932760006697214
pm_all,a260_a280_ratio,-0.0033940478923744385
egfr_r25_bl_3_mdrd,epithelioid_cell_percent,-0.0033947672723745087
pre_5,test_value,-0.0033958093109990833
blatii,breslow_thickness,-0.0033961711257501736
maxhypokalemiaaeseverity,treatment_dose_max,-0.003396785785876816
septum,iss_stage,-0.003396884435032944
egfr_ckd_6,epithelioid_cell_percent,-0.003396947874028731
atii_at_v1,test_value,-0.0033974641885351105
gal3_v3,pmid,-0.0033975661765857533
urea_bl_median,average_base_quality,-0.0034002048138602734
cci3_18,cytoband,-0.003400863486687342
d_nyhaclass_18,iss_stage,-0.00340115063161564
nyha12_iii,sample_ordinal,-0.0034020745947887262
valveop,state,-0.0034030383211601286
egfr_ckd_1,epithelioid_cell_percent,-0.0034051114711181377
diuretics.3.med,pediatric_kidney_staging,-0.0034054177388059314
timerandtobl,workflow_start_datetime,-0.003405792909135082
bmi_02,body_surface_area,-0.0034058184061477427
bpdiast1,pmid,-0.003407431395734398
relpossrenalfailure,rin,-0.0034109603037009886
numberhosp18_hf,pmid,-0.0034120178226546786
testosteron_v6,undescended_testis_history,-0.0034133151349417254
tdi_a_rv_m,ensat_pathologic_t,-0.0034136936441653914
cyp2c9_02,pmid,-0.003414576326460836
edema12_01,ajcc_staging_system_edition,-0.0034158308401909167
störunglvgeometrie_18,ajcc_clinical_stage,-0.003416787281701559
totaldurationhypertension,treatment_duration,-0.0034180724525540054
nitratadj3,uicc_clinical_n,-0.003420595442663957
nyha18_iii,test_value,-0.0034210528712125252
lvesvi_12,double_hit_lymphoma,-0.003421078671761051
bb_increase_bl,aa_change,-0.003422001117254812
bleedingae_per_year,blood_test_normal_range_upper,-0.0034239577094406577
hr120_bl,pmid,-0.003423973189769773
criterium_rs_v1,test_value,-0.003425382506791008
stfr_v12,fragment_standard_deviation_length,-0.0034262484946138774
numberhosp18_musculoscel,test_value,-0.0034266300391961936
etaorta_18,sample_ordinal,-0.003426719885812236
tianulusdilatation_12,fragment_standard_deviation_length,-0.0034273688454916243
spiroadj1,test_value,-0.0034285095332723266
fu__v1,fev1_fvc_pre_bronch_percent,-0.0034291293535086745
bpdiast,test_value_range,-0.003429151815162685
d_cysc_6_01,dysplasia_type,-0.003430665852057348
bnp18_1000,pmid,-0.003430728076909675
sst2_v6,uicc_clinical_t,-0.003430836439213483
bnp_18_median,sample_ordinal,-0.003431341826428722
nocturia,cog_renal_stage,-0.003432218134471002
last_bnp,legacy_updated_datetime,-0.0034328725577959605
causemedisvt,reason_treatment_not_given,-0.0034331560602938785
nyha6_iii,sample_ordinal,-0.0034341125018045207
costs_interventions_per_year,occupation_duration_years,-0.0034389044225054117
urea12,pmid,-0.0034403780891300285
totaldurationcopdasthma,treatment_duration,-0.003444856153746501
prostata,state,-0.003446033569366869
bnp_18_3000,pmid,-0.0034465298505061584
diuretics.pcapoor.1,pediatric_kidney_staging,-0.003447713336843827
fgf23_pmol_v3_lg10,fev1_fvc_pre_bronch_percent,-0.0034482360256033718
bnp18decrease_median,sample_ordinal,-0.0034484069162953714
mimecan.v18,test_value_range,-0.003449302650633012
totaldurationcad,workflow_end_datetime,-0.003449633201190006
ccs3,centers,-0.0034506321377217497
v126mwtnoncard,state,-0.003452827612633357
tdierv,test_value,-0.0034528704111903234
ras.pcapoor1,rin,-0.0034548194149795434
stdepressieinavli_12,test_value,-0.003455321463300268
verkalktemitralsegelant_18,a260_a280_ratio,-0.0034563334518742067
bb_decrease_6,fragment_minimum_length,-0.003456984232768785
wrf05_any,state,-0.0034571314476633144
ccs,cytoband,-0.003457655654102184
nitratadj1,uicc_clinical_n,-0.003458493716625473
herzfrequenz,test_value,-0.003458771451941956
efgeschätzt_02,test_value_range,-0.0034599940944062104
loop_dose_v1,treatment_dose,-0.003462406597461299
opn_bl_imputed,oxygen_use_type,-0.0034630862142630532
vcigestaut,test_value_range,-0.0034640453875964803
hr_ecg_tertiles,blood_test_normal_range_upper,-0.0034641807645922743
chol,amount,-0.003465931862997509
ep_hf18,pmid,-0.0034667298587866165
d_pcsbl_18,pmid,-0.0034670440184069004
edema6_01,ajcc_staging_system_edition,-0.0034672771339512272
hygiene01,contamination,-0.003468242985073685
nierenerkrankungen,state,-0.003468990593909201
causemedidementia,reason_treatment_not_given,-0.003470991198795473
gdf15_v12,test_value,-0.003471788283976985
totaldurationcerebrovasc,treatment_duration,-0.003473713004897005
hscrp_bl,test_value,-0.003474769309707235
qrsduur_12,per_sequence_quality_score,-0.003475230987757913
bmi6,body_surface_area,-0.0034753256909477955
nitratadjbl,uicc_clinical_n,-0.0034753645435385166
fu_hf_v6,a260_a280_ratio,-0.0034755991767621685
lvedv,double_hit_lymphoma,-0.0034765055348550842
bariche03,state,-0.003478009858602067
transferrin_bl,copy_number_liftover_workflows,-0.0034803543696233933
sae01,state,-0.0034807996567373612
hr_6_tertiles,a260_a280_ratio,-0.003482554701108841
ccs6,centers,-0.0034829696346363077
bb.pca3.med,tissue_microarray_coordinates,-0.0034831714859865385
ccs12,centers,-0.0034861488692864077
stfr_c_1,igcccg_stage,-0.003486258142197811
akgradierungverkalk_18,iss_stage,-0.0034869325988898603
totaldurationrheuma,treatment_duration,-0.0034873948840122683
nyha3_class,sample_ordinal,-0.0034874331295312593
statin_mean_1_3,average_base_quality,-0.0034874437532865345
negatievetiniiiiiavf_18,per_sequence_quality_score,-0.003487624357126215
pms,test_value,-0.0034922356739874255
psychiatricaes,diagnoses,-0.0034932971389073607
biplan_18,pmid,-0.003494951105835793
downtitration_12,minor_version,-0.003494965979093178
dementia,primary_disease,-0.0034952036476754798
som_r_s_12,somatic_mutation_indexes,-0.0034963719572198983
k12,karnofsky_performance_status,-0.0034986472620640026
gal3_v6,pmid,-0.003499006344992308
k1,karnofsky_performance_status,-0.00350137665656216
coughdry,state,-0.003502076306731005
qrsduur_18,per_sequence_quality_score,-0.0035028026680559705
bmi_barbed,body_surface_area,-0.003503160233304951
nyha3_12_34,sample_ordinal,-0.0035033581386889365
totaldurationdementia,treatment_duration,-0.0035035354036341013
stfr_c_6,igcccg_stage,-0.003503787641937924
numberhosp18_nonhf,pmid,-0.003507080702537402
cyp2c9_01,pmid,-0.003507357830782155
gal3_v6_17.8,pmid,-0.003507780959777977
uric_acid_bl_median,tumor_level_prostate,-0.003509380897322437
koaptationsstörung,kmer_content,-0.0035117484770695044
hyperchol,inrg_stage,-0.003511764260934485
ln_mimecan_bl_01,double_hit_lymphoma,-0.0035126924736096814
egfr60_mdrd_3,epithelioid_cell_percent,-0.003512932874014768
c9_vkdi,percent_gc_content,-0.003514380436554994
bmi3,body_surface_area,-0.003514576824259655
dementiaaes,supratentorial_localization,-0.0035159032759897427
tdi_syst_sept_m,extrathyroid_extension,-0.003516200134065721
bnp_blmed_03med,breslow_thickness,-0.00351635220553409
sehnenfadenrupturant_18,state,-0.0035168572892134648
koaptationsstörung_12,kmer_content,-0.003517644964783162
bb_decrease_1,fragment_minimum_length,-0.003518591996681989
tikoaptationsstörung_18,ensat_pathologic_t,-0.003518879141610287
qtc,test_value,-0.0035193945455090714
cyp2c19_02,pmid,-0.0035209043329016243
tsc_6125,percent_gc_content,-0.003522079320235073
gdf15_bl,test_value,-0.0035244393115855146
ccs18,centers,-0.0035260553365308207
ai_12,a260_a280_ratio,-0.0035263664607924545
daysicu18_cardiac,days_to_risk_factor,-0.003526775323602621
urea6,a260_a280_ratio,-0.0035271429055351465
pcsbl,pmid,-0.0035272500536954947
verkürztesehenfäden_18,test_value_range,-0.003528180694657611
pnd01,test_value,-0.003528943783822243
fgf23_pmol_v3,fev1_fvc_pre_bronch_percent,-0.003529456455898242
pathologischeqinv4v6,morphology,-0.0035298559090965937
hscrp_v6_lg10,pmid,-0.003530038637687329
downtitration_1,minor_version,-0.0035301363762358616
bmi1,body_surface_area,-0.0035319242024807623
ccs1,cytoband,-0.0035324456770968473
dayshosp18_bleeding,blood_test_normal_range_upper,-0.0035336264316117305
stfr_v1,fragment_standard_deviation_length,-0.0035352421530211713
bnp_blmed_06med,breslow_thickness,-0.0035353235006329938
bb_decrease_3,fragment_minimum_length,-0.003535755432168901
tdisystlat_18,test_value,-0.0035360653422870747
jv6_01,test_value,-0.0035374537153336242
opn.v12,test_value_range,-0.003538392551764096
egfr60_mdrd_bl,epithelioid_cell_percent,-0.0035390582059160597
perc_hscrp_bl_12,peritoneal_fluid_cytological_status,-0.00353977576470094
causemedidepression,reason_treatment_not_given,-0.0035416874335787644
bmi12,body_surface_area,-0.0035419138713340607
gdf15_v3,test_value,-0.003544001287477725
bpdiast3,pmid,-0.0035441512341950394
mparkinson,state,-0.003544574970262591
causemeditraumafall,cause_of_death,-0.0035447473786339163
stfr_v3,fragment_standard_deviation_length,-0.0035452731027521113
causemediulcerdisease,reason_treatment_not_given,-0.0035476707325498144
k_group_18,mitosis_karyorrhexis_index,-0.0035479223637819063
perc_nbnp_bl_12,peritoneal_fluid_cytological_status,-0.003549426383993024
subvalvgradient,submitter_id,-0.0035499314676723983
downtitration,minor_version,-0.0035509246370227067
nitratadj12,state,-0.003554106907031457
v186mwtnoncard,state,-0.003555050903571634
downtitration_3,minor_version,-0.0035561970549979065
bmi1_01,body_surface_area,-0.0035564869317489894
fu_3,test_value_range,-0.0035567825756815078
eo12,test_value,-0.003557166852086609
diuretics_recom_12,pediatric_kidney_staging,-0.0035586037908715597
hyponatriemia,histone_variant,-0.0035595477874117362
diuretics_recom_bl,pediatric_kidney_staging,-0.003560061066559466
tto_bl_01,extrathyroid_extension,-0.0035606426412768226
qt,fastq_name,-0.0035608997361544848
diuretics_recom_1,pediatric_kidney_staging,-0.003561545356939358
bb_decrease_12,fragment_minimum_length,-0.0035624459478508386
bnp3_d33,state,-0.0035632026627623052
transferrin_bl_z,chromosomal_translocation,-0.003563414834331946
totaldurationhf,treatment_outcome_duration,-0.0035649825970747156
glicentin_v1datafromplates,gleason_patterns_percent,-0.0035652591182477387
mmode_18,test_value,-0.0035655323005262464
augenerkrankungen,inrg_stage,-0.003565871653623326
rv1_sv5_12,test_value,-0.0035666623645516735
gdf15_v1,test_value,-0.0035669054967795454
pathologischeqinv4v6_12,ajcc_pathologic_stage,-0.0035680067248977966
uptitration_1_01,test_value,-0.0035687185165012418
cyp2c19_01,pmid,-0.0035691288969907334
bpsyst_10_v6,pmid,-0.0035693140538683886
perc_gdf15_bl_12,peritoneal_fluid_cytological_status,-0.003569399954518186
edema1,ajcc_staging_system_edition,-0.0035721539354214094
bpsyststanding,test_value,-0.0035723327180458993
fgf23_pmol_bl,fev1_fvc_pre_bronch_percent,-0.0035728289991851883
romslagpunt_12,state,-0.0035728675482400445
aceadj1,state,-0.0035731932422231986
bmi18,body_surface_area,-0.0035733252803244776
orthopnea1,test_value,-0.003573843719581912
rvefvisuell_18,iss_stage,-0.0035742835430503097
bnp12_1000,pmid,-0.003574504820695901
fgf23_pmol_v12,fev1_fvc_pre_bronch_percent,-0.0035750138503415204
qtc_12,fastq_name,-0.0035753604882993602
herzfrequenz_18,test_value,-0.0035756197079280776
opn_median_v6,average_base_quality,-0.0035756904317846244
anemiaaes,blood_test_normal_range_upper,-0.0035762729171095763
k3,karnofsky_performance_status,-0.003576360942510429
fgf23_c_ru_bl_lg10,fev1_fvc_pre_bronch_percent,-0.003577426960468339
crbtb_18,pmid,-0.003578132681354484
net_change_bb_bl_6,revision,-0.003579610293945346
fgf23_pmol_v6,fev1_fvc_pre_bronch_percent,-0.003579835214021317
steps_decrease_ras_bl_6,fragment_minimum_length,-0.0035811137070847336
cough6,state,-0.0035818476568063246
fgf23_c_ru_v3_lg10,fev1_fvc_pre_bronch_percent,-0.0035823396884435035
numberhosp18_paodulcer,pmid,-0.003582571286308505
pnd12,a260_a280_ratio,-0.0035828814999625436
rvareasyst,rin,-0.003584006100342401
tto_any,uicc_clinical_t,-0.0035843515241567804
spiroadj3,test_value,-0.0035853122151695326
dizziness6,ann_arbor_b_symptoms_described,-0.0035910538995920357
tdi_e_sept_m,extrathyroid_extension,-0.003591421785060426
net_change_ras_bl_6,revision,-0.003591447282073087
orthopnea_01,pmid,-0.003592774947946635
dizziness3,ann_arbor_b_symptoms_described,-0.003593292476596474
diuretics_recom_3,pediatric_kidney_staging,-0.003593704981837021
linkervorhof_12,related_files,-0.0035956740189933317
som_r_s,somatic_mutation_indexes,-0.0035960057836937863
diuretics_recom_6,pediatric_kidney_staging,-0.0036002024705633954
egfr60_mdrd_12,epithelioid_cell_percent,-0.0036008429312385636
pqduur,test_value_range,-0.003602234643179628
gdf15_v18,test_value,-0.0036027181758125867
dizziness1,ann_arbor_b_symptoms_described,-0.0036050727035174587
tdialat_12,test_value,-0.003605708914690517
sflt_v18,test_value,-0.0036085879523701236
dizziness_bl01,ann_arbor_b_symptoms_described,-0.00360952102161916
mimecan.bl,pmid,-0.0036098546075348046
s3_3,state,-0.0036114181207754638
copd01,non_nodal_regional_disease,-0.0036116472903535454
cysc_v1,pmid,-0.0036119368635687634
rheumatic_disorders,rhabdoid_percent,-0.003612305356108884
tdi_a_sept_m,extrathyroid_extension,-0.0036130031850625387
s3_bl01,test_value,-0.0036130332351131745
pas_18,test_value,-0.0036136223982271565
ef_18,epithelioid_cell_percent,-0.0036152790969783736
dosenitratv3,test_value_range,-0.0036163111189194026
cause_hf,reason_treatment_not_given,-0.0036172824336874305
s3_1,chipseq_target,-0.003617704652075657
bl6mwtreasonable,inrg_stage,-0.0036185545524976812
bnp_1_median,sample_ordinal,-0.0036186434885061287
aceadj6,state,-0.0036188769075863204
ln_opn_bl_01,lymphatic_invasion_present,-0.003619213528860615
pnd18,a260_a280_ratio,-0.0036200090963628027
hypertension,blood_test_normal_range_lower,-0.003620338736312202
etpulm,epithelioid_cell_percent,-0.0036213537602447906
causemedicerebrovasc,comorbidity,-0.0036218233302279593
e_e_sept_18,test_value_range,-0.003623047186835674
myxoidedegant_18,tumor_ploidy,-0.003623817864396931
nyha12_class,sample_ordinal,-0.003624329625865335
fu__v12,test_value_range,-0.003625099999890727
spiroadj6,state,-0.0036252402334603613
causeofheartfailure,cause_of_response,-0.0036263193034604666
firsthyperkalemiaae,ajcc_clinical_stage,-0.0036266984197558627
bmi_01,body_surface_area,-0.0036293136847687767
totaldurationdepression,treatment_duration,-0.0036296545555451814
trikuspidalis_18,morphology,-0.0036300157632245416
dasim12,state,-0.0036311021180854075
negatievetiniiiiiavf_12,test_value,-0.003631503696034814
grösseakprothese_18,amount,-0.0036328665720687025
negatievetinavli_12,test_value,-0.003633442076068759
myxoidedegant_12,tumor_ploidy,-0.003634424621663792
rinv1v2_12,test_value,-0.003635198334583699
firstpsychiatricae,diagnoses,-0.0036365232686344615
rrmitral_18,rhabdoid_percent,-0.0036366003667441735
myxoidedegpost_18,tumor_ploidy,-0.003637108182246333
cysc_bl,pmid,-0.0036381474890481227
cysc_v3,pmid,-0.0036393713456558375
negatievetinv4v6_12,per_sequence_quality_score,-0.003639543146955432
rva_12,rhabdoid_percent,-0.003640926359892276
edema3,ajcc_staging_system_edition,-0.0036424862307025555
vkorc1_02,state,-0.003643602635614057
perc_prea_bl_12,peritoneal_fluid_cytological_status,-0.003643899190154171
nyha6_class,sample_ordinal,-0.003646618567968783
tto_bl_03,extrathyroid_extension,-0.0036467156994455857
ae60_noncv,pmid,-0.003646821936998339
tdielat_18,test_value,-0.0036469585281375927
aceadj3,state,-0.003647105743032122
pnd1,test_value,-0.0036483648098001777
cyp3a4_02,test_value,-0.0036506313121041968
etpulm_18,epithelioid_cell_percent,-0.003650773366889021
crbtb_12,rin,-0.0036512763258173403
qrsas_18,read_group_qcs,-0.0036514548049059654
hr_70_80,test_value,-0.003652429762104373
testosteron_v1,undescended_testis_history,-0.0036535522377331747
pathologischeqinv4v6_18,ajcc_pathologic_stage,-0.0036547478655054436
rvareasyst_12,test_value,-0.0036552556810076032
sflt_v6,test_value,-0.003656869884737719
causemediconstipation,columnar_mucosa_present,-0.0036577310159867484
rrpulm,rhabdoid_percent,-0.0036581204525015544
gdf15_v1_lg10,test_value,-0.003659516413944729
downtitration_6,minor_version,-0.003659581067083976
frequentie_18,average_read_length,-0.0036601325917506966
aa,a260_a280_ratio,-0.0036601838893118833
aortenklappemorphologie_18,inrg_stage,-0.003660501691362547
c9_vk,child_pugh_classification,-0.0036607302538688986
max_increase_spiro_bl_6_03,longest_dimension,-0.003661594724012443
negatievetinv2v3_12,per_sequence_quality_score,-0.0036624995644260337
atii_at_v18,test_value_range,-0.003662996452637053
dosenitratv18,test_value_range,-0.003663022556721444
dt_18,ajcc_clinical_t,-0.003665847868552944
negatievetinv2v3_18,state,-0.0036675916820974185
aantalsves_a_18,a260_a280_ratio,-0.0036708474077855008
egfr60_mdrd_6,epithelioid_cell_percent,-0.0036712741792117027
baseline_lbbb,test_value_range,-0.0036725560111696342
verdicktemitralsegelant_18,a260_a280_ratio,-0.0036734499242920848
dizziness12,ann_arbor_b_symptoms_described,-0.0036736520791781804
eprecedingmi,fragment_standard_deviation_length,-0.003677591367634262
aceat_bl,test_value,-0.003678988543220897
myxoidedegpost,tumor_ploidy,-0.003679987176216775
nyha18_class,sample_ordinal,-0.0036811345417865076
lalängs_18,test_value_range,-0.003683543402411216
cysc_v18,pmid,-0.003683713686031486
bpsyst_10,pmid,-0.0036837610376264274
as_12,state,-0.003683890950976651
vtilvot,chromosomal_translocation,-0.003684633399702462
negatievetinv2v3,per_sequence_quality_score,-0.003686731136065537
bb_increase_12,aa_change,-0.0036871105558967973
fgf23_c_ru_bl,fev1_fvc_pre_bronch_percent,-0.003689479349787325
myxoidedegant,tumor_ploidy,-0.003690832816209398
c2postmortdone,pmid,-0.003692630355601979
tto_12_03,uicc_clinical_t,-0.003696675578074949
grösseakprothese_12,test_value_range,-0.003696984881121393
causemedibleeding,reason_treatment_not_given,-0.003697600755391495
nyha6_12_34,test_value_range,-0.003699252901104737
atii_at_bl,test_value,-0.003699471143391678
sflt_bl,test_value,-0.003699747968100566
sflt_v1,test_value,-0.003700708659113318
aceadjbl,state,-0.0037020548406746317
afib_12,a260_a280_ratio,-0.0037029885169953983
wrf03_any,state,-0.0037035036173583176
lvedd_12,double_hit_lymphoma,-0.0037046840683373364
bb_increase_3,aa_change,-0.003704706226455482
stfr_v18,fragment_standard_deviation_length,-0.0037048294620166755
rve_18,rin,-0.003705639599240383
cysc_v12,pmid,-0.003705698485198195
tsc_1164,extrathyroid_extension,-0.0037063453201265284
rheumaaes,rhabdoid_percent,-0.003709143313730178
d_bnp_03_increase01,aa_change,-0.003709244998244956
cyp2d6_02,test_value,-0.0037094052651816803
reapref12,test_value,-0.003710175032135342
orthopnea,test_value,-0.00371062092632104
negatievetinv4v6,state,-0.003711204625789451
any_increase_ras_bl_6,growth_rate,-0.003712255163418246
rinv1v2_18,test_value,-0.0037129013912748495
nppb_02,pmid,-0.003712990934355027
loop_dose_v3,treatment_dose,-0.0037132668484563197
echoqualität_18,test_value_range,-0.0037143419724901803
tianulusdilatation,fragment_standard_deviation_length,-0.0037192716984737854
sflt_v12,test_value,-0.0037201282766848396
cabg,state,-0.003720450935309344
mammed_18,sample_ordinal,-0.003722186856921328
pas_12,test_value,-0.0037234395494362186
a3witnessed,a260_a280_ratio,-0.0037260645275968133
tsc_2602,extrathyroid_extension,-0.003726246952651683
bnp12decrease_median,sample_ordinal,-0.003726376562466042
duur_p_v1_12,test_value,-0.003727469291580073
relposshypertension,a260_a280_ratio,-0.003729482037900945
k18,karnofsky_performance_status,-0.0037300560242216766
sst2_sdoflog2_bl,uicc_clinical_t,-0.003730740194061406
any_increase_bb_bl_6,aa_change,-0.003731180321065668
fgf23_c_ru_v6,fev1_fvc_pre_bronch_percent,-0.003735214616247498
numberhosp18_gi,pmid,-0.0037357816212433338
ec6,uicc_staging_system_edition,-0.003737093199716036
dt,test_value,-0.0037383653185262874
rvra_18,test_value_range,-0.003738604808323779
pathologischeqinv2v3,ajcc_pathologic_stage,-0.00373951814774159
dizziness18,ann_arbor_b_symptoms_described,-0.003742402952602632
perc_shbg_bl_12,peritoneal_fluid_cytological_status,-0.0037424211647545326
hr120_1,pmid,-0.0037424891567882945
sam,state,-0.0037427165051511857
rva_18,rhabdoid_percent,-0.003742719540509836
bb_increase_6,aa_change,-0.0037435199645858637
ibp7v3,pmid,-0.0037467778150250012
c3causeknown,igcccg_stage,-0.0037469969679195373
bariche12_03,state,-0.003747719079742393
firstanemiaae,test_value,-0.0037505850653798043
hypotensionaes,blood_test_normal_range_lower,-0.0037519218373293023
bnp6decrease_median,sample_ordinal,-0.003751981633894709
gdf15_v6,test_value,-0.003755443460435132
steps_decrease_bb_bl_6,fragment_minimum_length,-0.0037556677734393736
sst2_v12_medbl,ajcc_clinical_t,-0.003756278487599771
firstdementiaae,state,-0.0037565112996082325
cody_change_bl_6,revision,-0.0037565170667896676
aortaasc_18,vascular_invasion_type,-0.003757804665929034
tdiesept_18,test_value_range,-0.003758576254097886
akgradierungverkalk,ajcc_pathologic_stage,-0.003759467435397551
rheumatic_disorders2,rhabdoid_percent,-0.003760377739456712
cody_change_bl_3,revision,-0.0037618225701741533
gdf15_v18_lg10,test_value,-0.003762515846089833
pre_7,test_value,-0.0037625395218873034
tdisystsept_18,test_value,-0.0037641661705878847
verkalktemitralsegelant_12,a260_a280_ratio,-0.003764205630250336
fgf23_c_bl_03,fev1_fvc_pre_bronch_percent,-0.0037690649359132587
negatievetinv4v6_18,state,-0.0037698714307065864
bb_increase_1,growth_rate,-0.0037704985358036945
edema6,ajcc_staging_system_edition,-0.003770835764149719
raquer_18,test_value_range,-0.003770857922267865
fu__v18,fev1_fvc_pre_bronch_percent,-0.003771367862521079
numberhosp18_noncv,pmid,-0.0037719837367911815
hyposae,hysterectomy_type,-0.0037721704113481617
bpsyst12,pmid,-0.0037723904748502932
gdf15_v3_lg10,test_value,-0.0037743115533399327
hypotensionae_per_year,blood_test_normal_range_upper,-0.0037760350299814514
dizziness,ann_arbor_b_symptoms_described,-0.00377634099413338
duur_p_ii_18,sequence_duplication_levels,-0.003777592168968946
pathologischeqinv2v3_12,ajcc_pathologic_stage,-0.003778512186175787
sst2_v6_medbl,ajcc_clinical_t,-0.003780002243737114
negatievetiniiiiiavf,per_sequence_quality_score,-0.003780619635686542
orthopneag2_01_bl,pmid,-0.003781164482564232
il6_bl_median,sample_ordinal,-0.0037822605505727783
echoqualität_12,state,-0.0037851110558810744
pred_hfpef_vs_hfref_pr,pmid,-0.0037858507727841
response_eol_bland12,sample_ordinal,-0.0037885628657379523
pas,test_value,-0.0037889465350713233
hrecg,test_value,-0.003789676235290804
uptitration_3_01,test_value,-0.003789755761687436
strf_18_1.8,test_value_range,-0.003791102246784614
störunglvgeometrie_12,morphology,-0.0037913975871812678
edema12,ajcc_staging_system_edition,-0.003791513537881701
avals_18,pmid,-0.003792782317797437
loop_dose_v12,treatment_dose,-0.0037933994062109995
akgradierungverkalk_12,ajcc_clinical_stage,-0.003794123946320775
wrf05_m6,state,-0.003794432642295489
k_group_3,read_group_name,-0.0037958871861606103
hfaes,state,-0.003796734051223984
testosteron_v18,undescended_testis_history,-0.0037981658298992297
loop_dose_v18,treatment_dose,-0.0038005610314100127
diastdur_12,test_value,-0.003801368436810936
störungrvgeometrie_12,morphology,-0.0038014315722708575
hwsyst,pmid,-0.0038023154687097625
psychiatrischeerkrankungen,inrg_stage,-0.00380380309798417
stfr_bl_z,fragment_standard_deviation_length,-0.0038045212638407803
pet,state,-0.003805121961317632
sflt_v3,test_value,-0.003805429139613021
lalängs_12,test_value_range,-0.0038074880233853743
fluid_retention_1,biospecimen_volume,-0.0038080459223052603
duur_p_ii_12,sequence_duplication_levels,-0.0038088709327863536
ec18,uicc_staging_system_edition,-0.0038090114698918526
stdepressieiniiiiiavf_18,test_value,-0.0038093338249804917
tisehnenfadenruptur_18,test_value_range,-0.0038095994188623744
aortasinusportion,vascular_invasion_type,-0.003810996897984874
supraventriculaireextrasystole_12,basic_statistics,-0.0038123934664997788
jv12_01,ajcc_pathologic_stage,-0.003812715821588418
uptitration_6_01,test_value,-0.0038131935870399413
fgf23_c_ru_v12_lg10,fev1_fvc_pre_bronch_percent,-0.00381420132611177
ras_bl,cog_rhabdomyosarcoma_risk_group,-0.0038166848565592704
nyha3,state,-0.0038205176039267344
k_group_6,read_group_qcs,-0.0038209792819774123
fu__v6,test_value_range,-0.0038222817543741646
wrf03_m6,state,-0.003822715507125262
pathologischeqinavli_18,ajcc_pathologic_stage,-0.0038231899336822702
diastdurvals,test_value,-0.0038244632666359813
inferior,test_value,-0.0038247874429398103
firstrenalfailureae,pmid,-0.0038248181000621762
nyha18,state,-0.0038279187189232395
s3_12,state,-0.00383004650533695
perc_sflt_bl_12,peritoneal_fluid_cytological_status,-0.0038310581903750235
rvramean_12,rin,-0.0038318710594215165
mn18,ensat_clinical_m,-0.003832799879168443
k_group_12,read_group_qcs,-0.003834674213134871
mmode_12,pmid,-0.0038348296234977557
statin_mean_bl_1,average_base_quality,-0.003835054543573727
dosenitratv12,a260_a280_ratio,-0.0038350678991517875
rve_12,test_value_range,-0.0038366578200127025
lymph6,tumor_code_id,-0.003836884257767999
fu_pr,basic_statistics,-0.00383815637657825
bpsyststand6,pmid,-0.003838299341970669
sst2_v3_medbl,uicc_clinical_t,-0.0038393693058948243
pathologischeqinv2v3_18,ajcc_pathologic_stage,-0.003839536554156444
v6_jn,sample_ordinal,-0.00384009870257844
rrpulm_12,rhabdoid_percent,-0.0038440996088151187
numbervisits,amount,-0.0038441360331189197
rrpulm_18,rhabdoid_percent,-0.00384432331474763
anemia_02_6,blood_test_normal_range_upper,-0.0038447197325873314
gal3_v18_17.8,chipseq_antibody,-0.0038454718944608227
bpsyst10,pmid,-0.003845517728376439
firstsvtae,initial_disease_status,-0.0038459244664355505
nbnp,test_value_range,-0.003846016741338513
hr_ecg_best_cutoff,blood_test_normal_range_lower,-0.0038481369393555983
causemedihyperkalemia,reason_treatment_not_given,-0.0038500149157524068
sst2_v18_medbl,ajcc_clinical_t,-0.0038500880678958736
ritme_18,pmid,-0.0038522070517694987
ln_glp1_v1,double_hit_lymphoma,-0.0038538522161578456
mimecan.v6,test_value,-0.0038543542644785696
ec,uicc_staging_system_edition,-0.0038543955453562108
hosp60_noncardiac,test_value_range,-0.003854402526681106
fluid_retention_3,biospecimen_volume,-0.0038547203287317704
qual2d_18,read_group_qcs,-0.0038548123000988676
bb_increase_06,growth_rate,-0.003855412694039855
obstruktiveschlafapnoe,ajcc_pathologic_stage,-0.0038585309179810885
testosteron_v12,undescended_testis_history,-0.003860657186715474
stfr_v6,test_value_range,-0.0038609239947408162
sumpsychiatricaeseverity,aggregated_somatic_mutations,-0.003862853572234676
v6_possible,sample_ordinal,-0.0038632700234414678
bl6mwt,double_hit_lymphoma,-0.0038637438429267464
aortaasc_12,vascular_invasion_type,-0.0038638464380491193
eprecedingsyncope,test_value,-0.0038643193469268026
bleedingaes,blood_test_normal_range_upper,-0.0038646283464373815
hepatomegaly6,cog_liver_stage,-0.003866808341019873
spiroadj12,state,-0.003867253931669706
köfmitralpht,state,-0.0038672633412815214
tto_18_03,uicc_clinical_t,-0.003867313424699248
uptitration_18_01,test_value,-0.0038674442486570666
egfr60_ckd_18,epithelioid_cell_percent,-0.0038697374621172063
nyha12,state,-0.003870637142421092
recording,test_value_range,-0.0038711880600160826
verdicktemitralsegelant,state,-0.003871509200961262
strf_bl_1.8,test_value,-0.003872751269720877
perc_cysc_bl_12,peritoneal_fluid_cytological_status,-0.0038728799689276405
totaldurationvt,treatment_duration,-0.003873097604142852
sst2bl_median_pooroutcome,fragment_standard_deviation_length,-0.0038735781014171606
anemia_02_18,blood_test_normal_range_upper,-0.003874693292185202
anemia_02_bl,blood_test_normal_range_upper,-0.003875010790700001
rrti,pmid,-0.0038793647091476847
anemia_01_6,blood_test_normal_range_upper,-0.0038794333082531767
dermatologischeerkrankungen,ajcc_pathologic_stage,-0.0038812551305149583
ln_glp1_v1_corr,double_hit_lymphoma,-0.003881274556810319
dt_12,uicc_clinical_t,-0.0038825940272155116
ras_v12,cog_rhabdomyosarcoma_risk_group,-0.00388290241965436
anemia_02_12,blood_test_normal_range_upper,-0.003882964948042552
gdf15_median_bl_deltav6,sample_ordinal,-0.0038848423173676303
negatievetinavli,state,-0.0038874548505577595
gdf15_v6_lg10,test_value,-0.0038880849910135173
ef_18_ref_mref_pef,percent_eosinophil_infiltration,-0.003889146152397587
orthopneag2_01_1,test_value,-0.003892483832769222
frequentie_12,average_read_length,-0.0038925323985076234
diastdur_18,test_value,-0.0038930584261616832
restriktivepneumopathien,pmid,-0.003893224763815708
etaorta,test_value,-0.0038960203291324375
anemia_severe01_12,blood_test_normal_range_upper,-0.0038960327741029027
txadj_bl,state,-0.0039002822762130235
firstbleedingae,test_value,-0.0039004188673522774
aortasinusportion_12,vascular_invasion_type,-0.0039048368318674778
pathologischeqiniiiiiavf_18,ajcc_pathologic_stage,-0.003906465605319114
k_60_bl,mitosis_karyorrhexis_index,-0.003906707826939391
egfr_av_hyper,epithelioid_cell_percent,-0.003908588838694849
stfr_c_3,igcccg_stage,-0.003909017734872107
lymph,double_hit_lymphoma,-0.003909095743589414
nppb_01,state,-0.003910115624095842
cyp2d6_01,test_value,-0.003910239770264631
perc_tp1np_bl_12,ensat_pathologic_t,-0.003910582158720361
daysicu18_musc_rheuma,rhabdoid_percent,-0.003912386072366107
anemia_01_bl,blood_test_normal_range_upper,-0.003912596119184693
qtc_480_420,per_sequence_quality_score,-0.003912693250661496
fluid_retention_6,biospecimen_volume,-0.003913041709834525
stfr_bl,fragment_standard_deviation_length,-0.0039135237247881595
fluid_retention_bl,biospecimen_volume,-0.003913619035049772
wrfp25_m6,state,-0.003914016363497069
anemia_01_18,blood_test_normal_range_upper,-0.003914319292290347
bnp_v1_median,sample_ordinal,-0.003914854426020357
bpsyststand18,test_value,-0.003915365276881167
aortasinusportion_18,vascular_invasion_type,-0.003915415663834758
anemia_01_12,blood_test_normal_range_upper,-0.00391742416065352
stfr_fer_12,basic_statistics,-0.003918968247598819
dosebbv3,test_value_range,-0.003919615082527152
cyp3a5_02,test_value,-0.003919918011320431
cerebrovascae_per_year,year_of_birth,-0.003926356310553129
bnp_12_median,sample_ordinal,-0.003927381351169263
pm,pmid,-0.003927398045641838
anemia_severe01_6,blood_test_normal_range_upper,-0.003927435380553234
sumbacterialinfectionaeseverity,somatic_aggregation_workflows,-0.0039279744602494894
ras_v3,cog_rhabdomyosarcoma_risk_group,-0.0039284619388486935
doseacev18,a260_a280_ratio,-0.00392922290326227
hb,test_value,-0.0039317419474059765
störungrvgeometrie,percent_stromal_cells,-0.003931898268376456
etpulm_12,epithelioid_cell_percent,-0.003932441597574821
qrsduur,test_value_range,-0.003933138515920881
bnp_v12_median,sample_ordinal,-0.003933388325937783
numberhosp18_bleeding,blood_test_normal_range_upper,-0.003933671524899836
max_spiro_bl_6,treatment_dose_max,-0.003936215155448609
ec12,uicc_staging_system_edition,-0.003936828297895926
gdf15_v12_lg10,test_value,-0.003936992510798896
ra_overbelasting_18,radon_exposure,-0.003939362822368748
herzfrequenz_12,test_value_range,-0.003942810382723516
r2_12,rhabdoid_percent,-0.003944677431829184
dosenitratv6,test_value,-0.003948767577610175
tp1np_bl_median,extrathyroid_extension,-0.003949793225298039
cody_change_bl_1,revision,-0.003951927689500779
lengths2ch_12,height,-0.003953359468176025
r1_18,rhabdoid_percent,-0.003955375856927277
gal3_v12_17.8,chipseq_antibody,-0.00395741956390638
bnp_v3_median,sample_ordinal,-0.003960059718860225
hepatomegaly12,pmid,-0.0039603905729530845
anemia_severe01_18,blood_test_normal_range_upper,-0.003960949078944701
k_group_bl,read_group_name,-0.0039613354801008565
efgeschätzt,percent_eosinophil_infiltration,-0.003962188719417396
duur_p_v1_18,sequence_duplication_levels,-0.003963825991873253
bpsyst1,pmid,-0.003964043930624328
dosebbv1,prescribed_dose,-0.003965398004118132
hypertensionyear,year_of_diagnosis,-0.00396550029570464
fluid_retention_1_01,biospecimen_volume,-0.003965891249898771
störunglvgeometrie,fragment_standard_deviation_length,-0.003967459619713271
qrcomplexinavr_18,fastq_name,-0.003967503328877832
uptitration_12_01,test_value,-0.003971291456473139
jv_18_02,ajcc_pathologic_stage,-0.00397203754762933
tas_12,test_value,-0.003973115099950111
bnp_bl_median,fragment_mean_length,-0.0039744500506844185
stopyears,exposure_duration_years,-0.003974860127638045
sum_change_medi_06,aggregated_somatic_mutations,-0.0039755521894102655
sehnenfadenrupturant_12,state,-0.003977961050034974
uptitration_01,test_value,-0.003978099765925282
fgf23_c_ru_v12,fev1_fvc_pre_bronch_percent,-0.003979492388473942
fluid_retention_12,biospecimen_volume,-0.003979564933545679
duur_p_v1_a_18,sequence_duplication_levels,-0.003979982902431796
rheumaae_per_year,rhabdoid_percent,-0.003981103860381273
fluid_retention_18,biospecimen_volume,-0.003981816562592313
bnp_v18_median,sample_ordinal,-0.003981829614634508
dsr18,state,-0.00398294055590044
dayshosp18_musc_rheuma,rhabdoid_percent,-0.0039865383665083865
gpadherent,gleason_grade_tertiary,-0.00398697970765611
bpsyststand1,pmid,-0.003989227694272363
bb_at_v6,bcr_id,-0.003990639743116383
qualdimensionen_12,sample_ordinal,-0.00399194737562284
ln_glp2_bl,double_hit_lymphoma,-0.0039932267792938516
bnp18_d33,pmid,-0.00399898940769104
dis_rea_pref,sample_ordinal,-0.00399986085915948
gpcomp3,test_value,-0.004000118257573008
s3_6,state,-0.004000309485167963
bb_at_v3,bcr_id,-0.004001403124889589
ras_v1,cog_rhabdomyosarcoma_risk_group,-0.0040039385599700055
bpsyststand3,pmid,-0.004004233293294929
sst2bl_35,uicc_clinical_t,-0.004004808493759121
uptitration,aa_change,-0.004008427855413483
fluid_retention_01_bl_3,biospecimen_volume,-0.004009023696316495
dosebbv6,test_value_range,-0.004009611645287017
relposspsychiatric,other_clinical_attributes,-0.00401023359027442
bpsyst3,test_value_range,-0.004012036896848436
qrcomplexinavr_12,fastq_name,-0.004013262878207206
bb_at_bl,bcr_id,-0.004013741554266324
fgf23_bl_03,fev1_fvc_pre_bronch_percent,-0.004014855834426771
ras_v6,cog_rhabdomyosarcoma_risk_group,-0.004015010637717925
numberhosp18_musc_rheuma,rhabdoid_percent,-0.004015635314528113
hosp60_hf,test_value,-0.004017763100941823
pnd3,test_value,-0.004018793301667663
raquer_12,test_value,-0.004020404166503263
irbtb_18,state,-0.004022083326908491
vormsves,state,-0.00402327045567654
ti_12,uicc_clinical_t,-0.004024213541609122
nyha6,state,-0.004027457125862603
sst2_v1_medbl,ajcc_clinical_t,-0.004028161632605288
fluid_retention_3_01,biospecimen_volume,-0.004028495825592663
noncvae_py03,occupation_duration_years,-0.004029229168242524
bltora,state,-0.004029299892099071
tdisystlat_12,test_value,-0.004029622550723575
firstbacterialinfectionae,contamination,-0.004029934889128669
k_60_1,mitosis_karyorrhexis_index,-0.004031618602571872
visit1_reason2,risk_factor,-0.004032518889947487
gpcomp6,gleason_grade_tertiary,-0.004035308688082781
qual2d_12,per_sequence_quality_score,-0.004036508565357161
fu__v3,fev1_fvc_pre_bronch_percent,-0.004038879787534607
rv1_sv5_18,test_value,-0.004039067372699183
ras_v18,rhabdoid_percent,-0.004039567599804717
hosp60_all,test_value_range,-0.004039781289053683
strf_bl_2.78,test_value,-0.004040123677509413
cyp3a4_01,test_value,-0.004040887980817504
ilbtb_18,test_value,-0.004041151449948332
pnd,pmid,-0.00404142645344203
ra_overbelastingb,radiosensitizing_agent,-0.004041717847872438
ra_overbelasting_12,radon_exposure,-0.004041771573720545
aantalsves_a_12,a260_a280_ratio,-0.004043707829003435
ln_glp2_v3,double_hit_lymphoma,-0.0040442590501342905
numberhosp18_noncardiac,pmid,-0.00404476686563645
ef,test_value_range,-0.0040456237473833695
pathologischeqinavli,ajcc_pathologic_stage,-0.004046288187391873
causemedidiabetes,risk_factor,-0.00404743949892785
strf_1_2.78,test_value,-0.004047760336337165
bnpbl_1000,pmid,-0.004049991324944978
anterior_18,biospecimen_laterality,-0.004053177844455838
bl_possible,double_hit_lymphoma,-0.004055245834304142
aceadj12,state,-0.004056514310684013
lengths4ch_12,sequence_length_distribution,-0.004056997539781107
qrcomplexinavr,fastq_name,-0.004057064621207274
bb_at_v12,bcr_id,-0.004057966729798079
strf_3_1.8,test_value,-0.004060696124296237
hr120_3,state,-0.0040607194965578425
fluid_retention_6_01,biospecimen_volume,-0.004061348119334275
stdepressieiniiiiiavf_12,diagnoses,-0.004061557559081132
fu_hosphf_18,test_value_range,-0.004061635871334303
lvesv,double_hit_lymphoma,-0.0040633663293007174
a_18,aa_change,-0.004064055052178423
gdf15_bl_quartiles_selected,test_value_range,-0.004064449648802934
bpsyststand12,pmid,-0.004065416410532986
fgf23_c_ru_v3,fev1_fvc_pre_bronch_percent,-0.00406784985756276
bdsyst130,per_base_n_content,-0.004068167356077559
eo6,test_value,-0.004068507619782234
tnnt2_01,inrg_stage,-0.004069479845157856
missedtxadj,proc_internal,-0.004071462237892227
gpcomp1,gleason_score,-0.004072268125613825
rrmitral,test_value,-0.00407242657133536
bacterialinfectionae_py03,contamination,-0.004074967166525482
stfr_fer_3,test_value,-0.004075659835369432
egfr_av_not_hyper,epithelioid_cell_percent,-0.004077193298559456
rales_bl01,radiosensitizing_agent,-0.004077421253994077
lvesv_18,double_hit_lymphoma,-0.004077950924078517
fluid_retention_bl_01,biospecimen_volume,-0.00407895714547102
ras_at_v12,rhabdoid_percent,-0.004081298924669562
bpsyst18,pmid,-0.004081644652019807
dosebbbl,test_value_range,-0.0040824189720114435
sumhypokalemiaaeseverity,somatic_aggregation_workflows,-0.004082470573108495
dosebbv18,test_value_range,-0.004083316831100139
pht,test_value,-0.004083746637884991
lvedd,test_value_range,-0.004084592288804905
blspiro,inrg_stage,-0.004084785337615051
tas,test_value,-0.004085638273395725
rheuma_01,rhabdoid_percent,-0.00408651792033252
ra_overbelasting,radiosensitizing_agent,-0.004088962598189299
lvesv_12,double_hit_lymphoma,-0.004089068835742052
ra_overbelastingb_18,radon_exposure,-0.004090354006594499
lvh_18,inrg_stage,-0.004090375557640915
lengths2ch,read_length,-0.00409425262124467
qualdimensionen_18,iss_stage,-0.0040944954499366765
lymph18,double_hit_lymphoma,-0.004099719909245205
hr18,test_value,-0.0041001053997937655
sumhypotensionaeseverity,somatic_aggregation_workflows,-0.004102146982021814
visc_maj,inrg_stage,-0.004103259744502936
duur_p_v1_a_12,sequence_duplication_levels,-0.0041032615657181255
pnd6,test_value,-0.004104146676300491
strf_6_1.8,test_value,-0.004104434124764653
k_60_3,mitosis_karyorrhexis_index,-0.004104459014705584
lengths2ch_18,read_length,-0.0041081585098283096
k_bl_4_45,mitosis_karyorrhexis_index,-0.004113928726622123
opn.v6,test_value_range,-0.004115185365103259
aortaasc,vascular_invasion_type,-0.004116233777980999
bnp_3_median,sample_ordinal,-0.004117040576310191
firstdiabetesae,test_value,-0.00411770107035245
jv1,test_value,-0.0041195426224454575
hosp18_p,test_value,-0.0041203673293906855
r2_bl,rhabdoid_percent,-0.004121344714876013
visit1_reason1,reason_treatment_not_given,-0.004122060755981569
rg3,rhabdoid_percent,-0.004123261543863543
orthopnea1_01,test_value,-0.0041243312042518335
other_mi,state,-0.004125598466488244
ras_at_bl,cog_rhabdomyosarcoma_risk_group,-0.004127969992201557
synkope,state,-0.004128506643610892
stfr_fer_1,fragment_standard_deviation_length,-0.0041286016503366395
cvae_py03,occupation_duration_years,-0.004129232094328262
ln_glp2_v3_corr,double_hit_lymphoma,-0.004129515596826181
r1_12,test_value,-0.004130210086885321
timing_f,legacy_updated_datetime,-0.004132273220159784
k_60_6,mitosis_karyorrhexis_index,-0.004132774661408778
hstnt_v6_23.5,pmid,-0.004133933864877246
gpcomp12,state,-0.004134724272269729
ln_glp2_corr_bl,double_hit_lymphoma,-0.004134943728700129
duur_p_ii,sequence_duplication_levels,-0.004135063928902673
fuhosp18_hf,pmid,-0.004135205680151632
ldl,double_hit_lymphoma,-0.004138974988523309
systmurmusmr_bl01,state,-0.0041391392014262784
verkalktemitralsegelant,state,-0.004142254390008862
ras_at_v3,rhabdoid_percent,-0.004144714851730622
aantalsves_18,pmid,-0.004145180475747546
hrstand18,test_value,-0.004145715609477556
mammed_12,sample_ordinal,-0.004146642304473426
fu_hosp_18,test_value,-0.004147130086608495
costs_icu_lim,icd_10_code,-0.00414959388722477
gal3_v1_17.8,chipseq_antibody,-0.004151197770735476
totaldurationulcerdisease,treatment_duration,-0.004153565350482543
pm01,pmid,-0.0041536166480437295
tp1np_v1,ajcc_clinical_t,-0.0041544683696809435
egfr60_cg_18,epithelioid_cell_percent,-0.004156965255706505
crbtb,rin,-0.004157903181529381
patientid,diagnoses,-0.004157989689250909
hepatomegaly18,hepatitis_sustained_virological_response,-0.004158281994288912
bnp6_d33,state,-0.004158288065006213
bnp_6_median,sample_ordinal,-0.00415907391936072
mem7_cathegories,morphology,-0.004160036735124527
rg1,rhabdoid_percent,-0.004161468817335637
tp1np_v12,ajcc_clinical_t,-0.00416402580346247
hepatomegaly3,cog_liver_stage,-0.004164659282812743
justas_score_1,per_sequence_quality_score,-0.004165305207133482
ras_at_v1,rhabdoid_percent,-0.004167059947969096
justas_score_6,test_value_range,-0.00416787038872867
doseacev12,a260_a280_ratio,-0.0041696739988385505
bacterialinfectionae_per_year,contamination,-0.004170558502349185
dosenitratbl,a260_a280_ratio,-0.004170571250855516
r1_bl,test_value,-0.004170938529252177
gpcomp18,state,-0.004173205638627926
coughdry_bl01,state,-0.004173665798999279
stfr_fer_6,fragment_standard_deviation_length,-0.004173989975303108
a_12,aa_change,-0.004174378804746184
ras.1.med,rhabdoid_percent,-0.00417442281744661
firstulcerdiseaseae,state,-0.004174463794788387
ras_at_v18,rhabdoid_percent,-0.004175461213640805
stdepressieinavli,diagnoses,-0.004176077087910907
k_60_12,mitosis_karyorrhexis_index,-0.004179251769523032
opn.v1,test_value_range,-0.004182713899599321
efestim_30_40_50,test_value,-0.0041830766249580055
tp1np_v6,ajcc_clinical_t,-0.004185727403667126
timing_c,legacy_updated_datetime,-0.004185845479118614
hr120_12,pmid,-0.0041890875456927715
rales18_01,radon_exposure,-0.0041914004889841375
k_60_18,mitosis_karyorrhexis_index,-0.004192714799279624
strf_3_2.78,test_value,-0.00419343994646113
orthopneag2_01_3,test_value,-0.0041940081656004265
ilbtb_12,pmid,-0.004194057034874693
blnitrat,per_base_n_content,-0.004195152495811509
verkalktemitralsegelpost_18,sample_ordinal,-0.004198114398782263
maxhypotensionaeseverity,longest_dimension,-0.004200241578124243
k_4_5_bl,mitosis_karyorrhexis_index,-0.004202294998251027
max_delta_spiro_bl_6,treatment_dose_max,-0.004204885069787145
firstcopdasthmaae,test_value,-0.004205177678361013
justas_score_3,per_sequence_quality_score,-0.004206669253601665
nyhaclass_18_change,revision,-0.004207347352724095
ras_at_v6,rhabdoid_percent,-0.004207440538234653
s3_18,state,-0.004208043056926695
sum_net_changes_bl_6,revision,-0.004209177673990097
hr,test_value,-0.004209346439931041
k_4_5_v1,mitosis_karyorrhexis_index,-0.0042099826511041
ras.2.med,rhabdoid_percent,-0.0042133303481592796
r2_18,rhabdoid_percent,-0.004214547526977965
k_4_5_v6,mitosis_karyorrhexis_index,-0.0042164206468009325
s4_bl01,inrg_stage,-0.00422126325799128
stfr_fer_bl,basic_statistics,-0.004222152618075755
d_minn12,fragment_minimum_length,-0.004222285870320494
perikarderguss_18,inrg_stage,-0.004223326087729878
hepatomegaly01,cog_liver_stage,-0.004223591378075896
ra_overbelastingb_12,radiosensitizing_agent,-0.004223876398253139
evals_18,test_value,-0.004225908874405237
k_4_5_v18,mitosis_karyorrhexis_index,-0.004228735400380197
sflt_bl_median,fragment_mean_length,-0.004230893540380408
spiro_mean_3_6,mean_coverage,-0.004231603207232798
reapref18_01,amount,-0.004232030889266596
k_group_1,read_group_name,-0.004236166565427338
k_4_5_v12,mitosis_karyorrhexis_index,-0.004239017374271499
dosetorav18,a260_a280_ratio,-0.00424434685698932
k_55_bl,mitosis_karyorrhexis_index,-0.004248146518947498
firsttraumafallae,test_value,-0.004248363547090979
bpsyst,test_value_range,-0.004249224981875873
biventpm,inrg_stage,-0.004249702747327397
accaorta_18,amount,-0.004250400272745187
lengths4ch_18,height,-0.004250773014787417
bpsyst6,test_value_range,-0.004251476307386643
jv3,test_value,-0.004252749336804489
charlsonscore_median,sample_ordinal,-0.0042561741319693805
gpadherentwo1,gleason_grade_tertiary,-0.004257594679817621
firstdepressionae,test_value,-0.004257722164880925
nsar,state,-0.00425773582399485
vormves,state,-0.004259934030729243
aortenklappemorphologie_12,inrg_stage,-0.004260990942611203
v3day,sample_ordinal,-0.004261144228223032
ras.3.med,rhabdoid_percent,-0.004261732784265284
tachy_bl01,state,-0.004261972274062775
stnabdominalop,test_value,-0.004263930687463811
efestim_50,a260_a280_ratio,-0.004264556274881594
plgf_bl_median,fragment_mean_length,-0.004265124190485025
hscrp_bl_median,sample_ordinal,-0.004265921275666537
si_qiii_12,pmid,-0.0042665468630843206
k_55_1,mitosis_karyorrhexis_index,-0.004267474468687787
typaorta_12,type,-0.004267890009286983
afib_bl,a260_a280_ratio,-0.004267922184088674
k_55_3,mitosis_karyorrhexis_index,-0.004272367466831725
sumulcerdiseaseaeseverity,amount,-0.00427532633444383
avals_12,test_value,-0.004276697102410208
tdiasept_12,test_value,-0.004277476582511551
rvareadiast,test_value,-0.004277830808866016
ptas,a260_a280_ratio,-0.0042779327969166584
ef_group,ajcc_staging_system_edition,-0.004279623795220622
sum_nyha1_12,aggregated_somatic_mutations,-0.0042800016973725576
sumbleedingaeseverity,aggregated_somatic_mutations,-0.00428027579025866
orthopneag2_01_6,test_value,-0.004285311450259153
visit6_reason2,comorbidity,-0.004285728812073539
totaldurationbacterialinfection_per_year,exposure_duration_years,-0.004286007154461753
eh_1wk,pmid,-0.004287961318360678
shbg_bl_median,fragment_mean_length,-0.004290972394141564
bnp12_d33,state,-0.00429206785507838
k_55_6,mitosis_karyorrhexis_index,-0.004296107613905779
trikuspidalis,inrg_stage,-0.00429841175465706
rg12,rhabdoid_percent,-0.004301099868277576
gds_bl_6_10,gleason_grade_tertiary,-0.004301287453442151
lvesd,double_hit_lymphoma,-0.004301373961163679
bifasciculairblok,pmid,-0.004301734865307174
causemedirheuma,adverse_event,-0.00430720883109674
goodreason6,state,-0.004307450749181151
verkalktemitralsegelpost,state,-0.004308956590607459
doseacev6,a260_a280_ratio,-0.004309427981805817
relposscopdasthma,rin,-0.004311270444506419
justas_score_bl,per_sequence_quality_score,-0.004311893603637282
sum_nyha3_12,aggregated_somatic_mutations,-0.004313620722709181
gpnoncomp18,gleason_score,-0.004314869469257827
max_ras_dose_diff2,pairs_on_diff_chr,-0.004316633012633527
tdielat_12,test_value,-0.004316969937443686
si_qiii_18,pmid,-0.004317572456135729
k_55_18,mitosis_karyorrhexis_index,-0.004319280452448132
lvot,sample_ordinal,-0.004320033221393353
r5_bl,test_value,-0.004320157671098007
cody_change_1_6,revision,-0.004321510530448351
s3,state,-0.004323187262566658
dnyha6_cat,test_value,-0.004323293196583546
opn.v18,test_value_range,-0.0043242220163304725
days_alive_outsidehospital_lim,days_to_risk_factor,-0.004324605989199709
aantalsves_12,test_value,-0.004326003771858073
pappa_bl_median,fragment_mean_length,-0.004328173446221155
deltamax_ras,longest_dimension,-0.004328940481352031
fu_hosp_cv,test_value_range,-0.004329847446516677
cyp3a5_01,test_value,-0.004331333254575894
s3_01,state,-0.004332559235934664
ug_min,shortest_dimension,-0.004333364516584532
reaprefbl_01,amount,-0.0043339518584833234
rales12,test_value,-0.004334082985977007
eh_2wk,ajcc_staging_system_edition,-0.004334565608002371
hosp60_cv,test_value_range,-0.00433524734955518
k_55_12,mitosis_karyorrhexis_index,-0.004337490479597594
inverted_t_v1,laterality,-0.004339444947032384
atii_at_v6,test_value,-0.004343292264121369
adur_18,test_value,-0.004345184203167968
gal3bl_median,sample_ordinal,-0.004345573336146908
ai,state,-0.004351286488198101
allae_py03,occupation_duration_years,-0.004352742549742547
fgf23_c_v6_03,fev1_fvc_pre_bronch_percent,-0.004353792176763746
reapref18_02,test_value,-0.004355717504755496
venenthrombosen,state,-0.004357382702510934
change_qrsduur_bl18,revision,-0.004359152013068069
gal3bl_median_pooroutcome,average_base_quality,-0.004359649508350818
pathologischeqiniiiiiavf_12,ajcc_pathologic_stage,-0.004360141539987997
lengths4ch,height,-0.004364177959920882
gal3bl_30,chipseq_antibody,-0.004365917523963246
spiro_mean_bl_1,mean_coverage,-0.004368636294706128
v1digoxin,state,-0.0043687149104951655
inverted_t_v1_12,laterality,-0.004371090989246453
change_qrsduur_bl12,somatic_mutation_indexes,-0.004371954852318267
sehnenfadenrupturpost,state,-0.0043725992589596805
verkalktemitralsegelpost_12,sample_ordinal,-0.004377730229221786
ef_12_ref_mref_pef,uicc_staging_system_edition,-0.004378200406276685
sumanemiaaeseverity,aggregated_somatic_mutations,-0.004379192057947668
mis_1_2,state,-0.004379706551238857
opn.v3,test_value,-0.004383424258513483
tp1np_v3,ajcc_clinical_t,-0.004383610022462868
timing_b,legacy_updated_datetime,-0.004387073366682617
irbtb_12,rin,-0.0043874664456278025
hepatomegaly1,cog_liver_stage,-0.004388940415788285
hstnt_bl_median,fragment_mean_length,-0.004392567972911003
strf_12_2.78,percent_stromal_cells,-0.0043930864121684374
fram_groep_1,a260_a280_ratio,-0.004395067894295213
upitration_bl_6_01,aa_change,-0.004395173221240371
gdf15_delta_v6_median,sample_ordinal,-0.004395590279518894
egfr60_cg_bl,epithelioid_cell_percent,-0.004396007337797415
doseacev1,a260_a280_ratio,-0.00439688819887767
stfr_bl_median,fragment_mean_length,-0.004397980624455836
dosetorav3,treatment_dose,-0.0044011413434181705
goodreason12,state,-0.0044052069027940965
orthopneag2_01_12,test_value,-0.004409336508237539
rrmitralvals_18,rin,-0.004409489793849368
cysc_bl_median,average_base_quality,-0.004409987592667982
txadj6,state,-0.004412515742887639
dosebbv12,prescribed_dose,-0.004414175476997506
gal3_bl_17.8,chipseq_antibody,-0.004417159234550541
stdepressieinv2v3_12,inrg_stage,-0.004421501315099489
v12,test_value_range,-0.004424775860011202
goodreason3,per_sequence_quality_score,-0.004424812284315003
gdf15_bl_4000,morphology,-0.004424960409817127
supraventriculaireextrasystole,basic_statistics,-0.004425823058745481
bifasciculairblok_12,pmid,-0.004426574310011378
dasimbl,state,-0.004426837172070475
gds18,gleason_grade_tertiary,-0.004428005785150758
mnbl,state,-0.00442858098561495
cody_change_1_3,revision,-0.004429458811336555
e_a_18,ajcc_staging_system_edition,-0.004429634558602394
jv18_01,state,-0.004429856443319716
egfr60_cg_1,epithelioid_cell_percent,-0.004431909559910634
doseacebl,a260_a280_ratio,-0.00443245167496554
gdf15_bl_2000,morphology,-0.004437542882029329
sumhyperkalemiaaeseverity,somatic_aggregation_workflows,-0.004439127946316404
timing_a,legacy_updated_datetime,-0.0044405390845528294
ef_12,ajcc_staging_system_edition,-0.00444514190240982
gds12,gleason_grade_tertiary,-0.0044455495510765265
v18_jn,state,-0.004452247677009672
s100_bl_median,sample_ordinal,-0.004453320979828342
e_e_sept,ajcc_staging_system_edition,-0.004455089683313747
firstvtae,test_value,-0.004455836988613398
relpossnoncv,test_value,-0.0044560139500226985
dosetorav1,a260_a280_ratio,-0.004456495964976332
a2outofhosp,state,-0.004457389574562917
rales12_01,test_value,-0.004457996646292935
digadjbl,state,-0.00445906661021709
dosetorav12,prescribed_dose,-0.00446013444939019
rva,test_value_range,-0.004460174819660236
strf_6_2.78,test_value,-0.004460388205373337
constip1,state,-0.004465594452529966
bpsyst_bl_105,state,-0.004466595210276899
ef_bl_ref_mref_pef,percent_eosinophil_infiltration,-0.0044666310275089695
daysicu18_infection,days_to_adverse_event,-0.004466770957542739
aantalves_18,state,-0.0044667849201925295
timing_e,legacy_updated_datetime,-0.004467789016833978
firstrheumaae,test_value,-0.004468328703601963
paod,pmid,-0.004469260862243404
stdepressieiniiiiiavf,basic_statistics,-0.004470222767399617
gdf15_bl_3000,morphology,-0.00447034478881735
v6_available,test_value,-0.00447139198755163
doseacev3,test_value,-0.004473205007273326
stdepressieinv4v6_12,inrg_stage,-0.004477446920986822
reaprefbl_02,amount,-0.0044805429868099095
firstcadae,sample_ordinal,-0.004481007093147508
gal3_v3_med,chipseq_antibody,-0.004481490322244602
egfr60_cg_12,epithelioid_cell_percent,-0.004483046247088636
stdepressieinv2v3_18,inrg_stage,-0.004488640413080744
prea_bl_median,sample_ordinal,-0.0044892666075702576
days_icu,icd_10_code,-0.004489981738068217
hf,test_value,-0.004491588353401708
sumhfaeseverity,aggregated_somatic_mutations,-0.004492298020254098
aortenklappemorphologie,state,-0.004492457376583228
bnp3decrease_median,sample_ordinal,-0.004492848330777359
strf_18_2.78,test_value_range,-0.0044958163044654135
fu_6,test_value_range,-0.004496733893385335
echoqualität,state,-0.0044971794840351674
totaldurationdiabetes,treatment_duration,-0.004504991283057029
anterior_12,laterality,-0.004506398171791343
inverted_t_v1_18,laterality,-0.004507534913605801
dosetorav6,test_value_range,-0.0045093066524498565
hr120_6,state,-0.0045134147068468826
egfr60_ckd_bl,epithelioid_cell_percent,-0.004522699868957496
r3_bl,test_value,-0.004525063806274184
max_loop_dose_diff,pairs_on_diff_chr,-0.004525262925801629
diabetes,primary_disease,-0.004526355351379795
hr_69_79_86,test_value_range,-0.004531239243447784
firstcerebrovascae,pmid,-0.004532546572418376
nonadh3_reasonother,reason_treatment_not_given,-0.004532555071422596
rafläche,test_value,-0.004533184301270759
hr_62_68_74_80_90,state,-0.004533851776637913
gdf15_bl_1300,morphology,-0.0045344673473721505
r4_bl,test_value,-0.004534493754992406
digadj3,state,-0.004535201297093741
lastnyha,sample_ordinal,-0.004536823999828078
bnp_v6_median,sample_ordinal,-0.00453814711266365
gds_bl_6,gleason_grade_tertiary,-0.004538482519794484
egfr60_cg_3,epithelioid_cell_percent,-0.004547418615660338
clbtb,clonality,-0.004555386735652679
timing_d,legacy_updated_datetime,-0.004560086077914743
gpnoncomp12,gleason_score,-0.004560689810750244
fram_groep_6,a260_a280_ratio,-0.004562724411653398
maxpsychiatricaeseverity,fragment_maximum_length,-0.004563929449037482
allopurinol,test_value,-0.00456863516555271
gpcompliantwo1,gleason_grade_tertiary,-0.004569073774877648
fram_groep_3,a260_a280_ratio,-0.004569945833417818
visit12_reason1,comorbidity,-0.004570874653164744
txadj3,state,-0.0045709053102871095
rales6_01,test_value,-0.004570994549831423
apikal_18,pmid,-0.00457794673528358
digadj1,state,-0.004580187437039074
digadj6,state,-0.004581943392018148
egfr60_cg_6,epithelioid_cell_percent,-0.004582045380068791
spiro_mean_1_3,mean_coverage,-0.0045858905724067206
maxbacterialinfectionaeseverity,fragment_maximum_length,-0.004587078308246499
sumcadaeseverity,somatic_aggregation_workflows,-0.004589596138246745
ast,test_value_range,-0.004591054628078112
deltamax_bb,treatment_dose_max,-0.004591553033968456
gds_above_6_bl,gleason_grade_tertiary,-0.004592619355462231
uptitration_mg,therapeutic_target_level,-0.004593168148306167
s_v5v6_12,state,-0.0045943995933105065
egfr60_ckd_12,epithelioid_cell_percent,-0.004595781895639756
strf_12_1.8,percent_stromal_cells,-0.004595936698930911
opn_bl_median,sample_ordinal,-0.004596355578424622
ep_hosp_hf,ajcc_staging_system_edition,-0.004601508403269008
ef_estim_groep18,name,-0.004603129284788155
maxvascularaeseverity,fragment_maximum_length,-0.004605890854088003
uptitration_mg_3,therapeutic_target_level,-0.004606898289623966
fgf_bl_available,selected_normal_wxs,-0.0046079627899025515
opn.bl,test_value,-0.004608636943058736
e,test_value,-0.004608832116619936
gdf15_bl_median,sample_ordinal,-0.004608870969210657
qual2d,state,-0.004615807370797835
stdepressieinv4v6_18,inrg_stage,-0.004617364206249463
fgf23_c_v12_03,fev1_fvc_pre_bronch_percent,-0.004618279366882465
tdisystsept_12,test_value_range,-0.004619128963768624
firsthfae,test_value,-0.004619129874376219
gds_above_4_bl,gleason_grade_tertiary,-0.004620572580342605
sumvascularaeseverity,somatic_aggregation_workflows,-0.004622373155093836
aantalves_12,state,-0.004625130474891574
sehnenfadenrupturpost_18,test_value_range,-0.0046273001492546555
hosp_at_bl,inrg_stage,-0.004627615826554265
bbat_bl,test_value_range,-0.004630637222554561
sumrenalfailureaeseverity,somatic_aggregation_workflows,-0.004630769867727569
dyspepsie,primary_disease,-0.004632806593381777
gdsbl,gleason_grade_tertiary,-0.004633979152428305
nonadh6_reasonother,reason_treatment_not_given,-0.004637962453584814
blfuro,state,-0.0046380286244033855
accaorta_12,test_value_range,-0.004640406524369862
timing,creation_datetime,-0.004641490147407943
v6digoxin,pmid,-0.0046446563300158485
relpossdepression,state,-0.004646531574589872
rvramean,test_value,-0.004648743136902324
rales01,test_value,-0.004649911749982608
raquer,test_value,-0.004649979134944639
reabl_01,rin,-0.00465121543652282
bb_min_3_6,fragment_minimum_length,-0.00465192995994905
bb.pcapoor.1,test_value_range,-0.004652749203248708
help18,state,-0.004656247454092932
qualdimensionen,inrg_stage,-0.0046566887952406546
paht,state,-0.004658067758675389
firsthypertensionae,test_value,-0.004658955904616405
sumallaeseverity,aggregated_somatic_mutations,-0.004659419707418138
rvefvisuell_12,rin,-0.004660133320236772
fu_hosp_hf,test_value_range,-0.004660462656650307
gpnoncomp6,gleason_score,-0.0046623697724901565
hr_72_79,test_value_range,-0.004663555687114745
ms,test_value,-0.0046637973016632915
rrmitralvals,test_value,-0.004664709730473508
hosp60_noncv,state,-0.00466673279701379
sumtraumafallaeseverity,somatic_aggregation_workflows,-0.004671615778474183
sumhypertensionaeseverity,somatic_aggregation_workflows,-0.004672098096963682
egfr60_ckd_1,epithelioid_cell_percent,-0.004672873631098779
totaldurationhyperkalemia_per_year,occupation_duration_years,-0.004678346989816615
txadj1,state,-0.0046791486280361025
relposscv,state,-0.004679645819782987
ep90,ajcc_staging_system_edition,-0.004680433191816819
afwijkendetinavr_18,state,-0.0046809230987029425
bbadj6,state,-0.004681820047184043
rales3,test_value,-0.004685344402112658
ep_hosp_ep,test_value,-0.004688153019471583
verdicktemitralsegelpost_18,sample_ordinal,-0.004689074857893614
ep_hosp_cv,ajcc_staging_system_edition,-0.004695059067472259
e_a,ajcc_staging_system_edition,-0.004701677363472907
gpnonadher,gleason_grade_tertiary,-0.004702952517641808
totaldurationbacterialinfection,contamination,-0.004716804376841476
e_a_12,ajcc_staging_system_edition,-0.0047169391467655405
gpnoncomp3,gleason_score,-0.004719883748191989
loop_mean_3_6,average_read_length,-0.004721679769905245
hr_74_79_86,test_value_range,-0.004724232506529967
ef_estim_groep12,name,-0.0047247114861249506
angina_06,vascular_invasion_type,-0.004726296853947891
rve,test_value,-0.004726594622631464
fgf23_c_v3_03,fev1_fvc_pre_bronch_percent,-0.004732680820260752
orthopnea3,test_value,-0.004736088010345474
rrmitralvals_12,rin,-0.004736658961307555
jv6,state,-0.004736824084818119
sumnoncvaeseverity,amount,-0.004737480936429998
gpcompliant,gleason_grade_tertiary,-0.004739438439223439
gpnoncomp1,gleason_score,-0.004742664114860885
relpossdementia,state,-0.004743514318818774
constip12,state,-0.004743929859417972
ep18,ajcc_staging_system_edition,-0.004745006197595292
uptitration_mg_6,therapeutic_target_level,-0.004745028052177572
tdisystrv,test_value_range,-0.004748239461629364
angina_01,vascular_invasion_type,-0.004759357980364629
orthopneag2_01_18,test_value,-0.004759988120820387
gds_above_6_12,gleason_grade_tertiary,-0.004760763047883754
sfmissbl,short_name,-0.00476114034296396
ep_hosp_all,ajcc_staging_system_edition,-0.004761281790677054
stnklappenop,state,-0.004764580314922102
loop_mean_bl_1,average_read_length,-0.0047649761256900736
gal3_bl_24.5,chipseq_antibody,-0.004766100422534066
evals_12,test_value,-0.004766176610036183
rs_ratio_v1_12,number_of_fractions,-0.004766632520905425
nonadh18_reasonother,reason_treatment_not_given,-0.004767431123766264
sumcvaeseverity,aggregated_somatic_mutations,-0.0047678272380701
gds_above_4_18,gleason_grade_tertiary,-0.004768657712196763
eplim,test_value,-0.004768827692281168
efestim_40_55,state,-0.004768886274703114
dayshosp18_cardiac,days_to_pathology_detail,-0.00477153007208734
ef_50,ajcc_staging_system_edition,-0.004774266447910392
bbadj1,state,-0.004777169464923335
verkürztesehenfäden_12,test_value_range,-0.004780483773033364
rg6,test_value,-0.004783570732780501
gpnoncompwo1,gleason_grade_tertiary,-0.004783648741497809
gds_above_6_18,gleason_grade_tertiary,-0.0047837853326370625
totaldurationtraumafall_per_year,year_of_diagnosis,-0.004787779864620576
hwdiast,test_value_range,-0.004789518214519481
tdiesept_12,test_value,-0.004791691834848807
bb.1.med,pmid,-0.0047976566181320915
ef_02,ajcc_staging_system_edition,-0.004798410601220773
sumdementiaaeseverity,somatic_aggregation_workflows,-0.0048016289919974595
fu_hosp_ep,test_value_range,-0.004803549463415368
angina,vascular_invasion_type,-0.004804371438537812
s_v5v6,state,-0.0048056878735843545
r_v5v6,cog_rhabdomyosarcoma_risk_group,-0.004807877884850391
angina01,vascular_invasion_type,-0.004808718072124735
angina1,vascular_invasion_type,-0.00481381868880034
afwijkendetinavr_12,state,-0.004819358218336747
firstnoncvae,test_value,-0.004821534570488859
e_em_sept,percent_eosinophil_infiltration,-0.004823224051113497
constip3,state,-0.004823678444303415
s4_01,state,-0.0048307653996796365
gpnonadherwo1,gleason_grade_tertiary,-0.004830938415122691
gal3_v6_med,chipseq_antibody,-0.004831126910894861
angina01_1,vascular_invasion_type,-0.004831300229873782
rs_ratio_v1_18,number_of_fractions,-0.004832309486624935
help12,state,-0.004833924904498511
ritme_12,test_value,-0.004834322536481672
sumdepressionaeseverity,somatic_aggregation_workflows,-0.004834567186388869
rp1,test_value,-0.0048346515693593415
r_v5v6_12,cog_rhabdomyosarcoma_risk_group,-0.00483475264680239
bbadj3,state,-0.004835466563156889
hr120_18,state,-0.004839610434785987
fgf23_v12_03,fev1_fvc_pre_bronch_percent,-0.004840068166870421
number_hosp,test_value_range,-0.0048412231208367785
sumcerebrovascaeseverity,aggregated_somatic_mutations,-0.004841461700026675
sumgoutaeseverity,somatic_aggregation_workflows,-0.004841559742111073
gallenblase,gleason_grade_tertiary,-0.004841695119106867
angina01_18,vascular_invasion_type,-0.004842095482912812
nonadh_hf_prop,test_value,-0.004842564749360116
dosetorabl,prescribed_dose,-0.004845216135140966
reapref12_01,amount,-0.004846131599309833
totaldurationvascular_per_year,year_of_diagnosis,-0.004846273047022926
diastdur,test_value,-0.004847583714888033
angina01_3,vascular_invasion_type,-0.004852232670196506
relpossgout,state,-0.004855698442703174
drycough01,state,-0.004857524210931201
r7_bl,rin,-0.004858323117327904
txadj12,state,-0.0048595582047626235
angina01_6,vascular_invasion_type,-0.004859699348939852
angina3,vascular_invasion_type,-0.0048600271676740615
sample#,test_value_range,-0.004860428138551739
lvh_12,test_value,-0.0048611821216404194
angina01_12,vascular_invasion_type,-0.004866609342906773
fgf23_v6_03,fev1_fvc_pre_bronch_percent,-0.004868555918409074
egfr60_ckd_6,epithelioid_cell_percent,-0.004873283489506583
loop_min_3_6,fragment_minimum_length,-0.00487440505452779
ti,state,-0.004875135361819001
mis_bl2,inrg_stage,-0.004876492470671455
visit18_reason1,comorbidity,-0.004877614339228526
r4_18,rin,-0.004879759730722407
hfae_per_year,year_of_birth,-0.004881311709600196
ctd,state,-0.004881522059954647
e_18,ajcc_staging_system_edition,-0.004884957782410679
apikal_12,state,-0.004885097105372718
hr_69_81,test_value_range,-0.004885514163651241
patnoncomplwo1,test_value_range,-0.0048864815324530225
constip18,state,-0.004889527818394249
angina6,vascular_invasion_type,-0.004891131398369089
hr3,test_value,-0.004894495486360981
sfmiss18,state,-0.004894812074268185
angina12,vascular_invasion_type,-0.0048979822028423345
evals,test_value,-0.0048991253189099564
sumrheumaaeseverity,aggregated_somatic_mutations,-0.004899285282310816
qrqrqrcomplexinv1_18,pmid,-0.004899452227036571
mod,cause_of_death_source,-0.004900424148876328
uptitration_mg_12,therapeutic_target_level,-0.004901417621762502
ilbtb,state,-0.004901832555289969
qrqrqrcomplexinv1_12,state,-0.004909453126716875
efestim_45,state,-0.0049099248214510985
rp12,test_value,-0.004910331863046075
eh_bl,state,-0.004911140179054593
systmurmurmr,state,-0.0049142107478650195
egfr60_ckd_3,epithelioid_cell_percent,-0.00491721727060793
visit6_reason1,comorbidity,-0.004918485443451936
totaldurationbleeding_per_year,occupation_duration_years,-0.004918523688970927
daysicu18_pulmonary,days_to_pathology_detail,-0.0049206347809120626
reaprefbl,amount,-0.004920954100642051
verdicktemitralsegelpost_12,sample_ordinal,-0.004923624305646532
ef_groep18,name,-0.004923743291705616
r6_bl,rin,-0.004924125139823796
sehnenfadenrupturpost_12,test_value_range,-0.0049247394964145735
angina18,vascular_invasion_type,-0.004926235321157336
grösseakprothese,test_value_range,-0.0049267443508029555
gdf15_v6_4000,test_value_range,-0.0049284629708706345
rslt1inv5v6_18,rin,-0.004931947562600934
reapref12_02,test_value,-0.0049337156590146085
v18,test_value_range,-0.004937158666331401
rales1,test_value,-0.004937446418331429
bl6mwtdistance,margin_distance,-0.004939402403445545
fu12,test_value_range,-0.004939706849918148
dosefurov3,prescribed_dose,-0.004939938144247286
gpnoncomp,gleason_grade_tertiary,-0.0049435553811505925
aethylabusus,state,-0.004943648263125286
eprecedingchestpain,state,-0.004945349581648659
r3_18,rin,-0.004946761326956814
orthopnea3_01,test_value,-0.004947190830205801
adurvals_12,test_value,-0.004948731578256585
bb.2.med,diagnoses,-0.004949454297151171
mis_3_2,state,-0.0049541214646115425
nonadh_perc,test_value,-0.004954533059244494
gpnoncompmiss,gleason_grade_tertiary,-0.004954905801286725
nonadh3_reasonrenalhypo,reason_treatment_not_given,-0.004960261084553072
uptitration_mg_18,treatment_dose_units,-0.004960431975245072
verdicktemitralsegelpost,state,-0.004960512108713434
ef_groep12,name,-0.0049619985238443815
rvra,test_value,-0.004963042990755876
mis_12_2,state,-0.004964472644680066
r5_18,rin,-0.004968597090013804
exintol3,state,-0.004970440159786136
avals,test_value,-0.004976112638031417
aortenklappe_18,test_value_range,-0.004976950093482976
adur_12,test_value_range,-0.004977183209027302
rslt1inv5v6_12,rin,-0.004977781478217235
atiiat_bl,test_value_range,-0.004981489775880045
max_increase_spiro_bl_6,treatment_dose_max,-0.004981636383702844
firstgoutae,test_value,-0.0049825293862177
v18digoxin,state,-0.004983424209947744
fgf_any_available,selected_normal_wxs,-0.004985227516521761
ef_30_35_40,ajcc_staging_system_edition,-0.004986917604218129
firstcvae,test_value,-0.004994068909197732
fgf23_v3_03,fev1_fvc_pre_bronch_percent,-0.004997057219788742
nonadh1_reasonother,reason_treatment_not_given,-0.005000158749257399
hrstand12,test_value,-0.005001742599401015
days_random_to_discharge,days_to_risk_factor,-0.005003248440827323
fu_hosp,test_value_range,-0.00500600090405122
tdiarv,test_value_range,-0.005011145533427252
s_v5v6_18,state,-0.005016058868474146
sumdiabetesaeseverity,somatic_aggregation_workflows,-0.005016841080398273
fram_cong01_3,a260_a280_ratio,-0.005019156755512424
loop_max_3_6,longest_dimension,-0.005022001493639285
rp18,rin,-0.0050223948761203355
paod01,state,-0.005023105150044456
fgf23c_changegroup_bl_v6,somatic_mutation_indexes,-0.005027377113808587
rv_area_shortening,fragment_minimum_length,-0.005035548299294619
nonadh12_reasonother,reason_treatment_not_given,-0.005046644052840009
stdepressieinv4v6,state,-0.00505054145334672
stdepressieinv2v3,inrg_stage,-0.005052165977296246
fgf23c_changegroup_bl_v12,somatic_mutation_indexes,-0.005055209531414687
ef_30_40_50,ajcc_staging_system_edition,-0.005058354162976177
maindcm,state,-0.005058905687642897
hr12,test_value,-0.005061420785820359
s4,state,-0.0050630456133057495
allaes,state,-0.0050660752047744
tisehnenfadenruptur_12,test_value_range,-0.005069589846555336
rslt1inv5v6,rin,-0.0050719437671884774
qiniii_12,state,-0.005076684086792317
gal3_v18_med,chipseq_antibody,-0.005078444594809367
sfmiss12,state,-0.005080071243509948
fu_hosp_all,test_value,-0.005080583612050082
entzündlichedarmerkrankungen,test_value,-0.005083875154970236
verkürztesehenfäden,state,-0.00508526201033746
creat120,state,-0.0050870902068524074
eworseninghf,state,-0.005089713667333677
aortenklappe_12,state,-0.005090284921831623
fram_cong01_6,a260_a280_ratio,-0.005094178072836224
systmurmmr01,state,-0.00509547538512327
perikarderguss_12,basic_statistics,-0.005097525466355539
loop_max_bl_1,longest_dimension,-0.005097655986777493
mmode,state,-0.00509970910336841
nonhf_hosp18,pmid,-0.005106925972094855
mean_loop_bl_6,average_base_quality,-0.005126654589176955
totaldurationdiabetes_per_year,occupation_duration_years,-0.005127789813312088
fu1,test_value_range,-0.005130635158510678
romslagpunt,state,-0.005134499777143968
exintol12,state,-0.005142102136418974
crpsensitive,test_value_range,-0.005143853538360074
digadj12,state,-0.005147129297415246
patnoncompl,test_value_range,-0.005147427369634685
r5_12,test_value,-0.005149057357229782
sumconstipationaeseverity,somatic_aggregation_workflows,-0.005149183628149625
gdf15_bl_quartiles,test_value_range,-0.005149296543491408
r6_18,state,-0.005149899365719315
sumsvtaeseverity,somatic_aggregation_workflows,-0.005163883263020262
v1_jn,state,-0.005167525086328635
v18day,use_per_day,-0.005168776868235931
mem8_cathegories,per_base_sequence_content,-0.005172136403189846
tdielat,test_value,-0.0051722335346666495
ef_45,ajcc_staging_system_edition,-0.005176105438160699
afib,state,-0.0051778774805406194
loop_max_1_3,fragment_maximum_length,-0.005180149142954344
relpossvt,state,-0.005185544796490737
analysis,test_value_range,-0.005185581220794538
relposscad,state,-0.005187090401115361
totaldurationdepression_per_year,year_of_diagnosis,-0.0051881388139931005
v12day,sequencing_date,-0.00519162279865167
r7_12,rin,-0.005195559051749101
afwijkendetinavr,state,-0.005196367671293484
fram_cong01_12,a260_a280_ratio,-0.005197318952694421
cat_bl,per_base_sequence_content,-0.005203189336323688
r4_12,rin,-0.005211388447109301
totaldurationsvt_per_year,exposure_duration_years,-0.005217267936814518
tnnt2,test_value,-0.005217843440814574
irbtb,state,-0.005221708666519593
gal3_v12_med,chipseq_antibody,-0.00522265873377707
max_loop_dose_diff2,pairs_on_diff_chr,-0.005224277187009296
totaldurationcv_per_year,exposure_duration_years,-0.005227194773743759
ras_dose_bl,prescribed_dose,-0.005229259424697548
ras_min_3_6,shortest_dimension,-0.005230773461592211
fram_cong01_18,a260_a280_ratio,-0.005234471135499746
aortenklappe,test_value_range,-0.005235248794385898
totaldurationvt_per_year,year_of_diagnosis,-0.00524202675025154
r7_18,state,-0.005242057103838041
orthopnea18,test_value,-0.0052455186268426
v1_available,test_value,-0.005246703630859593
fu3,test_value_range,-0.005250579176784023
mis_12,state,-0.00525223041188967
a,test_value_range,-0.005258137219822738
orthopnea18_01,test_value,-0.005259173491265877
fram_cong01_bl,a260_a280_ratio,-0.005260211583924207
tdisystlat,test_value,-0.005265019592025943
rales6,rin,-0.00527088086957926
exintol18,state,-0.005275369557951007
nonadh6_reasonrenalhypo,reason_treatment_not_given,-0.005276013661056555
nr,test_value_range,-0.00528110638579967
bb_max_3_6,fragment_maximum_length,-0.00528147548541152
bbadj12,state,-0.0052840160806016424
tisehnenfadenruptur,test_value_range,-0.005287266949715885
v3_available,test_value,-0.005287562593648403
hrstand1,test_value,-0.005287591733091444
lvh,sample_ordinal,-0.005290103188838525
ef_estim_groepbl,name,-0.005290699940349132
daysicu18_musculoscel,use_per_day,-0.005300397304164427
v6spiro,state,-0.005303127912806045
adurvals_18,test_value,-0.00530437180278085
r3_12,rin,-0.005306371497059527
nodadh_50,a260_a280_ratio,-0.005309698857211751
v6nitrat,state,-0.005312383935473617
bbadjbl,state,-0.005312694756199386
rales,state,-0.00531354890612352
mis_6_2,state,-0.005318643452081825
r6_12,rin,-0.0053188188958118
rp3,rin,-0.005323623261483157
hrstand3,test_value,-0.005329848782074483
tod12,state,-0.005329894919525965
hr1,test_value,-0.005330954866766575
dayshosp18_musculoscel,exposure_duration_hrs_per_day,-0.005331115133703299
copdasthmaae_per_year,year_of_birth,-0.005332334740808904
rp6,rin,-0.005333922840454629
rvefvisuell,state,-0.005335221366885135
accaorta,test_value_range,-0.005335641460522307
qiniii,state,-0.005336025736927408
e_12,ajcc_staging_system_edition,-0.005336873209062513
totaldurationall_per_year,exposure_duration_years,-0.005340627340640939
harnwegsinfekt,state,-0.005341057147425791
relpossbleeding,state,-0.005347153968810354
glp2_corr_bl_3groups,read_groups,-0.005347771360759782
vkorc1_01,inrg_stage,-0.005349139700439241
aathorax,state,-0.005349372208911837
v12_jn,state,-0.005349626571966715
totaldurationhypertension_per_year,year_of_diagnosis,-0.005354149863427073
qiniii_18,state,-0.0053583155896384516
perikarderguss,basic_statistics,-0.005359787738583743
nonadh3_reasonhf,reason_treatment_not_given,-0.005361255638026924
v18_possible,state,-0.005365046800980882
totaldurationcad_per_year,year_of_diagnosis,-0.005366296154601258
dosefurobl,prescribed_dose,-0.005366653719850238
tdiasept,test_value,-0.005367873934027573
v1nitrat,state,-0.005372908986956335
orthopnea12,test_value,-0.005372946625403597
bnp_6med_delta06,name,-0.005378660991598249
relposssvt,state,-0.005378785441302903
totaldurationgout_per_year,exposure_duration_years,-0.0053788892505687354
v186mwtdistance,margin_distance,-0.005380401466248208
v12digoxin,state,-0.0053864090480884586
nonadh6_reasonhf,reason_treatment_not_given,-0.005389515434130957
gal3_bl_per_centre,centers,-0.005394175316730569
totaldurationhf_per_year,exposure_duration_years,-0.005399404632612938
adurvals,test_value_range,-0.005399447127634039
constip6,state,-0.005401880271127948
mis_bl,state,-0.0054020466087819725
number_hosplim,test_value_range,-0.005403255288596437
totaldurationhypotension_per_year,exposure_duration_years,-0.00540724010743227
gal3_v1_med,chipseq_antibody,-0.005407643810132732
initials,name,-0.005408261809153889
hosp30,state,-0.005408367439634912
row_id,test_value,-0.0054111648261668316
totaldurationcopdasthma_per_year,exposure_duration_years,-0.00541286584115434
hosp90,state,-0.00541745408928981
sehnenfadenrupturant,state,-0.005420001969340693
loop_min_bl_1,fragment_minimum_length,-0.0054332252057639275
exintol6,state,-0.005435921818388664
loop_min_1_3,fragment_minimum_length,-0.005437727856785465
glp2_corr_bl_5groups,read_group_name,-0.00544140246196726
exintol1,state,-0.005443998907756544
lalängs,test_value_range,-0.005445378781798873
nonadh18_reasonrenalhypo,reason_treatment_not_given,-0.0054504423670989465
v6furo,state,-0.005452046857681382
echo,test_value_range,-0.00545551748676189
totaldurationpsychiatric_per_year,occupation_duration_years,-0.005456583504719801
rythm18,state,-0.005456841510205058
hrstand6,test_value,-0.005469410930375064
dosefurov1,prescribed_dose,-0.005471657095776129
ras_max_3_6,longest_dimension,-0.005473684715354386
relposshf,state,-0.005477237299118447
v18tora,state,-0.005488753449836874
bb_max_1_3,fragment_maximum_length,-0.005491484058478492
bb_mean_3_6,mean_coverage,-0.005491980036081916
totaldurationrheuma_per_year,year_of_diagnosis,-0.00549211905550809
delta_minn_bl18,shortest_dimension,-0.005494442926090595
totaldurationnoncv_per_year,exposure_duration_years,-0.005495595755305898
datum_12,year_of_birth,-0.005496910672673116
vasc_min,shortest_dimension,-0.00549707761739887
v6,test_value_range,-0.005499363849534115
mammed,state,-0.0055022298351715265
pred,state,-0.005502915219154716
v6tora,state,-0.0055055335195262805
nonadh_reasonother,reason_treatment_not_given,-0.005509861333889573
hr70,state,-0.00551398213679293
fu,test_value,-0.005518742186227995
number_hosplim_hf,test_value_range,-0.0055257429374185535
orthopnea6_01,test_value,-0.005526218881654887
maxrenalfailureaeseverity,longest_dimension,-0.0055287570485580894
alt,test_value,-0.005531392954009824
anämie,state,-0.005537107320204476
v186mwtreasonable,state,-0.005537300976086352
v186mwt,state,-0.00554111885019643
v3_jn,state,-0.005549006533184544
max_delta_loop_bl_6,longest_dimension,-0.005552488696627923
mean_spiro_bl_6,mean_coverage,-0.005557796324763464
goutae_per_year,year_of_birth,-0.0055583572590419995
max_k_06,fragment_maximum_length,-0.005566572153692593
dosedigoxinv1,treatment_dose,-0.005568067978435356
bb_min_1_3,fragment_minimum_length,-0.005568143862401608
var00007,state,-0.005577285755583937
qrqrqrcomplexinv1,state,-0.00558160749922993
ras_mean_1_3,average_base_quality,-0.00558266683939881
totaldurationanemia_per_year,exposure_duration_years,-0.005583312763719548
fu6,test_value_range,-0.005585924993373812
cvae_per_year,figo_staging_edition_year,-0.005591071747500898
nonadh1_reasonhf,reason_treatment_not_given,-0.005591650893931334
ras_mean_3_6,average_base_quality,-0.005592858359602339
adur,test_value_range,-0.0055952320100667065
hrstand_72_84,state,-0.005596007847737668
v18furo,state,-0.005598507162050149
vtae_per_year,figo_staging_edition_year,-0.005598663786556494
v1,test_value_range,-0.00560172099978886
v18spiro,state,-0.005611031051840405
nonadh12_reasonrenalhypo,reason_treatment_not_given,-0.00561259304740174
tdisystsept,test_value_range,-0.005612692000093732
nonadh18,state,-0.005613378598220382
nonadh1_reasonrenalhypo,reason_treatment_not_given,-0.005621991731925866
nonadh12_reasonhf,reason_treatment_not_given,-0.005624513507892358
v12_possible,state,-0.005629923731150271
orthopnea6,test_value,-0.0056345095509988214
nonadherence_prop,test_value,-0.005637649933058201
totaldurationdementia_per_year,year_of_diagnosis,-0.005642851930712718
v126mwtreasonable,state,-0.005643772251455424
orthopnea12_01,test_value,-0.005644260337126358
lengthd2ch,sequence_length_distribution,-0.005644495273885875
nonadh18_reasonhf,reason_treatment_not_given,-0.005645201905379615
main_hhd,inrg_stage,-0.005645507869531543
totaldurationcerebrovasc_per_year,exposure_duration_years,-0.005648979105683782
totaldurationulcerdisease_per_year,exposure_duration_years,-0.0056495576450424885
mis_1,state,-0.005652319214342337
lengthd2ch_18,sequence_length_distribution,-0.0056551032452961955
delta_minn_bl12,shortest_dimension,-0.005656226935068458
v1spiro,state,-0.00565875842418263
var00001,state,-0.005659982887862075
nonadh_other_prop,state,-0.005660334382393754
ef_groups3_core,read_group_name,-0.005662311007946691
dosedigoxinv6,treatment_dose,-0.0056640624098877905
aaabd,state,-0.005666309182360584
ef_groepbl,name,-0.005669580084841917
sample_nr_v6,sample_type_id,-0.005676761136336291
diuadj1,state,-0.00567886524695253
ef_3groups,read_group_name,-0.005680915935256528
orthopnea01,test_value,-0.005681633494041409
firstmanifest,test_value,-0.005684055710244178
@6mwt,test_value_range,-0.005690437855341849
bnp6_groups02,read_group_name,-0.005693960692591139
doseatiiv1,treatment_dose,-0.005699806793351205
check,state,-0.005709116238331019
typaorta,type,-0.00571055864076154
mis_3,state,-0.005710677019748893
svtae_per_year,figo_staging_edition_year,-0.005713519329588834
diff_minn_bl_12,inpc_grade,-0.005716101205656597
v126mwt,state,-0.005718691580728581
reducedmemory,fragment_minimum_length,-0.005719513555851024
bb_mean_1_3,mean_coverage,-0.005721413083294248
reducedmemory_bl01,fragment_minimum_length,-0.0057217797546191785
charlsonscore,state,-0.005724190436459077
group_k_bl,read_groups,-0.005725569096357946
ras_max_1_3,longest_dimension,-0.005726334613809498
ef_groups2_core,read_group_name,-0.005730722528274062
as,state,-0.005733284370974735
max_loop_bl_6,fragment_maximum_length,-0.005737654073287399
v3furo,state,-0.005739979765085095
dosefurov18,prescribed_dose,-0.005752349458655926
patcomp18,state,-0.005758206486707132
v12furo,state,-0.00576235339369488
diuadj6,state,-0.005762969571500848
v1tora,state,-0.0057642929878722856
dosedigoxinv12,treatment_dose,-0.0057689971867081885
relpossall,state,-0.005770316960649246
valvhd,test_value_range,-0.005772885481138949
v18nitrat,state,-0.005773716562337342
dosefurov6,prescribed_dose,-0.005775241526523146
deathep_90_lim,cause_of_death_source,-0.005781579355384526
patcompliantwo1,test_value,-0.005781616386760057
nonadh_reasonhf,reason_treatment_not_given,-0.005781848288160924
charlson03,state,-0.005783230590490173
daysicu18_rhythm,use_per_day,-0.0057874673440939635
dosedigoxinv3,treatment_dose,-0.005790568873562621
apikal,state,-0.005796057409073707
diuadj3,state,-0.005797310405124463
tdiesept,test_value,-0.005797733534120285
lengthd4ch_18,sequence_length_distribution,-0.005799209932567687
tnnt2di,type,-0.005803894705108229
v3,test_value_range,-0.005804180635893067
patcompliant,test_value,-0.00580532678731934
mis_6,state,-0.005810837177412706
rv_area_shortening_12,fragment_minimum_length,-0.005813298246206197
v6ace,state,-0.005814380655100817
v6atii,state,-0.005817896814561077
lengthd2ch_12,sequence_length_distribution,-0.0058190812115063405
v12spiro,state,-0.005821652767354694
rv_area_shortening_18,fragment_minimum_length,-0.005824495684266364
aantalsves_a,state,-0.005830156628148775
v12tora,state,-0.005834736377280025
atiiadj12,state,-0.005836153282697885
v3tora,state,-0.005836469567069224
hrstanding,test_value,-0.005846795250125087
bb_max_bl_1,fragment_maximum_length,-0.005855397456539431
ras_max_bl_1,longest_dimension,-0.005866536008641787
v18_available,state,-0.005866817689924516
patcomp12,state,-0.0058709075321696415
v3spiro,state,-0.005872135638279466
fulim,test_value_range,-0.005878636769436221
hr6,test_value,-0.005880629178854137
tdialat,test_value,-0.005880740880052461
lvesd_diff12,inpc_grade,-0.005880819192305633
fu18,test_value,-0.005885874885673216
v1furo,state,-0.005887801731344291
reabl,state,-0.00588845615466925
v6bb,state,-0.0058900400048128645
dosedigoxinv18,treatment_dose,-0.005894554190197273
datum_18,year_of_birth,-0.005903441720324725
patcomp3,state,-0.0059082800820129625
patadherentwo1,test_value,-0.005913279924781385
v1_possible,state,-0.005914312553794144
d_minn_12_18,fragment_minimum_length,-0.005920655846301094
diuadj12,state,-0.005920882891128121
sample_nr_v12,sample_type_id,-0.005931229821694534
nonadh_total,amount,-0.0059341298033488265
v12nitrat,state,-0.005935112045407994
max_delta_bb_bl_6,longest_dimension,-0.005942645805577508
v3nitrat,state,-0.005944162877830821
diuadjbl,state,-0.005948498584126604
v18ace,state,-0.005980354673159259
v18bb,state,-0.005981348449581297
bnp6_groups,read_group_name,-0.00598499452239178
maxhyperkalemiaaeseverity,longest_dimension,-0.005991303211810119
sample#v1,sample_type_id,-0.005992582311945265
cv_comorb03,comorbidities,-0.005995354808536254
dayshosp18_syncope,days_to_risk_factor,-0.005999393656756059
max_delta_ras_bl_6,longest_dimension,-0.006002224432233129
datum,imaging_date,-0.0060074221803855365
qrsduur18_groups,read_groups,-0.006008729812891994
aaabddim,test_value_range,-0.006009040633617763
d_minn_bl_18,fragment_minimum_length,-0.006011356005196048
d_minn_bl_12,fragment_minimum_length,-0.00601281237027636
max_increase_bb_bl_6,fragment_maximum_length,-0.006020396517399465
fuhospitalisation_18_patients_centre,centers,-0.0060231307684714625
patcompliantwo1_02,state,-0.006023524150952514
doseatiiv6,treatment_dose,-0.006031328665113615
maxdiabetesaeseverity,longest_dimension,-0.0060361621702280125
max_delta_k_06,fragment_maximum_length,-0.006036482704101461
lvedd_diff12,inpc_grade,-0.006037894145873752
id_18,state,-0.006041621566296057
ras_mean_bl_1,average_base_quality,-0.006047383891157381
anterior,biospecimen_laterality,-0.006049698048592207
max_delta_ras_06,fragment_maximum_length,-0.006051042712474195
maxvtaeseverity,longest_dimension,-0.006058520622044547
patcomp6,state,-0.006058737346652163
v3_possible,state,-0.006059442156930713
v1ace,state,-0.006066955883733137
v12_available,test_value,-0.0060760103585863435
ex_intol01,state,-0.0060883442349251035
firstallae,sample_ordinal,-0.006089219025288059
max_increase_ras_bl_6,longest_dimension,-0.0060908587260308355
majorbleedings,state,-0.006103396578470881
maxcerebrovascaeseverity,longest_dimension,-0.006103793603382313
ras_min_1_3,shortest_dimension,-0.006104346038656628
v18atii,state,-0.006134822860718683
nonadh3,state,-0.006146167210137515
v1day,exposure_duration_hrs_per_day,-0.006150688073310953
noncvae_per_year,figo_staging_edition_year,-0.00615302347825633
lvedd_diff18,inpc_grade,-0.0061625660387804706
acctimepulm_18,legacy_updated_datetime,-0.006165826621042393
allae_per_year,year_of_birth,-0.006169174621633439
sample_nr_v18,sample_type_id,-0.006171868805971255
v12ace,state,-0.00617523137628382
ras_min_bl_1,shortest_dimension,-0.006177095086494973
nonadh12,state,-0.00618050258011556
maxdepressionaeseverity,longest_dimension,-0.006183179766444936
maxtraumafallaeseverity,longest_dimension,-0.006183643569246669
maxcvaeseverity,longest_dimension,-0.006190539904099665
max_ras_bl_6,longest_dimension,-0.006199695759931785
sample_nr_bl,sample_type_id,-0.006201130270429816
days_iculim_hf,days_to_risk_factor,-0.0062078141301773054
dosefurov12,prescribed_dose,-0.006210474925569971
maxsvtaeseverity,longest_dimension,-0.006214423927173733
dayshosp18_paodulcer,days_to_risk_factor,-0.006217917017908252
patcomp1,state,-0.006220164397452776
max_bb_bl_6,fragment_maximum_length,-0.00623405237742038
maxulcerdiseaseaeseverity,longest_dimension,-0.0062459097024510765
atiiadj3,state,-0.006246005619784419
v3ace,state,-0.0062509896786878604
sample#v3,sample_type_id,-0.006258250863650597
dosedigoxinbl,treatment_dose,-0.00626328045293379
cv_comorb02,comorbidities,-0.006266717693069147
dayshosp18_noncv,days_to_risk_factor,-0.006268480629373117
v3bb,state,-0.006276985097238928
max_statin,longest_dimension,-0.006278463923973251
atiiadj6,state,-0.006279369674994436
dayshosp18_cad,days_to_risk_factor,-0.006283696275214269
aantalves,state,-0.006284960805627895
v12bb,state,-0.0062958328532407735
maxgoutaeseverity,longest_dimension,-0.006297663174506776
v12atii,state,-0.006297865936464602
max_increase_loop_bl_6,longest_dimension,-0.0063102495926852225
doseatiiv3,treatment_dose,-0.0063170682223567766
maxnoncvaeseverity,longest_dimension,-0.006318473593411767
patnoncompmiss,state,-0.0063316780106113715
daysicu18_syncope,days_to_risk_factor,-0.006336404671101285
other_ex,state,-0.006340731271321118
patnoncompmisswo1,state,-0.00634078894313547
dayshosp18_rhythm,exposure_duration_hrs_per_day,-0.00634395421513578
doseatiiv12,treatment_dose,-0.006354398277178996
acctimepulm_12,legacy_updated_datetime,-0.00635663837186276
patnonadherwo1,state,-0.006358545184166744
other01,state,-0.006359202035778623
maxrheumaaeseverity,longest_dimension,-0.0063602049182766105
otherhd,state,-0.0063618931847577885
dayshosp18_nonhf,days_to_risk_factor,-0.0063629986623781505
id_12,id,-0.00636334833569464
d_minnbl_12,fragment_minimum_length,-0.006367676757129663
max_bb_bl_6_50,fragment_maximum_length,-0.006370634410598307
maxhypertensionaeseverity,longest_dimension,-0.006374386720961543
atiiadjbl,state,-0.006407310042095568
nonadh6,state,-0.0064084956531842915
doseatiiv18,treatment_dose,-0.006429375278266505
dayshosp18_gi,days_to_risk_factor,-0.006433613246013755
d_minnbl_18,fragment_minimum_length,-0.006435380431819835
maxcadaeseverity,longest_dimension,-0.006439894617204243
maxhfaeseverity,longest_dimension,-0.00645177865339106
daysicu18_nonhf,days_to_risk_factor,-0.00646055023281808
dayshosp,days_to_risk_factor,-0.0064607657432822355
v1atii,state,-0.0064669190223376905
daysicu18_noncardiac,days_to_risk_factor,-0.006474975471266749
elderlyhome,age_at_diagnosis,-0.006476542930473653
atiiadj1,state,-0.00648278727028861
acctimepulm,legacy_updated_datetime,-0.006482839478457392
cadae_per_year,figo_staging_edition_year,-0.006489741884027688
v1bb,state,-0.006492495561395046
ritme,rin,-0.006497515437530558
maxdementiaaeseverity,longest_dimension,-0.006507498125058962
maxallaeseverity,longest_dimension,-0.006511861149582596
maxanemiaaeseverity,longest_dimension,-0.006514052678527958
daysicu18_cad,days_to_risk_factor,-0.006522624531355802
dayshosp18_hf,days_to_risk_factor,-0.006531411894647801
deathlim_cardiac,cause_of_death_source,-0.006534649408183982
id_3,id,-0.006539331145365875
v6day,exposure_duration_hrs_per_day,-0.006545614337771554
patadherentwo1_02,state,-0.006557851689705242
v3atii,state,-0.006560885227140137
nonadh1,state,-0.006564392280524447
daysicu18_noncv,days_to_risk_factor,-0.00657297506064343
daysicu18_paodulcer,days_to_risk_factor,-0.006579916318804448
deathlim,cause_of_death_source,-0.006581979755614776
noncvaes,state,-0.0065848311715306675
daysicu18_gi,days_to_risk_factor,-0.006586062920070872
hr_68_80,legacy_updated_datetime,-0.006589528085505811
death18_cardiac,cause_of_death_source,-0.006596942252544511
daysicu18_hf,days_to_risk_factor,-0.006608358236427485
chronischvenöseinsuffizienz,updated_datetime,-0.006614366425339466
daysicu_18,days_to_risk_factor,-0.006620712146133335
a2activity,test_value,-0.006621013860783154
lastfu,imaging_date,-0.006626377339517857
doseatiibl,prescribed_dose,-0.006626788327079078
dosespirov1,treatment_dose,-0.006640441370287166
glp2_v3_4groups,read_groups,-0.006647246644380659
qrsduur12_groups,read_groups,-0.006658167257731939
dosespirov12,treatment_dose,-0.006666621945715889
dayshosp18_noncardiac,days_to_risk_factor,-0.006684590661852669
mean_ras_bl_6,average_base_quality,-0.006684862629987716
dayshosp18_cv,days_to_risk_factor,-0.006692549372233195
bb_min_bl_1,fragment_minimum_length,-0.00669660764674836
timeqlvot_18,legacy_updated_datetime,-0.006702826489550656
dosespirov18,treatment_dose,-0.006718324423746267
datemimonth,imaging_date,-0.006725267503122473
patcompliant02,state,-0.006726657090312483
glp2_v3_2groups,read_groups,-0.006731780168642098
dosespirov3,treatment_dose,-0.006732116486380528
patnonadher,state,-0.006745107214331167
dosespirov6,treatment_dose,-0.006746246687968409
gal3_select,selected_normal_wxs,-0.006747899744289246
dayshosp_18,days_to_risk_factor,-0.006754773617488231
timediscovery,legacy_updated_datetime,-0.0067569014039019415
icdyear,year_of_diagnosis,-0.006761096269556361
glp2_v3_6groups,read_groups,-0.006762669799480565
daysicu18_cv,days_to_risk_factor,-0.006764376278113644
ferritin_v3,fev1_fvc_post_bronch_percent,-0.006766150141708754
ferritin_v12,fev1_fvc_post_bronch_percent,-0.006775550647448071
death90,cause_of_death_source,-0.006778243010570698
glp2_bl_3groups,read_groups,-0.006785563688562975
minnm18,fragment_minimum_length,-0.006791999255972888
glp2_v3_3groups,read_groups,-0.006807349671738103
days_iculim,days_to_risk_factor,-0.0068110728426582995
glp2_v3_5groups,read_groups,-0.006858824497869725
gc18,per_sequence_gc_content,-0.006865109511490593
lv_mass_index_bl,current_weight,-0.006898298730042365
deathlim_ep,cause_of_death_source,-0.006902313295392969
cv_comorb,comorbidities,-0.006917185338634931
date_first_hosp_cv,index_date,-0.006933102152324253
death30,cause_of_death_source,-0.0069376327286453715
daysicu,days_to_risk_factor,-0.006951415078131953
ortho_min,fragment_minimum_length,-0.006966674433137666
gc12,per_sequence_gc_content,-0.006982999806101289
minnm12,fragment_minimum_length,-0.006984634650270226
death18,cause_of_death_source,-0.006999730095908835
patadherent02,state,-0.007001013445546091
costs_total_wo_resid_perday,exposure_duration_hrs_per_day,-0.007033348514173729
ferritin_v18,fev1_fvc_post_bronch_percent,-0.007034834018697081
days_hosp,days_to_risk_factor,-0.007049194300470639
noncv_deathlim,cause_of_death_source,-0.007063121133028964
death90_3,cause_of_death_source,-0.0070645884254004155
deathlim_cv,cause_of_death_source,-0.00706827760030373
cv_noncardiac_comorb,comorbidity_method_of_diagnosis,-0.007093221570618409
ferritin_v1,fev1_ref_pre_bronch_percent,-0.007117732091717854
death90_1,cause_of_death_source,-0.007137619154521489
gc3,per_sequence_gc_content,-0.007138626893593317
death90_6,cause_of_death_source,-0.007143493180581135
dayshosp18_renal,pediatric_kidney_staging,-0.00716375480664219
ferritin_v6,fev1_ref_pre_bronch_percent,-0.007176936762187784
death,cause_of_death_source,-0.0071914834149824575
death_cardiac,cause_of_death_source,-0.007224832900470954
other_surg_min,fragment_minimum_length,-0.007231933818496966
fu_elderlyhome,age_at_diagnosis,-0.007283011619717156
ferritin_bl,fev1_ref_pre_bronch_percent,-0.007287533089962324
timeqlvot_12,legacy_updated_datetime,-0.007292535968089396
date_first_hosp_card,imaging_date,-0.007312985786386756
perc_ferritin_bl_12,fev1_ref_pre_bronch_percent,-0.0073291102186077445
noncv_comorb02,comorbidities,-0.007364821213126008
datedis,imaging_date,-0.0073769116537010316
date_first_hosp,imaging_date,-0.007384214726613139
death18_ep,cause_of_death_source,-0.007387011506073328
death_1y,cause_of_death_source,-0.0073964016915932344
visc_min,fragment_minimum_length,-0.007397132605956175
ferritin_delta_bl_v6,fev1_ref_pre_bronch_percent,-0.007400096937213849
id_bl,test_value,-0.007404791422902073
delta_ferritin_bl_18,fev1_ref_pre_bronch_percent,-0.0074167379874770815
timeqpulm_18,legacy_updated_datetime,-0.007458220412932619
daterecording_18,imaging_date,-0.007485085158201072
death_cv90,cause_of_death_source,-0.007485228427129356
daysicu18_renal,pediatric_kidney_staging,-0.0074995887089029135
stefano_help_var,selected_normal_wxs,-0.007502975562084679
date_first_hospep,imaging_date,-0.007511577161427294
death_ep,cause_of_death_source,-0.007513293960279783
noncv_death,cause_of_death_source,-0.0075273197455301005
ferritin_v12_30_100_300,fev1_ref_pre_bronch_percent,-0.0075312481066950425
lv_mass_bl,current_weight,-0.007534126233767054
ferritin_v1_30_100_300,fev1_ref_pre_bronch_percent,-0.007538435228906716
pr_death,cause_of_death_source,-0.007550374508620965
ferritin_v18_30_100_300,fev1_ref_pre_bronch_percent,-0.0075597513385628114
ferritin_v3_30_100_300,fev1_ref_pre_bronch_percent,-0.007569867581871818
death18_cv,cause_of_death_source,-0.007582100077231666
excentr_bl,source_center,-0.007583293580252879
death_cv30,cause_of_death_source,-0.007592358375325497
date,imaging_date,-0.0076152030915977754
death_2yr,cause_of_death_source,-0.007619890899496968
deathcause,cause_of_death_source,-0.007622362895581598
death_hfhosp_afterv1,cause_of_death_source,-0.0076450522014909926
death_5yr,cause_of_death_source,-0.007645234323009998
death_hosp_afterv3,cause_of_death_source,-0.007647356645778138
death_3yr,cause_of_death_source,-0.007648695238942826
death_hfhosp_afterv6,cause_of_death_source,-0.007649227033778321
death_hfhosp_afterv3,cause_of_death_source,-0.007649706013373305
ferritin_v6_30_100_300,fev1_ref_pre_bronch_percent,-0.007680435377275047
death_hosp_afterv1,cause_of_death_source,-0.0076866445069296635
timeqpulm_12,legacy_updated_datetime,-0.007688071732566934
ferritin_bl_30_100_300,fev1_ref_pre_bronch_percent,-0.00769955692262713
renalsae,pediatric_kidney_staging,-0.007730323317904403
death_4yr,cause_of_death_source,-0.007751932036134367
timeqlvot,legacy_updated_datetime,-0.007757262125923918
death_cv,cause_of_death_source,-0.007784011527563667
dateofstudyentry,imaging_date,-0.007808897218992263
death_hfhosp_afterv18,cause_of_death_source,-0.007823443871786937
death_hfhosp_afterv12,cause_of_death_source,-0.007848316814709202
minnmbl,fragment_minimum_length,-0.007863894882373174
timeqti_12,legacy_updated_datetime,-0.007869654778947579
daterecording,imaging_date,-0.007885464748012418
death_hosp_afterv18,cause_of_death_source,-0.007886857370561077
death_hosp_afterv12,cause_of_death_source,-0.007889701501616208
timeqpulm,legacy_updated_datetime,-0.007891950095304192
timeqti_18,legacy_updated_datetime,-0.007892141929970876
renalfailureae_per_year,pediatric_kidney_staging,-0.007896985755304684
dateofdeath,imaging_date,-0.00791973091181324
deatheventid,cause_of_death_source,-0.007967177817016197
timeqti,legacy_updated_datetime,-0.00798531651323738
all_cause_death_hospitalisation,cause_of_death,-0.008045570203656783
timeti,legacy_updated_datetime,-0.008069899817380682
renalfailureae_py03,pediatric_kidney_staging,-0.008073181040081425
dcmyear,year_of_diagnosis,-0.008074810420604792
select_ef_all,selected_normal_wxs,-0.008085227164420157
noncv_comorb,comorbidities,-0.00809305414023527
kidney_disease,pediatric_kidney_staging,-0.008143719739750779
renalsyncope,pediatric_kidney_staging,-0.00814906622047704
numberhosp18_renal,pediatric_kidney_staging,-0.008158022349709984
minn_12,fragment_minimum_length,-0.008163111432022719
datecabgyear,year_of_diagnosis,-0.008261635531374135
mitralklappemorphologie,mitotic_total_area,-0.00827591446553587
canceryear,year_of_diagnosis,-0.008321969962333628
ef_centre_50,center_type,-0.008328446203549451
ef_centre_hfref_hfmref_hfpef,sequencing_center,-0.008353614183332506
comorb_old,comorbidities,-0.008406138636485327
p_weight3,initial_weight,-0.008412063049498566
dmyear,year_of_diagnosis,-0.008435114777230779
ef_centre_30_40_50,center_type,-0.008474503412289487
valvularyear,year_of_diagnosis,-0.008474643038787392
select_ef_bl_18,selected_normal_wxs,-0.00849821745527915
comorb_new03,comorbidities,-0.008500482439903844
comorb_new02,comorbidities,-0.00850314202115305
cadyear,year_of_diagnosis,-0.008515210000074063
lateral_12,biospecimen_laterality,-0.008520994179517667
comorb_new,comorbidities,-0.008532697915400669
p_weight6,initial_weight,-0.00854612573499692
p_weight12,initial_weight,-0.00856552835456
ef_centre_35_50,center_type,-0.008570901546442383
p_weight1,initial_weight,-0.008602315687255585
pmyear,year_of_diagnosis,-0.008604085301348586
ef_centre_40_55,center_type,-0.008616958257383601
comorb03,comorbidities,-0.008669996900291747
datemiyear,year_of_diagnosis,-0.0087205016257988
comorb02,comorbidities,-0.008722475215993087
p_weight18,initial_weight,-0.00873386327457648
comorb_2_2,comorbidities,-0.008761316879423048
d_weight3,initial_weight,-0.008808772890701956
comorb_2_02,comorbidities,-0.008823993393116947
comorb_2,comorbidities,-0.008884458344498395
comorb,comorbidities,-0.008913806620214347
d_weight6,initial_weight,-0.008960567534362385
d_weight1,initial_weight,-0.009006389915615816
d_weight18,initial_weight,-0.009152536970971894
d_weight12,initial_weight,-0.009155974818178982
weight6,weight,-0.00922567272350226
age_10_v12,age_at_diagnosis,-0.00922746844167965
weight18,initial_weight,-0.009269252581785008
weight12,initial_weight,-0.009294195945027955
bariche_age12,age_at_diagnosis,-0.00936095623024968
comorbidities03,comorbidity_method_of_diagnosis,-0.009368587728967728
comorbidities04,comorbidity_method_of_diagnosis,-0.009370419264377188
age_10_v6,age_at_diagnosis,-0.009514277659311102
age_10_v1,age_at_diagnosis,-0.009550386892884257
age_10_v3,age_at_diagnosis,-0.009575320542979526
age_70_80,age_at_index,-0.009665247899562168
age10,age_at_diagnosis,-0.009777271452973978
bariche_age,age_at_diagnosis,-0.009801202827642987
age_10,age_at_diagnosis,-0.009813749786158983
age65_75_85,age_at_index,-0.009890592318672835
age_barbed,relationship_age_at_diagnosis,-0.009909203923771703
age70,age_at_diagnosis,-0.00995279835177597
age01,age_at_diagnosis,-0.009952805029565
